﻿<?xml version="1.0" encoding="utf-8"?><CatapultTargetIndex><IndexEntry><Entries><IndexEntry Term="layers"><Entries><IndexEntry Term="copying"><Entries /><Links><IndexLink Title="Copying Layers" Link="/Content/QuickLookDataFusion/Copying_Layers.htm#kanchor280" UsedConditions="" LocalConditions="" /></Links><SeeAlsoLinks /><IndexControlLinks /></IndexEntry><IndexEntry Term="hide"><Entries /><Links><IndexLink Title="Show/Hide Layers" Link="/Content/Layers/Show-Hide_Layers.htm#kanchor84" UsedConditions="" LocalConditions="" /></Links><SeeAlsoLinks /><IndexControlLinks /></IndexEntry><IndexEntry Term="show"><Entries /><Links><IndexLink Title="Show/Hide Layers" Link="/Content/Layers/Show-Hide_Layers.htm#kanchor84" UsedConditions="" LocalConditions="" /></Links><SeeAlsoLinks /><IndexControlLinks /></IndexEntry></Entries><Links><IndexLink Title="Working with Layers" Link="/Content/Layers/Working_with_Layers.htm#kanchor81" UsedConditions="" LocalConditions="" /></Links><SeeAlsoLinks /><IndexControlLinks /></IndexEntry><IndexEntry Term="layers options"><Entries /><Links><IndexLink Title="Layers Options" Link="/Content/Options/Layers_Options.htm#kanchor239" UsedConditions="" LocalConditions="" /></Links><SeeAlsoLinks /><IndexControlLinks /></IndexEntry><IndexEntry Term="link displays"><Entries /><Links><IndexLink Title="Link/Unlink" Link="/Content/Tools/Link_Unlink.htm#kanchor72" UsedConditions="" LocalConditions="" /><IndexLink Title="Tutorial: Georeference, Measurement Tool, Band Math" Link="/Content/Tutorials/tutorial_georeference.htm#kanchor299" UsedConditions="" LocalConditions="" /></Links><SeeAlsoLinks /><IndexControlLinks /></IndexEntry><IndexEntry Term="load"><Entries><IndexEntry Term="Color Map"><Entries /><Links><IndexLink Title="Color Map" Link="/Content/Tools/Histogram_Window/Color_Map.htm#kanchor138" UsedConditions="" LocalConditions="" /></Links><SeeAlsoLinks /><IndexControlLinks /></IndexEntry><IndexEntry Term="template"><Entries /><Links><IndexLink Title="Load a Template" Link="/Content/Products/Load_a_Template.htm#kanchor224" UsedConditions="" LocalConditions="" /></Links><SeeAlsoLinks /><IndexControlLinks /></IndexEntry></Entries><Links /><SeeAlsoLinks /><IndexControlLinks /></IndexEntry><IndexEntry Term="location units"><Entries /><Links><IndexLink Title="Location Units" Link="/Content/Toolbars/Location_Units.htm#kanchor357" UsedConditions="" LocalConditions="" /></Links><SeeAlsoLinks /><IndexControlLinks /></IndexEntry><IndexEntry Term="Main Application Window"><Entries /><Links><IndexLink Title="Working with the Main Application Window" Link="/Content/Working_with_the_Main_Application_Window.htm#kanchor1" UsedConditions="" LocalConditions="" /></Links><SeeAlsoLinks /><IndexControlLinks /></IndexEntry><IndexEntry Term="Measurement Layer options"><Entries /><Links><IndexLink Title="Measurement Layer Options" Link="/Content/Options/Measurement_Layer_Options.htm#kanchor244" UsedConditions="" LocalConditions="" /></Links><SeeAlsoLinks /><IndexControlLinks /></IndexEntry><IndexEntry Term="Measurement Toolbar"><Entries /><Links><IndexLink Title="Measurement Toolbar" Link="/Content/Toolbars/Measurement_Toolbar.htm#kanchor27" UsedConditions="" LocalConditions="" /><IndexLink Title="Tutorial: Georeference, Measurement Tool, Band Math" Link="/Content/Tutorials/tutorial_georeference.htm#kanchor298" UsedConditions="" LocalConditions="" /></Links><SeeAlsoLinks /><IndexControlLinks /></IndexEntry><IndexEntry Term="menu location"><Entries><IndexEntry Term="wizard"><Entries /><Links><IndexLink Title="Wizard Menu Location" Link="/Content/Wizard_Builder/Wizard_Menu_Location.htm#kanchor193" UsedConditions="" LocalConditions="" /></Links><SeeAlsoLinks /><IndexControlLinks /></IndexEntry></Entries><Links /><SeeAlsoLinks /><IndexControlLinks /></IndexEntry><IndexEntry Term="merge AOIs"><Entries /><Links><IndexLink Title="Merge AOIs" Link="/Content/AOI/Merge_AOIs.htm#kanchor93" UsedConditions="" LocalConditions="" /></Links><SeeAlsoLinks /><IndexControlLinks /></IndexEntry><IndexEntry Term="Message Log window"><Entries /><Links><IndexLink Title="Message Log Window" Link="/Content/Tools/Message_Log_Window/Message_Log_Window.htm#kanchor149" UsedConditions="" LocalConditions="" /></Links><SeeAlsoLinks /><IndexControlLinks /></IndexEntry><IndexEntry Term="metadata"><Entries /><Links><IndexLink Title="Working with Metadata" Link="/Content/Properties/Working_with_Metadata.htm#kanchor355" UsedConditions="" LocalConditions="" /></Links><SeeAlsoLinks /><IndexControlLinks /></IndexEntry><IndexEntry Term="Metadata tab"><Entries /><Links><IndexLink Title="Metadata Tab" Link="/Content/Importers_Exporters/Options/Metadata_Tab.htm#kanchor333" UsedConditions="" LocalConditions="" /></Links><SeeAlsoLinks /><IndexControlLinks /></IndexEntry><IndexEntry Term="mode"><Entries><IndexEntry Term="batch"><Entries /><Links><IndexLink Title="Wizard Items" Link="/Content/Wizard_Builder/Items/Wizard_Items.htm#kanchor205" UsedConditions="" LocalConditions="" /></Links><SeeAlsoLinks /><IndexControlLinks /></IndexEntry><IndexEntry Term="interactive"><Entries /><Links><IndexLink Title="Wizard Items" Link="/Content/Wizard_Builder/Items/Wizard_Items.htm#kanchor203" UsedConditions="" LocalConditions="" /></Links><SeeAlsoLinks /><IndexControlLinks /></IndexEntry></Entries><Links><IndexLink Title="Execution Mode of Wizard Items" Link="/Content/Wizard_Builder/Items/Execution_Mode_of_Wizard_Items.htm#kanchor214" UsedConditions="" LocalConditions="" /></Links><SeeAlsoLinks /><IndexControlLinks /></IndexEntry><IndexEntry Term="mouse actions"><Entries /><Links><IndexLink Title="Mouse Actions" Link="/Content/Mouse_Actions.htm#kanchor6" UsedConditions="" LocalConditions="" /></Links><SeeAlsoLinks /><IndexControlLinks /></IndexEntry><IndexEntry Term="mouse mode"><Entries><IndexEntry Term="Histogram window"><Entries /><Links><IndexLink Title="Histogram Window Mouse Mode" Link="/Content/Tools/Histogram_Window/Histogram_Window_Mouse_Mode.htm#kanchor131" UsedConditions="" LocalConditions="" /></Links><SeeAlsoLinks /><IndexControlLinks /></IndexEntry></Entries><Links><IndexLink Title="Mouse Mode" Link="/Content/View/Mouse_Mode.htm#kanchor62" UsedConditions="" LocalConditions="" /></Links><SeeAlsoLinks /><IndexControlLinks /></IndexEntry><IndexEntry Term="mouse panning mode"><Entries /><Links><IndexLink Title="Mouse Panning Mode" Link="/Content/View/Mouse_Panning_Mode.htm#kanchor61" UsedConditions="" LocalConditions="" /></Links><SeeAlsoLinks /><IndexControlLinks /></IndexEntry><IndexEntry Term="MPEG-1 Exporter Options"><Entries /><Links><IndexLink Title="MPEG-1 Exporter Options" Link="/Content/Importers_Exporters/Export_Product_Options/MPEG-1_Exporter_Options.htm#kanchor346" UsedConditions="" LocalConditions="" /></Links><SeeAlsoLinks /><IndexControlLinks /></IndexEntry><IndexEntry Term="name"><Entries><IndexEntry Term="wizard item"><Entries /><Links><IndexLink Title="Wizard Items" Link="/Content/Wizard_Builder/Items/Wizard_Items.htm#kanchor197" UsedConditions="" LocalConditions="" /></Links><SeeAlsoLinks /><IndexControlLinks /></IndexEntry></Entries><Links /><SeeAlsoLinks /><IndexControlLinks /></IndexEntry><IndexEntry Term="new"><Entries><IndexEntry Term="Wizard Builder"><Entries /><Links><IndexLink Title="Wizard Builder: File Menu" Link="/Content/Wizard_Builder/Wizard_Builder__File_Menu.htm#kanchor371" UsedConditions="" LocalConditions="" /></Links><SeeAlsoLinks /><IndexControlLinks /></IndexEntry></Entries><Links /><SeeAlsoLinks /><IndexControlLinks /></IndexEntry><IndexEntry Term="new session"><Entries><IndexEntry Term="create"><Entries /><Links><IndexLink Title="Create a New Session" Link="/Content/Sessions/Create_a_New_Session.htm#kanchor117" UsedConditions="" LocalConditions="" /></Links><SeeAlsoLinks /><IndexControlLinks /></IndexEntry></Entries><Links /><SeeAlsoLinks /><IndexControlLinks /></IndexEntry><IndexEntry Term="NITF exporter options"><Entries /><Links><IndexLink Title="NITF Exporter Options" Link="/Content/Importers_Exporters/Export_Data_Options/NITF_Exporter_Options.htm#kanchor342" UsedConditions="" LocalConditions="" /></Links><SeeAlsoLinks /><IndexControlLinks /></IndexEntry><IndexEntry Term="NITF Importer"><Entries /><Links><IndexLink Title="NITF Importer" Link="/Content/Importers_Exporters/NITF_Importer.htm#kanchor43" UsedConditions="" LocalConditions="" /></Links><SeeAlsoLinks /><IndexControlLinks /></IndexEntry><IndexEntry Term="North Up"><Entries /><Links><IndexLink Title="North Up" Link="/Content/View/North_Up.htm#kanchor66" UsedConditions="" LocalConditions="" /></Links><SeeAlsoLinks /><IndexControlLinks /></IndexEntry><IndexEntry Term="open"><Entries><IndexEntry Term="existing wizard"><Entries /><Links><IndexLink Title="Open a Wizard" Link="/Content/Wizard_Builder/Open_a_Wizard.htm#kanchor185" UsedConditions="" LocalConditions="" /><IndexLink Title="Wizard Builder: File Menu" Link="/Content/Wizard_Builder/Wizard_Builder__File_Menu.htm#kanchor374" UsedConditions="" LocalConditions="" /></Links><SeeAlsoLinks /><IndexControlLinks /></IndexEntry><IndexEntry Term="file"><Entries /><Links><IndexLink Title="Import Data" Link="/Content/Importers_Exporters/Import_Data.htm#kanchor35" UsedConditions="" LocalConditions="" /><IndexLink Title="Open Files When Opticks Starts" Link="/Content/Open_Files_When_Opticks_Starts.htm#kanchor38" UsedConditions="" LocalConditions="" /></Links><SeeAlsoLinks /><IndexControlLinks /></IndexEntry><IndexEntry Term="session"><Entries /><Links><IndexLink Title="Open a Session" Link="/Content/Sessions/Open_a_Session.htm#kanchor116" UsedConditions="" LocalConditions="" /></Links><SeeAlsoLinks /><IndexControlLinks /></IndexEntry><IndexEntry Term="Wizard Builder"><Entries /><Links><IndexLink Title="Using the Wizard Builder" Link="/Content/Wizard_Builder/Using_the_Wizard_Builder.htm#kanchor164" UsedConditions="" LocalConditions="" /></Links><SeeAlsoLinks /><IndexControlLinks /></IndexEntry></Entries><Links /><SeeAlsoLinks /><IndexControlLinks /></IndexEntry><IndexEntry Term="optional messages"><Entries /><Links><IndexLink Title="Optional Messages Options" Link="/Content/Options/Optional_Messages_Options.htm#kanchor353" UsedConditions="" LocalConditions="" /></Links><SeeAlsoLinks /><IndexControlLinks /></IndexEntry><IndexEntry Term="options"><Entries><IndexEntry Term="Annotation Layer"><Entries /><Links><IndexLink Title="Annotation Layer Options" Link="/Content/Options/Annotation_Layer_Options.htm#kanchor240" UsedConditions="" LocalConditions="" /></Links><SeeAlsoLinks /><IndexControlLinks /></IndexEntry><IndexEntry Term="AOI layer"><Entries /><Links><IndexLink Title="AOI Layer Options" Link="/Content/Options/AOI_Layer_Options.htm#kanchor241" UsedConditions="" LocalConditions="" /></Links><SeeAlsoLinks /><IndexControlLinks /></IndexEntry><IndexEntry Term="export"><Entries /><Links><IndexLink Title="Export Options" Link="/Content/Options/Export_Options.htm#kanchor237" UsedConditions="" LocalConditions="" /></Links><SeeAlsoLinks /><IndexControlLinks /></IndexEntry><IndexEntry Term="GCP Layer"><Entries /><Links><IndexLink Title="GCP Layer Options" Link="/Content/Options/GCP_Layer_Options.htm#kanchor242" UsedConditions="" LocalConditions="" /></Links><SeeAlsoLinks /><IndexControlLinks /></IndexEntry><IndexEntry Term="import"><Entries /><Links><IndexLink Title="Import Options" Link="/Content/Options/Import_Options.htm#kanchor238" UsedConditions="" LocalConditions="" /></Links><SeeAlsoLinks /><IndexControlLinks /></IndexEntry><IndexEntry Term="import data"><Entries /><Links><IndexLink Title="Import Options" Link="/Content/Importers_Exporters/Options/Import_Data_Options.htm#kanchor55" UsedConditions="" LocalConditions="" /></Links><SeeAlsoLinks /><IndexControlLinks /></IndexEntry><IndexEntry Term="Measurement Layer"><Entries /><Links><IndexLink Title="Measurement Layer Options" Link="/Content/Options/Measurement_Layer_Options.htm#kanchor244" UsedConditions="" LocalConditions="" /></Links><SeeAlsoLinks /><IndexControlLinks /></IndexEntry><IndexEntry Term="Tie Point Layer"><Entries /><Links><IndexLink Title="Tie Point Layer Options" Link="/Content/Options/Tie_Point_Layer_Options.htm#kanchor248" UsedConditions="" LocalConditions="" /></Links><SeeAlsoLinks /><IndexControlLinks /></IndexEntry></Entries><Links><IndexLink Title="Options" Link="/Content/Options/Options.htm#kanchor236" UsedConditions="" LocalConditions="" /></Links><SeeAlsoLinks /><IndexControlLinks /></IndexEntry><IndexEntry Term="output nodes"><Entries /><Links><IndexLink Title="Wizard Items" Link="/Content/Wizard_Builder/Items/Wizard_Items.htm#kanchor200" UsedConditions="" LocalConditions="" /></Links><SeeAlsoLinks /><IndexControlLinks /></IndexEntry><IndexEntry Term="output view"><Entries><IndexEntry Term="select"><Entries /><Links><IndexLink Title="Selecting a ROI and Output Views" Link="/Content/QuickLookDataFusion/Selecting_a_ROI_and_Output_Views.htm#kanchor282" UsedConditions="" LocalConditions="" /></Links><SeeAlsoLinks /><IndexControlLinks /></IndexEntry></Entries><Links /><SeeAlsoLinks /><IndexControlLinks /></IndexEntry><IndexEntry Term="Overview Window"><Entries /><Links><IndexLink Title="Overview Window" Link="/Content/Tools/Overview_Window.htm#kanchor71" UsedConditions="" LocalConditions="" /></Links><SeeAlsoLinks /><IndexControlLinks /></IndexEntry><IndexEntry Term="palette, wizard items"><Entries /><Links><IndexLink Title="Using the Wizard Builder" Link="/Content/Wizard_Builder/Using_the_Wizard_Builder.htm#kanchor175" UsedConditions="" LocalConditions="" /></Links><SeeAlsoLinks /><IndexControlLinks /></IndexEntry><IndexEntry Term="pan"><Entries /><Links><IndexLink Title="Pan" Link="/Content/View/Pan.htm#kanchor59" UsedConditions="" LocalConditions="" /></Links><SeeAlsoLinks /><IndexControlLinks /></IndexEntry><IndexEntry Term="pan mode"><Entries><IndexEntry Term="mouse"><Entries /><Links><IndexLink Title="Mouse Panning Mode" Link="/Content/View/Mouse_Panning_Mode.htm#kanchor61" UsedConditions="" LocalConditions="" /></Links><SeeAlsoLinks /><IndexControlLinks /></IndexEntry></Entries><Links><IndexLink Title="Pan Mode" Link="/Content/View/Pan_Mode.htm#kanchor60" UsedConditions="" LocalConditions="" /></Links><SeeAlsoLinks /><IndexControlLinks /></IndexEntry><IndexEntry Term="paper size for products"><Entries /><Links><IndexLink Title="Select Product Paper Size" Link="/Content/Products/Select_Product_Paper_Size.htm#kanchor228" UsedConditions="" LocalConditions="" /></Links><SeeAlsoLinks /><IndexControlLinks /></IndexEntry><IndexEntry Term="paste"><Entries><IndexEntry Term="Wizard Builder"><Entries /><Links><IndexLink Title="Wizard Builder: Edit Menu" Link="/Content/Wizard_Builder/Wizard_Builder__Edit_Menu.htm#kanchor363" UsedConditions="" LocalConditions="" /></Links><SeeAlsoLinks /><IndexControlLinks /></IndexEntry></Entries><Links /><SeeAlsoLinks /><IndexControlLinks /></IndexEntry><IndexEntry Term="PCA"><Entries /><Links><IndexLink Title="Principal Component Analysis" Link="/Content/General_Algorithms/principal_component_analysis.htm#kanchor271" UsedConditions="" LocalConditions="" /><IndexLink Title="Tutorial: Subsetting, AOI, and PCA" Link="/Content/Tutorials/tutorial_subsetting_aoi_pca.htm#kanchor301" UsedConditions="" LocalConditions="" /></Links><SeeAlsoLinks /><IndexControlLinks /></IndexEntry><IndexEntry Term="Pixel Selection Tool"><Entries /><Links><IndexLink Title="AOI Pixel Selection Tool" Link="/Content/AOI/AOI_Pixel_Selection_Tool.htm#kanchor91" UsedConditions="" LocalConditions="" /></Links><SeeAlsoLinks /><IndexControlLinks /></IndexEntry><IndexEntry Term="play animation"><Entries /><Links><IndexLink Title="Play Animation" Link="/Content/Animation/Play_Animation.htm#kanchor232" UsedConditions="" LocalConditions="" /></Links><SeeAlsoLinks /><IndexControlLinks /></IndexEntry><IndexEntry Term="plug-in"><Entries><IndexEntry Term="Quick-Look Data Fusion"><Entries /><Links><IndexLink Title="About the Quick-Look Data Fusion Plug-In" Link="/Content/QuickLookDataFusion/about_the_quick-look_data_fusion_plug-in.htm#kanchor276" UsedConditions="" LocalConditions="" /></Links><SeeAlsoLinks /><IndexControlLinks /></IndexEntry></Entries><Links /><SeeAlsoLinks /><IndexControlLinks /></IndexEntry><IndexEntry Term="Plug-In properties"><Entries /><Links><IndexLink Title="Plug-In Properties" Link="/Content/Properties/Plug-In_Properties.htm#kanchor268" UsedConditions="" LocalConditions="" /></Links><SeeAlsoLinks /><IndexControlLinks /></IndexEntry><IndexEntry Term="PNG View Exporter Options"><Entries /><Links><IndexLink Title="PNG View Exporter Options" Link="/Content/Importers_Exporters/Export_Product_Options/PNG_View_Exporter_Options.htm#kanchor349" UsedConditions="" LocalConditions="" /></Links><SeeAlsoLinks /><IndexControlLinks /></IndexEntry><IndexEntry Term="Principal Component Analysis"><Entries /><Links><IndexLink Title="Principal Component Analysis" Link="/Content/General_Algorithms/principal_component_analysis.htm#kanchor270" UsedConditions="" LocalConditions="" /><IndexLink Title="Tutorial: Subsetting, AOI, and PCA" Link="/Content/Tutorials/tutorial_subsetting_aoi_pca.htm#kanchor304" UsedConditions="" LocalConditions="" /></Links><SeeAlsoLinks /><IndexControlLinks /></IndexEntry><IndexEntry Term="print"><Entries><IndexEntry Term="active window"><Entries /><Links><IndexLink Title="Print the Active Window" Link="/Content/Print_the_Active_Window.htm#kanchor77" UsedConditions="" LocalConditions="" /></Links><SeeAlsoLinks /><IndexControlLinks /></IndexEntry><IndexEntry Term="histogram window"><Entries /><Links><IndexLink Title="Print the Histogram Window" Link="/Content/Tools/Histogram_Window/Print_the_Histogram_Window.htm#kanchor146" UsedConditions="" LocalConditions="" /></Links><SeeAlsoLinks /><IndexControlLinks /></IndexEntry><IndexEntry Term="wizard canvas"><Entries /><Links><IndexLink Title="Wizard Builder: File Menu" Link="/Content/Wizard_Builder/Wizard_Builder__File_Menu.htm#kanchor375" UsedConditions="" LocalConditions="" /></Links><SeeAlsoLinks /><IndexControlLinks /></IndexEntry></Entries><Links><IndexLink Title="Standard Toolbar" Link="/Content/Toolbars/Standard_Toolbar.htm#kanchor11" UsedConditions="" LocalConditions="" /></Links><SeeAlsoLinks /><IndexControlLinks /></IndexEntry><IndexEntry Term="product"><Entries><IndexEntry Term="create"><Entries /><Links><IndexLink Title="Create a New Product" Link="/Content/Products/Create_a_New_Product.htm#kanchor219" UsedConditions="" LocalConditions="" /></Links><SeeAlsoLinks /><IndexControlLinks /></IndexEntry><IndexEntry Term="derive"><Entries /><Links><IndexLink Title="Derive a Product" Link="/Content/Products/Derive_a_Product.htm#kanchor221" UsedConditions="" LocalConditions="" /></Links><SeeAlsoLinks /><IndexControlLinks /></IndexEntry><IndexEntry Term="paper size"><Entries /><Links><IndexLink Title="Select Product Paper Size" Link="/Content/Products/Select_Product_Paper_Size.htm#kanchor229" UsedConditions="" LocalConditions="" /></Links><SeeAlsoLinks /><IndexControlLinks /></IndexEntry></Entries><Links><IndexLink Title="Tutorial: Product Mode" Link="/Content/Tutorials/tutorial_product_mode.htm#kanchor314" UsedConditions="" LocalConditions="" /></Links><SeeAlsoLinks /><IndexControlLinks /></IndexEntry><IndexEntry Term="product data"><Entries><IndexEntry Term="export"><Entries /><Links><IndexLink Title="Export Product Data" Link="/Content/Importers_Exporters/Export_Product_Data.htm#kanchor49" UsedConditions="" LocalConditions="" /></Links><SeeAlsoLinks /><IndexControlLinks /></IndexEntry></Entries><Links /><SeeAlsoLinks /><IndexControlLinks /></IndexEntry><IndexEntry Term="product data exporters"><Entries /><Links><IndexLink Title="Product Data Exporters" Link="/Content/Importers_Exporters/Export_Product_Options/Product_Data_Exporters.htm#kanchor51" UsedConditions="" LocalConditions="" /></Links><SeeAlsoLinks /><IndexControlLinks /></IndexEntry><IndexEntry Term="product mode"><Entries /><Links><IndexLink Title="Tutorial: Product Mode" Link="/Content/Tutorials/tutorial_product_mode.htm#kanchor313" UsedConditions="" LocalConditions="" /></Links><SeeAlsoLinks /><IndexControlLinks /></IndexEntry><IndexEntry Term="Product window"><Entries><IndexEntry Term="properties"><Entries /><Links><IndexLink Title="Product Window Properties" Link="/Content/Properties/Product_Window_Properties.htm#kanchor252" UsedConditions="" LocalConditions="" /></Links><SeeAlsoLinks /><IndexControlLinks /></IndexEntry></Entries><Links><IndexLink Title="Product Windows" Link="/Content/Products/Product_Windows.htm#kanchor218" UsedConditions="" LocalConditions="" /></Links><SeeAlsoLinks /><IndexControlLinks /></IndexEntry><IndexEntry Term="properties"><Entries><IndexEntry Term="Annotation layer"><Entries /><Links><IndexLink Title="Annotation Layer Properties" Link="/Content/Properties/Annotation_Layer_Properties.htm#kanchor261" UsedConditions="" LocalConditions="" /></Links><SeeAlsoLinks /><IndexControlLinks /></IndexEntry><IndexEntry Term="AOI layer"><Entries /><Links><IndexLink Title="AOI Layer Properties" Link="/Content/Properties/AOI_Layer_Properties.htm#kanchor97" UsedConditions="" LocalConditions="" /></Links><SeeAlsoLinks /><IndexControlLinks /></IndexEntry><IndexEntry Term="Data Elements"><Entries /><Links><IndexLink Title="Data Elements Properties" Link="/Content/Properties/Data_Elements_Properties.htm#kanchor251" UsedConditions="" LocalConditions="" /></Links><SeeAlsoLinks /><IndexControlLinks /></IndexEntry><IndexEntry Term="GCP layer"><Entries /><Links><IndexLink Title="GCP Layer Properties" Link="/Content/Properties/GCP_Layer_Properties.htm#kanchor259" UsedConditions="" LocalConditions="" /></Links><SeeAlsoLinks /><IndexControlLinks /></IndexEntry><IndexEntry Term="Histogram window"><Entries /><Links><IndexLink Title="Histogram Window Properties" Link="/Content/Properties/Histogram_Window_Properties.htm#kanchor255" UsedConditions="" LocalConditions="" /></Links><SeeAlsoLinks /><IndexControlLinks /></IndexEntry><IndexEntry Term="Latitude/Longitude layer"><Entries /><Links><IndexLink Title="Latitude/Longitude Layer Properties" Link="/Content/Properties/Latitude_Longitude_Layer_Properties.htm#kanchor263" UsedConditions="" LocalConditions="" /></Links><SeeAlsoLinks /><IndexControlLinks /></IndexEntry><IndexEntry Term="Plug-In"><Entries /><Links><IndexLink Title="Plug-In Properties" Link="/Content/Properties/Plug-In_Properties.htm#kanchor269" UsedConditions="" LocalConditions="" /></Links><SeeAlsoLinks /><IndexControlLinks /></IndexEntry><IndexEntry Term="Product window"><Entries /><Links><IndexLink Title="Product Window Properties" Link="/Content/Properties/Product_Window_Properties.htm#kanchor253" UsedConditions="" LocalConditions="" /></Links><SeeAlsoLinks /><IndexControlLinks /></IndexEntry><IndexEntry Term="Raster Layer"><Entries /><Links><IndexLink Title="Raster Layer Properties" Link="/Content/Properties/Raster_Layer_Properties.htm#kanchor267" UsedConditions="" LocalConditions="" /></Links><SeeAlsoLinks /><IndexControlLinks /></IndexEntry><IndexEntry Term="Scripting Window"><Entries /><Links><IndexLink Title="Scripting Window Properties" Link="/Content/Properties/Scripting_Window_Properties.htm#kanchor257" UsedConditions="" LocalConditions="" /></Links><SeeAlsoLinks /><IndexControlLinks /></IndexEntry><IndexEntry Term="Tie Point Layer"><Entries /><Links><IndexLink Title="Tie Point Layer Properties" Link="/Content/Properties/Tie_Point_Layer_Properties.htm#kanchor265" UsedConditions="" LocalConditions="" /></Links><SeeAlsoLinks /><IndexControlLinks /></IndexEntry><IndexEntry Term="Wavelengths Tab"><Entries /><Links><IndexLink Title="Wavelengths Tab: Properties Window" Link="/Content/Wavelengths/wavelengths_tab_properties.htm#kanchor325" UsedConditions="" LocalConditions="" /></Links><SeeAlsoLinks /><IndexControlLinks /></IndexEntry><IndexEntry Term="Wizard"><Entries /><Links><IndexLink Title="Using the Wizard Builder" Link="/Content/Wizard_Builder/Using_the_Wizard_Builder.htm#kanchor166" UsedConditions="" LocalConditions="" /></Links><SeeAlsoLinks /><IndexControlLinks /></IndexEntry><IndexEntry Term="Wizard Item"><Entries /><Links><IndexLink Title="Using the Wizard Builder" Link="/Content/Wizard_Builder/Using_the_Wizard_Builder.htm#kanchor177" UsedConditions="" LocalConditions="" /></Links><SeeAlsoLinks /><IndexControlLinks /></IndexEntry></Entries><Links><IndexLink Title="Properties" Link="/Content/Properties/Properties.htm#kanchor249" UsedConditions="" LocalConditions="" /></Links><SeeAlsoLinks /><IndexControlLinks /></IndexEntry><IndexEntry Term="pseudocolor layer options"><Entries /><Links><IndexLink Title="Pseudocolor Layer Options" Link="/Content/Options/Pseudocolor_Layer_Options.htm#kanchor245" UsedConditions="" LocalConditions="" /></Links><SeeAlsoLinks /><IndexControlLinks /></IndexEntry><IndexEntry Term="QT Cluster"><Entries /><Links><IndexLink Title="QT Cluster" Link="/Content/General_Algorithms/QT_Cluster.htm#kanchor285" UsedConditions="" LocalConditions="" /></Links><SeeAlsoLinks /><IndexControlLinks /></IndexEntry><IndexEntry Term="Quick-Look Data Fusion Plug-in"><Entries><IndexEntry Term="starting"><Entries /><Links><IndexLink Title="Starting the Quick-Look Data Fusion Plug-In" Link="/Content/QuickLookDataFusion/starting_the_quick-look_data_fusion_plug-in.htm#kanchor277" UsedConditions="" LocalConditions="" /></Links><SeeAlsoLinks /><IndexControlLinks /></IndexEntry></Entries><Links><IndexLink Title="About the Quick-Look Data Fusion Plug-In" Link="/Content/QuickLookDataFusion/about_the_quick-look_data_fusion_plug-in.htm#kanchor275" UsedConditions="" LocalConditions="" /><IndexLink Title="Tutorial: Quick-Look Data Fusion Plug-In" Link="/Content/Tutorials/tutorial_quick_look_fusion.htm#kanchor305" UsedConditions="" LocalConditions="" /></Links><SeeAlsoLinks /><IndexControlLinks /></IndexEntry></Entries></IndexEntry></CatapultTargetIndex>