﻿<?xml version="1.0" encoding="utf-8"?><CatapultTargetIndex><IndexEntry><Entries><IndexEntry Term="raster layer options"><Entries /><Links><IndexLink Title="Raster Layer Options" Link="/Content/Options/Raster_Layer_Options.htm#kanchor246" UsedConditions="" LocalConditions="" /></Links><SeeAlsoLinks /><IndexControlLinks /></IndexEntry><IndexEntry Term="Raster Layer Properties"><Entries /><Links><IndexLink Title="Raster Layer Properties" Link="/Content/Properties/Raster_Layer_Properties.htm#kanchor266" UsedConditions="" LocalConditions="" /></Links><SeeAlsoLinks /><IndexControlLinks /></IndexEntry><IndexEntry Term="remove"><Entries><IndexEntry Term="wizard item"><Entries /><Links><IndexLink Title="Wizard Builder: Item Menu" Link="/Content/Wizard_Builder/Wizard_Builder__Item_Menu.htm#kanchor379" UsedConditions="" LocalConditions="" /></Links><SeeAlsoLinks /><IndexControlLinks /></IndexEntry></Entries><Links /><SeeAlsoLinks /><IndexControlLinks /></IndexEntry><IndexEntry Term="reset stretch"><Entries /><Links><IndexLink Title="Reset Stretch" Link="/Content/Tools/Histogram_Window/Reset_Stretch.htm#kanchor359" UsedConditions="" LocalConditions="" /></Links><SeeAlsoLinks /><IndexControlLinks /></IndexEntry><IndexEntry Term="results"><Entries><IndexEntry Term="export"><Entries /><Links><IndexLink Title="Export Results" Link="/Content/Importers_Exporters/Export_Results.htm#kanchor47" UsedConditions="" LocalConditions="" /></Links><SeeAlsoLinks /><IndexControlLinks /></IndexEntry></Entries><Links /><SeeAlsoLinks /><IndexControlLinks /></IndexEntry><IndexEntry Term="RMS error"><Entries /><Links><IndexLink Title="More About Georeferencing" Link="/Content/Tutorials/More_About_Georeferencing.htm#kanchor362" UsedConditions="" LocalConditions="" /></Links><SeeAlsoLinks /><IndexControlLinks /></IndexEntry><IndexEntry Term="ROI"><Entries><IndexEntry Term="select"><Entries /><Links><IndexLink Title="Selecting a ROI and Output Views" Link="/Content/QuickLookDataFusion/Selecting_a_ROI_and_Output_Views.htm#kanchor283" UsedConditions="" LocalConditions="" /></Links><SeeAlsoLinks /><IndexControlLinks /></IndexEntry></Entries><Links /><SeeAlsoLinks /><IndexControlLinks /></IndexEntry><IndexEntry Term="rotate"><Entries /><Links><IndexLink Title="Rotate" Link="/Content/View/Rotate.htm#kanchor63" UsedConditions="" LocalConditions="" /></Links><SeeAlsoLinks /><IndexControlLinks /></IndexEntry><IndexEntry Term="run"><Entries><IndexEntry Term="wizard"><Entries /><Links><IndexLink Title="Run a Wizard" Link="/Content/Wizard_Builder/Run_a_Wizard.htm#kanchor186" UsedConditions="" LocalConditions="" /></Links><SeeAlsoLinks /><IndexControlLinks /></IndexEntry></Entries><Links /><SeeAlsoLinks /><IndexControlLinks /></IndexEntry><IndexEntry Term="save"><Entries><IndexEntry Term="Histogram window data"><Entries /><Links><IndexLink Title="Save the Histogram Window Data" Link="/Content/Tools/Histogram_Window/Save_the_Histogram_Window_Data.htm#kanchor148" UsedConditions="" LocalConditions="" /></Links><SeeAlsoLinks /><IndexControlLinks /></IndexEntry><IndexEntry Term="session"><Entries /><Links><IndexLink Title="Save a Session" Link="/Content/Sessions/Save_a_Session.htm#kanchor118" UsedConditions="" LocalConditions="" /></Links><SeeAlsoLinks /><IndexControlLinks /></IndexEntry><IndexEntry Term="template"><Entries /><Links><IndexLink Title="Save a Template" Link="/Content/Products/Save_a_Template.htm#kanchor227" UsedConditions="" LocalConditions="" /></Links><SeeAlsoLinks /><IndexControlLinks /></IndexEntry><IndexEntry Term="wizard"><Entries /><Links><IndexLink Title="Save a Wizard" Link="/Content/Wizard_Builder/Save_a_Wizard.htm#kanchor188" UsedConditions="" LocalConditions="" /><IndexLink Title="Wizard Builder: File Menu" Link="/Content/Wizard_Builder/Wizard_Builder__File_Menu.htm#kanchor370" UsedConditions="" LocalConditions="" /></Links><SeeAlsoLinks /><IndexControlLinks /></IndexEntry></Entries><Links /><SeeAlsoLinks /><IndexControlLinks /></IndexEntry><IndexEntry Term="save as"><Entries><IndexEntry Term="wizard"><Entries /><Links><IndexLink Title="Wizard Builder: File Menu" Link="/Content/Wizard_Builder/Wizard_Builder__File_Menu.htm#kanchor369" UsedConditions="" LocalConditions="" /></Links><SeeAlsoLinks /><IndexControlLinks /></IndexEntry></Entries><Links /><SeeAlsoLinks /><IndexControlLinks /></IndexEntry><IndexEntry Term="Save Color Map"><Entries /><Links><IndexLink Title="Color Map" Link="/Content/Tools/Histogram_Window/Color_Map.htm#kanchor140" UsedConditions="" LocalConditions="" /></Links><SeeAlsoLinks /><IndexControlLinks /></IndexEntry><IndexEntry Term="Scale Bar Units"><Entries /><Links><IndexLink Title="Change Scale Bar Unit" Link="/Content/Annotation/Change_Scale_Bar_Unit.htm#kanchor103" UsedConditions="" LocalConditions="" /></Links><SeeAlsoLinks /><IndexControlLinks /></IndexEntry><IndexEntry Term="Scripting Window"><Entries><IndexEntry Term="properties"><Entries /><Links><IndexLink Title="Scripting Window Properties" Link="/Content/Properties/Scripting_Window_Properties.htm#kanchor256" UsedConditions="" LocalConditions="" /></Links><SeeAlsoLinks /><IndexControlLinks /></IndexEntry></Entries><Links><IndexLink Title="Scripting Window" Link="/Content/Tools/Scripting_Window.htm#kanchor150" UsedConditions="" LocalConditions="" /></Links><SeeAlsoLinks /><IndexControlLinks /></IndexEntry><IndexEntry Term="select product paper size"><Entries /><Links><IndexLink Title="Select Product Paper Size" Link="/Content/Products/Select_Product_Paper_Size.htm#kanchor230" UsedConditions="" LocalConditions="" /></Links><SeeAlsoLinks /><IndexControlLinks /></IndexEntry><IndexEntry Term="Sensor Up"><Entries /><Links><IndexLink Title="Sensor Up" Link="/Content/View/Sensor_Up.htm#kanchor67" UsedConditions="" LocalConditions="" /></Links><SeeAlsoLinks /><IndexControlLinks /></IndexEntry><IndexEntry Term="session"><Entries><IndexEntry Term="create new"><Entries /><Links><IndexLink Title="Create a New Session" Link="/Content/Sessions/Create_a_New_Session.htm#kanchor117" UsedConditions="" LocalConditions="" /></Links><SeeAlsoLinks /><IndexControlLinks /></IndexEntry><IndexEntry Term="open"><Entries /><Links><IndexLink Title="Open a Session" Link="/Content/Sessions/Open_a_Session.htm#kanchor116" UsedConditions="" LocalConditions="" /></Links><SeeAlsoLinks /><IndexControlLinks /></IndexEntry><IndexEntry Term="save"><Entries /><Links><IndexLink Title="Save a Session" Link="/Content/Sessions/Save_a_Session.htm#kanchor118" UsedConditions="" LocalConditions="" /></Links><SeeAlsoLinks /><IndexControlLinks /></IndexEntry></Entries><Links /><SeeAlsoLinks /><IndexControlLinks /></IndexEntry><IndexEntry Term="Session Explorer"><Entries /><Links><IndexLink Title="Session Explorer" Link="/Content/Sessions/session_explorer.htm#kanchor115" UsedConditions="" LocalConditions="" /></Links><SeeAlsoLinks /><IndexControlLinks /></IndexEntry><IndexEntry Term="session options"><Entries /><Links><IndexLink Title="Session Options" Link="/Content/Options/Session_Options.htm#kanchor119" UsedConditions="" LocalConditions="" /></Links><SeeAlsoLinks /><IndexControlLinks /></IndexEntry><IndexEntry Term="Sessions"><Entries /><Links><IndexLink Title="Sessions" Link="/Content/Sessions/Sessions.htm#kanchor114" UsedConditions="" LocalConditions="" /></Links><SeeAlsoLinks /><IndexControlLinks /></IndexEntry><IndexEntry Term="Set Spatial Sampling"><Entries /><Links><IndexLink Title="Set Spatial Sampling" Link="/Content/Tools/Histogram_Window/Set_Spatial_Sampling.htm#kanchor135" UsedConditions="" LocalConditions="" /></Links><SeeAlsoLinks /><IndexControlLinks /></IndexEntry><IndexEntry Term="shape file"><Entries><IndexEntry Term="export"><Entries /><Links><IndexLink Title="Export Shape File" Link="/Content/Importers_Exporters/Export_Shape_File.htm#kanchor52" UsedConditions="" LocalConditions="" /><IndexLink Title="Tutorial: Export Shape Files" Link="/Content/Tutorials/tutorial_export_shape_files.htm#kanchor309" UsedConditions="" LocalConditions="" /></Links><SeeAlsoLinks /><IndexControlLinks /></IndexEntry><IndexEntry Term="import"><Entries /><Links><IndexLink Title="Import Shape File" Link="/Content/Importers_Exporters/Import_Shape_File.htm#kanchor41" UsedConditions="" LocalConditions="" /></Links><SeeAlsoLinks /><IndexControlLinks /></IndexEntry></Entries><Links><IndexLink Title="Tutorial: Import/Display Shape Files" Link="/Content/Tutorials/tutorial_import_display_shape_files.htm#kanchor307" UsedConditions="" LocalConditions="" /></Links><SeeAlsoLinks /><IndexControlLinks /></IndexEntry><IndexEntry Term="Shape File Exporter Options"><Entries /><Links><IndexLink Title="Shape File Exporter Options" Link="/Content/Importers_Exporters/Export_Data_Options/Shape_File_Exporter_Options.htm#kanchor343" UsedConditions="" LocalConditions="" /></Links><SeeAlsoLinks /><IndexControlLinks /></IndexEntry><IndexEntry Term="shortcut keys"><Entries><IndexEntry Term="create"><Entries /><Links><IndexLink Title="Creating Shortcut Keys" Link="/Content/Options/Creating_Shortcut_Keys.htm#kanchor352" UsedConditions="" LocalConditions="" /></Links><SeeAlsoLinks /><IndexControlLinks /></IndexEntry><IndexEntry Term="default"><Entries /><Links><IndexLink Title="Default Keyboard Shortcuts" Link="/Content/Options/Default_Keyboard_Shortcuts.htm#kanchor350" UsedConditions="" LocalConditions="" /></Links><SeeAlsoLinks /><IndexControlLinks /></IndexEntry></Entries><Links><IndexLink Title="Keyboard Shortcuts" Link="/Content/Options/Keyboard_Shortcuts.htm#kanchor5" UsedConditions="" LocalConditions="" /></Links><SeeAlsoLinks /><IndexControlLinks /></IndexEntry><IndexEntry Term="show layers"><Entries /><Links><IndexLink Title="Show/Hide Layers" Link="/Content/Layers/Show-Hide_Layers.htm#kanchor84" UsedConditions="" LocalConditions="" /></Links><SeeAlsoLinks /><IndexControlLinks /></IndexEntry><IndexEntry Term="snapshot"><Entries><IndexEntry Term="copy"><Entries /><Links><IndexLink Title="Create a Snapshot" Link="/Content/View/Copy_Snapshot.htm#kanchor76" UsedConditions="" LocalConditions="" /></Links><SeeAlsoLinks /><IndexControlLinks /></IndexEntry></Entries><Links /><SeeAlsoLinks /><IndexControlLinks /></IndexEntry><IndexEntry Term="Spatial Sampling"><Entries /><Links><IndexLink Title="Set Spatial Sampling" Link="/Content/Tools/Histogram_Window/Set_Spatial_Sampling.htm#kanchor136" UsedConditions="" LocalConditions="" /></Links><SeeAlsoLinks /><IndexControlLinks /></IndexEntry><IndexEntry Term="special formatting for annotation text"><Entries /><Links><IndexLink Title="Special Formatting for Annotation Text" Link="/Content/Annotation/Special_Formatting_for_Annotation_Text.htm#kanchor106" UsedConditions="" LocalConditions="" /></Links><SeeAlsoLinks /><IndexControlLinks /></IndexEntry><IndexEntry Term="Standard Toolbar"><Entries /><Links><IndexLink Title="Standard Toolbar" Link="/Content/Toolbars/Standard_Toolbar.htm#kanchor9" UsedConditions="" LocalConditions="" /></Links><SeeAlsoLinks /><IndexControlLinks /></IndexEntry><IndexEntry Term="statistics"><Entries /><Links><IndexLink Title="Statistics" Link="/Content/Tools/Histogram_Window/Statistics.htm#kanchor143" UsedConditions="" LocalConditions="" /><IndexLink Title="AOI Statistics" Link="/Content/Tools/Histogram_Window/AOI_Statistics.htm#kanchor144" UsedConditions="" LocalConditions="" /></Links><SeeAlsoLinks /><IndexControlLinks /></IndexEntry><IndexEntry Term="stretch reset"><Entries /><Links><IndexLink Title="Reset Stretch" Link="/Content/Tools/Histogram_Window/Reset_Stretch.htm#kanchor359" UsedConditions="" LocalConditions="" /></Links><SeeAlsoLinks /><IndexControlLinks /></IndexEntry><IndexEntry Term="stretch type"><Entries /><Links><IndexLink Title="Stretch Type" Link="/Content/Tools/Histogram_Window/Stretch_Type.htm#kanchor129" UsedConditions="" LocalConditions="" /></Links><SeeAlsoLinks /><IndexControlLinks /></IndexEntry><IndexEntry Term="stretch units"><Entries /><Links><IndexLink Title="Stretch Units" Link="/Content/Tools/Histogram_Window/Stretch_Units.htm#kanchor358" UsedConditions="" LocalConditions="" /></Links><SeeAlsoLinks /><IndexControlLinks /></IndexEntry><IndexEntry Term="subset statistics"><Entries /><Links><IndexLink Title="AOI Statistics" Link="/Content/Tools/Histogram_Window/AOI_Statistics.htm#kanchor144" UsedConditions="" LocalConditions="" /></Links><SeeAlsoLinks /><IndexControlLinks /></IndexEntry><IndexEntry Term="Subset tab"><Entries /><Links><IndexLink Title="Subset Tab" Link="/Content/Importers_Exporters/Options/Subset_Tab.htm#kanchor334" UsedConditions="" LocalConditions="" /></Links><SeeAlsoLinks /><IndexControlLinks /></IndexEntry><IndexEntry Term="template"><Entries><IndexEntry Term="load"><Entries /><Links><IndexLink Title="Load a Template" Link="/Content/Products/Load_a_Template.htm#kanchor223" UsedConditions="" LocalConditions="" /></Links><SeeAlsoLinks /><IndexControlLinks /></IndexEntry><IndexEntry Term="save"><Entries /><Links><IndexLink Title="Save a Template" Link="/Content/Products/Save_a_Template.htm#kanchor226" UsedConditions="" LocalConditions="" /></Links><SeeAlsoLinks /><IndexControlLinks /></IndexEntry></Entries><Links /><SeeAlsoLinks /><IndexControlLinks /></IndexEntry><IndexEntry Term="text boxes"><Entries><IndexEntry Term="annotation"><Entries /><Links><IndexLink Title="Working with Annotation Text Boxes" Link="/Content/Annotation/Working_with_Annotation_Text_Boxes.htm#kanchor104" UsedConditions="" LocalConditions="" /></Links><SeeAlsoLinks /><IndexControlLinks /></IndexEntry></Entries><Links /><SeeAlsoLinks /><IndexControlLinks /></IndexEntry><IndexEntry Term="threshold layer options"><Entries /><Links><IndexLink Title="Threshold Layer Options" Link="/Content/Options/Threshold_Layer_Options.htm#kanchor247" UsedConditions="" LocalConditions="" /></Links><SeeAlsoLinks /><IndexControlLinks /></IndexEntry><IndexEntry Term="Tie Point Editor"><Entries /><Links><IndexLink Title="Tie Point Editor" Link="/Content/Tie_Points/Tie_Point_Editor.htm#kanchor121" UsedConditions="" LocalConditions="" /></Links><SeeAlsoLinks /><IndexControlLinks /></IndexEntry><IndexEntry Term="Tie Point Layer Options"><Entries /><Links><IndexLink Title="Tie Point Layer Options" Link="/Content/Options/Tie_Point_Layer_Options.htm#kanchor248" UsedConditions="" LocalConditions="" /></Links><SeeAlsoLinks /><IndexControlLinks /></IndexEntry><IndexEntry Term="Tie Point Layer Properties"><Entries /><Links><IndexLink Title="Tie Point Layer Properties" Link="/Content/Properties/Tie_Point_Layer_Properties.htm#kanchor264" UsedConditions="" LocalConditions="" /></Links><SeeAlsoLinks /><IndexControlLinks /></IndexEntry><IndexEntry Term="Tie Point Toolbar"><Entries /><Links><IndexLink Title="Tie Point Toolbar" Link="/Content/Toolbars/Tie_Point_Toolbar.htm#kanchor20" UsedConditions="" LocalConditions="" /></Links><SeeAlsoLinks /><IndexControlLinks /></IndexEntry><IndexEntry Term="tie points"><Entries><IndexEntry Term="create"><Entries /><Links><IndexLink Title="Creating Tie Points" Link="/Content/QuickLookDataFusion/creating_tie_points.htm#kanchor279" UsedConditions="" LocalConditions="" /></Links><SeeAlsoLinks /><IndexControlLinks /></IndexEntry><IndexEntry Term="delete"><Entries /><Links><IndexLink Title="Delete Tie Points" Link="/Content/Tie_Points/Delete_Tie_Points.htm#kanchor122" UsedConditions="" LocalConditions="" /></Links><SeeAlsoLinks /><IndexControlLinks /></IndexEntry></Entries><Links><IndexLink Title="Tie Points" Link="/Content/Tie_Points/Tie_Points.htm#kanchor120" UsedConditions="" LocalConditions="" /></Links><SeeAlsoLinks /><IndexControlLinks /></IndexEntry><IndexEntry Term="toolbars"><Entries><IndexEntry Term="Animation"><Entries /><Links><IndexLink Title="Animation Toolbar" Link="/Content/Animation/Animation_Toolbar.htm#kanchor29" UsedConditions="" LocalConditions="" /></Links><SeeAlsoLinks /><IndexControlLinks /></IndexEntry><IndexEntry Term="Annotation"><Entries /><Links><IndexLink Title="Annotation Toolbar" Link="/Content/Toolbars/Annotation_Toolbar.htm#kanchor23" UsedConditions="" LocalConditions="" /></Links><SeeAlsoLinks /><IndexControlLinks /></IndexEntry><IndexEntry Term="AOI"><Entries /><Links><IndexLink Title="AOI Toolbar" Link="/Content/Toolbars/AOI_Toolbar.htm#kanchor17" UsedConditions="" LocalConditions="" /></Links><SeeAlsoLinks /><IndexControlLinks /></IndexEntry><IndexEntry Term="ASPAM"><Entries /><Links><IndexLink Title="ASPAM Toolbar" Link="/Content/Toolbars/ASPAM_Toolbar.htm#kanchor30" UsedConditions="" LocalConditions="" /></Links><SeeAlsoLinks /><IndexControlLinks /></IndexEntry><IndexEntry Term="Brightness"><Entries /><Links><IndexLink Title="Brightness Toolbar" Link="/Content/Toolbars/Brightness_Toolbar.htm#kanchor26" UsedConditions="" LocalConditions="" /></Links><SeeAlsoLinks /><IndexControlLinks /></IndexEntry><IndexEntry Term="Display"><Entries /><Links><IndexLink Title="Display Toolbar" Link="/Content/Toolbars/Display_Toolbar.htm#kanchor15" UsedConditions="" LocalConditions="" /></Links><SeeAlsoLinks /><IndexControlLinks /></IndexEntry><IndexEntry Term="displaying"><Entries /><Links><IndexLink Title="Toolbars" Link="/Content/Toolbars/Toolbars.htm#kanchor8" UsedConditions="" LocalConditions="" /></Links><SeeAlsoLinks /><IndexControlLinks /></IndexEntry><IndexEntry Term="Geo"><Entries /><Links><IndexLink Title="Geo Toolbar" Link="/Content/Toolbars/Geo_Toolbar.htm#kanchor19" UsedConditions="" LocalConditions="" /></Links><SeeAlsoLinks /><IndexControlLinks /></IndexEntry><IndexEntry Term="Measurement"><Entries /><Links><IndexLink Title="Measurement Toolbar" Link="/Content/Toolbars/Measurement_Toolbar.htm#kanchor28" UsedConditions="" LocalConditions="" /></Links><SeeAlsoLinks /><IndexControlLinks /></IndexEntry><IndexEntry Term="Standard"><Entries /><Links><IndexLink Title="Standard Toolbar" Link="/Content/Toolbars/Standard_Toolbar.htm#kanchor10" UsedConditions="" LocalConditions="" /></Links><SeeAlsoLinks /><IndexControlLinks /></IndexEntry><IndexEntry Term="Tie Point"><Entries /><Links><IndexLink Title="Tie Point Toolbar" Link="/Content/Toolbars/Tie_Point_Toolbar.htm#kanchor21" UsedConditions="" LocalConditions="" /></Links><SeeAlsoLinks /><IndexControlLinks /></IndexEntry><IndexEntry Term="Toolbox"><Entries /><Links><IndexLink Title="Toolbox Toolbar" Link="/Content/Toolbars/Toolbox_Toolbar.htm#kanchor13" UsedConditions="" LocalConditions="" /></Links><SeeAlsoLinks /><IndexControlLinks /></IndexEntry><IndexEntry Term="Wizard Builder"><Entries /><Links><IndexLink Title="Using the Wizard Builder" Link="/Content/Wizard_Builder/Using_the_Wizard_Builder.htm#kanchor163" UsedConditions="" LocalConditions="" /><IndexLink Title="Wizard Builder Toolbar" Link="/Content/Wizard_Builder/Wizard_Builder_Toolbar.htm#kanchor178" UsedConditions="" LocalConditions="" /></Links><SeeAlsoLinks /><IndexControlLinks /></IndexEntry></Entries><Links><IndexLink Title="Working with the Main Application Window" Link="/Content/Working_with_the_Main_Application_Window.htm#kanchor2" UsedConditions="" LocalConditions="" /><IndexLink Title="Toolbars" Link="/Content/Toolbars/Toolbars.htm#kanchor7" UsedConditions="" LocalConditions="" /></Links><SeeAlsoLinks /><IndexControlLinks /></IndexEntry><IndexEntry Term="Toolbox Toolbar"><Entries /><Links><IndexLink Title="Toolbox Toolbar" Link="/Content/Toolbars/Toolbox_Toolbar.htm#kanchor12" UsedConditions="" LocalConditions="" /></Links><SeeAlsoLinks /><IndexControlLinks /></IndexEntry><IndexEntry Term="Top + Bottom Tab"><Entries /><Links><IndexLink Title="Classification Tab" Link="/Content/Importers_Exporters/Options/Classification_Tab.htm#kanchor336" UsedConditions="" LocalConditions="" /><IndexLink Title="Classification Tab" Link="/Content/Importers_Exporters/Options/Classification_Tab.htm#kanchor337" UsedConditions="" LocalConditions="" /></Links><SeeAlsoLinks /><IndexControlLinks /></IndexEntry><IndexEntry Term="tutorials"><Entries /><Links><IndexLink Title="Tutorials" Link="/Content/Tutorials/Tutorials.htm#kanchor286" UsedConditions="" LocalConditions="" /><IndexLink Title="Tutorial: Image Manipulation and Export" Link="/Content/Tutorials/Tutorial_Image_Manipulation.htm#kanchor289" UsedConditions="" LocalConditions="" /><IndexLink Title="Tutorial: Georeference, Measurement Tool, Band Math" Link="/Content/Tutorials/tutorial_georeference.htm#kanchor296" UsedConditions="" LocalConditions="" /><IndexLink Title="Tutorial: Georeference, Measurement Tool, Band Math" Link="/Content/Tutorials/tutorial_georeference.htm#kanchor297" UsedConditions="" LocalConditions="" /><IndexLink Title="Tutorial: Subsetting, AOI, and PCA" Link="/Content/Tutorials/tutorial_subsetting_aoi_pca.htm#kanchor303" UsedConditions="" LocalConditions="" /><IndexLink Title="Tutorial: Quick-Look Data Fusion Plug-In" Link="/Content/Tutorials/tutorial_quick_look_fusion.htm#kanchor305" UsedConditions="" LocalConditions="" /><IndexLink Title="Tutorial: Quick-Look Data Fusion Plug-In" Link="/Content/Tutorials/tutorial_quick_look_fusion.htm#kanchor306" UsedConditions="" LocalConditions="" /><IndexLink Title="Tutorial: Import/Display Shape Files" Link="/Content/Tutorials/tutorial_import_display_shape_files.htm#kanchor308" UsedConditions="" LocalConditions="" /><IndexLink Title="Tutorial: Export Shape Files" Link="/Content/Tutorials/tutorial_export_shape_files.htm#kanchor311" UsedConditions="" LocalConditions="" /><IndexLink Title="Tutorial: Product Mode" Link="/Content/Tutorials/tutorial_product_mode.htm#kanchor315" UsedConditions="" LocalConditions="" /><IndexLink Title="Tutorial: Wizard Builder" Link="/Content/Tutorials/tutorial_wizard_builder.htm#kanchor316" UsedConditions="" LocalConditions="" /><IndexLink Title="Tutorial: Wizard Builder" Link="/Content/Tutorials/tutorial_wizard_builder.htm#kanchor317" UsedConditions="" LocalConditions="" /><IndexLink Title="Tutorial: Run a Wizard in Batch Mode" Link="/Content/Tutorials/tutorial_batch_mode.htm#kanchor318" UsedConditions="" LocalConditions="" /><IndexLink Title="Tutorial: Run a Wizard in Batch Mode" Link="/Content/Tutorials/tutorial_batch_mode.htm#kanchor319" UsedConditions="" LocalConditions="" /></Links><SeeAlsoLinks /><IndexControlLinks /></IndexEntry><IndexEntry Term="type"><Entries><IndexEntry Term="wizard item"><Entries /><Links><IndexLink Title="Wizard Items" Link="/Content/Wizard_Builder/Items/Wizard_Items.htm#kanchor196" UsedConditions="" LocalConditions="" /></Links><SeeAlsoLinks /><IndexControlLinks /></IndexEntry></Entries><Links /><SeeAlsoLinks /><IndexControlLinks /></IndexEntry><IndexEntry Term="unlink"><Entries /><Links><IndexLink Title="Link/Unlink" Link="/Content/Tools/Link_Unlink.htm#kanchor73" UsedConditions="" LocalConditions="" /></Links><SeeAlsoLinks /><IndexControlLinks /></IndexEntry><IndexEntry Term="Update Wizard List"><Entries /><Links><IndexLink Title="Update Wizard List" Link="/Content/Wizard_Builder/Update_Wizard_List.htm#kanchor190" UsedConditions="" LocalConditions="" /></Links><SeeAlsoLinks /><IndexControlLinks /></IndexEntry><IndexEntry Term="using the Wizard Builder"><Entries /><Links><IndexLink Title="Using the Wizard Builder" Link="/Content/Wizard_Builder/Using_the_Wizard_Builder.htm#kanchor162" UsedConditions="" LocalConditions="" /></Links><SeeAlsoLinks /><IndexControlLinks /></IndexEntry><IndexEntry Term="value item"><Entries><IndexEntry Term="types"><Entries /><Links><IndexLink Title="Value Item Types" Link="/Content/Wizard_Builder/Items/Value_Item_Types.htm#kanchor381" UsedConditions="" LocalConditions="" /></Links><SeeAlsoLinks /><IndexControlLinks /></IndexEntry></Entries><Links><IndexLink Title="Add/Edit a Value Item" Link="/Content/Wizard_Builder/Items/Add_Edit_a_Value_Item.htm#kanchor210" UsedConditions="" LocalConditions="" /></Links><SeeAlsoLinks /><IndexControlLinks /></IndexEntry><IndexEntry Term="View menu"><Entries><IndexEntry Term="Wizard Builder"><Entries /><Links><IndexLink Title="Wizard Builder: View Menu" Link="/Content/Wizard_Builder/Wizard_Builder_View_Menu.htm#kanchor380" UsedConditions="" LocalConditions="" /></Links><SeeAlsoLinks /><IndexControlLinks /></IndexEntry></Entries><Links /><SeeAlsoLinks /><IndexControlLinks /></IndexEntry><IndexEntry Term="Wavelength Importer"><Entries /><Links><IndexLink Title="Tutorial: Using the Wavelengths Tab and Wavelength Importer" Link="/Content/Tutorials/tutorial_wavelength_tab.htm#kanchor312" UsedConditions="" LocalConditions="" /></Links><SeeAlsoLinks /><IndexControlLinks /></IndexEntry><IndexEntry Term="Wavelength Tab"><Entries /><Links><IndexLink Title="Tutorial: Using the Wavelengths Tab and Wavelength Importer" Link="/Content/Tutorials/tutorial_wavelength_tab.htm#kanchor312" UsedConditions="" LocalConditions="" /></Links><SeeAlsoLinks /><IndexControlLinks /></IndexEntry><IndexEntry Term="Wavelengths Tab"><Entries><IndexEntry Term="Import Options"><Entries /><Links><IndexLink Title="Wavelengths Tab: Import Options" Link="/Content/Importers_Exporters/Options/Wavelengths_Tab_Import_Options.htm#kanchor331" UsedConditions="" LocalConditions="" /></Links><SeeAlsoLinks /><IndexControlLinks /></IndexEntry><IndexEntry Term="Properties Window"><Entries /><Links><IndexLink Title="Wavelengths Tab: Properties Window" Link="/Content/Wavelengths/wavelengths_tab_properties.htm#kanchor325" UsedConditions="" LocalConditions="" /></Links><SeeAlsoLinks /><IndexControlLinks /></IndexEntry></Entries><Links><IndexLink Title="Wavelengths Tab: Properties Window" Link="/Content/Wavelengths/wavelengths_tab_properties.htm#kanchor325" UsedConditions="" LocalConditions="" /><IndexLink Title="Wavelengths Tab: Import Options" Link="/Content/Importers_Exporters/Options/Wavelengths_Tab_Import_Options.htm#kanchor331" UsedConditions="" LocalConditions="" /></Links><SeeAlsoLinks /><IndexControlLinks /></IndexEntry></Entries></IndexEntry></CatapultTargetIndex>