﻿<?xml version="1.0" encoding="utf-8"?><index><stem n="bands/cub"><phr n="bands/cubes"><ent r="4" t="170" w="152" /><ent r="4" t="170" w="151" /></phr></stem><stem n="bands/cubes."><phr n="bands/cubes."><ent r="4" t="170" w="152" /><ent r="4" t="170" w="151" /></phr></stem><stem n="/cubes."><phr n="/cubes."><ent r="4" t="170" w="153" /></phr></stem><stem n="(and"><phr n="(and"><ent r="3" t="170" w="162" /></phr></stem><stem n="multi-cub"><phr n="multi-cube"><ent r="3" t="170" w="165" /></phr></stem><stem n="-cube),"><phr n="-cube),"><ent r="3" t="170" w="167" /><ent r="3" t="170" w="167" /></phr></stem><stem n="evalu"><phr n="evaluated"><ent r="3" t="170" w="171" /></phr></stem><stem n="definit"><phr n="definitions"><ent r="3" t="170" w="187" /></phr><phr n="Definition"><ent r="6" t="230" w="17" /></phr></stem><stem n="radian"><phr n="Radians"><ent r="5" t="170" w="203" /></phr><phr n="radians"><ent r="4" t="170" w="216" /></phr></stem><stem n="triginometr"><phr n="triginometric"><ent r="4" t="170" w="209" /></phr></stem><stem n="sing"><phr n="singe"><ent r="3" t="170" w="264" /></phr></stem><stem n="-look"><phr n="-Look"><ent r="1000" t="171" w="3" /><ent r="1000" t="171" w="3" /><ent r="100" t="171" w="10" /><ent r="100" t="171" w="10" /><ent r="102" t="171" w="26" /><ent r="102" t="171" w="26" /><ent r="3" t="171" w="35" /><ent r="3" t="171" w="35" /><ent r="64" t="171" w="315" /><ent r="64" t="171" w="315" /><ent r="1000" t="172" w="3" /><ent r="1000" t="172" w="3" /><ent r="100" t="172" w="10" /><ent r="100" t="172" w="10" /><ent r="102" t="172" w="20" /><ent r="102" t="172" w="20" /><ent r="4" t="172" w="149" /><ent r="4" t="172" w="149" /><ent r="5" t="172" w="158" /><ent r="5" t="172" w="158" /><ent r="3" t="174" w="14" /><ent r="3" t="174" w="14" /><ent r="64" t="178" w="353" /><ent r="64" t="178" w="353" /><ent r="1000" t="182" w="2" /><ent r="1000" t="182" w="2" /><ent r="100" t="182" w="9" /><ent r="100" t="182" w="9" /><ent r="102" t="182" w="19" /><ent r="102" t="182" w="19" /><ent r="3" t="182" w="58" /><ent r="3" t="182" w="58" /><ent r="4" t="182" w="79" /><ent r="4" t="182" w="79" /><ent r="4" t="182" w="108" /><ent r="4" t="182" w="108" /><ent r="4" t="182" w="495" /><ent r="4" t="182" w="495" /><ent r="3" t="182" w="503" /><ent r="3" t="182" w="503" /><ent r="4" t="182" w="513" /><ent r="4" t="182" w="513" /><ent r="3" t="182" w="738" /><ent r="3" t="182" w="738" /><ent r="4" t="182" w="792" /><ent r="4" t="182" w="792" /><ent r="4" t="182" w="883" /><ent r="4" t="182" w="883" /><ent r="4" t="182" w="990" /><ent r="4" t="182" w="990" /><ent r="4" t="182" w="1008" /><ent r="4" t="182" w="1008" /><ent r="4" t="182" w="1642" /><ent r="4" t="182" w="1642" /><ent r="3" t="182" w="1711" /><ent r="3" t="182" w="1711" /></phr></stem><stem n="quick"><phr n="Quick"><ent r="1000" t="171" w="3" /><ent r="100" t="171" w="10" /><ent r="100" t="171" w="19" /><ent r="102" t="171" w="26" /><ent r="3" t="171" w="35" /><ent r="64" t="171" w="315" /><ent r="1000" t="172" w="3" /><ent r="100" t="172" w="10" /><ent r="102" t="172" w="20" /><ent r="4" t="172" w="149" /><ent r="5" t="172" w="158" /><ent r="4" t="172" w="276" /><ent r="3" t="174" w="14" /><ent r="64" t="178" w="353" /><ent r="1000" t="182" w="2" /><ent r="100" t="182" w="9" /><ent r="102" t="182" w="19" /><ent r="3" t="182" w="58" /><ent r="4" t="182" w="79" /><ent r="4" t="182" w="108" /><ent r="4" t="182" w="495" /><ent r="3" t="182" w="503" /><ent r="4" t="182" w="513" /><ent r="3" t="182" w="738" /><ent r="4" t="182" w="792" /><ent r="4" t="182" w="883" /><ent r="4" t="182" w="990" /><ent r="4" t="182" w="1008" /><ent r="4" t="182" w="1642" /><ent r="3" t="182" w="1711" /></phr></stem><stem n="quick-look"><phr n="Quick-Look"><ent r="1000" t="171" w="3" /><ent r="100" t="171" w="10" /><ent r="100" t="171" w="19" /><ent r="102" t="171" w="26" /><ent r="3" t="171" w="35" /><ent r="64" t="171" w="315" /><ent r="1000" t="172" w="3" /><ent r="100" t="172" w="10" /><ent r="102" t="172" w="20" /><ent r="4" t="172" w="149" /><ent r="5" t="172" w="158" /><ent r="3" t="174" w="14" /><ent r="64" t="178" w="353" /><ent r="1000" t="182" w="2" /><ent r="100" t="182" w="9" /><ent r="102" t="182" w="19" /><ent r="3" t="182" w="58" /><ent r="4" t="182" w="79" /><ent r="4" t="182" w="108" /><ent r="4" t="182" w="495" /><ent r="3" t="182" w="503" /><ent r="4" t="182" w="513" /><ent r="3" t="182" w="738" /><ent r="4" t="182" w="792" /><ent r="4" t="182" w="883" /><ent r="4" t="182" w="990" /><ent r="4" t="182" w="1008" /><ent r="4" t="182" w="1642" /><ent r="3" t="182" w="1711" /></phr></stem><stem n="-in:quick-look"><phr n="-in:Quick-Look"><ent r="100" t="171" w="19" /><ent r="100" t="171" w="20" /></phr></stem><stem n="fuse"><phr n="fuses"><ent r="3" t="171" w="41" /></phr><phr n="fusing"><ent r="3" t="171" w="117" /><ent r="4" t="172" w="91" /><ent r="3" t="182" w="596" /><ent r="4" t="182" w="1051" /></phr><phr n="fused"><ent r="4" t="171" w="137" /><ent r="4" t="171" w="152" /><ent r="4" t="171" w="206" /><ent r="3" t="174" w="37" /><ent r="3" t="175" w="42" /><ent r="4" t="175" w="171" /><ent r="100" t="176" w="5" /><ent r="4" t="176" w="361" /><ent r="4" t="182" w="99" /><ent r="3" t="182" w="1082" /><ent r="4" t="182" w="1255" /></phr><phr n="fuse"><ent r="4" t="171" w="221" /><ent r="3" t="182" w="120" /><ent r="4" t="182" w="1184" /></phr><phr n="Fused"><ent r="64" t="175" w="364" /><ent r="1000" t="176" w="2" /><ent r="102" t="176" w="9" /></phr></stem><stem n="eo"><phr n="EO"><ent r="3" t="171" w="48" /><ent r="4" t="172" w="97" /></phr></stem><stem n="thermal"><phr n="Thermal"><ent r="3" t="171" w="50" /></phr></stem><stem n="ir"><phr n="IR"><ent r="3" t="171" w="51" /><ent r="3" t="180" w="315" /></phr><phr n="ir"><ent r="5" t="182" w="360" /><ent r="5" t="182" w="368" /><ent r="5" t="182" w="379" /><ent r="5" t="182" w="429" /><ent r="5" t="182" w="532" /><ent r="5" t="182" w="549" /></phr></stem><stem n="skew"><phr n="skewed"><ent r="3" t="171" w="60" /><ent r="3" t="182" w="133" /></phr></stem><stem n="translat"><phr n="translated"><ent r="3" t="171" w="63" /><ent r="3" t="182" w="136" /></phr><phr n="translation"><ent r="3" t="176" w="61" /><ent r="3" t="182" w="1387" /></phr></stem><stem n="-gener"><phr n="-generation"><ent r="3" t="171" w="65" /><ent r="3" t="171" w="65" /></phr></stem><stem n="next-gener"><phr n="next-generation"><ent r="3" t="171" w="65" /></phr></stem><stem n="better"><phr n="better"><ent r="3" t="171" w="72" /><ent r="4" t="172" w="88" /><ent r="3" t="180" w="978" /><ent r="3" t="182" w="593" /><ent r="4" t="208" w="430" /></phr></stem><stem n="design"><phr n="designed"><ent r="3" t="171" w="86" /><ent r="3" t="179" w="101" /></phr><phr n="designated"><ent r="3" t="178" w="49" /></phr><phr n="Designate"><ent r="92" t="181" w="834" /><ent r="4" t="182" w="93" /></phr><phr n="designate"><ent r="3" t="181" w="846" /></phr><phr n="designates"><ent r="3" t="183" w="293" /><ent r="3" t="184" w="282" /></phr></stem><stem n="restrict"><phr n="restrictions"><ent r="3" t="171" w="125" /><ent r="4" t="208" w="606" /></phr><phr n="Restrictions"><ent r="6" t="243" w="36" /></phr></stem><stem n="secondari"><phr n="Secondary"><ent r="4" t="171" w="133" /><ent r="4" t="172" w="75" /><ent r="4" t="172" w="115" /><ent r="4" t="172" w="184" /><ent r="5" t="175" w="229" /><ent r="4" t="182" w="559" /><ent r="3" t="182" w="578" /><ent r="3" t="182" w="618" /><ent r="4" t="182" w="1507" /></phr><phr n="secondary"><ent r="3" t="172" w="44" /><ent r="4" t="173" w="107" /><ent r="4" t="175" w="211" /><ent r="3" t="176" w="64" /><ent r="4" t="176" w="277" /><ent r="3" t="182" w="1390" /><ent r="3" t="182" w="1586" /><ent r="4" t="182" w="1652" /></phr></stem><stem n="lack"><phr n="lacking"><ent r="4" t="171" w="154" /></phr></stem><stem n="(ground"><phr n="(Ground"><ent r="4" t="171" w="162" /></phr></stem><stem n="accur"><phr n="accurately"><ent r="4" t="171" w="200" /></phr><phr n="accurate"><ent r="3" t="172" w="250" /><ent r="3" t="180" w="970" /><ent r="3" t="182" w="702" /></phr></stem><stem n="-by-sid"><phr n="-by-side"><ent r="4" t="171" w="208" /><ent r="4" t="171" w="209" /><ent r="4" t="171" w="223" /><ent r="4" t="171" w="224" /><ent r="4" t="175" w="242" /><ent r="4" t="175" w="243" /><ent r="3" t="176" w="31" /><ent r="3" t="176" w="32" /><ent r="3" t="176" w="294" /><ent r="3" t="176" w="295" /><ent r="4" t="176" w="304" /><ent r="4" t="176" w="305" /><ent r="4" t="176" w="381" /><ent r="4" t="176" w="382" /><ent r="4" t="176" w="401" /><ent r="4" t="176" w="402" /><ent r="3" t="182" w="1626" /><ent r="3" t="182" w="1627" /><ent r="4" t="182" w="1670" /><ent r="4" t="182" w="1671" /><ent r="3" t="182" w="1702" /><ent r="3" t="182" w="1703" /></phr><phr n="-by-Side"><ent r="3" t="175" w="51" /><ent r="3" t="175" w="52" /><ent r="5" t="175" w="144" /><ent r="5" t="175" w="145" /><ent r="92" t="176" w="286" /><ent r="92" t="176" w="287" /><ent r="3" t="182" w="1093" /><ent r="3" t="182" w="1094" /><ent r="92" t="182" w="1618" /><ent r="92" t="182" w="1619" /></phr></stem><stem n="side-bi"><phr n="side-by"><ent r="4" t="171" w="208" /><ent r="4" t="171" w="223" /><ent r="4" t="175" w="242" /><ent r="3" t="176" w="31" /><ent r="3" t="176" w="294" /><ent r="4" t="176" w="304" /><ent r="4" t="176" w="381" /><ent r="4" t="176" w="401" /><ent r="4" t="180" w="2324" /><ent r="3" t="182" w="1626" /><ent r="4" t="182" w="1670" /><ent r="3" t="182" w="1702" /><ent r="4" t="186" w="905" /></phr><phr n="Side-by"><ent r="3" t="175" w="51" /><ent r="5" t="175" w="144" /><ent r="92" t="176" w="286" /><ent r="3" t="182" w="1093" /><ent r="92" t="182" w="1618" /></phr></stem><stem n="side-by-sid"><phr n="side-by-side"><ent r="4" t="171" w="208" /><ent r="4" t="171" w="223" /><ent r="4" t="175" w="242" /><ent r="3" t="176" w="31" /><ent r="3" t="176" w="294" /><ent r="4" t="176" w="304" /><ent r="4" t="176" w="381" /><ent r="4" t="176" w="401" /><ent r="4" t="180" w="2324" /><ent r="3" t="182" w="1626" /><ent r="4" t="182" w="1670" /><ent r="3" t="182" w="1702" /><ent r="4" t="186" w="905" /></phr><phr n="Side-by-Side"><ent r="3" t="175" w="51" /><ent r="5" t="175" w="144" /><ent r="92" t="176" w="286" /><ent r="3" t="182" w="1093" /><ent r="92" t="182" w="1618" /></phr></stem><stem n="by-sid"><phr n="by-side"><ent r="4" t="171" w="209" /><ent r="4" t="171" w="224" /><ent r="4" t="175" w="243" /><ent r="3" t="176" w="32" /><ent r="3" t="176" w="295" /><ent r="4" t="176" w="305" /><ent r="4" t="176" w="382" /><ent r="4" t="176" w="402" /><ent r="4" t="180" w="2325" /><ent r="3" t="182" w="1627" /><ent r="4" t="182" w="1671" /><ent r="3" t="182" w="1703" /><ent r="4" t="186" w="906" /></phr><phr n="by-Side"><ent r="3" t="175" w="52" /><ent r="5" t="175" w="145" /><ent r="92" t="176" w="287" /><ent r="3" t="182" w="1094" /><ent r="92" t="182" w="1619" /></phr></stem><stem n="why"><phr n="why"><ent r="4" t="171" w="218" /></phr></stem><stem n="fall"><phr n="fall"><ent r="4" t="171" w="241" /></phr></stem><stem n="categori"><phr n="category"><ent r="4" t="171" w="244" /></phr></stem><stem n="geoloc"><phr n="geolocation"><ent r="4" t="171" w="250" /><ent r="3" t="173" w="56" /><ent r="3" t="182" w="855" /></phr></stem><stem n="problem"><phr n="problems"><ent r="4" t="171" w="258" /></phr></stem><stem n="desk"><phr n="Desk"><ent r="4" t="171" w="269" /></phr></stem><stem n="“not"><phr n="“Not"><ent r="4" t="171" w="277" /></phr></stem><stem n="“for"><phr n="“For"><ent r="4" t="171" w="282" /></phr></stem><stem n="dodii"><phr n="DODIIS"><ent r="4" t="171" w="299" /></phr></stem><stem n="certifi"><phr n="certified"><ent r="4" t="171" w="300" /></phr></stem><stem n="-in:start"><phr n="-in:starting"><ent r="100" t="172" w="16" /><ent r="100" t="172" w="16" /></phr></stem><stem n="properli"><phr n="properly"><ent r="4" t="172" w="61" /></phr></stem><stem n="recommend"><phr n="recommend"><ent r="4" t="172" w="64" /><ent r="3" t="182" w="567" /><ent r="3" t="182" w="682" /><ent r="3" t="187" w="1673" /></phr></stem><stem n="produc"><phr n="produce"><ent r="4" t="172" w="86" /><ent r="3" t="179" w="239" /><ent r="3" t="182" w="591" /><ent r="3" t="186" w="931" /></phr></stem><stem n="("><phr n="("><ent r="4" t="172" w="189" /><ent r="4" t="172" w="259" /><ent r="4" t="173" w="220" /><ent r="4" t="175" w="149" /><ent r="4" t="175" w="189" /><ent r="4" t="175" w="247" /><ent r="4" t="176" w="183" /><ent r="3" t="180" w="1607" /><ent r="4" t="182" w="638" /><ent r="4" t="188" w="474" /><ent r="3" t="197" w="12" /></phr></stem><stem n="agre"><phr n="agree"><ent r="3" t="172" w="239" /></phr></stem><stem n="enough"><phr n="enough"><ent r="3" t="172" w="251" /><ent r="4" t="175" w="261" /><ent r="3" t="183" w="750" /><ent r="4" t="208" w="377" /></phr></stem><stem n="did"><phr n="did"><ent r="3" t="172" w="330" /></phr></stem><stem n="correct"><phr n="correct"><ent r="3" t="173" w="52" /><ent r="4" t="173" w="252" /><ent r="4" t="180" w="2151" /><ent r="3" t="182" w="851" /><ent r="3" t="195" w="392" /><ent r="3" t="209" w="210" /><ent r="3" t="232" w="173" /></phr></stem><stem n="inconsist"><phr n="inconsistencies"><ent r="3" t="173" w="53" /><ent r="3" t="182" w="852" /></phr></stem><stem n="visibl"><phr n="visible"><ent r="3" t="173" w="214" /><ent r="4" t="173" w="269" /><ent r="3" t="180" w="307" /><ent r="4" t="182" w="467" /><ent r="3" t="187" w="270" /><ent r="3" t="187" w="298" /><ent r="4" t="237" w="81" /><ent r="3" t="237" w="91" /></phr></stem><stem n="verifi"><phr n="Verify"><ent r="5" t="173" w="241" /></phr><phr n="verify"><ent r="4" t="173" w="245" /></phr></stem><stem n="-hair"><phr n="-hair"><ent r="4" t="173" w="266" /><ent r="4" t="173" w="266" /></phr></stem><stem n="cross"><phr n="cross"><ent r="4" t="173" w="266" /><ent r="4" t="173" w="282" /></phr></stem><stem n="cross-hair"><phr n="cross-hair"><ent r="4" t="173" w="266" /><ent r="4" t="173" w="282" /></phr></stem><stem n="hair"><phr n="hair"><ent r="4" t="173" w="267" /><ent r="4" t="173" w="283" /></phr></stem><stem n="-hair."><phr n="-hair."><ent r="4" t="173" w="284" /><ent r="4" t="173" w="284" /></phr></stem><stem n="transfer"><phr n="transferring"><ent r="3" t="174" w="25" /></phr><phr n="transfer"><ent r="4" t="174" w="127" /></phr></stem><stem n="flicker"><phr n="Flicker"><ent r="3" t="175" w="48" /><ent r="5" t="175" w="139" /><ent r="5" t="175" w="156" /><ent r="5" t="175" w="185" /><ent r="92" t="176" w="75" /><ent r="5" t="176" w="116" /><ent r="5" t="176" w="128" /><ent r="4" t="176" w="348" /><ent r="3" t="182" w="1090" /><ent r="5" t="182" w="1230" /><ent r="5" t="182" w="1238" /><ent r="92" t="182" w="1352" /><ent r="4" t="182" w="1418" /></phr><phr n="flicker"><ent r="4" t="175" w="166" /><ent r="4" t="175" w="172" /><ent r="4" t="175" w="177" /><ent r="4" t="175" w="197" /><ent r="3" t="176" w="38" /><ent r="3" t="176" w="42" /><ent r="3" t="176" w="49" /><ent r="3" t="176" w="69" /><ent r="3" t="176" w="71" /><ent r="3" t="176" w="85" /><ent r="3" t="176" w="101" /><ent r="3" t="176" w="135" /><ent r="3" t="176" w="155" /><ent r="4" t="176" w="160" /><ent r="4" t="176" w="173" /><ent r="4" t="176" w="181" /><ent r="3" t="176" w="211" /><ent r="4" t="176" w="216" /><ent r="4" t="176" w="357" /><ent r="4" t="176" w="362" /><ent r="4" t="176" w="369" /><ent r="4" t="176" w="378" /><ent r="4" t="182" w="1250" /><ent r="4" t="182" w="1256" /><ent r="3" t="182" w="1364" /><ent r="3" t="182" w="1371" /><ent r="3" t="182" w="1378" /><ent r="3" t="182" w="1395" /><ent r="3" t="182" w="1397" /><ent r="3" t="182" w="1402" /><ent r="3" t="182" w="1425" /><ent r="3" t="182" w="1447" /><ent r="4" t="182" w="1452" /><ent r="4" t="182" w="1470" /><ent r="4" t="182" w="1480" /><ent r="3" t="182" w="1486" /><ent r="4" t="182" w="1491" /><ent r="4" t="182" w="1634" /></phr><phr n="flickering"><ent r="4" t="176" w="342" /></phr></stem><stem n="/blend"><phr n="/Blend"><ent r="3" t="175" w="49" /><ent r="5" t="175" w="140" /><ent r="92" t="176" w="76" /><ent r="3" t="182" w="1091" /><ent r="5" t="182" w="1231" /><ent r="92" t="182" w="1353" /></phr><phr n="/blend"><ent r="3" t="176" w="39" /><ent r="3" t="176" w="50" /><ent r="3" t="182" w="1365" /><ent r="3" t="182" w="1379" /></phr></stem><stem n="flicker/blend"><phr n="Flicker/Blend"><ent r="3" t="175" w="49" /><ent r="3" t="175" w="48" /><ent r="5" t="175" w="140" /><ent r="5" t="175" w="139" /><ent r="92" t="176" w="76" /><ent r="92" t="176" w="75" /><ent r="3" t="182" w="1091" /><ent r="3" t="182" w="1090" /><ent r="5" t="182" w="1231" /><ent r="5" t="182" w="1230" /><ent r="92" t="182" w="1353" /><ent r="92" t="182" w="1352" /></phr><phr n="flicker/blend"><ent r="3" t="176" w="39" /><ent r="3" t="176" w="38" /><ent r="3" t="176" w="50" /><ent r="3" t="176" w="49" /><ent r="3" t="182" w="1365" /><ent r="3" t="182" w="1364" /><ent r="3" t="182" w="1379" /><ent r="3" t="182" w="1378" /></phr></stem><stem n="blend"><phr n="Blend"><ent r="3" t="175" w="49" /><ent r="5" t="175" w="140" /><ent r="92" t="176" w="76" /><ent r="3" t="182" w="1091" /><ent r="5" t="182" w="1231" /><ent r="92" t="182" w="1353" /></phr><phr n="blend"><ent r="3" t="176" w="39" /><ent r="3" t="176" w="50" /><ent r="3" t="182" w="1365" /><ent r="3" t="182" w="1379" /></phr></stem><stem n="done"><phr n="done"><ent r="5" t="175" w="159" /><ent r="5" t="182" w="1243" /><ent r="4" t="182" w="1696" /></phr></stem><stem n="respect"><phr n="respective"><ent r="4" t="175" w="215" /><ent r="3" t="178" w="102" /></phr></stem><stem n="optim"><phr n="Optimize"><ent r="5" t="175" w="274" /></phr><phr n="optimizations"><ent r="3" t="179" w="272" /></phr></stem><stem n="restart"><phr n="restarting"><ent r="4" t="175" w="294" /><ent r="4" t="175" w="355" /><ent r="4" t="182" w="1294" /></phr><phr n="restart"><ent r="4" t="176" w="355" /></phr></stem><stem n="soon"><phr n="soon"><ent r="4" t="175" w="320" /></phr></stem><stem n="/manual"><phr n="/manual"><ent r="3" t="176" w="68" /><ent r="3" t="182" w="1394" /></phr></stem><stem n="automated/manu"><phr n="automated/manual"><ent r="3" t="176" w="68" /><ent r="3" t="176" w="67" /><ent r="3" t="182" w="1394" /><ent r="3" t="182" w="1393" /></phr></stem><stem n="de"><phr n="de"><ent r="4" t="176" w="203" /><ent r="3" t="214" w="43" /><ent r="3" t="214" w="73" /><ent r="6" t="230" w="401" /></phr></stem><stem n="de-select"><phr n="de-selecting"><ent r="4" t="176" w="203" /><ent r="6" t="230" w="401" /></phr><phr n="de-select"><ent r="3" t="214" w="43" /><ent r="3" t="214" w="73" /></phr></stem><stem n=",y"><phr n=",y"><ent r="3" t="176" w="261" /></phr></stem><stem n="x,y"><phr n="x,y"><ent r="3" t="176" w="261" /><ent r="3" t="176" w="260" /></phr></stem><stem n="/"><phr n="/"><ent r="4" t="176" w="316" /><ent r="4" t="176" w="320" /><ent r="4" t="176" w="324" /><ent r="4" t="176" w="328" /><ent r="5" t="180" w="3147" /><ent r="3" t="193" w="203" /><ent r="3" t="199" w="709" /></phr></stem><stem n="shift+z"><phr n="Shift+Z"><ent r="4" t="176" w="316" /></phr></stem><stem n="==&gt;"><phr n="==&gt;"><ent r="4" t="176" w="317" /><ent r="4" t="176" w="325" /><ent r="4" t="176" w="333" /></phr></stem><stem n="shift+right"><phr n="Shift+Right"><ent r="4" t="176" w="324" /></phr></stem><stem n="radiu"><phr n="radius"><ent r="5" t="177" w="63" /><ent r="4" t="177" w="70" /><ent r="4" t="177" w="83" /><ent r="3" t="177" w="150" /><ent r="3" t="238" w="455" /></phr></stem><stem n="larg"><phr n="large"><ent r="4" t="177" w="68" /><ent r="3" t="179" w="1437" /><ent r="4" t="208" w="376" /></phr></stem><stem n="smaller"><phr n="smaller"><ent r="4" t="177" w="81" /><ent r="3" t="179" w="660" /></phr></stem><stem n="(zoom"><phr n="(zoomed"><ent r="3" t="177" w="132" /></phr></stem><stem n="centroid"><phr n="centroid"><ent r="3" t="177" w="154" /></phr></stem><stem n="&quot;clusters.&quot;"><phr n="&quot;clusters.&quot;"><ent r="3" t="177" w="163" /></phr></stem><stem n="!"><phr n="!"><ent r="3" t="178" w="13" /></phr></stem><stem n="studio"><phr n="Studio"><ent r="3" t="178" w="19" /></phr></stem><stem n="scenario"><phr n="scenarios"><ent r="3" t="178" w="27" /></phr><phr n="scenario"><ent r="3" t="178" w="64" /><ent r="3" t="181" w="1191" /><ent r="4" t="181" w="1337" /></phr></stem><stem n="learn"><phr n="Learning"><ent r="3" t="178" w="51" /><ent r="82" t="178" w="69" /><ent r="4" t="179" w="20" /><ent r="4" t="180" w="37" /><ent r="4" t="181" w="26" /><ent r="4" t="182" w="28" /><ent r="4" t="183" w="18" /><ent r="4" t="184" w="21" /><ent r="4" t="185" w="25" /><ent r="4" t="186" w="18" /><ent r="4" t="187" w="16" /><ent r="4" t="188" w="24" /></phr><phr n="learned"><ent r="3" t="187" w="123" /></phr></stem><stem n="intend"><phr n="Intended"><ent r="92" t="178" w="66" /></phr><phr n="intended"><ent r="3" t="178" w="73" /></phr></stem><stem n="audienc"><phr n="audience"><ent r="92" t="178" w="67" /><ent r="3" t="178" w="74" /></phr></stem><stem n="anyon"><phr n="anyone"><ent r="3" t="178" w="79" /></phr></stem><stem n="users/oper"><phr n="users/operators"><ent r="3" t="178" w="99" /><ent r="3" t="178" w="98" /></phr></stem><stem n="users/operators,"><phr n="users/operators,"><ent r="3" t="178" w="99" /><ent r="3" t="178" w="98" /></phr></stem><stem n="/operators,"><phr n="/operators,"><ent r="3" t="178" w="100" /></phr></stem><stem n="supervisor"><phr n="supervisors"><ent r="3" t="178" w="103" /></phr></stem><stem n="critic"><phr n="criticality"><ent r="82" t="178" w="106" /></phr><phr n="critical"><ent r="3" t="178" w="155" /><ent r="3" t="199" w="32" /></phr></stem><stem n="basi"><phr n="basis"><ent r="3" t="178" w="113" /></phr></stem><stem n="necessarili"><phr n="necessarily"><ent r="3" t="178" w="131" /></phr></stem><stem n="knowledg"><phr n="knowledge"><ent r="3" t="178" w="143" /><ent r="3" t="178" w="173" /></phr></stem><stem n="prerequisit"><phr n="Prerequisites"><ent r="82" t="178" w="167" /></phr></stem><stem n="fundament"><phr n="fundamental"><ent r="3" t="178" w="172" /></phr></stem><stem n="workstat"><phr n="workstation"><ent r="3" t="178" w="180" /></phr></stem><stem n="train"><phr n="training"><ent r="3" t="178" w="187" /><ent r="3" t="178" w="198" /><ent r="3" t="178" w="208" /><ent r="3" t="238" w="519" /></phr></stem><stem n="expect"><phr n="expected"><ent r="3" t="178" w="204" /></phr></stem><stem n="(job"><phr n="(job"><ent r="3" t="178" w="207" /></phr></stem><stem n="job"><phr n="job"><ent r="3" t="178" w="207" /></phr></stem><stem n="exercis"><phr n="exercises"><ent r="3" t="178" w="217" /></phr><phr n="exercise"><ent r="3" t="181" w="1153" /><ent r="3" t="238" w="520" /></phr><phr n="Exercise"><ent r="3" t="186" w="604" /><ent r="3" t="186" w="1169" /></phr></stem><stem n="consid"><phr n="considered"><ent r="3" t="178" w="230" /></phr></stem><stem n="download"><phr n="downloaded"><ent r="7" t="178" w="257" /><ent r="7" t="178" w="281" /><ent r="7" t="179" w="474" /><ent r="7" t="179" w="498" /><ent r="7" t="180" w="625" /><ent r="7" t="180" w="649" /><ent r="7" t="181" w="336" /><ent r="7" t="181" w="360" /><ent r="7" t="182" w="299" /><ent r="7" t="182" w="323" /><ent r="7" t="183" w="574" /><ent r="7" t="183" w="598" /><ent r="7" t="184" w="576" /><ent r="7" t="184" w="600" /><ent r="7" t="185" w="183" /><ent r="7" t="185" w="207" /><ent r="7" t="186" w="450" /><ent r="7" t="186" w="474" /><ent r="7" t="187" w="371" /><ent r="7" t="187" w="395" /><ent r="7" t="188" w="361" /><ent r="7" t="188" w="385" /></phr><phr n="download"><ent r="3" t="226" w="41" /></phr></stem><stem n="websit"><phr n="website"><ent r="7" t="178" w="261" /><ent r="7" t="179" w="478" /><ent r="7" t="180" w="629" /><ent r="7" t="181" w="340" /><ent r="7" t="182" w="303" /><ent r="7" t="183" w="578" /><ent r="7" t="184" w="580" /><ent r="7" t="185" w="187" /><ent r="7" t="186" w="454" /><ent r="7" t="187" w="375" /><ent r="7" t="188" w="365" /></phr></stem><stem n="http"><phr n="http"><ent r="68" t="178" w="264" /><ent r="68" t="179" w="481" /><ent r="68" t="180" w="632" /><ent r="68" t="181" w="343" /><ent r="68" t="182" w="306" /><ent r="68" t="183" w="581" /><ent r="68" t="184" w="583" /><ent r="68" t="185" w="190" /><ent r="68" t="186" w="457" /><ent r="68" t="187" w="378" /><ent r="68" t="188" w="368" /><ent r="64" t="197" w="13" /></phr></stem><stem n="opticks.org"><phr n="opticks.org"><ent r="68" t="178" w="266" /><ent r="68" t="178" w="265" /><ent r="68" t="179" w="483" /><ent r="68" t="179" w="482" /><ent r="68" t="180" w="634" /><ent r="68" t="180" w="633" /><ent r="68" t="181" w="345" /><ent r="68" t="181" w="344" /><ent r="68" t="182" w="308" /><ent r="68" t="182" w="307" /><ent r="68" t="183" w="583" /><ent r="68" t="183" w="582" /><ent r="68" t="184" w="585" /><ent r="68" t="184" w="584" /><ent r="68" t="185" w="192" /><ent r="68" t="185" w="191" /><ent r="68" t="186" w="459" /><ent r="68" t="186" w="458" /><ent r="68" t="187" w="380" /><ent r="68" t="187" w="379" /><ent r="68" t="188" w="370" /><ent r="68" t="188" w="369" /></phr></stem><stem n="opticks.org/conflu"><phr n="opticks.org/confluence"><ent r="68" t="178" w="267" /><ent r="68" t="178" w="265" /><ent r="68" t="179" w="484" /><ent r="68" t="179" w="482" /><ent r="68" t="180" w="635" /><ent r="68" t="180" w="633" /><ent r="68" t="181" w="346" /><ent r="68" t="181" w="344" /><ent r="68" t="182" w="309" /><ent r="68" t="182" w="307" /><ent r="68" t="183" w="584" /><ent r="68" t="183" w="582" /><ent r="68" t="184" w="586" /><ent r="68" t="184" w="584" /><ent r="68" t="185" w="193" /><ent r="68" t="185" w="191" /><ent r="68" t="186" w="460" /><ent r="68" t="186" w="458" /><ent r="68" t="187" w="381" /><ent r="68" t="187" w="379" /><ent r="68" t="188" w="371" /><ent r="68" t="188" w="369" /></phr></stem><stem n="confluenc"><phr n="confluence"><ent r="68" t="178" w="267" /><ent r="68" t="179" w="484" /><ent r="68" t="180" w="635" /><ent r="68" t="181" w="346" /><ent r="68" t="182" w="309" /><ent r="68" t="183" w="584" /><ent r="68" t="184" w="586" /><ent r="68" t="185" w="193" /><ent r="68" t="186" w="460" /><ent r="68" t="187" w="381" /><ent r="68" t="188" w="371" /></phr></stem><stem n="opticks.org/confluence/displai"><phr n="opticks.org/confluence/display"><ent r="68" t="178" w="268" /><ent r="68" t="178" w="265" /><ent r="68" t="179" w="485" /><ent r="68" t="179" w="482" /><ent r="68" t="180" w="636" /><ent r="68" t="180" w="633" /><ent r="68" t="181" w="347" /><ent r="68" t="181" w="344" /><ent r="68" t="182" w="310" /><ent r="68" t="182" w="307" /><ent r="68" t="183" w="585" /><ent r="68" t="183" w="582" /><ent r="68" t="184" w="587" /><ent r="68" t="184" w="584" /><ent r="68" t="185" w="194" /><ent r="68" t="185" w="191" /><ent r="68" t="186" w="461" /><ent r="68" t="186" w="458" /><ent r="68" t="187" w="382" /><ent r="68" t="187" w="379" /><ent r="68" t="188" w="372" /><ent r="68" t="188" w="369" /></phr></stem><stem n="opticks.org/confluence/display/optick"><phr n="opticks.org/confluence/display/opticks"><ent r="68" t="178" w="269" /><ent r="68" t="178" w="265" /><ent r="68" t="179" w="486" /><ent r="68" t="179" w="482" /><ent r="68" t="180" w="637" /><ent r="68" t="180" w="633" /><ent r="68" t="181" w="348" /><ent r="68" t="181" w="344" /><ent r="68" t="182" w="311" /><ent r="68" t="182" w="307" /><ent r="68" t="183" w="586" /><ent r="68" t="183" w="582" /><ent r="68" t="184" w="588" /><ent r="68" t="184" w="584" /><ent r="68" t="185" w="195" /><ent r="68" t="185" w="191" /><ent r="68" t="186" w="462" /><ent r="68" t="186" w="458" /><ent r="68" t="187" w="383" /><ent r="68" t="187" w="379" /><ent r="68" t="188" w="373" /><ent r="68" t="188" w="369" /></phr></stem></index>