﻿<?xml version="1.0" encoding="utf-8"?><index><stem n="collect"><phr n="collection"><ent r="3" t="0" w="12" /><ent r="3" t="183" w="209" /><ent r="3" t="183" w="220" /><ent r="3" t="184" w="198" /><ent r="3" t="184" w="209" /></phr><phr n="collected"><ent r="3" t="0" w="33" /><ent r="3" t="195" w="594" /></phr><phr n="collections"><ent r="3" t="183" w="189" /><ent r="3" t="184" w="179" /><ent r="3" t="193" w="78" /></phr></stem><stem n="softwar"><phr n="software"><ent r="3" t="0" w="14" /><ent r="3" t="0" w="98" /><ent r="3" t="178" w="84" /><ent r="3" t="178" w="163" /></phr><phr n="Software"><ent r="4" t="171" w="283" /></phr></stem><stem n="tool"><phr n="tools"><ent r="3" t="0" w="15" /><ent r="4" t="175" w="71" /><ent r="4" t="175" w="98" /><ent r="4" t="175" w="167" /><ent r="4" t="175" w="178" /><ent r="3" t="176" w="43" /><ent r="3" t="176" w="86" /><ent r="4" t="176" w="358" /><ent r="4" t="176" w="370" /><ent r="3" t="179" w="1053" /><ent r="3" t="179" w="1532" /><ent r="3" t="179" w="2381" /><ent r="3" t="179" w="2391" /><ent r="3" t="180" w="411" /><ent r="3" t="180" w="3187" /><ent r="3" t="181" w="1624" /><ent r="4" t="182" w="1251" /><ent r="3" t="182" w="1372" /><ent r="3" t="182" w="1403" /><ent r="4" t="182" w="1680" /><ent r="3" t="183" w="153" /><ent r="3" t="184" w="143" /><ent r="3" t="184" w="1329" /><ent r="7" t="242" w="77" /></phr><phr n="Tools"><ent r="5" t="2" w="71" /><ent r="5" t="44" w="356" /><ent r="5" t="47" w="44" /><ent r="5" t="48" w="87" /><ent r="5" t="49" w="133" /><ent r="4" t="69" w="39" /><ent r="5" t="70" w="41" /><ent r="5" t="70" w="223" /><ent r="4" t="74" w="60" /><ent r="5" t="77" w="49" /><ent r="5" t="81" w="39" /><ent r="4" t="83" w="120" /><ent r="4" t="87" w="64" /><ent r="4" t="102" w="164" /><ent r="4" t="102" w="256" /><ent r="4" t="103" w="98" /><ent r="4" t="104" w="128" /><ent r="5" t="106" w="134" /><ent r="5" t="107" w="76" /><ent r="5" t="108" w="89" /><ent r="5" t="109" w="90" /><ent r="4" t="115" w="96" /><ent r="5" t="117" w="29" /><ent r="5" t="118" w="43" /><ent r="5" t="119" w="79" /><ent r="3" t="119" w="162" /><ent r="4" t="121" w="56" /><ent r="4" t="123" w="111" /><ent r="5" t="123" w="282" /><ent r="5" t="123" w="560" /><ent r="5" t="131" w="101" /><ent r="3" t="142" w="492" /><ent r="3" t="142" w="592" /><ent r="3" t="142" w="666" /><ent r="5" t="143" w="120" /><ent r="5" t="144" w="46" /><ent r="5" t="145" w="46" /><ent r="5" t="147" w="85" /><ent r="5" t="148" w="85" /><ent r="5" t="149" w="99" /><ent r="5" t="150" w="94" /><ent r="5" t="151" w="87" /><ent r="5" t="152" w="85" /><ent r="5" t="153" w="81" /><ent r="5" t="154" w="82" /><ent r="5" t="155" w="92" /><ent r="4" t="168" w="24" /><ent r="5" t="175" w="157" /><ent r="5" t="175" w="182" /><ent r="5" t="176" w="110" /><ent r="4" t="176" w="349" /><ent r="5" t="179" w="696" /><ent r="5" t="179" w="1158" /><ent r="5" t="179" w="2128" /><ent r="5" t="180" w="716" /><ent r="5" t="180" w="1119" /><ent r="5" t="180" w="1249" /><ent r="5" t="180" w="1354" /><ent r="5" t="180" w="2669" /><ent r="5" t="182" w="1115" /><ent r="5" t="182" w="1239" /><ent r="4" t="182" w="1412" /><ent r="5" t="187" w="429" /><ent r="4" t="187" w="1718" /><ent r="5" t="187" w="1849" /><ent r="5" t="188" w="421" /><ent r="5" t="227" w="87" /><ent r="5" t="228" w="75" /><ent r="5" t="229" w="86" /><ent r="7" t="242" w="70" /></phr><phr n="Tool"><ent r="7" t="8" w="153" /><ent r="68" t="8" w="163" /><ent r="1000" t="59" w="4" /><ent r="100" t="59" w="8" /><ent r="100" t="59" w="13" /><ent r="102" t="59" w="18" /><ent r="3" t="59" w="24" /><ent r="3" t="59" w="59" /><ent r="3" t="85" w="252" /><ent r="5" t="109" w="354" /><ent r="4" t="142" w="111" /><ent r="4" t="142" w="155" /><ent r="3" t="142" w="336" /><ent r="4" t="142" w="373" /><ent r="102" t="172" w="24" /><ent r="64" t="178" w="327" /><ent r="1000" t="180" w="4" /><ent r="102" t="180" w="23" /><ent r="4" t="180" w="174" /><ent r="4" t="181" w="884" /><ent r="4" t="182" w="1170" /><ent r="4" t="184" w="869" /><ent r="92" t="198" w="73" /><ent r="3" t="198" w="220" /></phr><phr n="tool"><ent r="3" t="49" w="246" /><ent r="3" t="59" w="41" /><ent r="3" t="76" w="68" /><ent r="4" t="109" w="360" /><ent r="3" t="125" w="558" /><ent r="3" t="125" w="588" /><ent r="3" t="157" w="833" /><ent r="3" t="171" w="67" /><ent r="3" t="171" w="83" /><ent r="4" t="172" w="60" /><ent r="4" t="173" w="254" /><ent r="4" t="173" w="271" /><ent r="4" t="175" w="120" /><ent r="3" t="179" w="106" /><ent r="3" t="180" w="186" /><ent r="4" t="180" w="1109" /><ent r="3" t="181" w="65" /><ent r="3" t="182" w="117" /><ent r="3" t="182" w="870" /><ent r="3" t="195" w="67" /><ent r="3" t="198" w="15" /><ent r="3" t="198" w="64" /></phr></stem><stem n="enabl"><phr n="enables"><ent r="3" t="0" w="17" /><ent r="3" t="1" w="79" /><ent r="4" t="20" w="493" /><ent r="3" t="21" w="58" /><ent r="3" t="21" w="334" /><ent r="3" t="21" w="408" /><ent r="3" t="23" w="13" /><ent r="3" t="38" w="12" /><ent r="4" t="48" w="208" /><ent r="3" t="50" w="26" /><ent r="3" t="63" w="23" /><ent r="3" t="69" w="17" /><ent r="3" t="72" w="16" /><ent r="3" t="76" w="88" /><ent r="3" t="77" w="17" /><ent r="3" t="77" w="244" /><ent r="3" t="77" w="321" /><ent r="4" t="81" w="58" /><ent r="3" t="82" w="39" /><ent r="4" t="91" w="119" /><ent r="4" t="96" w="124" /><ent r="3" t="96" w="149" /><ent r="3" t="97" w="15" /><ent r="3" t="111" w="26" /><ent r="3" t="111" w="156" /><ent r="3" t="112" w="13" /><ent r="3" t="113" w="13" /><ent r="3" t="114" w="13" /><ent r="3" t="115" w="532" /><ent r="3" t="127" w="15" /><ent r="3" t="141" w="14" /><ent r="4" t="143" w="139" /><ent r="3" t="144" w="156" /><ent r="3" t="144" w="259" /><ent r="3" t="144" w="463" /><ent r="3" t="144" w="627" /><ent r="3" t="152" w="18" /><ent r="4" t="153" w="206" /><ent r="4" t="153" w="249" /><ent r="3" t="158" w="750" /><ent r="3" t="160" w="176" /><ent r="3" t="163" w="26" /><ent r="3" t="163" w="295" /><ent r="3" t="169" w="14" /><ent r="3" t="179" w="182" /><ent r="3" t="179" w="202" /><ent r="3" t="179" w="224" /><ent r="3" t="179" w="297" /><ent r="4" t="179" w="1487" /><ent r="4" t="179" w="1553" /><ent r="3" t="180" w="135" /><ent r="3" t="180" w="229" /><ent r="3" t="180" w="329" /><ent r="3" t="180" w="365" /><ent r="3" t="180" w="447" /><ent r="4" t="182" w="1033" /><ent r="4" t="188" w="525" /><ent r="3" t="193" w="142" /><ent r="3" t="198" w="17" /><ent r="3" t="208" w="165" /><ent r="3" t="212" w="21" /><ent r="3" t="215" w="80" /><ent r="3" t="215" w="94" /><ent r="3" t="216" w="24" /><ent r="3" t="216" w="38" /><ent r="3" t="218" w="24" /><ent r="3" t="218" w="37" /><ent r="3" t="220" w="58" /><ent r="3" t="222" w="63" /></phr><phr n="Enabled"><ent r="7" t="10" w="84" /><ent r="4" t="142" w="294" /></phr><phr n="enable"><ent r="3" t="14" w="23" /><ent r="3" t="70" w="21" /><ent r="3" t="81" w="13" /><ent r="3" t="106" w="102" /><ent r="3" t="108" w="21" /><ent r="3" t="109" w="21" /><ent r="3" t="142" w="12" /><ent r="3" t="143" w="94" /><ent r="5" t="143" w="235" /><ent r="3" t="144" w="15" /><ent r="3" t="144" w="579" /><ent r="3" t="145" w="15" /><ent r="4" t="145" w="82" /><ent r="3" t="146" w="13" /><ent r="3" t="147" w="21" /><ent r="4" t="147" w="225" /><ent r="3" t="148" w="21" /><ent r="3" t="149" w="21" /><ent r="3" t="150" w="21" /><ent r="3" t="150" w="158" /><ent r="3" t="150" w="181" /><ent r="3" t="151" w="21" /><ent r="3" t="155" w="26" /><ent r="3" t="162" w="21" /><ent r="3" t="165" w="235" /><ent r="3" t="176" w="44" /><ent r="3" t="178" w="132" /><ent r="3" t="182" w="1373" /><ent r="3" t="219" w="21" /><ent r="4" t="221" w="19" /><ent r="4" t="224" w="19" /><ent r="4" t="225" w="21" /><ent r="3" t="227" w="13" /><ent r="4" t="227" w="121" /><ent r="3" t="229" w="19" /><ent r="4" t="229" w="137" /><ent r="3" t="232" w="22" /></phr><phr n="Enables"><ent r="5" t="14" w="299" /><ent r="4" t="20" w="467" /><ent r="4" t="53" w="85" /><ent r="4" t="53" w="103" /><ent r="4" t="53" w="161" /><ent r="4" t="53" w="170" /><ent r="5" t="90" w="160" /><ent r="7" t="90" w="193" /><ent r="7" t="90" w="299" /><ent r="6" t="90" w="348" /><ent r="6" t="90" w="422" /><ent r="7" t="90" w="455" /><ent r="5" t="90" w="593" /><ent r="5" t="90" w="622" /><ent r="5" t="90" w="663" /><ent r="7" t="90" w="684" /><ent r="4" t="105" w="61" /><ent r="4" t="105" w="77" /><ent r="5" t="165" w="255" /><ent r="4" t="165" w="283" /><ent r="4" t="165" w="738" /><ent r="7" t="190" w="174" /><ent r="7" t="190" w="212" /></phr><phr n="enabled"><ent r="5" t="26" w="480" /><ent r="5" t="26" w="521" /><ent r="3" t="38" w="25" /><ent r="3" t="56" w="60" /><ent r="4" t="81" w="660" /><ent r="4" t="81" w="680" /><ent r="4" t="104" w="199" /><ent r="4" t="104" w="246" /><ent r="3" t="141" w="83" /><ent r="4" t="165" w="771" /><ent r="3" t="167" w="440" /></phr><phr n="Enable"><ent r="5" t="143" w="157" /><ent r="5" t="143" w="181" /><ent r="5" t="143" w="199" /><ent r="5" t="143" w="216" /><ent r="5" t="143" w="251" /><ent r="5" t="143" w="265" /><ent r="5" t="153" w="200" /><ent r="5" t="165" w="755" /><ent r="3" t="232" w="69" /></phr></stem><stem n="analyst"><phr n="analysts"><ent r="3" t="0" w="18" /><ent r="3" t="178" w="96" /><ent r="3" t="183" w="130" /><ent r="3" t="184" w="120" /></phr><phr n="analyst"><ent r="3" t="0" w="46" /><ent r="3" t="0" w="52" /></phr></stem><stem n="develop"><phr n="develop"><ent r="3" t="0" w="20" /></phr><phr n="developed"><ent r="4" t="167" w="574" /></phr><phr n="Development"><ent r="4" t="171" w="284" /></phr><phr n="developer"><ent r="3" t="183" w="162" /><ent r="3" t="184" w="152" /></phr></stem><stem n="intellig"><phr n="intelligence"><ent r="3" t="0" w="21" /><ent r="3" t="0" w="66" /><ent r="3" t="178" w="95" /></phr></stem><stem n="product"><phr n="products"><ent r="3" t="0" w="22" /><ent r="3" t="0" w="26" /><ent r="3" t="0" w="67" /><ent r="4" t="28" w="205" /><ent r="100" t="136" w="9" /><ent r="3" t="144" w="27" /><ent r="3" t="158" w="33" /><ent r="4" t="171" w="248" /><ent r="4" t="171" w="261" /><ent r="3" t="186" w="95" /><ent r="4" t="186" w="168" /><ent r="3" t="186" w="968" /><ent r="3" t="186" w="1220" /></phr><phr n="product"><ent r="3" t="1" w="464" /><ent r="100" t="27" w="5" /><ent r="100" t="27" w="10" /><ent r="4" t="27" w="19" /><ent r="5" t="27" w="34" /><ent r="3" t="27" w="51" /><ent r="100" t="28" w="10" /><ent r="100" t="28" w="13" /><ent r="64" t="28" w="26" /><ent r="4" t="28" w="72" /><ent r="4" t="28" w="114" /><ent r="4" t="28" w="169" /><ent r="4" t="28" w="227" /><ent r="4" t="28" w="278" /><ent r="3" t="63" w="21" /><ent r="4" t="68" w="110" /><ent r="3" t="81" w="156" /><ent r="3" t="81" w="161" /><ent r="3" t="81" w="175" /><ent r="3" t="130" w="26" /><ent r="3" t="130" w="29" /><ent r="3" t="130" w="45" /><ent r="3" t="130" w="58" /><ent r="3" t="130" w="79" /><ent r="100" t="131" w="6" /><ent r="100" t="131" w="10" /><ent r="3" t="131" w="24" /><ent r="3" t="131" w="53" /><ent r="3" t="131" w="83" /><ent r="3" t="131" w="87" /><ent r="3" t="131" w="197" /><ent r="100" t="132" w="5" /><ent r="100" t="132" w="10" /><ent r="3" t="132" w="21" /><ent r="3" t="132" w="55" /><ent r="4" t="132" w="87" /><ent r="3" t="133" w="25" /><ent r="3" t="135" w="41" /><ent r="100" t="136" w="11" /><ent r="100" t="136" w="16" /><ent r="3" t="136" w="40" /><ent r="5" t="143" w="193" /><ent r="3" t="144" w="563" /><ent r="3" t="158" w="18" /><ent r="3" t="158" w="46" /><ent r="3" t="158" w="61" /><ent r="3" t="158" w="228" /><ent r="3" t="158" w="256" /><ent r="3" t="158" w="285" /><ent r="3" t="158" w="323" /><ent r="3" t="158" w="758" /><ent r="3" t="158" w="864" /><ent r="4" t="172" w="89" /><ent r="3" t="174" w="38" /><ent r="3" t="180" w="80" /><ent r="4" t="180" w="126" /><ent r="3" t="180" w="452" /><ent r="3" t="180" w="2958" /><ent r="3" t="180" w="3179" /><ent r="3" t="182" w="594" /><ent r="3" t="183" w="158" /><ent r="3" t="184" w="148" /><ent r="100" t="186" w="5" /><ent r="100" t="186" w="8" /><ent r="3" t="186" w="35" /><ent r="3" t="186" w="45" /><ent r="4" t="186" w="55" /><ent r="4" t="186" w="60" /><ent r="4" t="186" w="65" /><ent r="4" t="186" w="72" /><ent r="4" t="186" w="108" /><ent r="4" t="186" w="130" /><ent r="4" t="186" w="170" /><ent r="4" t="186" w="173" /><ent r="4" t="186" w="178" /><ent r="4" t="186" w="188" /><ent r="4" t="186" w="217" /><ent r="4" t="186" w="221" /><ent r="4" t="186" w="241" /><ent r="4" t="186" w="243" /><ent r="4" t="186" w="254" /><ent r="4" t="186" w="710" /><ent r="4" t="186" w="821" /><ent r="3" t="186" w="934" /><ent r="4" t="186" w="990" /><ent r="3" t="186" w="1226" /><ent r="3" t="215" w="64" /><ent r="3" t="223" w="33" /></phr><phr n="Product"><ent r="1000" t="27" w="2" /><ent r="102" t="27" w="14" /><ent r="65" t="27" w="94" /><ent r="1000" t="28" w="1" /><ent r="102" t="28" w="5" /><ent r="5" t="28" w="31" /><ent r="5" t="28" w="237" /><ent r="4" t="81" w="142" /><ent r="1000" t="130" w="1" /><ent r="100" t="130" w="4" /><ent r="102" t="130" w="7" /><ent r="64" t="130" w="114" /><ent r="64" t="130" w="118" /><ent r="64" t="130" w="133" /><ent r="65" t="130" w="138" /><ent r="1000" t="131" w="4" /><ent r="102" t="131" w="15" /><ent r="3" t="131" w="20" /><ent r="4" t="131" w="49" /><ent r="5" t="131" w="140" /><ent r="64" t="131" w="211" /><ent r="64" t="131" w="216" /><ent r="64" t="131" w="231" /><ent r="65" t="131" w="236" /><ent r="1000" t="132" w="3" /><ent r="102" t="132" w="14" /><ent r="3" t="132" w="17" /><ent r="4" t="132" w="96" /><ent r="64" t="132" w="103" /><ent r="64" t="132" w="109" /><ent r="64" t="132" w="124" /><ent r="64" t="132" w="129" /><ent r="64" t="133" w="79" /><ent r="3" t="134" w="36" /><ent r="64" t="134" w="90" /><ent r="64" t="134" w="96" /><ent r="64" t="134" w="100" /><ent r="64" t="134" w="111" /><ent r="65" t="134" w="116" /><ent r="3" t="135" w="15" /><ent r="64" t="135" w="80" /><ent r="1000" t="136" w="2" /><ent r="102" t="136" w="21" /><ent r="4" t="144" w="91" /><ent r="92" t="144" w="552" /><ent r="1000" t="158" w="1" /><ent r="100" t="158" w="5" /><ent r="100" t="158" w="10" /><ent r="102" t="158" w="13" /><ent r="92" t="158" w="80" /><ent r="4" t="158" w="87" /><ent r="4" t="158" w="100" /><ent r="3" t="158" w="121" /><ent r="3" t="158" w="133" /><ent r="3" t="158" w="147" /><ent r="82" t="158" w="744" /><ent r="4" t="158" w="796" /><ent r="64" t="162" w="45" /><ent r="4" t="171" w="255" /><ent r="64" t="178" w="337" /><ent r="64" t="178" w="381" /><ent r="102" t="180" w="33" /><ent r="4" t="180" w="3111" /><ent r="1000" t="186" w="2" /><ent r="103" t="186" w="11" /><ent r="4" t="186" w="79" /><ent r="4" t="186" w="230" /><ent r="92" t="186" w="501" /><ent r="82" t="186" w="662" /><ent r="5" t="186" w="678" /><ent r="82" t="186" w="713" /><ent r="5" t="186" w="721" /><ent r="92" t="186" w="827" /><ent r="5" t="186" w="883" /><ent r="4" t="186" w="892" /><ent r="92" t="186" w="927" /><ent r="3" t="186" w="940" /><ent r="3" t="186" w="1029" /><ent r="3" t="186" w="1092" /><ent r="3" t="186" w="1107" /><ent r="3" t="186" w="1158" /><ent r="3" t="186" w="1184" /><ent r="64" t="213" w="52" /></phr><phr n="Production"><ent r="4" t="171" w="279" /></phr></stem><stem n="gener"><phr n="generates"><ent r="3" t="0" w="24" /><ent r="3" t="125" w="523" /></phr><phr n="generate"><ent r="3" t="0" w="65" /><ent r="100" t="46" w="9" /><ent r="4" t="153" w="209" /><ent r="4" t="153" w="252" /><ent r="4" t="165" w="765" /><ent r="3" t="167" w="268" /><ent r="3" t="167" w="517" /><ent r="3" t="167" w="853" /><ent r="4" t="167" w="1068" /><ent r="3" t="185" w="48" /></phr><phr n="General"><ent r="64" t="4" w="257" /><ent r="1000" t="16" w="1" /><ent r="102" t="16" w="5" /><ent r="100" t="16" w="9" /><ent r="3" t="16" w="14" /><ent r="4" t="71" w="62" /><ent r="4" t="72" w="90" /><ent r="65" t="81" w="77" /><ent r="92" t="81" w="338" /><ent r="4" t="158" w="822" /><ent r="92" t="160" w="112" /><ent r="65" t="167" w="149" /><ent r="3" t="169" w="302" /><ent r="4" t="169" w="332" /><ent r="65" t="170" w="67" /><ent r="65" t="172" w="129" /><ent r="4" t="172" w="137" /><ent r="65" t="177" w="41" /><ent r="64" t="180" w="479" /><ent r="4" t="180" w="1961" /><ent r="5" t="180" w="1979" /><ent r="5" t="180" w="1986" /><ent r="64" t="181" w="190" /><ent r="5" t="181" w="1035" /><ent r="4" t="181" w="1041" /><ent r="5" t="181" w="1051" /><ent r="64" t="182" w="153" /><ent r="5" t="182" w="473" /><ent r="5" t="182" w="482" /></phr><phr n="Generate"><ent r="67" t="7" w="325" /><ent r="1000" t="46" w="1" /><ent r="102" t="46" w="5" /><ent r="3" t="46" w="59" /><ent r="4" t="46" w="83" /><ent r="64" t="109" w="321" /></phr><phr n="Generic"><ent r="4" t="20" w="126" /><ent r="5" t="20" w="234" /><ent r="5" t="20" w="260" /><ent r="5" t="20" w="265" /><ent r="4" t="20" w="283" /><ent r="4" t="22" w="111" /></phr><phr n="general"><ent r="3" t="21" w="391" /><ent r="3" t="44" w="472" /><ent r="3" t="77" w="178" /><ent r="3" t="77" w="381" /><ent r="3" t="102" w="73" /><ent r="4" t="143" w="150" /><ent r="4" t="147" w="136" /><ent r="4" t="151" w="138" /><ent r="4" t="153" w="132" /><ent r="3" t="157" w="23" /><ent r="3" t="157" w="39" /><ent r="3" t="157" w="60" /><ent r="3" t="166" w="21" /><ent r="3" t="166" w="29" /><ent r="3" t="166" w="163" /><ent r="4" t="177" w="79" /><ent r="3" t="178" w="47" /><ent r="3" t="178" w="186" /><ent r="3" t="238" w="494" /></phr><phr n="generally"><ent r="4" t="23" w="88" /><ent r="3" t="224" w="185" /></phr><phr n="generated"><ent r="3" t="102" w="128" /><ent r="5" t="153" w="182" /><ent r="3" t="167" w="246" /><ent r="3" t="167" w="290" /><ent r="3" t="167" w="1024" /><ent r="3" t="177" w="21" /><ent r="3" t="180" w="2257" /></phr><phr n="Generation"><ent r="5" t="153" w="203" /><ent r="5" t="153" w="245" /><ent r="92" t="165" w="753" /><ent r="5" t="165" w="757" /></phr><phr n="generating"><ent r="3" t="167" w="840" /></phr><phr n="generation"><ent r="3" t="171" w="66" /></phr><phr n="Generally"><ent r="3" t="179" w="1432" /></phr></stem><stem n="analyz"><phr n="analyzing"><ent r="3" t="0" w="28" /></phr></stem><stem n="signatur"><phr n="signatures"><ent r="3" t="0" w="29" /><ent r="3" t="0" w="43" /><ent r="4" t="20" w="214" /><ent r="3" t="33" w="35" /><ent r="3" t="33" w="63" /><ent r="3" t="33" w="83" /><ent r="3" t="34" w="31" /></phr><phr n="signature"><ent r="4" t="20" w="196" /><ent r="3" t="33" w="17" /><ent r="3" t="33" w="86" /><ent r="3" t="33" w="92" /><ent r="3" t="34" w="23" /><ent r="3" t="199" w="45" /></phr><phr n="Signature"><ent r="3" t="33" w="72" /></phr></stem><stem n="data"><phr n="data"><ent r="3" t="0" w="31" /><ent r="3" t="0" w="40" /><ent r="3" t="0" w="60" /><ent r="3" t="0" w="77" /><ent r="7" t="5" w="30" /><ent r="7" t="5" w="201" /><ent r="7" t="5" w="250" /><ent r="7" t="6" w="102" /><ent r="7" t="6" w="123" /><ent r="7" t="6" w="175" /><ent r="6" t="7" w="139" /><ent r="6" t="7" w="149" /><ent r="6" t="7" w="159" /><ent r="6" t="7" w="171" /><ent r="6" t="7" w="183" /><ent r="6" t="7" w="224" /><ent r="6" t="7" w="273" /><ent r="7" t="7" w="305" /><ent r="3" t="13" w="27" /><ent r="3" t="13" w="30" /><ent r="5" t="13" w="76" /><ent r="100" t="18" w="14" /><ent r="100" t="18" w="17" /><ent r="3" t="18" w="24" /><ent r="3" t="19" w="22" /><ent r="3" t="19" w="34" /><ent r="3" t="19" w="96" /><ent r="3" t="19" w="144" /><ent r="3" t="19" w="185" /><ent r="3" t="20" w="14" /><ent r="64" t="20" w="37" /><ent r="4" t="20" w="96" /><ent r="4" t="20" w="147" /><ent r="4" t="20" w="160" /><ent r="4" t="20" w="200" /><ent r="4" t="20" w="224" /><ent r="4" t="20" w="247" /><ent r="4" t="20" w="273" /><ent r="4" t="20" w="391" /><ent r="4" t="20" w="397" /><ent r="4" t="20" w="471" /><ent r="4" t="20" w="503" /><ent r="4" t="20" w="540" /><ent r="3" t="21" w="68" /><ent r="64" t="21" w="214" /><ent r="3" t="21" w="226" /><ent r="3" t="21" w="461" /><ent r="100" t="22" w="7" /><ent r="3" t="22" w="42" /><ent r="3" t="22" w="79" /><ent r="3" t="22" w="97" /><ent r="3" t="22" w="126" /><ent r="3" t="23" w="17" /><ent r="4" t="23" w="24" /><ent r="4" t="23" w="77" /><ent r="100" t="24" w="6" /><ent r="100" t="24" w="9" /><ent r="3" t="24" w="20" /><ent r="100" t="25" w="10" /><ent r="100" t="25" w="13" /><ent r="64" t="25" w="27" /><ent r="4" t="25" w="52" /><ent r="4" t="25" w="57" /><ent r="4" t="25" w="87" /><ent r="4" t="25" w="125" /><ent r="4" t="25" w="150" /><ent r="4" t="25" w="173" /><ent r="4" t="25" w="210" /><ent r="4" t="25" w="231" /><ent r="64" t="26" w="26" /><ent r="4" t="26" w="525" /><ent r="4" t="26" w="551" /><ent r="100" t="27" w="6" /><ent r="100" t="27" w="11" /><ent r="4" t="27" w="20" /><ent r="100" t="28" w="11" /><ent r="100" t="28" w="14" /><ent r="64" t="28" w="27" /><ent r="4" t="28" w="219" /><ent r="100" t="31" w="9" /><ent r="100" t="31" w="14" /><ent r="3" t="31" w="29" /><ent r="4" t="31" w="99" /><ent r="3" t="32" w="17" /><ent r="3" t="32" w="44" /><ent r="3" t="32" w="56" /><ent r="3" t="33" w="21" /><ent r="3" t="33" w="45" /><ent r="3" t="33" w="87" /><ent r="3" t="33" w="93" /><ent r="3" t="34" w="25" /><ent r="3" t="36" w="19" /><ent r="7" t="39" w="79" /><ent r="7" t="39" w="92" /><ent r="7" t="39" w="103" /><ent r="7" t="39" w="116" /><ent r="7" t="39" w="129" /><ent r="7" t="39" w="171" /><ent r="7" t="39" w="185" /><ent r="4" t="40" w="191" /><ent r="3" t="44" w="196" /><ent r="3" t="47" w="25" /><ent r="4" t="47" w="83" /><ent r="100" t="48" w="4" /><ent r="3" t="48" w="28" /><ent r="3" t="48" w="74" /><ent r="4" t="48" w="122" /><ent r="4" t="48" w="129" /><ent r="4" t="48" w="274" /><ent r="4" t="48" w="281" /><ent r="3" t="49" w="85" /><ent r="4" t="49" w="117" /><ent r="3" t="51" w="128" /><ent r="4" t="53" w="127" /><ent r="3" t="58" w="30" /><ent r="7" t="59" w="189" /><ent r="7" t="59" w="200" /><ent r="4" t="68" w="187" /><ent r="3" t="69" w="158" /><ent r="3" t="73" w="50" /><ent r="3" t="73" w="79" /><ent r="3" t="73" w="96" /><ent r="3" t="74" w="42" /><ent r="3" t="74" w="95" /><ent r="4" t="74" w="103" /><ent r="4" t="74" w="151" /><ent r="3" t="77" w="341" /><ent r="3" t="78" w="150" /><ent r="4" t="83" w="190" /><ent r="7" t="90" w="137" /><ent r="5" t="90" w="379" /><ent r="5" t="90" w="599" /><ent r="5" t="90" w="604" /><ent r="4" t="91" w="115" /><ent r="4" t="91" w="132" /><ent r="3" t="98" w="12" /><ent r="65" t="98" w="17" /><ent r="100" t="101" w="10" /><ent r="100" t="101" w="15" /><ent r="3" t="101" w="26" /><ent r="3" t="101" w="34" /><ent r="3" t="102" w="30" /><ent r="3" t="102" w="41" /><ent r="6" t="106" w="49" /><ent r="6" t="108" w="45" /><ent r="4" t="108" w="301" /><ent r="6" t="109" w="46" /><ent r="3" t="110" w="18" /><ent r="3" t="110" w="47" /><ent r="3" t="110" w="75" /><ent r="3" t="110" w="114" /><ent r="3" t="110" w="203" /><ent r="3" t="110" w="214" /><ent r="3" t="110" w="274" /><ent r="3" t="110" w="333" /><ent r="4" t="110" w="368" /><ent r="4" t="110" w="379" /><ent r="3" t="110" w="509" /><ent r="3" t="113" w="34" /><ent r="3" t="115" w="418" /><ent r="5" t="116" w="200" /><ent r="8" t="125" w="371" /><ent r="8" t="125" w="384" /><ent r="8" t="125" w="413" /><ent r="3" t="130" w="37" /><ent r="3" t="132" w="43" /><ent r="3" t="132" w="69" /><ent r="3" t="132" w="74" /><ent r="3" t="134" w="31" /><ent r="4" t="134" w="69" /><ent r="3" t="137" w="24" /><ent r="4" t="137" w="39" /><ent r="3" t="137" w="76" /><ent r="6" t="143" w="56" /><ent r="5" t="143" w="210" /><ent r="3" t="145" w="26" /><ent r="3" t="145" w="184" /><ent r="6" t="147" w="43" /><ent r="6" t="148" w="43" /><ent r="6" t="149" w="43" /><ent r="6" t="150" w="50" /><ent r="6" t="151" w="46" /><ent r="6" t="152" w="42" /><ent r="6" t="153" w="39" /><ent r="5" t="153" w="180" /><ent r="5" t="153" w="194" /><ent r="5" t="153" w="198" /><ent r="5" t="153" w="392" /><ent r="5" t="153" w="397" /><ent r="5" t="153" w="442" /><ent r="5" t="153" w="459" /><ent r="5" t="153" w="472" /><ent r="5" t="153" w="496" /><ent r="5" t="153" w="528" /><ent r="5" t="153" w="827" /><ent r="5" t="153" w="832" /><ent r="5" t="153" w="877" /><ent r="5" t="153" w="894" /><ent r="5" t="153" w="907" /><ent r="5" t="153" w="931" /><ent r="5" t="153" w="963" /><ent r="6" t="154" w="39" /><ent r="4" t="154" w="396" /><ent r="4" t="154" w="420" /><ent r="4" t="154" w="437" /><ent r="4" t="154" w="450" /><ent r="4" t="154" w="474" /><ent r="4" t="154" w="505" /><ent r="6" t="155" w="49" /><ent r="3" t="156" w="24" /><ent r="3" t="156" w="35" /><ent r="3" t="156" w="122" /><ent r="3" t="156" w="312" /><ent r="4" t="156" w="794" /><ent r="4" t="156" w="832" /><ent r="3" t="157" w="24" /><ent r="3" t="157" w="26" /><ent r="3" t="157" w="40" /><ent r="3" t="157" w="43" /><ent r="3" t="157" w="61" /><ent r="3" t="157" w="68" /><ent r="3" t="157" w="184" /><ent r="3" t="157" w="288" /><ent r="3" t="157" w="759" /><ent r="3" t="157" w="816" /><ent r="3" t="157" w="827" /><ent r="3" t="157" w="844" /><ent r="3" t="157" w="859" /><ent r="3" t="157" w="877" /><ent r="3" t="157" w="894" /><ent r="3" t="157" w="899" /><ent r="3" t="157" w="933" /><ent r="3" t="157" w="956" /><ent r="3" t="157" w="959" /><ent r="3" t="157" w="985" /><ent r="3" t="157" w="998" /><ent r="3" t="158" w="26" /><ent r="3" t="161" w="55" /><ent r="3" t="161" w="61" /><ent r="3" t="163" w="43" /><ent r="3" t="163" w="272" /><ent r="3" t="165" w="28" /><ent r="5" t="165" w="201" /><ent r="5" t="165" w="212" /><ent r="5" t="165" w="217" /><ent r="5" t="165" w="261" /><ent r="5" t="165" w="266" /><ent r="4" t="165" w="292" /><ent r="5" t="165" w="430" /><ent r="5" t="165" w="435" /><ent r="5" t="165" w="480" /><ent r="5" t="165" w="497" /><ent r="5" t="165" w="510" /><ent r="5" t="165" w="534" /><ent r="5" t="165" w="566" /><ent r="4" t="165" w="790" /><ent r="3" t="167" w="17" /><ent r="3" t="167" w="28" /><ent r="3" t="167" w="54" /><ent r="3" t="167" w="63" /><ent r="3" t="167" w="72" /><ent r="3" t="167" w="84" /><ent r="3" t="167" w="111" /><ent r="3" t="167" w="123" /><ent r="3" t="167" w="126" /><ent r="4" t="167" w="583" /><ent r="4" t="167" w="600" /><ent r="4" t="167" w="612" /><ent r="3" t="167" w="671" /><ent r="3" t="167" w="684" /><ent r="3" t="167" w="740" /><ent r="3" t="167" w="753" /><ent r="3" t="167" w="951" /><ent r="3" t="167" w="1013" /><ent r="3" t="169" w="77" /><ent r="3" t="169" w="99" /><ent r="3" t="169" w="110" /><ent r="3" t="169" w="136" /><ent r="3" t="169" w="145" /><ent r="3" t="170" w="32" /><ent r="3" t="170" w="47" /><ent r="3" t="171" w="42" /><ent r="3" t="171" w="96" /><ent r="3" t="171" w="120" /><ent r="4" t="171" w="145" /><ent r="4" t="171" w="187" /><ent r="4" t="171" w="203" /><ent r="4" t="171" w="229" /><ent r="3" t="172" w="40" /><ent r="3" t="172" w="45" /><ent r="4" t="172" w="53" /><ent r="4" t="172" w="71" /><ent r="4" t="172" w="93" /><ent r="4" t="172" w="98" /><ent r="4" t="172" w="170" /><ent r="4" t="172" w="180" /><ent r="3" t="172" w="247" /><ent r="3" t="173" w="17" /><ent r="3" t="173" w="57" /><ent r="4" t="175" w="312" /><ent r="4" t="175" w="335" /><ent r="64" t="176" w="16" /><ent r="4" t="176" w="105" /><ent r="3" t="178" w="194" /><ent r="3" t="179" w="33" /><ent r="3" t="179" w="39" /><ent r="3" t="179" w="50" /><ent r="4" t="179" w="78" /><ent r="3" t="179" w="129" /><ent r="3" t="179" w="186" /><ent r="3" t="179" w="231" /><ent r="3" t="179" w="244" /><ent r="3" t="179" w="248" /><ent r="3" t="179" w="254" /><ent r="3" t="179" w="267" /><ent r="3" t="179" w="269" /><ent r="3" t="179" w="276" /><ent r="3" t="179" w="656" /><ent r="3" t="179" w="667" /><ent r="3" t="179" w="717" /><ent r="3" t="179" w="780" /><ent r="3" t="179" w="819" /><ent r="3" t="179" w="830" /><ent r="3" t="179" w="834" /><ent r="3" t="179" w="991" /><ent r="4" t="179" w="1089" /><ent r="4" t="179" w="1104" /><ent r="4" t="179" w="1117" /><ent r="4" t="179" w="1135" /><ent r="3" t="179" w="1200" /><ent r="3" t="179" w="1204" /><ent r="3" t="179" w="1226" /><ent r="3" t="179" w="1296" /><ent r="3" t="179" w="1327" /><ent r="3" t="179" w="1430" /><ent r="3" t="179" w="1462" /><ent r="4" t="179" w="1492" /><ent r="3" t="179" w="1539" /><ent r="4" t="179" w="1832" /><ent r="4" t="179" w="1844" /><ent r="4" t="179" w="1941" /><ent r="3" t="180" w="90" /><ent r="3" t="180" w="145" /><ent r="3" t="180" w="160" /><ent r="3" t="180" w="244" /><ent r="3" t="180" w="268" /><ent r="3" t="180" w="293" /><ent r="3" t="180" w="399" /><ent r="3" t="180" w="690" /><ent r="4" t="180" w="797" /><ent r="4" t="180" w="807" /><ent r="3" t="180" w="840" /><ent r="3" t="180" w="942" /><ent r="4" t="180" w="1190" /><ent r="4" t="180" w="1220" /><ent r="3" t="180" w="1343" /><ent r="4" t="180" w="1713" /><ent r="4" t="180" w="1727" /><ent r="4" t="180" w="1731" /><ent r="4" t="180" w="1794" /><ent r="4" t="180" w="1810" /><ent r="4" t="180" w="2349" /><ent r="4" t="180" w="2458" /><ent r="3" t="180" w="2512" /><ent r="3" t="180" w="2516" /><ent r="3" t="180" w="2521" /><ent r="4" t="180" w="2548" /><ent r="4" t="180" w="2573" /><ent r="3" t="180" w="3168" /><ent r="4" t="181" w="97" /><ent r="3" t="181" w="159" /><ent r="3" t="181" w="168" /><ent r="4" t="181" w="412" /><ent r="3" t="181" w="1120" /><ent r="4" t="181" w="1184" /><ent r="4" t="181" w="1280" /><ent r="4" t="181" w="1529" /><ent r="3" t="182" w="73" /><ent r="3" t="182" w="121" /><ent r="4" t="182" w="353" /><ent r="4" t="182" w="520" /><ent r="4" t="182" w="538" /><ent r="4" t="182" w="555" /><ent r="3" t="182" w="574" /><ent r="3" t="182" w="588" /><ent r="3" t="182" w="600" /><ent r="3" t="182" w="625" /><ent r="3" t="182" w="635" /><ent r="3" t="182" w="821" /><ent r="3" t="182" w="858" /><ent r="4" t="182" w="1268" /><ent r="4" t="182" w="1307" /><ent r="3" t="182" w="1321" /><ent r="3" t="182" w="1360" /><ent r="4" t="182" w="1653" /><ent r="3" t="183" w="143" /><ent r="3" t="183" w="360" /><ent r="3" t="183" w="374" /><ent r="4" t="183" w="661" /><ent r="3" t="183" w="741" /><ent r="3" t="183" w="1073" /><ent r="3" t="183" w="1096" /><ent r="3" t="184" w="133" /><ent r="3" t="184" w="347" /><ent r="3" t="184" w="361" /><ent r="4" t="184" w="679" /><ent r="4" t="184" w="732" /><ent r="4" t="184" w="773" /><ent r="3" t="185" w="45" /><ent r="4" t="185" w="67" /><ent r="4" t="185" w="72" /><ent r="4" t="185" w="108" /><ent r="3" t="185" w="130" /><ent r="4" t="185" w="271" /><ent r="3" t="185" w="298" /><ent r="4" t="185" w="317" /><ent r="3" t="185" w="401" /><ent r="4" t="185" w="494" /><ent r="3" t="185" w="505" /><ent r="3" t="185" w="584" /><ent r="3" t="186" w="88" /><ent r="4" t="186" w="180" /><ent r="4" t="186" w="704" /><ent r="4" t="186" w="919" /><ent r="3" t="187" w="142" /><ent r="3" t="187" w="171" /><ent r="4" t="187" w="1836" /><ent r="3" t="193" w="90" /><ent r="4" t="194" w="45" /><ent r="4" t="194" w="63" /><ent r="4" t="194" w="113" /><ent r="4" t="194" w="142" /><ent r="4" t="194" w="155" /><ent r="3" t="194" w="254" /><ent r="3" t="195" w="50" /><ent r="3" t="195" w="61" /><ent r="3" t="195" w="78" /><ent r="3" t="195" w="93" /><ent r="3" t="195" w="111" /><ent r="3" t="195" w="196" /><ent r="3" t="195" w="206" /><ent r="3" t="195" w="220" /><ent r="3" t="195" w="234" /><ent r="3" t="195" w="253" /><ent r="3" t="195" w="332" /><ent r="83" t="195" w="401" /><ent r="4" t="195" w="426" /><ent r="3" t="195" w="467" /><ent r="3" t="195" w="471" /><ent r="3" t="195" w="474" /><ent r="3" t="195" w="595" /><ent r="3" t="195" w="771" /><ent r="3" t="197" w="44" /><ent r="3" t="198" w="25" /><ent r="3" t="198" w="104" /><ent r="3" t="198" w="165" /><ent r="3" t="198" w="181" /><ent r="3" t="198" w="203" /><ent r="3" t="198" w="234" /><ent r="3" t="198" w="390" /><ent r="3" t="199" w="41" /><ent r="7" t="199" w="174" /><ent r="7" t="199" w="180" /><ent r="7" t="199" w="188" /><ent r="7" t="199" w="303" /><ent r="7" t="199" w="354" /><ent r="7" t="199" w="366" /><ent r="7" t="199" w="382" /><ent r="3" t="199" w="737" /><ent r="100" t="208" w="8" /><ent r="3" t="208" w="24" /><ent r="3" t="208" w="37" /><ent r="3" t="208" w="243" /><ent r="3" t="208" w="261" /><ent r="3" t="208" w="283" /><ent r="4" t="208" w="382" /><ent r="4" t="208" w="388" /><ent r="4" t="208" w="409" /><ent r="4" t="208" w="446" /><ent r="4" t="208" w="450" /><ent r="4" t="208" w="466" /><ent r="4" t="208" w="490" /><ent r="4" t="208" w="499" /><ent r="4" t="208" w="535" /><ent r="4" t="208" w="571" /><ent r="4" t="208" w="579" /><ent r="4" t="208" w="630" /><ent r="4" t="208" w="651" /><ent r="3" t="208" w="701" /><ent r="3" t="208" w="718" /><ent r="100" t="209" w="15" /><ent r="3" t="209" w="39" /><ent r="3" t="209" w="52" /><ent r="3" t="209" w="71" /><ent r="3" t="209" w="150" /><ent r="3" t="211" w="19" /><ent r="100" t="212" w="8" /><ent r="3" t="212" w="30" /><ent r="3" t="213" w="13" /><ent r="3" t="213" w="32" /><ent r="3" t="213" w="42" /><ent r="4" t="213" w="294" /><ent r="3" t="213" w="387" /><ent r="100" t="214" w="7" /><ent r="100" t="214" w="10" /><ent r="3" t="214" w="37" /><ent r="3" t="214" w="46" /><ent r="3" t="214" w="62" /><ent r="3" t="214" w="82" /><ent r="3" t="214" w="111" /><ent r="3" t="214" w="130" /><ent r="3" t="215" w="24" /><ent r="3" t="215" w="29" /><ent r="64" t="215" w="48" /><ent r="3" t="215" w="52" /><ent r="3" t="215" w="103" /><ent r="4" t="215" w="309" /><ent r="3" t="217" w="221" /><ent r="4" t="217" w="243" /><ent r="5" t="224" w="155" /><ent r="3" t="224" w="165" /><ent r="6" t="229" w="43" /><ent r="4" t="231" w="97" /><ent r="4" t="231" w="109" /><ent r="3" t="233" w="12" /><ent r="3" t="233" w="90" /><ent r="4" t="236" w="28" /><ent r="4" t="236" w="33" /><ent r="4" t="236" w="78" /><ent r="4" t="236" w="95" /><ent r="4" t="236" w="108" /><ent r="4" t="236" w="132" /><ent r="4" t="236" w="164" /><ent r="3" t="237" w="117" /><ent r="3" t="238" w="94" /><ent r="3" t="238" w="105" /><ent r="3" t="238" w="402" /><ent r="3" t="238" w="481" /><ent r="7" t="242" w="129" /></phr><phr n="Data"><ent r="68" t="5" w="38" /><ent r="64" t="16" w="24" /><ent r="1000" t="18" w="2" /><ent r="102" t="18" w="11" /><ent r="5" t="18" w="46" /><ent r="4" t="18" w="61" /><ent r="3" t="18" w="78" /><ent r="64" t="18" w="177" /><ent r="64" t="18" w="239" /><ent r="64" t="18" w="258" /><ent r="3" t="19" w="154" /><ent r="64" t="19" w="163" /><ent r="4" t="20" w="243" /><ent r="65" t="20" w="295" /><ent r="64" t="20" w="577" /><ent r="5" t="21" w="247" /><ent r="1000" t="22" w="4" /><ent r="102" t="22" w="13" /><ent r="5" t="23" w="38" /><ent r="1000" t="24" w="2" /><ent r="102" t="24" w="14" /><ent r="64" t="24" w="85" /><ent r="64" t="24" w="138" /><ent r="1000" t="25" w="1" /><ent r="102" t="25" w="5" /><ent r="1000" t="27" w="3" /><ent r="102" t="27" w="15" /><ent r="65" t="27" w="95" /><ent r="1000" t="28" w="2" /><ent r="102" t="28" w="6" /><ent r="102" t="31" w="5" /><ent r="64" t="31" w="57" /><ent r="65" t="31" w="76" /><ent r="65" t="31" w="105" /><ent r="5" t="44" w="216" /><ent r="3" t="68" w="123" /><ent r="64" t="87" w="245" /><ent r="68" t="90" w="143" /><ent r="1000" t="101" w="5" /><ent r="102" t="101" w="21" /><ent r="65" t="130" w="139" /><ent r="65" t="131" w="237" /><ent r="64" t="132" w="130" /><ent r="65" t="134" w="117" /><ent r="3" t="156" w="147" /><ent r="92" t="156" w="775" /><ent r="3" t="156" w="782" /><ent r="64" t="156" w="874" /><ent r="1000" t="157" w="1" /><ent r="100" t="157" w="5" /><ent r="100" t="157" w="10" /><ent r="102" t="157" w="13" /><ent r="3" t="157" w="18" /><ent r="3" t="157" w="76" /><ent r="3" t="157" w="118" /><ent r="92" t="157" w="175" /><ent r="3" t="157" w="179" /><ent r="3" t="157" w="940" /><ent r="3" t="157" w="978" /><ent r="5" t="167" w="561" /><ent r="1000" t="171" w="5" /><ent r="100" t="171" w="12" /><ent r="100" t="171" w="21" /><ent r="102" t="171" w="28" /><ent r="3" t="171" w="37" /><ent r="4" t="171" w="134" /><ent r="4" t="171" w="141" /><ent r="64" t="171" w="317" /><ent r="1000" t="172" w="5" /><ent r="100" t="172" w="12" /><ent r="102" t="172" w="22" /><ent r="3" t="172" w="30" /><ent r="4" t="172" w="58" /><ent r="4" t="172" w="76" /><ent r="4" t="172" w="107" /><ent r="4" t="172" w="116" /><ent r="5" t="172" w="143" /><ent r="4" t="172" w="151" /><ent r="5" t="172" w="160" /><ent r="4" t="172" w="175" /><ent r="4" t="172" w="185" /><ent r="4" t="172" w="278" /><ent r="3" t="173" w="167" /><ent r="3" t="174" w="16" /><ent r="4" t="175" w="111" /><ent r="5" t="175" w="183" /><ent r="4" t="176" w="390" /><ent r="64" t="178" w="355" /><ent r="92" t="179" w="524" /><ent r="5" t="179" w="537" /><ent r="92" t="179" w="2072" /><ent r="5" t="179" w="2326" /><ent r="92" t="180" w="762" /><ent r="5" t="180" w="780" /><ent r="92" t="180" w="831" /><ent r="4" t="180" w="2405" /><ent r="4" t="180" w="2443" /><ent r="4" t="180" w="2553" /><ent r="4" t="180" w="2593" /><ent r="4" t="180" w="2607" /><ent r="92" t="180" w="2953" /><ent r="5" t="181" w="399" /><ent r="3" t="181" w="431" /><ent r="5" t="181" w="1221" /><ent r="1000" t="182" w="4" /><ent r="100" t="182" w="11" /><ent r="102" t="182" w="21" /><ent r="3" t="182" w="60" /><ent r="4" t="182" w="81" /><ent r="4" t="182" w="110" /><ent r="5" t="182" w="489" /><ent r="4" t="182" w="497" /><ent r="3" t="182" w="505" /><ent r="4" t="182" w="515" /><ent r="4" t="182" w="543" /><ent r="4" t="182" w="560" /><ent r="3" t="182" w="579" /><ent r="3" t="182" w="610" /><ent r="3" t="182" w="619" /><ent r="3" t="182" w="678" /><ent r="3" t="182" w="740" /><ent r="4" t="182" w="794" /><ent r="4" t="182" w="885" /><ent r="3" t="182" w="944" /><ent r="4" t="182" w="956" /><ent r="4" t="182" w="992" /><ent r="4" t="182" w="1010" /><ent r="3" t="182" w="1340" /><ent r="4" t="182" w="1508" /><ent r="4" t="182" w="1644" /><ent r="3" t="182" w="1713" /><ent r="5" t="183" w="637" /><ent r="5" t="184" w="639" /><ent r="5" t="184" w="1173" /><ent r="5" t="185" w="246" /><ent r="5" t="186" w="512" /><ent r="5" t="186" w="840" /><ent r="5" t="187" w="462" /><ent r="3" t="187" w="985" /><ent r="3" t="187" w="991" /><ent r="3" t="187" w="996" /><ent r="3" t="187" w="1016" /><ent r="3" t="187" w="1035" /><ent r="3" t="187" w="1061" /><ent r="7" t="187" w="1135" /><ent r="7" t="187" w="1138" /><ent r="7" t="187" w="1144" /><ent r="3" t="187" w="1372" /><ent r="7" t="188" w="919" /><ent r="7" t="188" w="984" /><ent r="7" t="188" w="987" /><ent r="7" t="188" w="993" /><ent r="3" t="188" w="1001" /><ent r="3" t="188" w="1010" /><ent r="3" t="188" w="1217" /><ent r="3" t="195" w="169" /><ent r="65" t="195" w="448" /><ent r="82" t="198" w="151" /><ent r="92" t="198" w="224" /><ent r="5" t="200" w="78" /><ent r="1000" t="208" w="1" /><ent r="102" t="208" w="4" /><ent r="100" t="208" w="10" /><ent r="100" t="208" w="13" /><ent r="3" t="208" w="19" /><ent r="4" t="208" w="549" /><ent r="3" t="208" w="668" /><ent r="64" t="209" w="216" /><ent r="64" t="209" w="229" /><ent r="64" t="210" w="41" /><ent r="64" t="211" w="54" /><ent r="64" t="212" w="128" /><ent r="5" t="213" w="126" /><ent r="4" t="213" w="141" /><ent r="3" t="213" w="158" /><ent r="64" t="213" w="882" /><ent r="1000" t="214" w="3" /><ent r="102" t="214" w="16" /><ent r="92" t="214" w="21" /><ent r="92" t="214" w="92" /><ent r="5" t="226" w="162" /><ent r="5" t="226" w="242" /><ent r="5" t="226" w="252" /><ent r="5" t="226" w="262" /><ent r="5" t="226" w="272" /><ent r="5" t="226" w="282" /><ent r="5" t="226" w="292" /><ent r="5" t="226" w="302" /><ent r="5" t="226" w="312" /><ent r="64" t="231" w="14" /><ent r="64" t="243" w="18" /></phr></stem></index>