﻿<?xml version="1.0" encoding="utf-8"?><index><stem n="two"><phr n="two"><ent r="3" t="1" w="268" /><ent r="3" t="4" w="123" /><ent r="3" t="13" w="23" /><ent r="4" t="28" w="58" /><ent r="4" t="28" w="106" /><ent r="4" t="28" w="148" /><ent r="4" t="28" w="260" /><ent r="3" t="44" w="332" /><ent r="3" t="48" w="27" /><ent r="3" t="48" w="42" /><ent r="3" t="58" w="34" /><ent r="7" t="59" w="122" /><ent r="4" t="60" w="21" /><ent r="3" t="73" w="16" /><ent r="3" t="75" w="27" /><ent r="3" t="82" w="18" /><ent r="3" t="82" w="43" /><ent r="4" t="83" w="183" /><ent r="3" t="91" w="23" /><ent r="3" t="101" w="37" /><ent r="3" t="110" w="28" /><ent r="3" t="119" w="17" /><ent r="5" t="153" w="607" /><ent r="5" t="153" w="1042" /><ent r="3" t="156" w="318" /><ent r="3" t="157" w="294" /><ent r="3" t="158" w="50" /><ent r="3" t="158" w="143" /><ent r="3" t="158" w="290" /><ent r="3" t="159" w="99" /><ent r="5" t="165" w="640" /><ent r="3" t="167" w="218" /><ent r="3" t="171" w="119" /><ent r="4" t="172" w="51" /><ent r="3" t="172" w="246" /><ent r="3" t="173" w="42" /><ent r="4" t="173" w="177" /><ent r="4" t="175" w="352" /><ent r="3" t="176" w="21" /><ent r="4" t="176" w="303" /><ent r="4" t="179" w="1100" /><ent r="3" t="180" w="69" /><ent r="3" t="180" w="333" /><ent r="3" t="180" w="835" /><ent r="3" t="180" w="1021" /><ent r="4" t="180" w="1646" /><ent r="4" t="180" w="2322" /><ent r="3" t="181" w="1079" /><ent r="3" t="182" w="841" /><ent r="3" t="182" w="963" /><ent r="4" t="182" w="1291" /><ent r="3" t="182" w="1561" /><ent r="4" t="186" w="110" /><ent r="4" t="186" w="163" /><ent r="4" t="186" w="265" /><ent r="3" t="187" w="903" /><ent r="4" t="187" w="1835" /><ent r="7" t="190" w="65" /><ent r="3" t="215" w="75" /><ent r="3" t="215" w="299" /><ent r="3" t="216" w="19" /><ent r="3" t="218" w="19" /><ent r="3" t="223" w="25" /><ent r="3" t="233" w="109" /><ent r="3" t="238" w="165" /><ent r="3" t="238" w="191" /></phr><phr n="Two"><ent r="4" t="48" w="235" /><ent r="4" t="180" w="2502" /><ent r="5" t="194" w="57" /><ent r="4" t="194" w="60" /></phr></stem><stem n="wai"><phr n="ways"><ent r="3" t="1" w="269" /><ent r="3" t="4" w="124" /><ent r="5" t="20" w="80" /><ent r="3" t="75" w="28" /><ent r="3" t="90" w="25" /><ent r="3" t="91" w="24" /><ent r="3" t="119" w="18" /><ent r="7" t="125" w="397" /><ent r="3" t="128" w="120" /><ent r="3" t="179" w="335" /><ent r="3" t="180" w="486" /><ent r="3" t="180" w="836" /><ent r="3" t="181" w="197" /><ent r="3" t="182" w="160" /><ent r="3" t="183" w="435" /><ent r="3" t="184" w="437" /><ent r="3" t="186" w="311" /><ent r="3" t="188" w="222" /><ent r="3" t="200" w="53" /></phr><phr n="Way"><ent r="4" t="48" w="236" /><ent r="4" t="180" w="2503" /></phr><phr n="way"><ent r="4" t="105" w="23" /><ent r="3" t="106" w="18" /><ent r="3" t="184" w="1202" /><ent r="3" t="187" w="1430" /></phr></stem><stem n="go"><phr n="Go"><ent r="4" t="1" w="275" /><ent r="4" t="4" w="130" /><ent r="3" t="14" w="40" /><ent r="3" t="18" w="195" /><ent r="4" t="21" w="236" /><ent r="4" t="21" w="277" /><ent r="4" t="21" w="323" /><ent r="4" t="21" w="400" /><ent r="4" t="24" w="23" /><ent r="4" t="29" w="23" /><ent r="4" t="30" w="30" /><ent r="4" t="44" w="142" /><ent r="4" t="44" w="157" /><ent r="4" t="44" w="262" /><ent r="3" t="46" w="73" /><ent r="4" t="51" w="49" /><ent r="4" t="54" w="21" /><ent r="4" t="55" w="28" /><ent r="4" t="62" w="43" /><ent r="3" t="69" w="36" /><ent r="4" t="70" w="38" /><ent r="4" t="70" w="220" /><ent r="4" t="71" w="59" /><ent r="4" t="72" w="87" /><ent r="4" t="77" w="61" /><ent r="5" t="83" w="227" /><ent r="4" t="83" w="234" /><ent r="4" t="85" w="101" /><ent r="4" t="85" w="185" /><ent r="4" t="86" w="36" /><ent r="4" t="86" w="49" /><ent r="4" t="88" w="26" /><ent r="3" t="89" w="135" /><ent r="3" t="90" w="62" /><ent r="3" t="90" w="73" /><ent r="4" t="91" w="169" /><ent r="4" t="91" w="183" /><ent r="4" t="91" w="276" /><ent r="4" t="91" w="290" /><ent r="4" t="92" w="42" /><ent r="4" t="92" w="55" /><ent r="3" t="93" w="86" /><ent r="3" t="93" w="99" /><ent r="4" t="94" w="26" /><ent r="4" t="94" w="39" /><ent r="4" t="97" w="25" /><ent r="4" t="97" w="38" /><ent r="3" t="100" w="103" /><ent r="3" t="100" w="114" /><ent r="3" t="101" w="106" /><ent r="3" t="101" w="117" /><ent r="3" t="102" w="191" /><ent r="3" t="102" w="252" /><ent r="3" t="103" w="124" /><ent r="3" t="104" w="124" /><ent r="3" t="111" w="75" /><ent r="3" t="111" w="96" /><ent r="4" t="129" w="359" /><ent r="4" t="129" w="367" /><ent r="4" t="129" w="425" /><ent r="4" t="129" w="433" /><ent r="4" t="131" w="126" /><ent r="3" t="138" w="34" /><ent r="3" t="138" w="89" /><ent r="5" t="139" w="18" /><ent r="4" t="142" w="360" /><ent r="3" t="142" w="479" /><ent r="3" t="142" w="579" /><ent r="3" t="142" w="653" /><ent r="3" t="156" w="94" /><ent r="4" t="157" w="81" /><ent r="3" t="158" w="110" /><ent r="4" t="158" w="787" /><ent r="4" t="159" w="52" /><ent r="4" t="159" w="64" /><ent r="4" t="160" w="24" /><ent r="4" t="161" w="76" /><ent r="4" t="162" w="65" /><ent r="4" t="162" w="93" /><ent r="4" t="163" w="56" /><ent r="4" t="164" w="72" /><ent r="4" t="165" w="90" /><ent r="3" t="168" w="21" /><ent r="4" t="169" w="329" /><ent r="4" t="175" w="82" /><ent r="4" t="177" w="37" /><ent r="4" t="179" w="341" /><ent r="4" t="179" w="1952" /><ent r="4" t="180" w="492" /><ent r="4" t="180" w="2848" /><ent r="4" t="181" w="203" /><ent r="4" t="181" w="688" /><ent r="4" t="181" w="766" /><ent r="4" t="181" w="856" /><ent r="5" t="181" w="916" /><ent r="4" t="181" w="984" /><ent r="4" t="182" w="166" /><ent r="4" t="182" w="436" /><ent r="4" t="182" w="952" /><ent r="4" t="182" w="1160" /><ent r="4" t="182" w="1196" /><ent r="4" t="183" w="441" /><ent r="4" t="184" w="443" /><ent r="4" t="184" w="843" /><ent r="4" t="186" w="317" /><ent r="4" t="186" w="551" /><ent r="4" t="186" w="681" /><ent r="4" t="186" w="801" /><ent r="4" t="186" w="829" /><ent r="4" t="188" w="228" /><ent r="4" t="195" w="404" /><ent r="4" t="213" w="273" /><ent r="3" t="227" w="142" /></phr><phr n="go"><ent r="4" t="2" w="67" /><ent r="4" t="2" w="85" /><ent r="4" t="18" w="35" /><ent r="4" t="23" w="45" /><ent r="4" t="26" w="130" /><ent r="4" t="32" w="102" /><ent r="3" t="35" w="29" /><ent r="4" t="36" w="38" /><ent r="3" t="39" w="33" /><ent r="3" t="40" w="45" /><ent r="4" t="44" w="291" /><ent r="4" t="44" w="352" /><ent r="4" t="47" w="40" /><ent r="4" t="48" w="83" /><ent r="4" t="49" w="129" /><ent r="4" t="52" w="47" /><ent r="4" t="66" w="79" /><ent r="4" t="66" w="103" /><ent r="4" t="70" w="50" /><ent r="4" t="70" w="232" /><ent r="3" t="74" w="56" /><ent r="4" t="77" w="45" /><ent r="4" t="78" w="78" /><ent r="4" t="79" w="49" /><ent r="4" t="80" w="90" /><ent r="4" t="80" w="166" /><ent r="4" t="81" w="36" /><ent r="3" t="81" w="342" /><ent r="3" t="87" w="60" /><ent r="3" t="102" w="160" /><ent r="3" t="103" w="94" /><ent r="4" t="106" w="130" /><ent r="4" t="107" w="72" /><ent r="4" t="108" w="85" /><ent r="4" t="109" w="86" /><ent r="3" t="115" w="92" /><ent r="4" t="117" w="25" /><ent r="4" t="118" w="39" /><ent r="4" t="118" w="64" /><ent r="4" t="119" w="75" /><ent r="3" t="119" w="176" /><ent r="4" t="120" w="25" /><ent r="3" t="121" w="52" /><ent r="4" t="122" w="205" /><ent r="3" t="123" w="95" /><ent r="3" t="123" w="107" /><ent r="4" t="126" w="45" /><ent r="4" t="126" w="271" /><ent r="4" t="131" w="97" /><ent r="4" t="131" w="114" /><ent r="4" t="137" w="50" /><ent r="4" t="143" w="117" /><ent r="4" t="144" w="42" /><ent r="4" t="145" w="42" /><ent r="4" t="147" w="81" /><ent r="4" t="148" w="81" /><ent r="4" t="149" w="95" /><ent r="4" t="150" w="90" /><ent r="4" t="152" w="81" /><ent r="4" t="153" w="77" /><ent r="4" t="154" w="78" /><ent r="4" t="155" w="88" /><ent r="4" t="156" w="68" /><ent r="4" t="172" w="211" /><ent r="3" t="172" w="321" /><ent r="3" t="172" w="339" /><ent r="4" t="173" w="127" /><ent r="4" t="173" w="292" /><ent r="4" t="175" w="179" /><ent r="4" t="179" w="1149" /><ent r="4" t="179" w="1801" /><ent r="4" t="179" w="1948" /><ent r="4" t="180" w="712" /><ent r="4" t="180" w="769" /><ent r="3" t="180" w="992" /><ent r="4" t="180" w="1110" /><ent r="4" t="180" w="1816" /><ent r="4" t="180" w="1964" /><ent r="3" t="180" w="2198" /><ent r="4" t="180" w="2337" /><ent r="4" t="180" w="2422" /><ent r="4" t="180" w="2666" /><ent r="4" t="181" w="393" /><ent r="3" t="181" w="1154" /><ent r="4" t="182" w="658" /><ent r="4" t="182" w="1112" /><ent r="3" t="182" w="1408" /><ent r="4" t="183" w="785" /><ent r="3" t="183" w="942" /><ent r="4" t="184" w="1028" /><ent r="4" t="184" w="1061" /><ent r="4" t="185" w="253" /><ent r="4" t="186" w="626" /><ent r="4" t="186" w="669" /><ent r="3" t="186" w="1007" /><ent r="3" t="187" w="315" /><ent r="3" t="187" w="1698" /><ent r="3" t="187" w="1715" /><ent r="4" t="188" w="438" /><ent r="4" t="188" w="508" /><ent r="4" t="188" w="1265" /><ent r="3" t="188" w="1420" /><ent r="4" t="200" w="66" /><ent r="4" t="200" w="85" /><ent r="4" t="213" w="115" /><ent r="4" t="227" w="83" /><ent r="4" t="228" w="71" /><ent r="4" t="229" w="82" /></phr><phr n="going"><ent r="3" t="119" w="159" /><ent r="4" t="126" w="218" /><ent r="4" t="179" w="687" /><ent r="4" t="180" w="1734" /><ent r="4" t="181" w="675" /></phr></stem><stem n="select"><phr n="select"><ent r="4" t="1" w="285" /><ent r="4" t="2" w="76" /><ent r="4" t="2" w="91" /><ent r="4" t="4" w="140" /><ent r="7" t="6" w="166" /><ent r="6" t="7" w="68" /><ent r="7" t="7" w="93" /><ent r="7" t="12" w="56" /><ent r="6" t="12" w="78" /><ent r="7" t="13" w="182" /><ent r="3" t="14" w="26" /><ent r="3" t="14" w="48" /><ent r="3" t="14" w="72" /><ent r="6" t="14" w="204" /><ent r="4" t="18" w="43" /><ent r="4" t="18" w="104" /><ent r="3" t="18" w="113" /><ent r="3" t="18" w="131" /><ent r="4" t="18" w="141" /><ent r="3" t="18" w="203" /><ent r="3" t="18" w="226" /><ent r="3" t="20" w="42" /><ent r="4" t="21" w="244" /><ent r="3" t="21" w="366" /><ent r="4" t="21" w="486" /><ent r="4" t="21" w="496" /><ent r="4" t="23" w="35" /><ent r="4" t="23" w="53" /><ent r="3" t="23" w="119" /><ent r="4" t="24" w="32" /><ent r="4" t="24" w="45" /><ent r="3" t="24" w="65" /><ent r="4" t="26" w="136" /><ent r="4" t="26" w="175" /><ent r="4" t="26" w="221" /><ent r="4" t="26" w="238" /><ent r="4" t="26" w="256" /><ent r="3" t="26" w="302" /><ent r="3" t="26" w="304" /><ent r="3" t="26" w="327" /><ent r="4" t="26" w="336" /><ent r="4" t="26" w="344" /><ent r="4" t="26" w="393" /><ent r="5" t="26" w="464" /><ent r="5" t="26" w="505" /><ent r="4" t="26" w="534" /><ent r="5" t="27" w="32" /><ent r="3" t="27" w="40" /><ent r="3" t="27" w="54" /><ent r="4" t="27" w="74" /><ent r="3" t="29" w="59" /><ent r="4" t="29" w="98" /><ent r="4" t="30" w="38" /><ent r="3" t="30" w="58" /><ent r="3" t="31" w="39" /><ent r="3" t="31" w="71" /><ent r="4" t="32" w="110" /><ent r="4" t="32" w="157" /><ent r="4" t="32" w="171" /><ent r="3" t="35" w="36" /><ent r="3" t="36" w="27" /><ent r="3" t="39" w="22" /><ent r="3" t="39" w="45" /><ent r="7" t="39" w="140" /><ent r="3" t="40" w="34" /><ent r="3" t="40" w="57" /><ent r="4" t="40" w="106" /><ent r="4" t="40" w="131" /><ent r="4" t="40" w="140" /><ent r="4" t="40" w="163" /><ent r="4" t="43" w="46" /><ent r="4" t="43" w="68" /><ent r="4" t="44" w="134" /><ent r="4" t="44" w="176" /><ent r="4" t="44" w="185" /><ent r="4" t="44" w="202" /><ent r="4" t="44" w="231" /><ent r="4" t="44" w="299" /><ent r="4" t="44" w="360" /><ent r="3" t="46" w="81" /><ent r="4" t="47" w="48" /><ent r="3" t="47" w="91" /><ent r="3" t="47" w="183" /><ent r="3" t="47" w="203" /><ent r="4" t="47" w="233" /><ent r="4" t="47" w="298" /><ent r="4" t="48" w="91" /><ent r="4" t="48" w="271" /><ent r="3" t="49" w="35" /><ent r="4" t="49" w="137" /><ent r="4" t="49" w="215" /><ent r="3" t="49" w="273" /><ent r="5" t="49" w="385" /><ent r="5" t="49" w="387" /><ent r="5" t="49" w="410" /><ent r="5" t="49" w="419" /><ent r="5" t="49" w="427" /><ent r="4" t="49" w="462" /><ent r="3" t="49" w="507" /><ent r="4" t="50" w="162" /><ent r="4" t="50" w="216" /><ent r="4" t="51" w="57" /><ent r="3" t="51" w="81" /><ent r="4" t="52" w="30" /><ent r="4" t="52" w="55" /><ent r="4" t="54" w="46" /><ent r="4" t="54" w="59" /><ent r="4" t="55" w="60" /><ent r="4" t="55" w="71" /><ent r="3" t="57" w="78" /><ent r="4" t="58" w="156" /><ent r="4" t="58" w="185" /><ent r="3" t="59" w="28" /><ent r="3" t="59" w="49" /><ent r="4" t="60" w="51" /><ent r="4" t="60" w="70" /><ent r="4" t="60" w="131" /><ent r="4" t="61" w="32" /><ent r="4" t="62" w="52" /><ent r="4" t="62" w="64" /><ent r="3" t="62" w="85" /><ent r="3" t="62" w="104" /><ent r="3" t="62" w="120" /><ent r="3" t="64" w="75" /><ent r="3" t="64" w="89" /><ent r="3" t="64" w="226" /><ent r="4" t="65" w="54" /><ent r="4" t="65" w="204" /><ent r="4" t="65" w="232" /><ent r="4" t="65" w="274" /><ent r="4" t="66" w="93" /><ent r="4" t="66" w="116" /><ent r="4" t="67" w="92" /><ent r="4" t="67" w="192" /><ent r="4" t="67" w="210" /><ent r="4" t="67" w="239" /><ent r="3" t="69" w="42" /><ent r="3" t="69" w="58" /><ent r="3" t="69" w="122" /><ent r="3" t="69" w="137" /><ent r="4" t="70" w="65" /><ent r="4" t="70" w="143" /><ent r="4" t="70" w="241" /><ent r="4" t="71" w="66" /><ent r="4" t="72" w="94" /><ent r="3" t="74" w="64" /><ent r="3" t="74" w="230" /><ent r="4" t="78" w="86" /><ent r="4" t="79" w="57" /><ent r="4" t="80" w="98" /><ent r="4" t="80" w="174" /><ent r="4" t="81" w="42" /><ent r="3" t="81" w="349" /><ent r="3" t="81" w="530" /><ent r="3" t="83" w="123" /><ent r="4" t="84" w="81" /><ent r="4" t="85" w="108" /><ent r="4" t="85" w="192" /><ent r="4" t="86" w="109" /><ent r="3" t="87" w="68" /><ent r="4" t="88" w="55" /><ent r="4" t="88" w="66" /><ent r="3" t="89" w="82" /><ent r="4" t="89" w="98" /><ent r="3" t="89" w="157" /><ent r="4" t="89" w="167" /><ent r="6" t="90" w="523" /><ent r="5" t="90" w="596" /><ent r="5" t="90" w="625" /><ent r="4" t="91" w="77" /><ent r="3" t="94" w="15" /><ent r="4" t="95" w="100" /><ent r="4" t="95" w="107" /><ent r="4" t="95" w="225" /><ent r="4" t="96" w="102" /><ent r="4" t="96" w="126" /><ent r="4" t="96" w="138" /><ent r="3" t="96" w="152" /><ent r="4" t="98" w="34" /><ent r="3" t="98" w="66" /><ent r="4" t="99" w="37" /><ent r="3" t="99" w="95" /><ent r="3" t="99" w="111" /><ent r="4" t="99" w="174" /><ent r="3" t="102" w="168" /><ent r="3" t="102" w="206" /><ent r="3" t="102" w="211" /><ent r="3" t="102" w="260" /><ent r="3" t="103" w="102" /><ent r="3" t="103" w="116" /><ent r="3" t="103" w="145" /><ent r="3" t="104" w="132" /><ent r="3" t="104" w="154" /><ent r="4" t="106" w="138" /><ent r="4" t="107" w="80" /><ent r="4" t="108" w="93" /><ent r="3" t="108" w="368" /><ent r="4" t="109" w="94" /><ent r="3" t="110" w="105" /><ent r="4" t="110" w="375" /><ent r="3" t="110" w="388" /><ent r="3" t="110" w="402" /><ent r="3" t="110" w="411" /><ent r="3" t="110" w="424" /><ent r="3" t="110" w="430" /><ent r="3" t="110" w="447" /><ent r="3" t="110" w="459" /><ent r="4" t="110" w="483" /><ent r="3" t="112" w="16" /><ent r="3" t="115" w="100" /><ent r="4" t="117" w="33" /><ent r="4" t="117" w="154" /><ent r="4" t="118" w="47" /><ent r="4" t="118" w="72" /><ent r="4" t="119" w="83" /><ent r="3" t="119" w="182" /><ent r="4" t="120" w="33" /><ent r="3" t="121" w="60" /><ent r="4" t="122" w="218" /><ent r="3" t="123" w="117" /><ent r="4" t="123" w="280" /><ent r="4" t="123" w="558" /><ent r="3" t="125" w="205" /><ent r="3" t="125" w="225" /><ent r="3" t="125" w="620" /><ent r="3" t="125" w="645" /><ent r="3" t="125" w="696" /><ent r="4" t="126" w="282" /><ent r="4" t="126" w="290" /><ent r="4" t="128" w="140" /><ent r="3" t="129" w="340" /><ent r="4" t="129" w="376" /><ent r="3" t="129" w="406" /><ent r="4" t="129" w="442" /><ent r="3" t="131" w="46" /><ent r="4" t="131" w="105" /><ent r="4" t="131" w="120" /><ent r="3" t="132" w="93" /><ent r="4" t="133" w="44" /><ent r="4" t="134" w="79" /><ent r="4" t="135" w="49" /><ent r="4" t="135" w="64" /><ent r="100" t="136" w="15" /><ent r="4" t="136" w="46" /><ent r="4" t="136" w="58" /><ent r="4" t="137" w="56" /><ent r="3" t="138" w="26" /><ent r="3" t="138" w="43" /><ent r="3" t="138" w="74" /><ent r="3" t="138" w="98" /><ent r="5" t="139" w="27" /><ent r="4" t="141" w="55" /><ent r="4" t="141" w="72" /><ent r="4" t="142" w="206" /><ent r="4" t="142" w="224" /><ent r="4" t="142" w="262" /><ent r="4" t="142" w="376" /><ent r="3" t="142" w="401" /><ent r="4" t="142" w="428" /><ent r="3" t="142" w="495" /><ent r="3" t="142" w="516" /><ent r="3" t="142" w="595" /><ent r="3" t="142" w="616" /><ent r="3" t="142" w="669" /><ent r="3" t="142" w="690" /><ent r="4" t="143" w="123" /><ent r="5" t="143" w="184" /><ent r="4" t="143" w="287" /><ent r="4" t="144" w="50" /><ent r="3" t="144" w="180" /><ent r="3" t="144" w="199" /><ent r="3" t="144" w="283" /><ent r="3" t="144" w="302" /><ent r="3" t="144" w="366" /><ent r="3" t="144" w="402" /><ent r="3" t="144" w="487" /><ent r="3" t="144" w="506" /><ent r="3" t="144" w="534" /><ent r="3" t="144" w="651" /><ent r="3" t="144" w="670" /><ent r="4" t="145" w="50" /><ent r="3" t="145" w="118" /><ent r="3" t="145" w="128" /><ent r="3" t="145" w="233" /><ent r="4" t="147" w="89" /><ent r="4" t="148" w="89" /><ent r="4" t="148" w="131" /><ent r="3" t="148" w="148" /><ent r="3" t="148" w="208" /><ent r="3" t="149" w="70" /><ent r="4" t="149" w="103" /><ent r="4" t="149" w="145" /><ent r="3" t="149" w="161" /><ent r="3" t="149" w="184" /><ent r="4" t="150" w="98" /><ent r="4" t="150" w="143" /><ent r="3" t="150" w="161" /><ent r="3" t="150" w="184" /><ent r="4" t="151" w="91" /><ent r="4" t="152" w="89" /><ent r="4" t="152" w="140" /><ent r="4" t="153" w="85" /><ent r="4" t="153" w="229" /><ent r="4" t="153" w="341" /><ent r="4" t="153" w="567" /><ent r="4" t="153" w="776" /><ent r="4" t="153" w="1002" /><ent r="4" t="154" w="86" /><ent r="3" t="154" w="170" /><ent r="3" t="154" w="187" /><ent r="3" t="154" w="246" /><ent r="4" t="155" w="96" /><ent r="4" t="155" w="138" /><ent r="3" t="155" w="161" /><ent r="3" t="155" w="222" /><ent r="4" t="156" w="74" /><ent r="3" t="156" w="103" /><ent r="3" t="156" w="109" /><ent r="4" t="156" w="263" /><ent r="3" t="156" w="340" /><ent r="4" t="156" w="442" /><ent r="4" t="156" w="572" /><ent r="4" t="156" w="593" /><ent r="4" t="156" w="617" /><ent r="4" t="156" w="638" /><ent r="3" t="156" w="726" /><ent r="3" t="156" w="756" /><ent r="3" t="157" w="55" /><ent r="3" t="157" w="316" /><ent r="4" t="157" w="415" /><ent r="4" t="157" w="545" /><ent r="4" t="157" w="566" /><ent r="4" t="157" w="590" /><ent r="4" t="157" w="611" /><ent r="3" t="157" w="699" /><ent r="3" t="157" w="729" /><ent r="4" t="158" w="103" /><ent r="3" t="158" w="127" /><ent r="3" t="158" w="312" /><ent r="4" t="158" w="412" /><ent r="4" t="158" w="542" /><ent r="4" t="158" w="563" /><ent r="4" t="158" w="587" /><ent r="4" t="158" w="608" /><ent r="3" t="158" w="696" /><ent r="3" t="158" w="726" /><ent r="4" t="158" w="811" /><ent r="3" t="158" w="858" /><ent r="4" t="159" w="70" /><ent r="4" t="159" w="82" /><ent r="4" t="160" w="36" /><ent r="4" t="160" w="45" /><ent r="3" t="160" w="179" /><ent r="4" t="161" w="85" /><ent r="4" t="161" w="97" /><ent r="3" t="161" w="131" /><ent r="3" t="161" w="168" /><ent r="3" t="161" w="196" /><ent r="3" t="161" w="217" /><ent r="4" t="162" w="74" /><ent r="4" t="162" w="86" /><ent r="4" t="162" w="101" /><ent r="4" t="162" w="112" /><ent r="4" t="163" w="65" /><ent r="4" t="163" w="78" /><ent r="4" t="163" w="170" /><ent r="3" t="163" w="198" /><ent r="3" t="163" w="213" /><ent r="4" t="164" w="81" /><ent r="4" t="164" w="94" /><ent r="3" t="164" w="113" /><ent r="3" t="164" w="135" /><ent r="3" t="164" w="158" /><ent r="4" t="165" w="99" /><ent r="4" t="165" w="110" /><ent r="5" t="165" w="207" /><ent r="3" t="165" w="238" /><ent r="5" t="165" w="258" /><ent r="4" t="165" w="286" /><ent r="4" t="165" w="302" /><ent r="3" t="165" w="336" /><ent r="3" t="165" w="349" /><ent r="4" t="165" w="606" /><ent r="4" t="165" w="741" /><ent r="4" t="166" w="55" /><ent r="3" t="166" w="131" /><ent r="4" t="166" w="149" /><ent r="4" t="167" w="153" /><ent r="5" t="167" w="179" /><ent r="5" t="167" w="184" /><ent r="4" t="167" w="387" /><ent r="3" t="167" w="418" /><ent r="4" t="167" w="471" /><ent r="3" t="167" w="821" /><ent r="3" t="167" w="846" /><ent r="3" t="168" w="27" /><ent r="3" t="168" w="43" /><ent r="4" t="168" w="76" /><ent r="4" t="169" w="336" /><ent r="4" t="170" w="71" /><ent r="3" t="170" w="98" /><ent r="3" t="170" w="120" /><ent r="4" t="172" w="50" /><ent r="4" t="172" w="67" /><ent r="4" t="172" w="141" /><ent r="4" t="172" w="218" /><ent r="3" t="172" w="332" /><ent r="3" t="173" w="15" /><ent r="3" t="174" w="42" /><ent r="3" t="174" w="72" /><ent r="3" t="174" w="95" /><ent r="3" t="174" w="107" /><ent r="4" t="174" w="121" /><ent r="4" t="174" w="135" /><ent r="4" t="174" w="146" /><ent r="100" t="175" w="10" /><ent r="100" t="175" w="13" /><ent r="64" t="175" w="25" /><ent r="3" t="175" w="33" /><ent r="3" t="175" w="57" /><ent r="4" t="176" w="126" /><ent r="4" t="176" w="359" /><ent r="4" t="177" w="46" /><ent r="3" t="179" w="227" /><ent r="4" t="179" w="351" /><ent r="4" t="179" w="531" /><ent r="4" t="179" w="542" /><ent r="4" t="179" w="620" /><ent r="3" t="179" w="801" /><ent r="4" t="179" w="859" /><ent r="4" t="179" w="902" /><ent r="4" t="179" w="956" /><ent r="3" t="179" w="969" /><ent r="4" t="179" w="998" /><ent r="4" t="179" w="1019" /><ent r="4" t="179" w="1077" /><ent r="4" t="179" w="1156" /><ent r="3" t="179" w="1602" /><ent r="4" t="179" w="1661" /><ent r="4" t="179" w="1716" /><ent r="4" t="179" w="1808" /><ent r="4" t="179" w="1912" /><ent r="4" t="179" w="1934" /><ent r="4" t="179" w="2080" /><ent r="4" t="179" w="2126" /><ent r="4" t="179" w="2212" /><ent r="4" t="179" w="2322" /><ent r="4" t="180" w="502" /><ent r="4" t="180" w="720" /><ent r="4" t="180" w="777" /><ent r="4" t="180" w="786" /><ent r="4" t="180" w="868" /><ent r="3" t="180" w="1001" /><ent r="4" t="180" w="1117" /><ent r="4" t="180" w="1193" /><ent r="4" t="180" w="1247" /><ent r="4" t="180" w="1276" /><ent r="4" t="180" w="1287" /><ent r="4" t="180" w="1352" /><ent r="4" t="180" w="1822" /><ent r="4" t="180" w="1877" /><ent r="4" t="180" w="1886" /><ent r="4" t="180" w="1971" /><ent r="4" t="180" w="1990" /><ent r="4" t="180" w="2182" /><ent r="3" t="180" w="2281" /><ent r="4" t="180" w="2343" /><ent r="4" t="180" w="2391" /><ent r="4" t="180" w="2672" /><ent r="4" t="180" w="2723" /><ent r="4" t="180" w="2776" /><ent r="4" t="180" w="2856" /><ent r="3" t="180" w="2864" /><ent r="4" t="180" w="3097" /><ent r="3" t="181" w="72" /><ent r="3" t="181" w="171" /><ent r="4" t="181" w="213" /><ent r="4" t="181" w="409" /><ent r="4" t="181" w="800" /><ent r="4" t="181" w="868" /><ent r="5" t="181" w="926" /><ent r="4" t="181" w="995" /><ent r="4" t="181" w="1031" /><ent r="4" t="181" w="1069" /><ent r="3" t="181" w="1162" /><ent r="3" t="181" w="1192" /><ent r="3" t="181" w="1203" /><ent r="4" t="181" w="1257" /><ent r="4" t="182" w="176" /><ent r="4" t="182" w="400" /><ent r="4" t="182" w="444" /><ent r="4" t="182" w="487" /><ent r="3" t="182" w="570" /><ent r="4" t="182" w="665" /><ent r="4" t="182" w="996" /><ent r="4" t="182" w="1020" /><ent r="4" t="182" w="1036" /><ent r="4" t="182" w="1171" /><ent r="4" t="182" w="1179" /><ent r="3" t="182" w="1416" /><ent r="4" t="183" w="451" /><ent r="4" t="183" w="631" /><ent r="4" t="183" w="643" /><ent r="4" t="183" w="691" /><ent r="4" t="183" w="700" /><ent r="4" t="183" w="774" /><ent r="6" t="183" w="794" /><ent r="4" t="183" w="805" /><ent r="4" t="183" w="820" /><ent r="4" t="183" w="866" /><ent r="3" t="183" w="957" /><ent r="4" t="183" w="999" /><ent r="4" t="184" w="453" /><ent r="4" t="184" w="633" /><ent r="3" t="184" w="742" /><ent r="4" t="184" w="857" /><ent r="4" t="184" w="874" /><ent r="4" t="184" w="916" /><ent r="4" t="184" w="952" /><ent r="4" t="184" w="965" /><ent r="6" t="184" w="1001" /><ent r="4" t="184" w="1027" /><ent r="4" t="184" w="1034" /><ent r="3" t="184" w="1092" /><ent r="4" t="184" w="1110" /><ent r="4" t="185" w="240" /><ent r="4" t="185" w="259" /><ent r="4" t="185" w="268" /><ent r="4" t="185" w="281" /><ent r="5" t="185" w="522" /><ent r="5" t="185" w="539" /><ent r="4" t="186" w="327" /><ent r="4" t="186" w="508" /><ent r="4" t="186" w="517" /><ent r="3" t="186" w="585" /><ent r="4" t="186" w="635" /><ent r="3" t="186" w="644" /><ent r="4" t="186" w="675" /><ent r="4" t="186" w="751" /><ent r="4" t="186" w="808" /><ent r="4" t="186" w="845" /><ent r="4" t="186" w="908" /><ent r="4" t="186" w="991" /><ent r="3" t="186" w="1013" /><ent r="4" t="186" w="1073" /><ent r="4" t="186" w="1147" /><ent r="4" t="186" w="1196" /><ent r="3" t="187" w="329" /><ent r="4" t="187" w="427" /><ent r="4" t="187" w="458" /><ent r="4" t="187" w="508" /><ent r="4" t="187" w="752" /><ent r="3" t="187" w="1070" /><ent r="4" t="188" w="238" /><ent r="4" t="188" w="419" /><ent r="6" t="188" w="446" /><ent r="4" t="188" w="515" /><ent r="4" t="188" w="551" /><ent r="4" t="188" w="589" /><ent r="4" t="188" w="640" /><ent r="3" t="188" w="688" /><ent r="4" t="188" w="1171" /><ent r="6" t="188" w="1278" /><ent r="3" t="188" w="1428" /><ent r="3" t="189" w="35" /><ent r="4" t="189" w="110" /><ent r="3" t="190" w="25" /><ent r="3" t="192" w="112" /><ent r="4" t="195" w="412" /><ent r="4" t="195" w="432" /><ent r="4" t="195" w="578" /><ent r="3" t="195" w="661" /><ent r="4" t="195" w="715" /><ent r="3" t="198" w="50" /><ent r="3" t="198" w="55" /><ent r="3" t="198" w="189" /><ent r="4" t="198" w="248" /><ent r="4" t="198" w="324" /><ent r="4" t="198" w="356" /><ent r="4" t="198" w="368" /><ent r="4" t="200" w="74" /><ent r="4" t="200" w="106" /><ent r="3" t="208" w="168" /><ent r="3" t="208" w="232" /><ent r="3" t="208" w="267" /><ent r="3" t="208" w="345" /><ent r="4" t="208" w="542" /><ent r="3" t="212" w="75" /><ent r="3" t="212" w="77" /><ent r="3" t="212" w="100" /><ent r="3" t="212" w="109" /><ent r="3" t="212" w="117" /><ent r="4" t="213" w="123" /><ent r="4" t="213" w="184" /><ent r="4" t="213" w="304" /><ent r="4" t="213" w="314" /><ent r="3" t="213" w="441" /><ent r="4" t="213" w="543" /><ent r="4" t="213" w="672" /><ent r="4" t="213" w="693" /><ent r="4" t="213" w="717" /><ent r="4" t="213" w="738" /><ent r="3" t="213" w="831" /><ent r="3" t="213" w="861" /><ent r="3" t="214" w="41" /><ent r="3" t="214" w="44" /><ent r="3" t="214" w="54" /><ent r="3" t="214" w="74" /><ent r="3" t="215" w="83" /><ent r="3" t="215" w="97" /><ent r="4" t="215" w="152" /><ent r="4" t="215" w="169" /><ent r="4" t="215" w="187" /><ent r="3" t="215" w="233" /><ent r="3" t="215" w="235" /><ent r="3" t="215" w="258" /><ent r="4" t="215" w="267" /><ent r="4" t="215" w="275" /><ent r="4" t="215" w="329" /><ent r="3" t="216" w="27" /><ent r="4" t="216" w="83" /><ent r="4" t="216" w="100" /><ent r="4" t="216" w="118" /><ent r="3" t="216" w="164" /><ent r="3" t="216" w="166" /><ent r="3" t="216" w="189" /><ent r="4" t="216" w="198" /><ent r="4" t="216" w="206" /><ent r="4" t="217" w="42" /><ent r="4" t="217" w="59" /><ent r="4" t="217" w="77" /><ent r="3" t="217" w="123" /><ent r="3" t="217" w="125" /><ent r="3" t="217" w="148" /><ent r="4" t="217" w="157" /><ent r="4" t="217" w="165" /><ent r="3" t="218" w="27" /><ent r="4" t="218" w="81" /><ent r="4" t="218" w="98" /><ent r="4" t="218" w="116" /><ent r="3" t="218" w="162" /><ent r="3" t="218" w="164" /><ent r="3" t="218" w="187" /><ent r="4" t="218" w="196" /><ent r="4" t="218" w="204" /><ent r="4" t="221" w="22" /><ent r="4" t="224" w="22" /><ent r="4" t="225" w="24" /><ent r="4" t="227" w="91" /><ent r="3" t="227" w="155" /><ent r="3" t="228" w="40" /><ent r="4" t="228" w="79" /><ent r="4" t="229" w="90" /><ent r="6" t="230" w="174" /><ent r="6" t="230" w="227" /><ent r="6" t="230" w="259" /><ent r="6" t="230" w="344" /><ent r="6" t="230" w="472" /><ent r="6" t="230" w="558" /><ent r="5" t="230" w="610" /><ent r="6" t="230" w="657" /><ent r="3" t="232" w="171" /><ent r="3" t="234" w="24" /></phr><phr n="Select"><ent r="4" t="1" w="304" /><ent r="4" t="1" w="352" /><ent r="4" t="4" w="159" /><ent r="4" t="4" w="209" /><ent r="7" t="5" w="203" /><ent r="7" t="5" w="252" /><ent r="92" t="19" w="100" /><ent r="4" t="21" w="287" /><ent r="4" t="23" w="61" /><ent r="3" t="24" w="57" /><ent r="4" t="26" w="115" /><ent r="4" t="26" w="281" /><ent r="4" t="27" w="66" /><ent r="4" t="29" w="44" /><ent r="3" t="30" w="50" /><ent r="4" t="36" w="45" /><ent r="4" t="36" w="50" /><ent r="3" t="39" w="40" /><ent r="3" t="40" w="52" /><ent r="4" t="43" w="53" /><ent r="4" t="43" w="59" /><ent r="4" t="43" w="93" /><ent r="4" t="44" w="120" /><ent r="4" t="44" w="125" /><ent r="4" t="44" w="282" /><ent r="4" t="44" w="306" /><ent r="4" t="44" w="642" /><ent r="4" t="48" w="119" /><ent r="4" t="48" w="136" /><ent r="3" t="48" w="174" /><ent r="3" t="48" w="194" /><ent r="3" t="48" w="232" /><ent r="5" t="49" w="297" /><ent r="6" t="49" w="305" /><ent r="6" t="49" w="321" /><ent r="6" t="49" w="337" /><ent r="5" t="49" w="364" /><ent r="4" t="49" w="435" /><ent r="4" t="50" w="154" /><ent r="4" t="50" w="208" /><ent r="4" t="51" w="104" /><ent r="4" t="54" w="29" /><ent r="4" t="55" w="36" /><ent r="4" t="57" w="41" /><ent r="4" t="58" w="176" /><ent r="4" t="58" w="247" /><ent r="4" t="60" w="77" /><ent r="4" t="61" w="50" /><ent r="92" t="64" w="210" /><ent r="4" t="65" w="90" /><ent r="4" t="65" w="149" /><ent r="4" t="65" w="187" /><ent r="4" t="65" w="215" /><ent r="4" t="65" w="257" /><ent r="4" t="67" w="133" /><ent r="4" t="67" w="174" /><ent r="4" t="67" w="221" /><ent r="4" t="67" w="267" /><ent r="4" t="70" w="263" /><ent r="3" t="70" w="270" /><ent r="3" t="74" w="285" /><ent r="4" t="77" w="53" /><ent r="4" t="78" w="112" /><ent r="4" t="85" w="94" /><ent r="5" t="85" w="124" /><ent r="4" t="85" w="178" /><ent r="4" t="85" w="208" /><ent r="4" t="85" w="280" /><ent r="4" t="86" w="77" /><ent r="3" t="86" w="99" /><ent r="4" t="88" w="44" /><ent r="4" t="89" w="127" /><ent r="3" t="89" w="141" /><ent r="6" t="90" w="514" /><ent r="4" t="91" w="211" /><ent r="3" t="91" w="238" /><ent r="4" t="91" w="318" /><ent r="4" t="92" w="83" /><ent r="3" t="92" w="107" /><ent r="4" t="93" w="77" /><ent r="3" t="93" w="127" /><ent r="4" t="94" w="67" /><ent r="3" t="94" w="75" /><ent r="3" t="94" w="101" /><ent r="4" t="94" w="107" /><ent r="5" t="95" w="61" /><ent r="4" t="95" w="89" /><ent r="4" t="95" w="117" /><ent r="5" t="95" w="185" /><ent r="4" t="95" w="214" /><ent r="4" t="95" w="245" /><ent r="5" t="96" w="62" /><ent r="4" t="96" w="91" /><ent r="4" t="97" w="66" /><ent r="4" t="99" w="32" /><ent r="4" t="99" w="47" /><ent r="4" t="99" w="90" /><ent r="4" t="99" w="107" /><ent r="4" t="100" w="96" /><ent r="3" t="100" w="133" /><ent r="4" t="100" w="173" /><ent r="4" t="101" w="99" /><ent r="3" t="101" w="136" /><ent r="4" t="101" w="177" /><ent r="3" t="103" w="137" /><ent r="4" t="104" w="173" /><ent r="4" t="104" w="221" /><ent r="4" t="110" w="304" /><ent r="4" t="110" w="336" /><ent r="3" t="111" w="81" /><ent r="3" t="111" w="102" /><ent r="3" t="118" w="79" /><ent r="4" t="126" w="55" /><ent r="4" t="126" w="60" /><ent r="4" t="126" w="297" /><ent r="4" t="126" w="373" /><ent r="4" t="129" w="351" /><ent r="4" t="129" w="417" /><ent r="64" t="130" w="132" /><ent r="64" t="131" w="230" /><ent r="64" t="132" w="123" /><ent r="4" t="134" w="66" /><ent r="64" t="134" w="110" /><ent r="1000" t="136" w="1" /><ent r="102" t="136" w="20" /><ent r="4" t="136" w="71" /><ent r="3" t="138" w="51" /><ent r="3" t="138" w="58" /><ent r="3" t="138" w="106" /><ent r="3" t="138" w="113" /><ent r="4" t="139" w="34" /><ent r="4" t="139" w="41" /><ent r="4" t="142" w="114" /><ent r="4" t="142" w="158" /><ent r="4" t="142" w="252" /><ent r="4" t="144" w="82" /><ent r="4" t="145" w="75" /><ent r="3" t="145" w="96" /><ent r="3" t="145" w="133" /><ent r="4" t="147" w="125" /><ent r="4" t="151" w="127" /><ent r="4" t="153" w="121" /><ent r="4" t="153" w="705" /><ent r="4" t="153" w="1140" /><ent r="4" t="156" w="366" /><ent r="4" t="156" w="378" /><ent r="4" t="156" w="393" /><ent r="4" t="156" w="487" /><ent r="4" t="156" w="541" /><ent r="4" t="156" w="553" /><ent r="4" t="156" w="597" /><ent r="4" t="156" w="642" /><ent r="4" t="156" w="666" /><ent r="4" t="157" w="89" /><ent r="4" t="157" w="94" /><ent r="4" t="157" w="104" /><ent r="4" t="157" w="342" /><ent r="4" t="157" w="354" /><ent r="4" t="157" w="369" /><ent r="4" t="157" w="460" /><ent r="4" t="157" w="514" /><ent r="4" t="157" w="526" /><ent r="4" t="157" w="570" /><ent r="4" t="157" w="615" /><ent r="4" t="157" w="639" /><ent r="4" t="158" w="339" /><ent r="4" t="158" w="351" /><ent r="4" t="158" w="366" /><ent r="4" t="158" w="457" /><ent r="4" t="158" w="511" /><ent r="4" t="158" w="523" /><ent r="4" t="158" w="567" /><ent r="4" t="158" w="612" /><ent r="4" t="158" w="636" /><ent r="4" t="158" w="799" /><ent r="3" t="160" w="211" /><ent r="3" t="160" w="248" /><ent r="3" t="162" w="139" /><ent r="3" t="163" w="150" /><ent r="4" t="165" w="185" /><ent r="4" t="165" w="412" /><ent r="4" t="167" w="168" /><ent r="4" t="167" w="557" /><ent r="3" t="167" w="804" /><ent r="4" t="168" w="275" /><ent r="4" t="168" w="322" /><ent r="3" t="169" w="588" /><ent r="4" t="170" w="85" /><ent r="4" t="170" w="197" /><ent r="4" t="172" w="168" /><ent r="4" t="173" w="176" /><ent r="4" t="173" w="223" /><ent r="4" t="175" w="131" /><ent r="4" t="175" w="152" /><ent r="4" t="175" w="217" /><ent r="4" t="176" w="104" /><ent r="4" t="179" w="370" /><ent r="4" t="179" w="420" /><ent r="4" t="179" w="1980" /><ent r="4" t="179" w="2156" /><ent r="4" t="179" w="2328" /><ent r="4" t="180" w="521" /><ent r="4" t="180" w="571" /><ent r="4" t="180" w="745" /><ent r="6" t="180" w="874" /><ent r="4" t="180" w="1034" /><ent r="6" t="180" w="1747" /><ent r="4" t="180" w="2260" /><ent r="4" t="180" w="2428" /><ent r="4" t="180" w="2678" /><ent r="4" t="180" w="2764" /><ent r="4" t="181" w="232" /><ent r="4" t="181" w="282" /><ent r="4" t="181" w="702" /><ent r="4" t="181" w="777" /><ent r="4" t="181" w="892" /><ent r="4" t="181" w="1055" /><ent r="4" t="181" w="1307" /><ent r="4" t="182" w="195" /><ent r="4" t="182" w="245" /><ent r="4" t="182" w="375" /><ent r="4" t="182" w="903" /><ent r="92" t="182" w="1061" /><ent r="4" t="182" w="1146" /><ent r="4" t="182" w="1225" /><ent r="4" t="182" w="1234" /><ent r="4" t="182" w="1648" /><ent r="4" t="183" w="470" /><ent r="4" t="183" w="520" /><ent r="4" t="183" w="834" /><ent r="4" t="183" w="857" /><ent r="4" t="183" w="863" /><ent r="4" t="183" w="962" /><ent r="4" t="184" w="472" /><ent r="4" t="184" w="522" /><ent r="4" t="184" w="849" /><ent r="6" t="184" w="1017" /><ent r="4" t="185" w="544" /><ent r="4" t="186" w="346" /><ent r="4" t="186" w="396" /><ent r="4" t="186" w="566" /><ent r="4" t="186" w="836" /><ent r="4" t="186" w="879" /><ent r="3" t="186" w="1060" /><ent r="3" t="187" w="348" /><ent r="4" t="187" w="1229" /><ent r="4" t="187" w="1805" /><ent r="4" t="188" w="257" /><ent r="4" t="188" w="307" /><ent r="4" t="188" w="479" /><ent r="3" t="188" w="715" /><ent r="3" t="188" w="872" /><ent r="4" t="189" w="100" /><ent r="4" t="195" w="419" /><ent r="4" t="200" w="92" /><ent r="3" t="212" w="54" /><ent r="4" t="213" w="199" /><ent r="4" t="213" w="204" /><ent r="4" t="213" w="282" /><ent r="4" t="213" w="319" /><ent r="4" t="213" w="467" /><ent r="4" t="213" w="479" /><ent r="4" t="213" w="494" /><ent r="4" t="213" w="588" /><ent r="4" t="213" w="641" /><ent r="4" t="213" w="653" /><ent r="4" t="213" w="697" /><ent r="4" t="213" w="742" /><ent r="4" t="213" w="766" /><ent r="4" t="215" w="212" /><ent r="4" t="216" w="143" /><ent r="4" t="217" w="102" /><ent r="4" t="218" w="141" /><ent r="4" t="219" w="232" /><ent r="4" t="219" w="280" /><ent r="5" t="226" w="128" /><ent r="4" t="227" w="249" /><ent r="4" t="231" w="131" /><ent r="4" t="231" w="285" /><ent r="4" t="232" w="130" /><ent r="4" t="232" w="206" /><ent r="4" t="237" w="47" /><ent r="4" t="237" w="53" /><ent r="3" t="237" w="66" /><ent r="7" t="241" w="70" /></phr><phr n="selected"><ent r="6" t="3" w="144" /><ent r="7" t="5" w="63" /><ent r="7" t="5" w="102" /><ent r="7" t="5" w="141" /><ent r="7" t="11" w="207" /><ent r="5" t="13" w="66" /><ent r="3" t="20" w="22" /><ent r="3" t="21" w="381" /><ent r="3" t="34" w="46" /><ent r="4" t="49" w="211" /><ent r="4" t="51" w="88" /><ent r="3" t="51" w="119" /><ent r="4" t="53" w="98" /><ent r="3" t="58" w="26" /><ent r="3" t="58" w="273" /><ent r="3" t="64" w="119" /><ent r="3" t="64" w="129" /><ent r="3" t="64" w="144" /><ent r="3" t="64" w="176" /><ent r="3" t="64" w="196" /><ent r="3" t="77" w="274" /><ent r="3" t="78" w="142" /><ent r="4" t="81" w="671" /><ent r="4" t="84" w="104" /><ent r="3" t="89" w="277" /><ent r="5" t="90" w="668" /><ent r="3" t="92" w="30" /><ent r="3" t="94" w="163" /><ent r="4" t="95" w="151" /><ent r="4" t="104" w="210" /><ent r="3" t="104" w="216" /><ent r="4" t="106" w="256" /><ent r="4" t="107" w="134" /><ent r="4" t="108" w="153" /><ent r="4" t="109" w="153" /><ent r="3" t="115" w="528" /><ent r="7" t="116" w="78" /><ent r="7" t="116" w="100" /><ent r="7" t="116" w="104" /><ent r="7" t="116" w="109" /><ent r="7" t="116" w="117" /><ent r="7" t="116" w="136" /><ent r="7" t="116" w="140" /><ent r="7" t="116" w="145" /><ent r="7" t="116" w="174" /><ent r="7" t="116" w="178" /><ent r="7" t="116" w="183" /><ent r="7" t="116" w="214" /><ent r="5" t="116" w="227" /><ent r="7" t="116" w="241" /><ent r="7" t="116" w="275" /><ent r="3" t="126" w="110" /><ent r="4" t="126" w="344" /><ent r="100" t="134" w="6" /><ent r="3" t="134" w="29" /><ent r="3" t="134" w="64" /><ent r="3" t="140" w="198" /><ent r="3" t="141" w="32" /><ent r="3" t="142" w="648" /><ent r="4" t="144" w="107" /><ent r="4" t="145" w="272" /><ent r="3" t="147" w="246" /><ent r="3" t="148" w="191" /><ent r="4" t="148" w="228" /><ent r="4" t="149" w="208" /><ent r="4" t="150" w="199" /><ent r="3" t="151" w="208" /><ent r="4" t="152" w="158" /><ent r="4" t="153" w="158" /><ent r="4" t="153" w="712" /><ent r="4" t="153" w="1147" /><ent r="4" t="154" w="148" /><ent r="3" t="154" w="230" /><ent r="3" t="155" w="204" /><ent r="4" t="155" w="265" /><ent r="3" t="156" w="136" /><ent r="3" t="165" w="42" /><ent r="4" t="165" w="295" /><ent r="4" t="165" w="748" /><ent r="3" t="167" w="226" /><ent r="3" t="167" w="1043" /><ent r="6" t="169" w="503" /><ent r="6" t="169" w="519" /><ent r="6" t="169" w="526" /><ent r="3" t="170" w="115" /><ent r="3" t="170" w="140" /><ent r="3" t="172" w="314" /><ent r="3" t="173" w="217" /><ent r="4" t="173" w="248" /><ent r="4" t="175" w="122" /><ent r="4" t="176" w="373" /><ent r="4" t="179" w="444" /><ent r="4" t="179" w="567" /><ent r="3" t="179" w="678" /><ent r="3" t="179" w="1792" /><ent r="4" t="179" w="1979" /><ent r="4" t="179" w="2188" /><ent r="4" t="179" w="2196" /><ent r="3" t="180" w="149" /><ent r="4" t="180" w="595" /><ent r="3" t="180" w="898" /><ent r="3" t="180" w="924" /><ent r="3" t="180" w="982" /><ent r="4" t="180" w="1298" /><ent r="3" t="181" w="121" /><ent r="4" t="181" w="306" /><ent r="4" t="181" w="478" /><ent r="3" t="181" w="1144" /><ent r="4" t="182" w="269" /><ent r="4" t="183" w="544" /><ent r="4" t="184" w="546" /><ent r="4" t="186" w="420" /><ent r="4" t="187" w="548" /><ent r="3" t="187" w="568" /><ent r="4" t="187" w="655" /><ent r="4" t="187" w="744" /><ent r="4" t="188" w="331" /><ent r="3" t="192" w="75" /><ent r="4" t="195" w="756" /><ent r="3" t="198" w="169" /><ent r="3" t="212" w="29" /><ent r="3" t="214" w="119" /><ent r="3" t="214" w="138" /><ent r="4" t="229" w="157" /><ent r="3" t="231" w="320" /><ent r="4" t="237" w="63" /><ent r="3" t="238" w="188" /><ent r="3" t="238" w="199" /><ent r="7" t="239" w="68" /><ent r="7" t="239" w="84" /><ent r="7" t="239" w="88" /><ent r="7" t="239" w="93" /><ent r="7" t="239" w="107" /><ent r="7" t="239" w="120" /><ent r="7" t="239" w="124" /><ent r="7" t="239" w="129" /><ent r="7" t="239" w="159" /><ent r="7" t="239" w="163" /><ent r="7" t="239" w="168" /><ent r="7" t="241" w="95" /><ent r="5" t="241" w="118" /><ent r="7" t="241" w="143" /><ent r="7" t="241" w="181" /></phr><phr n="selection"><ent r="6" t="3" w="161" /><ent r="4" t="26" w="269" /><ent r="4" t="26" w="298" /><ent r="4" t="47" w="69" /><ent r="6" t="49" w="345" /><ent r="5" t="49" w="381" /><ent r="4" t="49" w="455" /><ent r="3" t="86" w="97" /><ent r="4" t="126" w="324" /><ent r="3" t="144" w="549" /><ent r="3" t="167" w="398" /><ent r="3" t="212" w="71" /><ent r="4" t="215" w="200" /><ent r="4" t="215" w="229" /><ent r="4" t="216" w="131" /><ent r="4" t="216" w="160" /><ent r="4" t="217" w="90" /><ent r="4" t="217" w="119" /><ent r="4" t="218" w="129" /><ent r="4" t="218" w="158" /><ent r="5" t="243" w="255" /><ent r="6" t="243" w="280" /><ent r="6" t="243" w="288" /><ent r="5" t="243" w="296" /><ent r="6" t="243" w="304" /><ent r="6" t="243" w="312" /><ent r="5" t="243" w="320" /><ent r="6" t="243" w="328" /><ent r="6" t="243" w="337" /><ent r="5" t="243" w="345" /><ent r="5" t="243" w="353" /><ent r="5" t="243" w="361" /><ent r="6" t="243" w="369" /></phr><phr n="Selection"><ent r="7" t="8" w="152" /><ent r="68" t="8" w="162" /><ent r="5" t="26" w="274" /><ent r="92" t="26" w="279" /><ent r="7" t="49" w="351" /><ent r="6" t="49" w="359" /><ent r="1000" t="59" w="3" /><ent r="100" t="59" w="7" /><ent r="100" t="59" w="12" /><ent r="102" t="59" w="17" /><ent r="3" t="59" w="23" /><ent r="3" t="59" w="40" /><ent r="3" t="59" w="58" /><ent r="4" t="128" w="142" /><ent r="5" t="181" w="471" /><ent r="3" t="181" w="735" /><ent r="4" t="181" w="883" /><ent r="4" t="182" w="1169" /><ent r="4" t="184" w="868" /><ent r="3" t="198" w="303" /><ent r="92" t="212" w="52" /><ent r="5" t="215" w="205" /><ent r="92" t="215" w="210" /><ent r="5" t="216" w="136" /><ent r="92" t="216" w="141" /><ent r="5" t="217" w="95" /><ent r="92" t="217" w="100" /><ent r="5" t="218" w="134" /><ent r="92" t="218" w="139" /><ent r="5" t="243" w="251" /><ent r="6" t="243" w="276" /><ent r="6" t="243" w="284" /><ent r="5" t="243" w="292" /><ent r="6" t="243" w="300" /><ent r="6" t="243" w="308" /><ent r="5" t="243" w="316" /><ent r="6" t="243" w="324" /><ent r="6" t="243" w="333" /><ent r="5" t="243" w="341" /><ent r="5" t="243" w="349" /><ent r="5" t="243" w="357" /><ent r="6" t="243" w="365" /></phr><phr n="selects"><ent r="7" t="8" w="232" /><ent r="4" t="20" w="112" /><ent r="3" t="44" w="450" /><ent r="3" t="148" w="171" /><ent r="3" t="154" w="210" /><ent r="3" t="155" w="184" /><ent r="4" t="167" w="455" /><ent r="4" t="167" w="616" /><ent r="4" t="167" w="694" /><ent r="4" t="167" w="880" /><ent r="3" t="216" w="51" /></phr><phr n="selections"><ent r="4" t="26" w="356" /><ent r="3" t="39" w="9" /><ent r="3" t="40" w="9" /><ent r="3" t="90" w="111" /><ent r="4" t="156" w="162" /><ent r="4" t="156" w="172" /><ent r="3" t="156" w="201" /><ent r="4" t="156" w="411" /><ent r="4" t="157" w="387" /><ent r="4" t="158" w="384" /><ent r="6" t="169" w="491" /><ent r="4" t="213" w="249" /><ent r="4" t="213" w="264" /><ent r="4" t="213" w="364" /><ent r="4" t="213" w="379" /><ent r="4" t="213" w="512" /><ent r="3" t="215" w="120" /><ent r="4" t="215" w="287" /><ent r="4" t="216" w="218" /><ent r="4" t="217" w="177" /><ent r="3" t="218" w="49" /><ent r="4" t="218" w="216" /></phr><phr n="selecting"><ent r="3" t="47" w="213" /><ent r="4" t="75" w="53" /><ent r="3" t="85" w="246" /><ent r="3" t="87" w="110" /><ent r="4" t="109" w="428" /><ent r="3" t="117" w="246" /><ent r="3" t="119" w="165" /><ent r="3" t="172" w="231" /><ent r="4" t="176" w="204" /><ent r="4" t="179" w="694" /><ent r="4" t="179" w="1957" /><ent r="4" t="180" w="859" /><ent r="4" t="184" w="935" /><ent r="3" t="184" w="1204" /><ent r="4" t="187" w="1731" /><ent r="4" t="187" w="1823" /><ent r="4" t="187" w="1847" /><ent r="4" t="188" w="1383" /><ent r="6" t="230" w="186" /><ent r="6" t="230" w="355" /><ent r="6" t="230" w="399" /><ent r="6" t="230" w="402" /><ent r="6" t="230" w="566" /></phr><phr n="Selects"><ent r="7" t="59" w="67" /><ent r="3" t="64" w="213" /><ent r="7" t="241" w="73" /></phr><phr n="Selected"><ent r="5" t="109" w="425" /><ent r="64" t="130" w="129" /><ent r="64" t="131" w="227" /><ent r="64" t="132" w="120" /><ent r="1000" t="134" w="2" /><ent r="102" t="134" w="10" /><ent r="3" t="134" w="15" /><ent r="5" t="134" w="82" /></phr><phr n="Selecting"><ent r="64" t="174" w="159" /><ent r="1000" t="175" w="1" /><ent r="102" t="175" w="15" /><ent r="92" t="214" w="19" /><ent r="93" t="238" w="141" /></phr><phr n="Selections"><ent r="4" t="212" w="47" /></phr></stem></index>