﻿<?xml version="1.0" encoding="utf-8"?><index><stem n="close"><phr n="close"><ent r="3" t="1" w="120" /><ent r="3" t="21" w="121" /><ent r="100" t="52" w="6" /><ent r="100" t="52" w="8" /><ent r="3" t="52" w="16" /><ent r="4" t="52" w="39" /><ent r="4" t="62" w="189" /><ent r="3" t="62" w="223" /><ent r="4" t="81" w="512" /><ent r="3" t="81" w="524" /><ent r="4" t="81" w="653" /><ent r="3" t="96" w="250" /><ent r="3" t="96" w="316" /><ent r="3" t="102" w="217" /><ent r="4" t="156" w="174" /><ent r="3" t="156" w="203" /><ent r="5" t="157" w="129" /><ent r="3" t="157" w="164" /><ent r="4" t="158" w="164" /><ent r="3" t="158" w="198" /><ent r="5" t="159" w="168" /><ent r="3" t="159" w="202" /><ent r="6" t="160" w="66" /><ent r="3" t="160" w="101" /><ent r="4" t="161" w="240" /><ent r="3" t="161" w="274" /><ent r="3" t="162" w="169" /><ent r="3" t="162" w="203" /><ent r="4" t="163" w="103" /><ent r="3" t="163" w="137" /><ent r="4" t="164" w="199" /><ent r="3" t="164" w="233" /><ent r="4" t="165" w="134" /><ent r="3" t="165" w="168" /><ent r="3" t="170" w="305" /><ent r="4" t="175" w="316" /><ent r="4" t="176" w="367" /><ent r="4" t="180" w="2327" /><ent r="4" t="182" w="1311" /><ent r="3" t="186" w="793" /><ent r="3" t="198" w="216" /><ent r="100" t="240" w="6" /></phr><phr n="Closes"><ent r="7" t="5" w="40" /><ent r="7" t="240" w="194" /></phr><phr n="Close"><ent r="1000" t="52" w="1" /><ent r="102" t="52" w="11" /><ent r="5" t="52" w="57" /><ent r="3" t="52" w="70" /><ent r="5" t="72" w="117" /><ent r="4" t="79" w="64" /><ent r="5" t="80" w="144" /><ent r="5" t="80" w="240" /><ent r="5" t="81" w="641" /><ent r="4" t="96" w="323" /><ent r="3" t="102" w="225" /><ent r="5" t="108" w="489" /><ent r="4" t="179" w="92" /><ent r="5" t="179" w="588" /><ent r="4" t="179" w="754" /><ent r="4" t="179" w="761" /><ent r="4" t="179" w="1722" /><ent r="5" t="179" w="2281" /><ent r="92" t="179" w="2285" /><ent r="5" t="179" w="2299" /><ent r="4" t="179" w="2305" /><ent r="4" t="179" w="2356" /><ent r="5" t="180" w="1057" /><ent r="5" t="180" w="1178" /><ent r="5" t="180" w="1186" /><ent r="4" t="180" w="1318" /><ent r="5" t="180" w="1707" /><ent r="4" t="180" w="1776" /><ent r="5" t="180" w="2185" /><ent r="4" t="180" w="2304" /><ent r="4" t="180" w="3140" /><ent r="4" t="181" w="604" /><ent r="5" t="181" w="827" /><ent r="5" t="181" w="1014" /><ent r="4" t="181" w="1482" /><ent r="5" t="181" w="1592" /><ent r="5" t="182" w="1631" /><ent r="5" t="182" w="1719" /><ent r="4" t="183" w="730" /><ent r="5" t="183" w="903" /><ent r="5" t="183" w="1102" /><ent r="5" t="184" w="1299" /><ent r="4" t="186" w="814" /><ent r="5" t="186" w="1193" /><ent r="4" t="187" w="1818" /><ent r="5" t="187" w="1828" /><ent r="5" t="187" w="1863" /><ent r="4" t="188" w="1376" /><ent r="4" t="188" w="1380" /><ent r="82" t="198" w="208" /><ent r="3" t="198" w="213" /><ent r="7" t="240" w="192" /></phr><phr n="closes"><ent r="4" t="61" w="59" /><ent r="4" t="176" w="406" /></phr><phr n="closing"><ent r="3" t="74" w="340" /><ent r="4" t="108" w="500" /><ent r="4" t="108" w="516" /><ent r="4" t="182" w="1272" /></phr><phr n="closed"><ent r="3" t="78" w="128" /><ent r="3" t="79" w="119" /><ent r="4" t="176" w="399" /></phr></stem><stem n="will"><phr n="will"><ent r="3" t="1" w="124" /><ent r="3" t="14" w="30" /><ent r="3" t="19" w="130" /><ent r="3" t="21" w="107" /><ent r="3" t="21" w="127" /><ent r="4" t="21" w="306" /><ent r="4" t="21" w="312" /><ent r="3" t="21" w="376" /><ent r="3" t="21" w="415" /><ent r="3" t="44" w="62" /><ent r="3" t="44" w="68" /><ent r="3" t="44" w="594" /><ent r="3" t="44" w="626" /><ent r="3" t="46" w="122" /><ent r="3" t="49" w="92" /><ent r="3" t="52" w="101" /><ent r="4" t="68" w="66" /><ent r="4" t="71" w="84" /><ent r="3" t="72" w="123" /><ent r="3" t="78" w="59" /><ent r="4" t="92" w="183" /><ent r="4" t="95" w="144" /><ent r="4" t="95" w="163" /><ent r="4" t="99" w="69" /><ent r="4" t="109" w="435" /><ent r="3" t="110" w="216" /><ent r="3" t="121" w="87" /><ent r="3" t="121" w="105" /><ent r="3" t="122" w="139" /><ent r="3" t="123" w="210" /><ent r="3" t="123" w="264" /><ent r="4" t="123" w="291" /><ent r="3" t="123" w="406" /><ent r="4" t="123" w="424" /><ent r="3" t="123" w="542" /><ent r="4" t="123" w="569" /><ent r="3" t="124" w="34" /><ent r="3" t="125" w="648" /><ent r="3" t="125" w="690" /><ent r="3" t="125" w="856" /><ent r="3" t="129" w="129" /><ent r="3" t="140" w="213" /><ent r="3" t="142" w="569" /><ent r="3" t="144" w="134" /><ent r="3" t="144" w="237" /><ent r="3" t="144" w="441" /><ent r="3" t="144" w="605" /><ent r="5" t="153" w="410" /><ent r="5" t="153" w="845" /><ent r="3" t="156" w="474" /><ent r="3" t="156" w="739" /><ent r="3" t="157" w="447" /><ent r="3" t="157" w="712" /><ent r="3" t="158" w="444" /><ent r="3" t="158" w="709" /><ent r="3" t="161" w="153" /><ent r="3" t="163" w="319" /><ent r="5" t="165" w="448" /><ent r="3" t="167" w="414" /><ent r="3" t="167" w="445" /><ent r="3" t="167" w="494" /><ent r="3" t="167" w="507" /><ent r="3" t="167" w="635" /><ent r="3" t="167" w="836" /><ent r="3" t="167" w="852" /><ent r="3" t="167" w="928" /><ent r="3" t="167" w="934" /><ent r="3" t="169" w="97" /><ent r="3" t="169" w="104" /><ent r="3" t="169" w="124" /><ent r="3" t="169" w="132" /><ent r="3" t="169" w="147" /><ent r="3" t="169" w="158" /><ent r="3" t="169" w="196" /><ent r="4" t="169" w="423" /><ent r="4" t="169" w="443" /><ent r="4" t="169" w="463" /><ent r="3" t="169" w="593" /><ent r="3" t="170" w="169" /><ent r="4" t="171" w="198" /><ent r="4" t="171" w="275" /><ent r="4" t="172" w="80" /><ent r="4" t="172" w="102" /><ent r="4" t="173" w="141" /><ent r="3" t="173" w="170" /><ent r="4" t="173" w="198" /><ent r="3" t="173" w="211" /><ent r="4" t="173" w="255" /><ent r="4" t="173" w="272" /><ent r="3" t="174" w="54" /><ent r="3" t="174" w="85" /><ent r="4" t="175" w="281" /><ent r="4" t="175" w="286" /><ent r="4" t="176" w="343" /><ent r="4" t="176" w="375" /><ent r="4" t="177" w="74" /><ent r="4" t="177" w="88" /><ent r="3" t="178" w="41" /><ent r="3" t="179" w="29" /><ent r="3" t="179" w="1335" /><ent r="3" t="179" w="1438" /><ent r="3" t="179" w="1446" /><ent r="3" t="179" w="1755" /><ent r="4" t="179" w="1947" /><ent r="4" t="179" w="2198" /><ent r="4" t="179" w="2232" /><ent r="4" t="179" w="2349" /><ent r="3" t="180" w="49" /><ent r="3" t="180" w="215" /><ent r="3" t="180" w="353" /><ent r="3" t="180" w="966" /><ent r="4" t="180" w="2169" /><ent r="4" t="180" w="2468" /><ent r="4" t="180" w="2613" /><ent r="3" t="180" w="2980" /><ent r="3" t="180" w="3082" /><ent r="3" t="181" w="39" /><ent r="3" t="181" w="71" /><ent r="3" t="181" w="86" /><ent r="3" t="181" w="1199" /><ent r="4" t="181" w="1290" /><ent r="4" t="181" w="1323" /><ent r="4" t="181" w="1353" /><ent r="4" t="181" w="1386" /><ent r="4" t="181" w="1399" /><ent r="3" t="181" w="1425" /><ent r="4" t="181" w="1526" /><ent r="3" t="182" w="37" /><ent r="3" t="182" w="583" /><ent r="3" t="182" w="1328" /><ent r="3" t="183" w="27" /><ent r="3" t="183" w="41" /><ent r="3" t="183" w="378" /><ent r="4" t="183" w="854" /><ent r="3" t="183" w="1005" /><ent r="3" t="184" w="30" /><ent r="3" t="184" w="44" /><ent r="3" t="185" w="34" /><ent r="3" t="185" w="58" /><ent r="3" t="185" w="156" /><ent r="3" t="186" w="27" /><ent r="3" t="186" w="43" /><ent r="4" t="186" w="189" /><ent r="4" t="186" w="211" /><ent r="4" t="186" w="285" /><ent r="3" t="186" w="614" /><ent r="4" t="186" w="915" /><ent r="4" t="186" w="1117" /><ent r="3" t="186" w="1165" /><ent r="3" t="186" w="1179" /><ent r="3" t="187" w="25" /><ent r="3" t="187" w="46" /><ent r="3" t="187" w="579" /><ent r="3" t="187" w="827" /><ent r="3" t="187" w="876" /><ent r="3" t="187" w="900" /><ent r="3" t="187" w="1325" /><ent r="4" t="187" w="1353" /><ent r="3" t="187" w="1439" /><ent r="4" t="187" w="1759" /><ent r="4" t="187" w="1799" /><ent r="4" t="187" w="1833" /><ent r="3" t="188" w="33" /><ent r="3" t="188" w="46" /><ent r="3" t="188" w="65" /><ent r="3" t="188" w="794" /><ent r="3" t="188" w="1143" /><ent r="3" t="188" w="1350" /><ent r="4" t="188" w="1551" /><ent r="4" t="194" w="80" /><ent r="4" t="194" w="172" /><ent r="3" t="195" w="247" /><ent r="3" t="195" w="259" /><ent r="3" t="195" w="266" /><ent r="4" t="195" w="745" /><ent r="4" t="198" w="328" /><ent r="4" t="198" w="337" /><ent r="3" t="208" w="257" /><ent r="3" t="208" w="279" /><ent r="4" t="208" w="419" /><ent r="4" t="208" w="428" /><ent r="4" t="208" w="518" /><ent r="4" t="208" w="608" /><ent r="4" t="208" w="632" /><ent r="4" t="208" w="639" /><ent r="3" t="208" w="686" /><ent r="3" t="209" w="65" /><ent r="3" t="209" w="77" /><ent r="3" t="209" w="84" /><ent r="3" t="213" w="575" /><ent r="3" t="213" w="844" /><ent r="3" t="220" w="36" /><ent r="3" t="222" w="41" /><ent r="3" t="228" w="21" /><ent r="3" t="228" w="55" /><ent r="3" t="233" w="47" /><ent r="3" t="233" w="78" /><ent r="3" t="233" w="98" /><ent r="4" t="236" w="46" /><ent r="3" t="238" w="107" /></phr></stem><stem n="same"><phr n="same"><ent r="3" t="1" w="128" /><ent r="3" t="1" w="218" /><ent r="3" t="4" w="15" /><ent r="4" t="25" w="96" /><ent r="3" t="44" w="328" /><ent r="3" t="44" w="591" /><ent r="3" t="48" w="38" /><ent r="3" t="48" w="258" /><ent r="3" t="68" w="156" /><ent r="3" t="78" w="45" /><ent r="5" t="90" w="411" /><ent r="4" t="92" w="180" /><ent r="4" t="109" w="385" /><ent r="3" t="117" w="244" /><ent r="3" t="125" w="136" /><ent r="3" t="128" w="40" /><ent r="3" t="128" w="94" /><ent r="3" t="137" w="71" /><ent r="5" t="153" w="387" /><ent r="5" t="153" w="822" /><ent r="4" t="154" w="391" /><ent r="3" t="158" w="889" /><ent r="5" t="165" w="425" /><ent r="3" t="167" w="299" /><ent r="4" t="167" w="792" /><ent r="3" t="167" w="959" /><ent r="3" t="168" w="99" /><ent r="3" t="169" w="135" /><ent r="3" t="170" w="131" /><ent r="3" t="173" w="39" /><ent r="4" t="175" w="351" /><ent r="3" t="180" w="337" /><ent r="4" t="180" w="2598" /><ent r="4" t="180" w="2702" /><ent r="3" t="182" w="838" /><ent r="4" t="182" w="1290" /><ent r="4" t="182" w="1693" /><ent r="3" t="183" w="285" /><ent r="3" t="183" w="311" /><ent r="3" t="183" w="1055" /><ent r="3" t="184" w="274" /><ent r="3" t="184" w="298" /><ent r="3" t="184" w="1201" /><ent r="7" t="187" w="1169" /><ent r="3" t="187" w="1500" /><ent r="6" t="191" w="79" /><ent r="3" t="195" w="336" /><ent r="3" t="195" w="479" /><ent r="3" t="197" w="72" /><ent r="4" t="198" w="345" /><ent r="7" t="199" w="631" /><ent r="7" t="199" w="657" /><ent r="3" t="208" w="287" /><ent r="4" t="208" w="521" /><ent r="4" t="208" w="544" /><ent r="4" t="208" w="591" /><ent r="3" t="209" w="154" /><ent r="4" t="236" w="23" /></phr></stem><stem n="again"><phr n="again"><ent r="3" t="1" w="134" /><ent r="3" t="98" w="70" /><ent r="3" t="169" w="546" /><ent r="3" t="173" w="212" /><ent r="4" t="179" w="1850" /><ent r="4" t="179" w="1868" /><ent r="4" t="180" w="1732" /><ent r="4" t="180" w="1812" /><ent r="4" t="182" w="1103" /><ent r="4" t="187" w="1342" /><ent r="3" t="231" w="73" /><ent r="4" t="231" w="81" /></phr></stem><stem n="-down"><phr n="-down"><ent r="100" t="1" w="136" /><ent r="100" t="1" w="136" /><ent r="3" t="1" w="145" /><ent r="3" t="1" w="145" /><ent r="3" t="1" w="197" /><ent r="3" t="1" w="197" /><ent r="3" t="1" w="223" /><ent r="3" t="1" w="223" /><ent r="4" t="1" w="281" /><ent r="4" t="1" w="281" /><ent r="3" t="4" w="20" /><ent r="3" t="4" w="20" /><ent r="4" t="4" w="136" /><ent r="4" t="4" w="136" /><ent r="7" t="7" w="98" /><ent r="7" t="7" w="98" /><ent r="7" t="9" w="25" /><ent r="7" t="9" w="25" /><ent r="7" t="11" w="102" /><ent r="7" t="11" w="102" /><ent r="7" t="12" w="52" /><ent r="7" t="12" w="52" /><ent r="6" t="12" w="74" /><ent r="6" t="12" w="74" /><ent r="7" t="13" w="152" /><ent r="7" t="13" w="152" /><ent r="7" t="13" w="178" /><ent r="7" t="13" w="178" /><ent r="6" t="14" w="200" /><ent r="6" t="14" w="200" /><ent r="6" t="14" w="226" /><ent r="6" t="14" w="226" /><ent r="4" t="18" w="148" /><ent r="4" t="18" w="148" /><ent r="4" t="23" w="58" /><ent r="4" t="23" w="58" /><ent r="4" t="26" w="143" /><ent r="4" t="26" w="143" /><ent r="3" t="26" w="317" /><ent r="3" t="26" w="317" /><ent r="5" t="26" w="470" /><ent r="5" t="26" w="470" /><ent r="5" t="26" w="511" /><ent r="5" t="26" w="511" /><ent r="4" t="32" w="154" /><ent r="4" t="32" w="154" /><ent r="4" t="44" w="237" /><ent r="4" t="44" w="237" /><ent r="4" t="44" w="312" /><ent r="4" t="44" w="312" /><ent r="4" t="49" w="221" /><ent r="4" t="49" w="221" /><ent r="5" t="49" w="400" /><ent r="5" t="49" w="400" /><ent r="3" t="59" w="51" /><ent r="3" t="59" w="51" /><ent r="4" t="60" w="137" /><ent r="4" t="60" w="137" /><ent r="4" t="61" w="40" /><ent r="4" t="61" w="40" /><ent r="4" t="61" w="56" /><ent r="4" t="61" w="56" /><ent r="100" t="64" w="7" /><ent r="100" t="64" w="7" /><ent r="100" t="64" w="11" /><ent r="100" t="64" w="11" /><ent r="3" t="64" w="59" /><ent r="3" t="64" w="59" /><ent r="4" t="65" w="50" /><ent r="4" t="65" w="50" /><ent r="4" t="66" w="113" /><ent r="4" t="66" w="113" /><ent r="4" t="67" w="188" /><ent r="4" t="67" w="188" /><ent r="4" t="67" w="206" /><ent r="4" t="67" w="206" /><ent r="4" t="94" w="113" /><ent r="4" t="94" w="113" /><ent r="4" t="95" w="97" /><ent r="4" t="95" w="97" /><ent r="4" t="95" w="222" /><ent r="4" t="95" w="222" /><ent r="4" t="96" w="99" /><ent r="4" t="96" w="99" /><ent r="3" t="99" w="101" /><ent r="3" t="99" w="101" /><ent r="3" t="104" w="163" /><ent r="3" t="104" w="163" /><ent r="4" t="108" w="464" /><ent r="4" t="108" w="464" /><ent r="4" t="110" w="301" /><ent r="4" t="110" w="301" /><ent r="4" t="110" w="479" /><ent r="4" t="110" w="479" /><ent r="100" t="115" w="19" /><ent r="100" t="115" w="19" /><ent r="3" t="115" w="148" /><ent r="3" t="115" w="148" /><ent r="3" t="121" w="97" /><ent r="3" t="121" w="97" /><ent r="4" t="122" w="214" /><ent r="4" t="122" w="214" /><ent r="4" t="123" w="46" /><ent r="4" t="123" w="46" /><ent r="4" t="123" w="58" /><ent r="4" t="123" w="58" /><ent r="4" t="123" w="64" /><ent r="4" t="123" w="64" /><ent r="3" t="123" w="89" /><ent r="3" t="123" w="89" /><ent r="3" t="123" w="113" /><ent r="3" t="123" w="113" /><ent r="3" t="123" w="157" /><ent r="3" t="123" w="157" /><ent r="3" t="123" w="176" /><ent r="3" t="123" w="176" /><ent r="3" t="123" w="186" /><ent r="3" t="123" w="186" /><ent r="3" t="123" w="199" /><ent r="3" t="123" w="199" /><ent r="3" t="123" w="207" /><ent r="3" t="123" w="207" /><ent r="3" t="123" w="216" /><ent r="3" t="123" w="216" /><ent r="3" t="123" w="222" /><ent r="3" t="123" w="222" /><ent r="3" t="123" w="253" /><ent r="3" t="123" w="253" /><ent r="4" t="123" w="276" /><ent r="4" t="123" w="276" /><ent r="4" t="123" w="289" /><ent r="4" t="123" w="289" /><ent r="3" t="123" w="311" /><ent r="3" t="123" w="311" /><ent r="4" t="123" w="329" /><ent r="4" t="123" w="329" /><ent r="3" t="123" w="342" /><ent r="3" t="123" w="342" /><ent r="4" t="123" w="429" /><ent r="4" t="123" w="429" /><ent r="3" t="123" w="460" /><ent r="3" t="123" w="460" /><ent r="4" t="123" w="554" /><ent r="4" t="123" w="554" /><ent r="4" t="123" w="567" /><ent r="4" t="123" w="567" /><ent r="3" t="129" w="345" /><ent r="3" t="129" w="345" /><ent r="3" t="129" w="411" /><ent r="3" t="129" w="411" /><ent r="4" t="129" w="447" /><ent r="4" t="129" w="447" /><ent r="4" t="136" w="67" /><ent r="4" t="136" w="67" /><ent r="3" t="144" w="374" /><ent r="3" t="144" w="374" /><ent r="3" t="144" w="410" /><ent r="3" t="144" w="410" /><ent r="4" t="148" w="127" /><ent r="4" t="148" w="127" /><ent r="3" t="148" w="144" /><ent r="3" t="148" w="144" /><ent r="4" t="149" w="141" /><ent r="4" t="149" w="141" /><ent r="3" t="149" w="180" /><ent r="3" t="149" w="180" /><ent r="4" t="150" w="139" /><ent r="4" t="150" w="139" /><ent r="4" t="152" w="136" /><ent r="4" t="152" w="136" /><ent r="4" t="153" w="337" /><ent r="4" t="153" w="337" /><ent r="4" t="153" w="563" /><ent r="4" t="153" w="563" /><ent r="4" t="153" w="772" /><ent r="4" t="153" w="772" /><ent r="4" t="153" w="998" /><ent r="4" t="153" w="998" /><ent r="3" t="154" w="166" /><ent r="3" t="154" w="166" /><ent r="3" t="154" w="183" /><ent r="3" t="154" w="183" /><ent r="3" t="155" w="157" /><ent r="3" t="155" w="157" /><ent r="4" t="156" w="240" /><ent r="4" t="156" w="240" /><ent r="4" t="156" w="259" /><ent r="4" t="156" w="259" /><ent r="4" t="156" w="374" /><ent r="4" t="156" w="374" /><ent r="4" t="156" w="493" /><ent r="4" t="156" w="493" /><ent r="4" t="156" w="549" /><ent r="4" t="156" w="549" /><ent r="4" t="156" w="561" /><ent r="4" t="156" w="561" /><ent r="4" t="156" w="606" /><ent r="4" t="156" w="606" /><ent r="4" t="156" w="651" /><ent r="4" t="156" w="651" /><ent r="3" t="156" w="731" /><ent r="3" t="156" w="731" /><ent r="3" t="156" w="761" /><ent r="3" t="156" w="761" /><ent r="4" t="157" w="350" /><ent r="4" t="157" w="350" /><ent r="4" t="157" w="466" /><ent r="4" t="157" w="466" /><ent r="4" t="157" w="522" /><ent r="4" t="157" w="522" /><ent r="4" t="157" w="534" /><ent r="4" t="157" w="534" /><ent r="4" t="157" w="579" /><ent r="4" t="157" w="579" /><ent r="4" t="157" w="624" /><ent r="4" t="157" w="624" /><ent r="3" t="157" w="704" /><ent r="3" t="157" w="704" /><ent r="3" t="157" w="734" /><ent r="3" t="157" w="734" /><ent r="4" t="158" w="347" /><ent r="4" t="158" w="347" /><ent r="4" t="158" w="463" /><ent r="4" t="158" w="463" /><ent r="4" t="158" w="519" /><ent r="4" t="158" w="519" /><ent r="4" t="158" w="531" /><ent r="4" t="158" w="531" /><ent r="4" t="158" w="576" /><ent r="4" t="158" w="576" /><ent r="4" t="158" w="621" /><ent r="4" t="158" w="621" /><ent r="3" t="158" w="701" /><ent r="3" t="158" w="701" /><ent r="3" t="158" w="731" /><ent r="3" t="158" w="731" /><ent r="3" t="161" w="206" /><ent r="3" t="161" w="206" /><ent r="4" t="163" w="166" /><ent r="4" t="163" w="166" /><ent r="3" t="163" w="194" /><ent r="3" t="163" w="194" /><ent r="3" t="163" w="209" /><ent r="3" t="163" w="209" /><ent r="3" t="164" w="148" /><ent r="3" t="164" w="148" /><ent r="4" t="165" w="415" /><ent r="4" t="165" w="415" /><ent r="4" t="165" w="602" /><ent r="4" t="165" w="602" /><ent r="4" t="167" w="392" /><ent r="4" t="167" w="392" /><ent r="4" t="167" w="566" /><ent r="4" t="167" w="566" /><ent r="4" t="167" w="603" /><ent r="4" t="167" w="603" /><ent r="4" t="179" w="1924" /><ent r="4" t="179" w="1924" /><ent r="4" t="179" w="1986" /><ent r="4" t="179" w="1986" /><ent r="6" t="180" w="881" /><ent r="6" t="180" w="881" /><ent r="3" t="180" w="1008" /><ent r="3" t="180" w="1008" /><ent r="4" t="180" w="1754" /><ent r="4" t="180" w="1754" /><ent r="3" t="180" w="2290" /><ent r="3" t="180" w="2290" /><ent r="4" t="180" w="2769" /><ent r="4" t="180" w="2769" /><ent r="3" t="181" w="1147" /><ent r="3" t="181" w="1147" /><ent r="3" t="181" w="1158" /><ent r="3" t="181" w="1158" /><ent r="3" t="184" w="1089" /><ent r="3" t="184" w="1089" /><ent r="3" t="184" w="1212" /><ent r="3" t="184" w="1212" /><ent r="4" t="186" w="631" /><ent r="4" t="186" w="631" /><ent r="4" t="186" w="1070" /><ent r="4" t="186" w="1070" /><ent r="3" t="187" w="321" /><ent r="3" t="187" w="321" /><ent r="7" t="187" w="1153" /><ent r="7" t="187" w="1153" /><ent r="4" t="188" w="521" /><ent r="4" t="188" w="521" /><ent r="4" t="189" w="50" /><ent r="4" t="189" w="50" /><ent r="3" t="190" w="21" /><ent r="3" t="190" w="21" /><ent r="3" t="195" w="302" /><ent r="3" t="195" w="302" /><ent r="3" t="195" w="309" /><ent r="3" t="195" w="309" /><ent r="3" t="198" w="185" /><ent r="3" t="198" w="185" /><ent r="4" t="198" w="320" /><ent r="4" t="198" w="320" /><ent r="6" t="200" w="99" /><ent r="6" t="200" w="99" /><ent r="3" t="208" w="146" /><ent r="3" t="208" w="146" /><ent r="3" t="209" w="120" /><ent r="3" t="209" w="120" /><ent r="3" t="209" w="127" /><ent r="3" t="209" w="127" /><ent r="3" t="212" w="90" /><ent r="3" t="212" w="90" /><ent r="4" t="213" w="212" /><ent r="4" t="213" w="212" /><ent r="4" t="213" w="327" /><ent r="4" t="213" w="327" /><ent r="4" t="213" w="475" /><ent r="4" t="213" w="475" /><ent r="4" t="213" w="594" /><ent r="4" t="213" w="594" /><ent r="4" t="213" w="649" /><ent r="4" t="213" w="649" /><ent r="4" t="213" w="661" /><ent r="4" t="213" w="661" /><ent r="4" t="213" w="706" /><ent r="4" t="213" w="706" /><ent r="4" t="213" w="751" /><ent r="4" t="213" w="751" /><ent r="3" t="213" w="836" /><ent r="3" t="213" w="836" /><ent r="3" t="213" w="866" /><ent r="3" t="213" w="866" /><ent r="3" t="215" w="248" /><ent r="3" t="215" w="248" /><ent r="3" t="216" w="179" /><ent r="3" t="216" w="179" /><ent r="3" t="217" w="138" /><ent r="3" t="217" w="138" /><ent r="3" t="218" w="177" /><ent r="3" t="218" w="177" /><ent r="4" t="219" w="241" /><ent r="4" t="219" w="241" /><ent r="4" t="219" w="293" /><ent r="4" t="219" w="293" /><ent r="3" t="227" w="194" /><ent r="3" t="227" w="194" /><ent r="6" t="230" w="220" /><ent r="6" t="230" w="220" /><ent r="6" t="230" w="429" /><ent r="6" t="230" w="429" /><ent r="4" t="232" w="135" /><ent r="4" t="232" w="135" /><ent r="4" t="232" w="211" /><ent r="4" t="232" w="211" /><ent r="3" t="234" w="20" /><ent r="3" t="234" w="20" /><ent r="3" t="235" w="20" /><ent r="3" t="235" w="20" /></phr><phr n="-Down"><ent r="92" t="1" w="140" /><ent r="92" t="1" w="140" /><ent r="68" t="11" w="107" /><ent r="68" t="11" w="107" /><ent r="1000" t="64" w="2" /><ent r="1000" t="64" w="2" /><ent r="102" t="64" w="17" /><ent r="102" t="64" w="17" /><ent r="3" t="64" w="23" /><ent r="3" t="64" w="23" /><ent r="92" t="115" w="136" /><ent r="92" t="115" w="136" /></phr></stem><stem n="drop"><phr n="drop"><ent r="100" t="1" w="136" /><ent r="3" t="1" w="145" /><ent r="3" t="1" w="223" /><ent r="4" t="1" w="281" /><ent r="3" t="4" w="20" /><ent r="4" t="4" w="136" /><ent r="7" t="7" w="98" /><ent r="7" t="8" w="157" /><ent r="7" t="9" w="25" /><ent r="7" t="11" w="102" /><ent r="7" t="12" w="52" /><ent r="6" t="12" w="74" /><ent r="7" t="13" w="152" /><ent r="7" t="13" w="178" /><ent r="6" t="14" w="200" /><ent r="6" t="14" w="226" /><ent r="4" t="18" w="148" /><ent r="4" t="23" w="58" /><ent r="4" t="26" w="143" /><ent r="3" t="26" w="317" /><ent r="5" t="26" w="470" /><ent r="5" t="26" w="511" /><ent r="4" t="32" w="154" /><ent r="4" t="44" w="237" /><ent r="4" t="44" w="312" /><ent r="4" t="49" w="221" /><ent r="5" t="49" w="400" /><ent r="3" t="59" w="51" /><ent r="4" t="60" w="137" /><ent r="4" t="61" w="40" /><ent r="4" t="61" w="56" /><ent r="3" t="62" w="97" /><ent r="3" t="62" w="117" /><ent r="3" t="62" w="127" /><ent r="100" t="64" w="7" /><ent r="100" t="64" w="11" /><ent r="3" t="64" w="59" /><ent r="4" t="65" w="50" /><ent r="4" t="66" w="113" /><ent r="4" t="67" w="188" /><ent r="4" t="67" w="206" /><ent r="3" t="69" w="104" /><ent r="3" t="74" w="293" /><ent r="3" t="77" w="218" /><ent r="3" t="77" w="236" /><ent r="4" t="94" w="113" /><ent r="4" t="95" w="97" /><ent r="4" t="95" w="222" /><ent r="4" t="96" w="99" /><ent r="3" t="99" w="101" /><ent r="3" t="104" w="163" /><ent r="4" t="108" w="464" /><ent r="4" t="110" w="301" /><ent r="4" t="110" w="479" /><ent r="100" t="115" w="19" /><ent r="100" t="115" w="130" /><ent r="3" t="115" w="148" /><ent r="3" t="121" w="97" /><ent r="4" t="122" w="214" /><ent r="4" t="123" w="46" /><ent r="4" t="123" w="58" /><ent r="4" t="123" w="64" /><ent r="3" t="123" w="89" /><ent r="3" t="123" w="113" /><ent r="3" t="123" w="157" /><ent r="3" t="123" w="176" /><ent r="3" t="123" w="186" /><ent r="3" t="123" w="199" /><ent r="3" t="123" w="207" /><ent r="3" t="123" w="216" /><ent r="3" t="123" w="222" /><ent r="4" t="123" w="276" /><ent r="4" t="123" w="289" /><ent r="4" t="123" w="329" /><ent r="3" t="123" w="342" /><ent r="4" t="123" w="429" /><ent r="3" t="123" w="460" /><ent r="4" t="123" w="554" /><ent r="4" t="123" w="567" /><ent r="3" t="125" w="178" /><ent r="3" t="126" w="38" /><ent r="3" t="126" w="119" /><ent r="3" t="129" w="345" /><ent r="3" t="129" w="411" /><ent r="4" t="129" w="447" /><ent r="4" t="136" w="67" /><ent r="3" t="141" w="18" /><ent r="3" t="144" w="374" /><ent r="3" t="144" w="410" /><ent r="4" t="148" w="127" /><ent r="3" t="148" w="144" /><ent r="4" t="149" w="141" /><ent r="3" t="149" w="180" /><ent r="4" t="150" w="139" /><ent r="4" t="152" w="136" /><ent r="4" t="153" w="337" /><ent r="4" t="153" w="563" /><ent r="4" t="153" w="772" /><ent r="4" t="153" w="998" /><ent r="3" t="154" w="166" /><ent r="3" t="154" w="183" /><ent r="3" t="155" w="157" /><ent r="4" t="156" w="240" /><ent r="4" t="156" w="259" /><ent r="4" t="156" w="374" /><ent r="4" t="156" w="493" /><ent r="4" t="156" w="549" /><ent r="4" t="156" w="561" /><ent r="4" t="156" w="606" /><ent r="4" t="156" w="651" /><ent r="3" t="156" w="731" /><ent r="3" t="156" w="761" /><ent r="4" t="157" w="350" /><ent r="4" t="157" w="466" /><ent r="4" t="157" w="522" /><ent r="4" t="157" w="534" /><ent r="4" t="157" w="579" /><ent r="4" t="157" w="624" /><ent r="3" t="157" w="704" /><ent r="3" t="157" w="734" /><ent r="4" t="158" w="347" /><ent r="4" t="158" w="463" /><ent r="4" t="158" w="519" /><ent r="4" t="158" w="531" /><ent r="4" t="158" w="576" /><ent r="4" t="158" w="621" /><ent r="3" t="158" w="701" /><ent r="3" t="158" w="731" /><ent r="3" t="161" w="206" /><ent r="4" t="163" w="166" /><ent r="3" t="163" w="194" /><ent r="3" t="163" w="209" /><ent r="3" t="164" w="148" /><ent r="4" t="165" w="415" /><ent r="4" t="165" w="602" /><ent r="4" t="167" w="392" /><ent r="4" t="167" w="566" /><ent r="4" t="167" w="603" /><ent r="4" t="179" w="347" /><ent r="4" t="179" w="571" /><ent r="4" t="179" w="1924" /><ent r="4" t="179" w="1986" /><ent r="4" t="180" w="498" /><ent r="6" t="180" w="881" /><ent r="3" t="180" w="912" /><ent r="3" t="180" w="1008" /><ent r="4" t="180" w="1754" /><ent r="3" t="180" w="2290" /><ent r="4" t="180" w="2769" /><ent r="4" t="181" w="209" /><ent r="3" t="181" w="1147" /><ent r="3" t="181" w="1158" /><ent r="4" t="181" w="1255" /><ent r="4" t="182" w="172" /><ent r="4" t="183" w="447" /><ent r="4" t="184" w="449" /><ent r="3" t="184" w="1089" /><ent r="3" t="184" w="1212" /><ent r="4" t="186" w="323" /><ent r="4" t="186" w="631" /><ent r="4" t="186" w="1070" /><ent r="3" t="187" w="321" /><ent r="3" t="187" w="483" /><ent r="3" t="187" w="531" /><ent r="3" t="187" w="684" /><ent r="4" t="187" w="771" /><ent r="7" t="187" w="1153" /><ent r="4" t="188" w="234" /><ent r="4" t="188" w="521" /><ent r="4" t="189" w="50" /><ent r="3" t="190" w="21" /><ent r="3" t="195" w="302" /><ent r="3" t="195" w="309" /><ent r="3" t="198" w="185" /><ent r="4" t="198" w="320" /><ent r="6" t="200" w="99" /><ent r="3" t="208" w="146" /><ent r="3" t="209" w="120" /><ent r="3" t="209" w="127" /><ent r="3" t="212" w="90" /><ent r="4" t="213" w="212" /><ent r="4" t="213" w="327" /><ent r="4" t="213" w="475" /><ent r="4" t="213" w="594" /><ent r="4" t="213" w="649" /><ent r="4" t="213" w="661" /><ent r="4" t="213" w="706" /><ent r="4" t="213" w="751" /><ent r="3" t="213" w="836" /><ent r="3" t="213" w="866" /><ent r="3" t="215" w="248" /><ent r="3" t="216" w="179" /><ent r="3" t="217" w="138" /><ent r="3" t="218" w="177" /><ent r="4" t="219" w="241" /><ent r="4" t="219" w="293" /><ent r="4" t="227" w="125" /><ent r="3" t="227" w="194" /><ent r="6" t="230" w="220" /><ent r="6" t="230" w="429" /><ent r="4" t="232" w="135" /><ent r="4" t="232" w="211" /><ent r="3" t="234" w="20" /><ent r="3" t="235" w="20" /></phr><phr n="Drop"><ent r="92" t="1" w="140" /><ent r="3" t="1" w="197" /><ent r="68" t="11" w="107" /><ent r="1000" t="64" w="2" /><ent r="102" t="64" w="17" /><ent r="3" t="64" w="23" /><ent r="92" t="115" w="136" /><ent r="3" t="123" w="253" /><ent r="3" t="123" w="311" /><ent r="3" t="123" w="394" /><ent r="3" t="123" w="443" /><ent r="64" t="140" w="192" /><ent r="1000" t="141" w="2" /><ent r="102" t="141" w="6" /><ent r="3" t="141" w="11" /><ent r="3" t="141" w="28" /><ent r="5" t="141" w="75" /><ent r="3" t="141" w="93" /><ent r="3" t="227" w="131" /></phr><phr n="dropped"><ent r="3" t="140" w="215" /></phr></stem></index>