﻿<?xml version="1.0" encoding="utf-8"?><index><stem n="desir"><phr n="desired"><ent r="4" t="1" w="425" /><ent r="4" t="18" w="140" /><ent r="3" t="18" w="162" /><ent r="4" t="21" w="266" /><ent r="4" t="110" w="462" /><ent r="4" t="167" w="1081" /><ent r="4" t="173" w="229" /><ent r="4" t="175" w="76" /><ent r="4" t="176" w="159" /><ent r="4" t="182" w="1451" /><ent r="4" t="182" w="1687" /><ent r="3" t="183" w="1014" /><ent r="4" t="189" w="124" /><ent r="3" t="195" w="284" /><ent r="4" t="195" w="425" /><ent r="4" t="195" w="574" /><ent r="4" t="195" w="706" /><ent r="3" t="209" w="102" /><ent r="4" t="213" w="244" /><ent r="4" t="213" w="359" /></phr></stem><stem n="locat"><phr n="location"><ent r="4" t="1" w="426" /><ent r="4" t="26" w="543" /><ent r="4" t="49" w="191" /><ent r="4" t="49" w="644" /><ent r="4" t="68" w="72" /><ent r="3" t="81" w="186" /><ent r="4" t="81" w="275" /><ent r="4" t="81" w="282" /><ent r="4" t="81" w="296" /><ent r="4" t="101" w="181" /><ent r="3" t="108" w="434" /><ent r="4" t="108" w="470" /><ent r="3" t="115" w="481" /><ent r="4" t="117" w="111" /><ent r="4" t="119" w="59" /><ent r="3" t="119" w="134" /><ent r="3" t="119" w="149" /><ent r="3" t="119" w="180" /><ent r="4" t="120" w="82" /><ent r="3" t="120" w="123" /><ent r="100" t="123" w="6" /><ent r="100" t="123" w="11" /><ent r="4" t="123" w="80" /><ent r="4" t="123" w="238" /><ent r="4" t="123" w="379" /><ent r="4" t="123" w="518" /><ent r="4" t="131" w="151" /><ent r="4" t="131" w="169" /><ent r="4" t="151" w="160" /><ent r="3" t="157" w="260" /><ent r="3" t="158" w="221" /><ent r="3" t="158" w="224" /><ent r="4" t="167" w="885" /><ent r="3" t="170" w="43" /><ent r="4" t="175" w="77" /><ent r="3" t="179" w="723" /><ent r="4" t="179" w="925" /><ent r="4" t="179" w="940" /><ent r="4" t="179" w="2104" /><ent r="3" t="180" w="349" /><ent r="4" t="180" w="2599" /><ent r="4" t="181" w="815" /><ent r="3" t="182" w="839" /><ent r="4" t="187" w="71" /><ent r="3" t="187" w="484" /><ent r="3" t="187" w="532" /><ent r="3" t="187" w="685" /><ent r="4" t="187" w="772" /><ent r="3" t="187" w="1397" /><ent r="3" t="187" w="1426" /><ent r="4" t="187" w="1465" /><ent r="3" t="187" w="1637" /><ent r="3" t="187" w="1695" /><ent r="4" t="187" w="1746" /><ent r="4" t="187" w="1757" /><ent r="4" t="187" w="1845" /><ent r="3" t="188" w="1360" /><ent r="3" t="188" w="1477" /><ent r="3" t="188" w="1491" /><ent r="3" t="210" w="24" /><ent r="6" t="230" w="118" /><ent r="100" t="235" w="4" /><ent r="3" t="238" w="331" /><ent r="3" t="238" w="345" /><ent r="3" t="238" w="373" /></phr><phr n="Location"><ent r="7" t="13" w="148" /><ent r="68" t="13" w="170" /><ent r="4" t="81" w="285" /><ent r="5" t="108" w="460" /><ent r="64" t="115" w="497" /><ent r="4" t="117" w="105" /><ent r="65" t="117" w="132" /><ent r="64" t="119" w="139" /><ent r="1000" t="123" w="3" /><ent r="102" t="123" w="15" /><ent r="3" t="123" w="19" /><ent r="5" t="123" w="243" /><ent r="5" t="123" w="384" /><ent r="5" t="123" w="523" /><ent r="4" t="131" w="130" /><ent r="5" t="156" w="257" /><ent r="92" t="187" w="1389" /><ent r="3" t="187" w="1405" /><ent r="3" t="187" w="1579" /><ent r="3" t="187" w="1604" /><ent r="3" t="187" w="1626" /><ent r="3" t="187" w="1647" /><ent r="3" t="187" w="1667" /><ent r="92" t="208" w="222" /><ent r="3" t="208" w="265" /><ent r="3" t="208" w="327" /><ent r="4" t="208" w="338" /><ent r="1000" t="235" w="1" /><ent r="102" t="235" w="7" /><ent r="3" t="235" w="18" /><ent r="6" t="243" w="331" /></phr><phr n="located"><ent r="4" t="70" w="151" /><ent r="3" t="73" w="76" /><ent r="3" t="73" w="92" /><ent r="3" t="107" w="37" /><ent r="3" t="123" w="212" /><ent r="3" t="125" w="503" /><ent r="3" t="125" w="528" /><ent r="4" t="189" w="90" /></phr><phr n="Locations"><ent r="65" t="81" w="74" /><ent r="92" t="81" w="125" /><ent r="3" t="81" w="129" /><ent r="4" t="120" w="98" /><ent r="5" t="131" w="123" /></phr><phr n="locations"><ent r="3" t="81" w="134" /><ent r="3" t="121" w="111" /><ent r="3" t="187" w="1570" /><ent r="3" t="238" w="385" /></phr><phr n="locator"><ent r="4" t="173" w="125" /></phr></stem><stem n="releas"><phr n="Release"><ent r="4" t="1" w="428" /><ent r="4" t="65" w="138" /><ent r="4" t="65" w="176" /><ent r="4" t="67" w="161" /><ent r="4" t="128" w="79" /><ent r="3" t="179" w="668" /><ent r="3" t="179" w="1645" /><ent r="4" t="179" w="2190" /><ent r="3" t="187" w="1086" /></phr><phr n="release"><ent r="4" t="36" w="71" /><ent r="4" t="84" w="95" /><ent r="3" t="128" w="110" /><ent r="3" t="180" w="2877" /><ent r="4" t="181" w="576" /><ent r="3" t="186" w="1055" /></phr><phr n="releases"><ent r="4" t="171" w="272" /><ent r="4" t="171" w="293" /></phr><phr n="releasing"><ent r="3" t="188" w="889" /></phr></stem><stem n="workspac"><phr n="workspace"><ent r="3" t="1" w="458" /><ent r="100" t="108" w="12" /><ent r="100" t="109" w="12" /><ent r="5" t="143" w="276" /><ent r="3" t="167" w="1029" /><ent r="4" t="213" w="286" /></phr><phr n="Workspace"><ent r="64" t="35" w="66" /><ent r="64" t="40" w="255" /><ent r="5" t="44" w="160" /><ent r="64" t="46" w="145" /><ent r="64" t="50" w="94" /><ent r="3" t="77" w="180" /><ent r="4" t="77" w="189" /><ent r="65" t="105" w="58" /><ent r="65" t="105" w="74" /><ent r="1000" t="108" w="2" /><ent r="102" t="108" w="7" /><ent r="3" t="108" w="18" /><ent r="4" t="108" w="74" /><ent r="5" t="108" w="134" /><ent r="1000" t="109" w="2" /><ent r="102" t="109" w="7" /><ent r="3" t="109" w="18" /><ent r="4" t="109" w="75" /><ent r="5" t="109" w="135" /><ent r="5" t="180" w="2690" /><ent r="5" t="181" w="694" /></phr></stem><stem n="minim"><phr n="minimized"><ent r="3" t="1" w="484" /></phr></stem><stem n="maxim"><phr n="maximized"><ent r="3" t="1" w="486" /><ent r="4" t="180" w="2367" /></phr><phr n="Maximized"><ent r="5" t="108" w="204" /></phr><phr n="Maximizes"><ent r="4" t="108" w="206" /></phr><phr n="Maximize"><ent r="4" t="180" w="2743" /><ent r="4" t="181" w="612" /></phr></stem><stem n="spectrum"><phr n="spectrum"><ent r="3" t="1" w="493" /><ent r="3" t="33" w="66" /><ent r="3" t="34" w="53" /><ent r="3" t="179" w="2389" /></phr></stem><stem n="histogram"><phr n="histogram"><ent r="3" t="1" w="496" /><ent r="5" t="7" w="297" /><ent r="100" t="87" w="4" /><ent r="3" t="87" w="129" /><ent r="100" t="88" w="13" /><ent r="100" t="88" w="16" /><ent r="3" t="88" w="23" /><ent r="4" t="88" w="53" /><ent r="100" t="89" w="4" /><ent r="5" t="89" w="268" /><ent r="100" t="90" w="8" /><ent r="3" t="90" w="49" /><ent r="7" t="90" w="136" /><ent r="7" t="90" w="149" /><ent r="5" t="90" w="264" /><ent r="5" t="90" w="278" /><ent r="5" t="90" w="292" /><ent r="5" t="90" w="378" /><ent r="5" t="90" w="391" /><ent r="6" t="90" w="506" /><ent r="5" t="90" w="576" /><ent r="5" t="90" w="640" /><ent r="5" t="90" w="669" /><ent r="7" t="90" w="706" /><ent r="100" t="91" w="16" /><ent r="3" t="91" w="28" /><ent r="4" t="91" w="87" /><ent r="3" t="94" w="121" /><ent r="3" t="94" w="157" /><ent r="3" t="97" w="23" /><ent r="65" t="98" w="23" /><ent r="4" t="98" w="31" /><ent r="3" t="98" w="47" /><ent r="3" t="98" w="63" /><ent r="4" t="99" w="79" /><ent r="64" t="99" w="132" /><ent r="3" t="99" w="148" /><ent r="4" t="99" w="169" /><ent r="100" t="100" w="6" /><ent r="100" t="100" w="11" /><ent r="100" t="101" w="7" /><ent r="4" t="109" w="430" /><ent r="5" t="153" w="688" /><ent r="5" t="153" w="1123" /><ent r="100" t="159" w="5" /><ent r="3" t="159" w="41" /><ent r="4" t="159" w="72" /><ent r="3" t="159" w="147" /><ent r="5" t="165" w="721" /><ent r="100" t="179" w="134" /><ent r="4" t="179" w="1097" /><ent r="3" t="179" w="1191" /><ent r="3" t="179" w="1215" /><ent r="3" t="179" w="1237" /><ent r="3" t="179" w="1511" /><ent r="3" t="179" w="1526" /><ent r="3" t="179" w="1618" /><ent r="3" t="179" w="1626" /><ent r="3" t="179" w="1654" /><ent r="4" t="179" w="1682" /><ent r="4" t="179" w="1705" /><ent r="4" t="179" w="1710" /><ent r="3" t="179" w="2387" /><ent r="3" t="237" w="20" /><ent r="4" t="237" w="44" /></phr><phr n="Histogram"><ent r="7" t="6" w="38" /><ent r="68" t="6" w="45" /><ent r="3" t="11" w="56" /><ent r="64" t="11" w="60" /><ent r="65" t="85" w="27" /><ent r="64" t="86" w="26" /><ent r="4" t="86" w="52" /><ent r="4" t="86" w="73" /><ent r="3" t="86" w="89" /><ent r="64" t="86" w="172" /><ent r="1000" t="87" w="1" /><ent r="102" t="87" w="7" /><ent r="3" t="87" w="11" /><ent r="3" t="87" w="51" /><ent r="4" t="87" w="70" /><ent r="3" t="87" w="84" /><ent r="3" t="87" w="107" /><ent r="92" t="87" w="219" /><ent r="64" t="87" w="232" /><ent r="64" t="87" w="238" /><ent r="64" t="87" w="243" /><ent r="1000" t="88" w="3" /><ent r="102" t="88" w="8" /><ent r="64" t="89" w="20" /><ent r="4" t="89" w="96" /><ent r="4" t="89" w="118" /><ent r="4" t="89" w="125" /><ent r="6" t="89" w="259" /><ent r="1000" t="90" w="4" /><ent r="102" t="90" w="14" /><ent r="64" t="90" w="33" /><ent r="3" t="90" w="76" /><ent r="3" t="90" w="97" /><ent r="3" t="90" w="118" /><ent r="68" t="90" w="141" /><ent r="67" t="90" w="154" /><ent r="68" t="90" w="223" /><ent r="66" t="90" w="249" /><ent r="7" t="90" w="547" /><ent r="67" t="90" w="718" /><ent r="1000" t="91" w="1" /><ent r="100" t="91" w="8" /><ent r="102" t="91" w="11" /><ent r="3" t="91" w="41" /><ent r="3" t="91" w="55" /><ent r="4" t="91" w="166" /><ent r="4" t="91" w="186" /><ent r="4" t="91" w="207" /><ent r="64" t="91" w="227" /><ent r="3" t="91" w="234" /><ent r="4" t="91" w="293" /><ent r="4" t="91" w="314" /><ent r="3" t="91" w="334" /><ent r="3" t="92" w="34" /><ent r="4" t="92" w="58" /><ent r="4" t="92" w="79" /><ent r="64" t="92" w="97" /><ent r="3" t="92" w="105" /><ent r="64" t="93" w="35" /><ent r="3" t="93" w="49" /><ent r="4" t="93" w="68" /><ent r="3" t="93" w="102" /><ent r="3" t="93" w="123" /><ent r="64" t="94" w="22" /><ent r="4" t="94" w="42" /><ent r="4" t="94" w="63" /><ent r="3" t="94" w="85" /><ent r="3" t="94" w="92" /><ent r="3" t="94" w="99" /><ent r="5" t="95" w="59" /><ent r="64" t="95" w="78" /><ent r="4" t="95" w="161" /><ent r="5" t="95" w="183" /><ent r="64" t="95" w="203" /><ent r="64" t="95" w="288" /><ent r="5" t="96" w="60" /><ent r="64" t="96" w="80" /><ent r="4" t="97" w="41" /><ent r="4" t="97" w="62" /><ent r="1000" t="100" w="3" /><ent r="102" t="100" w="16" /><ent r="64" t="100" w="26" /><ent r="3" t="100" w="79" /><ent r="4" t="100" w="87" /><ent r="4" t="100" w="94" /><ent r="3" t="100" w="117" /><ent r="3" t="100" w="129" /><ent r="1000" t="101" w="3" /><ent r="100" t="101" w="13" /><ent r="102" t="101" w="19" /><ent r="3" t="101" w="24" /><ent r="3" t="101" w="80" /><ent r="65" t="101" w="89" /><ent r="3" t="101" w="120" /><ent r="3" t="101" w="132" /><ent r="5" t="109" w="424" /><ent r="6" t="153" w="678" /><ent r="6" t="153" w="1113" /><ent r="1000" t="159" w="1" /><ent r="100" t="159" w="10" /><ent r="102" t="159" w="13" /><ent r="64" t="159" w="20" /><ent r="4" t="159" w="46" /><ent r="4" t="159" w="67" /><ent r="4" t="159" w="79" /><ent r="3" t="159" w="88" /><ent r="3" t="159" w="107" /><ent r="3" t="159" w="138" /><ent r="6" t="165" w="711" /><ent r="4" t="179" w="68" /><ent r="4" t="179" w="137" /><ent r="3" t="179" w="180" /><ent r="92" t="179" w="1093" /><ent r="4" t="179" w="1147" /><ent r="5" t="179" w="1159" /><ent r="3" t="179" w="1169" /><ent r="4" t="179" w="1179" /><ent r="3" t="179" w="1187" /><ent r="3" t="179" w="1211" /><ent r="3" t="179" w="1233" /><ent r="3" t="179" w="1252" /><ent r="3" t="179" w="1287" /><ent r="3" t="179" w="1458" /><ent r="4" t="179" w="1477" /><ent r="4" t="179" w="1482" /><ent r="4" t="179" w="1495" /><ent r="3" t="179" w="1505" /><ent r="4" t="179" w="1550" /><ent r="4" t="179" w="1564" /><ent r="4" t="179" w="1594" /><ent r="3" t="179" w="1599" /><ent r="4" t="179" w="1658" /><ent r="4" t="179" w="1713" /><ent r="4" t="179" w="1724" /><ent r="3" t="179" w="1778" /><ent r="4" t="179" w="1848" /><ent r="4" t="179" w="1854" /><ent r="4" t="179" w="1878" /><ent r="4" t="179" w="1895" /><ent r="64" t="213" w="46" /><ent r="5" t="226" w="177" /></phr><phr n="histograms"><ent r="4" t="91" w="112" /><ent r="6" t="153" w="293" /><ent r="6" t="153" w="728" /></phr></stem><stem n="(a"><phr n="(as"><ent r="3" t="1" w="498" /><ent r="4" t="20" w="215" /><ent r="3" t="33" w="36" /><ent r="3" t="78" w="129" /></phr><phr n="(a"><ent r="4" t="180" w="2804" /></phr></stem><stem n="well"><phr n="well"><ent r="3" t="1" w="499" /><ent r="5" t="20" w="68" /><ent r="5" t="20" w="78" /><ent r="4" t="20" w="357" /><ent r="3" t="76" w="47" /><ent r="3" t="80" w="31" /><ent r="3" t="86" w="146" /><ent r="4" t="92" w="193" /><ent r="4" t="147" w="212" /><ent r="3" t="150" w="169" /><ent r="3" t="178" w="196" /><ent r="4" t="179" w="1889" /><ent r="4" t="180" w="1152" /><ent r="3" t="183" w="1070" /><ent r="3" t="183" w="1083" /><ent r="3" t="188" w="857" /><ent r="3" t="200" w="41" /><ent r="3" t="200" w="51" /><ent r="3" t="238" w="416" /></phr><phr n="wells"><ent r="3" t="183" w="233" /><ent r="3" t="184" w="222" /></phr></stem><stem n=")"><phr n=")"><ent r="3" t="1" w="502" /><ent r="7" t="5" w="24" /><ent r="5" t="13" w="61" /><ent r="6" t="13" w="207" /><ent r="7" t="14" w="101" /><ent r="3" t="19" w="120" /><ent r="4" t="20" w="221" /><ent r="3" t="33" w="42" /><ent r="4" t="65" w="98" /><ent r="3" t="78" w="138" /><ent r="4" t="83" w="161" /><ent r="3" t="84" w="37" /><ent r="3" t="94" w="83" /><ent r="3" t="96" w="170" /><ent r="3" t="101" w="71" /><ent r="3" t="102" w="61" /><ent r="3" t="102" w="118" /><ent r="3" t="109" w="306" /><ent r="3" t="110" w="110" /><ent r="4" t="131" w="135" /><ent r="4" t="131" w="164" /><ent r="3" t="150" w="167" /><ent r="5" t="153" w="609" /><ent r="5" t="153" w="1044" /><ent r="3" t="157" w="975" /><ent r="5" t="165" w="642" /><ent r="3" t="167" w="288" /><ent r="4" t="171" w="165" /><ent r="4" t="172" w="192" /><ent r="4" t="172" w="262" /><ent r="4" t="173" w="223" /><ent r="3" t="174" w="35" /><ent r="4" t="175" w="152" /><ent r="4" t="175" w="192" /><ent r="4" t="175" w="250" /><ent r="4" t="176" w="186" /><ent r="3" t="177" w="143" /><ent r="3" t="179" w="1314" /><ent r="3" t="179" w="1318" /><ent r="4" t="179" w="1585" /><ent r="3" t="180" w="2233" /><ent r="3" t="180" w="2523" /><ent r="4" t="180" w="2926" /><ent r="4" t="180" w="3014" /><ent r="4" t="181" w="900" /><ent r="4" t="182" w="641" /><ent r="3" t="182" w="711" /><ent r="3" t="186" w="1036" /><ent r="7" t="187" w="1185" /><ent r="3" t="187" w="1276" /><ent r="7" t="188" w="936" /><ent r="3" t="188" w="1021" /><ent r="3" t="188" w="1093" /><ent r="3" t="193" w="201" /><ent r="3" t="193" w="203" /><ent r="4" t="194" w="98" /><ent r="4" t="194" w="126" /><ent r="4" t="194" w="136" /><ent r="4" t="194" w="201" /><ent r="4" t="194" w="211" /><ent r="3" t="197" w="24" /><ent r="3" t="197" w="33" /><ent r="3" t="197" w="38" /><ent r="6" t="199" w="254" /><ent r="6" t="199" w="281" /><ent r="7" t="199" w="296" /><ent r="7" t="199" w="372" /><ent r="7" t="199" w="591" /><ent r="5" t="208" w="442" /><ent r="4" t="208" w="598" /><ent r="4" t="208" w="624" /><ent r="3" t="208" w="680" /><ent r="6" t="230" w="24" /><ent r="4" t="231" w="98" /><ent r="6" t="240" w="66" /><ent r="6" t="240" w="72" /><ent r="6" t="241" w="63" /><ent r="6" t="241" w="69" /><ent r="6" t="242" w="51" /><ent r="6" t="242" w="57" /></phr></stem><stem n="although"><phr n="although"><ent r="3" t="1" w="508" /><ent r="4" t="55" w="102" /><ent r="3" t="183" w="1075" /><ent r="5" t="224" w="157" /></phr><phr n="Although"><ent r="3" t="169" w="94" /><ent r="3" t="184" w="1248" /></phr></stem><stem n="comput"><phr n="computer"><ent r="3" t="1" w="518" /><ent r="3" t="2" w="21" /><ent r="3" t="46" w="112" /><ent r="3" t="46" w="128" /><ent r="3" t="81" w="464" /><ent r="4" t="175" w="256" /><ent r="4" t="175" w="280" /><ent r="4" t="175" w="298" /><ent r="4" t="208" w="401" /></phr><phr n="computing"><ent r="6" t="90" w="359" /><ent r="3" t="93" w="30" /><ent r="3" t="197" w="52" /></phr><phr n="computes"><ent r="3" t="163" w="261" /><ent r="3" t="181" w="1132" /></phr><phr n="computed"><ent r="3" t="163" w="290" /><ent r="3" t="195" w="681" /><ent r="3" t="197" w="178" /></phr><phr n="compute"><ent r="3" t="170" w="19" /><ent r="3" t="180" w="232" /><ent r="3" t="195" w="623" /></phr></stem><stem n="screen"><phr n="screen"><ent r="3" t="1" w="519" /><ent r="3" t="37" w="96" /><ent r="4" t="108" w="310" /><ent r="4" t="109" w="195" /><ent r="3" t="115" w="352" /><ent r="3" t="161" w="189" /><ent r="3" t="165" w="81" /><ent r="3" t="176" w="145" /><ent r="4" t="179" w="1031" /><ent r="4" t="180" w="3036" /><ent r="4" t="180" w="3055" /><ent r="3" t="182" w="1435" /><ent r="6" t="230" w="120" /></phr></stem><stem n="action"><phr n="Actions"><ent r="92" t="1" w="526" /><ent r="64" t="1" w="554" /><ent r="1000" t="3" w="2" /><ent r="102" t="3" w="8" /><ent r="3" t="102" w="48" /></phr><phr n="actions"><ent r="3" t="1" w="532" /><ent r="100" t="3" w="5" /><ent r="3" t="81" w="414" /><ent r="7" t="90" w="214" /><ent r="3" t="102" w="20" /><ent r="3" t="102" w="25" /><ent r="3" t="115" w="54" /><ent r="3" t="170" w="303" /><ent r="3" t="176" w="97" /></phr><phr n="Action"><ent r="6" t="3" w="11" /><ent r="5" t="226" w="66" /></phr><phr n="action"><ent r="3" t="170" w="291" /></phr></stem><stem n="keyboard"><phr n="keyboard"><ent r="3" t="1" w="534" /><ent r="100" t="2" w="4" /><ent r="3" t="2" w="22" /><ent r="3" t="2" w="31" /><ent r="4" t="2" w="51" /><ent r="3" t="2" w="133" /><ent r="3" t="18" w="69" /><ent r="64" t="18" w="73" /><ent r="3" t="18" w="129" /><ent r="3" t="18" w="223" /><ent r="3" t="32" w="134" /><ent r="4" t="44" w="525" /><ent r="3" t="50" w="116" /><ent r="3" t="64" w="166" /><ent r="3" t="70" w="94" /><ent r="3" t="70" w="279" /><ent r="3" t="74" w="21" /><ent r="4" t="81" w="95" /><ent r="3" t="83" w="81" /><ent r="3" t="94" w="125" /><ent r="3" t="94" w="129" /><ent r="3" t="100" w="142" /><ent r="64" t="100" w="146" /><ent r="3" t="101" w="145" /><ent r="64" t="101" w="149" /><ent r="3" t="125" w="204" /><ent r="4" t="126" w="318" /><ent r="4" t="128" w="161" /><ent r="4" t="180" w="1513" /><ent r="3" t="180" w="1571" /><ent r="4" t="180" w="1952" /><ent r="3" t="181" w="1439" /><ent r="3" t="188" w="1075" /><ent r="3" t="188" w="1508" /><ent r="3" t="188" w="1546" /><ent r="4" t="198" w="278" /><ent r="3" t="213" w="149" /><ent r="64" t="213" w="153" /><ent r="100" t="226" w="5" /><ent r="100" t="226" w="14" /><ent r="4" t="227" w="240" /><ent r="4" t="228" w="150" /><ent r="3" t="238" w="277" /></phr><phr n="Keyboard"><ent r="64" t="1" w="548" /><ent r="1000" t="2" w="1" /><ent r="102" t="2" w="10" /><ent r="5" t="2" w="93" /><ent r="64" t="2" w="138" /><ent r="65" t="81" w="80" /><ent r="64" t="94" w="148" /><ent r="1000" t="226" w="2" /><ent r="102" t="226" w="18" /><ent r="5" t="228" w="95" /></phr></stem><stem n="throughout"><phr n="throughout"><ent r="3" t="1" w="542" /></phr><phr n="Throughout"><ent r="3" t="189" w="13" /></phr></stem><stem n="assign"><phr n="assign"><ent r="3" t="1" w="562" /><ent r="3" t="96" w="196" /><ent r="3" t="110" w="13" /><ent r="3" t="110" w="271" /><ent r="3" t="157" w="811" /><ent r="3" t="169" w="197" /><ent r="3" t="180" w="138" /><ent r="3" t="195" w="45" /><ent r="83" t="195" w="396" /><ent r="3" t="195" w="462" /><ent r="3" t="209" w="35" /></phr><phr n="assigned"><ent r="4" t="2" w="54" /><ent r="3" t="2" w="115" /><ent r="4" t="80" w="121" /><ent r="3" t="187" w="273" /><ent r="3" t="187" w="288" /><ent r="4" t="188" w="1205" /></phr><phr n="assigns"><ent r="4" t="55" w="98" /></phr></stem><stem n="own"><phr n="own"><ent r="3" t="1" w="564" /><ent r="3" t="2" w="38" /><ent r="3" t="23" w="134" /><ent r="3" t="38" w="43" /><ent r="3" t="62" w="168" /><ent r="4" t="81" w="94" /></phr></stem><stem n="support"><phr n="supports"><ent r="3" t="1" w="584" /><ent r="4" t="153" w="225" /><ent r="3" t="183" w="280" /><ent r="3" t="183" w="386" /><ent r="3" t="184" w="269" /><ent r="3" t="184" w="389" /><ent r="3" t="187" w="1031" /><ent r="3" t="188" w="122" /><ent r="3" t="232" w="84" /></phr><phr n="supported"><ent r="3" t="68" w="175" /><ent r="3" t="171" w="99" /><ent r="3" t="198" w="114" /><ent r="6" t="199" w="247" /><ent r="6" t="199" w="274" /><ent r="7" t="199" w="289" /><ent r="6" t="199" w="463" /><ent r="3" t="200" w="165" /></phr><phr n="support"><ent r="3" t="125" w="565" /><ent r="3" t="129" w="262" /><ent r="4" t="165" w="780" /><ent r="3" t="183" w="171" /><ent r="3" t="183" w="334" /><ent r="3" t="184" w="161" /><ent r="3" t="184" w="321" /><ent r="3" t="187" w="915" /><ent r="3" t="188" w="803" /><ent r="4" t="208" w="479" /></phr></stem><stem n="varieti"><phr n="variety"><ent r="3" t="1" w="586" /><ent r="3" t="90" w="23" /><ent r="3" t="180" w="2022" /></phr></stem><stem n="add"><phr n="add"><ent r="3" t="1" w="595" /><ent r="3" t="38" w="41" /><ent r="4" t="55" w="45" /><ent r="4" t="58" w="165" /><ent r="3" t="62" w="150" /><ent r="4" t="70" w="73" /><ent r="3" t="74" w="129" /><ent r="3" t="83" w="32" /><ent r="3" t="83" w="254" /><ent r="4" t="91" w="154" /><ent r="3" t="111" w="33" /><ent r="3" t="111" w="115" /><ent r="3" t="111" w="120" /><ent r="3" t="123" w="27" /><ent r="3" t="123" w="39" /><ent r="3" t="123" w="151" /><ent r="3" t="123" w="170" /><ent r="4" t="123" w="322" /><ent r="3" t="123" w="337" /><ent r="3" t="123" w="454" /><ent r="3" t="123" w="490" /><ent r="3" t="125" w="166" /><ent r="3" t="125" w="185" /><ent r="100" t="126" w="7" /><ent r="3" t="126" w="31" /><ent r="4" t="126" w="67" /><ent r="3" t="126" w="162" /><ent r="4" t="126" w="227" /><ent r="3" t="126" w="261" /><ent r="4" t="126" w="304" /><ent r="65" t="127" w="31" /><ent r="3" t="130" w="74" /><ent r="3" t="145" w="154" /><ent r="4" t="153" w="706" /><ent r="4" t="153" w="1141" /><ent r="4" t="156" w="432" /><ent r="4" t="157" w="405" /><ent r="4" t="158" w="402" /><ent r="4" t="165" w="742" /><ent r="4" t="171" w="183" /><ent r="4" t="180" w="1394" /><ent r="3" t="180" w="2250" /><ent r="4" t="182" w="1656" /><ent r="4" t="184" w="767" /><ent r="3" t="184" w="833" /><ent r="3" t="184" w="1235" /><ent r="4" t="186" w="125" /><ent r="4" t="186" w="233" /><ent r="3" t="186" w="951" /><ent r="3" t="186" w="972" /><ent r="4" t="186" w="983" /><ent r="3" t="186" w="1086" /><ent r="4" t="187" w="1764" /><ent r="4" t="188" w="78" /><ent r="4" t="188" w="757" /><ent r="4" t="189" w="127" /><ent r="4" t="198" w="361" /><ent r="4" t="213" w="533" /><ent r="3" t="219" w="38" /><ent r="4" t="219" w="70" /><ent r="3" t="219" w="155" /><ent r="3" t="219" w="174" /><ent r="3" t="227" w="203" /><ent r="3" t="231" w="21" /></phr><phr n="Add"><ent r="4" t="43" w="101" /><ent r="4" t="43" w="107" /><ent r="5" t="44" w="542" /><ent r="5" t="70" w="87" /><ent r="5" t="72" w="56" /><ent r="5" t="83" w="262" /><ent r="7" t="90" w="525" /><ent r="68" t="116" w="219" /><ent r="4" t="117" w="59" /><ent r="64" t="125" w="283" /><ent r="1000" t="126" w="1" /><ent r="102" t="126" w="24" /><ent r="4" t="145" w="149" /><ent r="5" t="156" w="450" /><ent r="4" t="156" w="712" /><ent r="5" t="157" w="423" /><ent r="4" t="157" w="685" /><ent r="5" t="158" w="420" /><ent r="4" t="158" w="682" /><ent r="4" t="180" w="2851" /><ent r="4" t="184" w="1099" /><ent r="4" t="184" w="1106" /><ent r="5" t="184" w="1172" /><ent r="3" t="184" w="1219" /><ent r="3" t="184" w="1230" /><ent r="4" t="186" w="67" /><ent r="92" t="186" w="923" /><ent r="3" t="186" w="1009" /><ent r="4" t="187" w="55" /><ent r="4" t="187" w="69" /><ent r="92" t="187" w="442" /><ent r="92" t="187" w="492" /><ent r="92" t="187" w="600" /><ent r="92" t="187" w="1387" /><ent r="4" t="187" w="1839" /><ent r="92" t="188" w="570" /><ent r="92" t="188" w="617" /><ent r="5" t="189" w="138" /><ent r="7" t="196" w="13" /><ent r="5" t="198" w="351" /><ent r="5" t="213" w="551" /><ent r="4" t="213" w="817" /><ent r="92" t="219" w="34" /><ent r="5" t="219" w="51" /><ent r="3" t="219" w="57" /><ent r="92" t="219" w="144" /><ent r="5" t="219" w="187" /><ent r="3" t="219" w="193" /><ent r="5" t="227" w="212" /><ent r="92" t="231" w="35" /><ent r="5" t="231" w="88" /><ent r="5" t="231" w="101" /><ent r="3" t="231" w="112" /><ent r="68" t="241" w="106" /></phr><phr n="adds"><ent r="4" t="83" w="267" /><ent r="4" t="180" w="2730" /></phr><phr n="Adds"><ent r="6" t="169" w="497" /><ent r="5" t="190" w="221" /><ent r="5" t="190" w="236" /></phr></stem><stem n="combin"><phr n="combination"><ent r="3" t="2" w="25" /><ent r="4" t="60" w="83" /><ent r="3" t="60" w="89" /><ent r="3" t="74" w="25" /><ent r="3" t="167" w="118" /><ent r="3" t="181" w="1588" /><ent r="3" t="228" w="43" /><ent r="3" t="238" w="285" /></phr><phr n="combine"><ent r="7" t="8" w="182" /></phr><phr n="combining"><ent r="3" t="169" w="23" /><ent r="3" t="169" w="46" /></phr><phr n="combinations"><ent r="4" t="181" w="1519" /><ent r="3" t="208" w="170" /></phr></stem><stem n="current"><phr n="currently"><ent r="4" t="2" w="53" /><ent r="3" t="2" w="114" /><ent r="6" t="3" w="143" /><ent r="7" t="13" w="165" /><ent r="7" t="13" w="194" /><ent r="3" t="47" w="23" /><ent r="4" t="47" w="78" /><ent r="4" t="49" w="120" /><ent r="3" t="68" w="174" /><ent r="3" t="71" w="36" /><ent r="3" t="77" w="148" /><ent r="3" t="77" w="196" /><ent r="3" t="77" w="343" /><ent r="3" t="77" w="366" /><ent r="3" t="89" w="276" /><ent r="5" t="90" w="629" /><ent r="3" t="92" w="26" /><ent r="3" t="108" w="334" /><ent r="3" t="115" w="389" /><ent r="3" t="144" w="141" /><ent r="3" t="144" w="244" /><ent r="3" t="144" w="448" /><ent r="3" t="144" w="612" /><ent r="3" t="179" w="1240" /><ent r="3" t="183" w="323" /><ent r="3" t="184" w="310" /><ent r="4" t="186" w="200" /><ent r="3" t="186" w="966" /><ent r="3" t="186" w="977" /><ent r="3" t="198" w="113" /><ent r="3" t="198" w="160" /><ent r="3" t="198" w="168" /><ent r="3" t="200" w="164" /><ent r="3" t="213" w="83" /><ent r="3" t="220" w="43" /><ent r="3" t="222" w="48" /><ent r="3" t="234" w="36" /><ent r="3" t="235" w="33" /><ent r="4" t="237" w="62" /></phr><phr n="current"><ent r="6" t="3" w="159" /><ent r="7" t="5" w="51" /><ent r="7" t="5" w="148" /><ent r="3" t="8" w="21" /><ent r="7" t="8" w="130" /><ent r="4" t="11" w="20" /><ent r="7" t="14" w="90" /><ent r="7" t="14" w="117" /><ent r="7" t="14" w="141" /><ent r="6" t="14" w="347" /><ent r="6" t="14" w="358" /><ent r="6" t="14" w="388" /><ent r="3" t="19" w="75" /><ent r="4" t="20" w="442" /><ent r="4" t="20" w="502" /><ent r="3" t="21" w="67" /><ent r="4" t="25" w="51" /><ent r="4" t="40" w="199" /><ent r="3" t="49" w="31" /><ent r="3" t="49" w="515" /><ent r="3" t="50" w="34" /><ent r="3" t="51" w="42" /><ent r="3" t="64" w="220" /><ent r="4" t="71" w="91" /><ent r="3" t="76" w="113" /><ent r="3" t="79" w="29" /><ent r="4" t="79" w="89" /><ent r="3" t="79" w="108" /><ent r="3" t="80" w="21" /><ent r="3" t="80" w="56" /><ent r="4" t="80" w="76" /><ent r="4" t="80" w="110" /><ent r="4" t="80" w="152" /><ent r="4" t="81" w="666" /><ent r="4" t="81" w="684" /><ent r="3" t="86" w="156" /><ent r="3" t="87" w="137" /><ent r="3" t="87" w="145" /><ent r="3" t="89" w="30" /><ent r="3" t="89" w="38" /><ent r="6" t="90" w="431" /><ent r="7" t="90" w="464" /><ent r="3" t="95" w="25" /><ent r="3" t="103" w="46" /><ent r="4" t="109" w="224" /><ent r="3" t="110" w="332" /><ent r="4" t="110" w="367" /><ent r="7" t="116" w="30" /><ent r="7" t="116" w="63" /><ent r="5" t="116" w="208" /><ent r="3" t="121" w="79" /><ent r="3" t="125" w="609" /><ent r="3" t="136" w="34" /><ent r="5" t="142" w="120" /><ent r="5" t="142" w="166" /><ent r="3" t="142" w="545" /><ent r="3" t="142" w="628" /><ent r="3" t="144" w="217" /><ent r="3" t="144" w="320" /><ent r="3" t="144" w="524" /><ent r="3" t="144" w="688" /><ent r="3" t="156" w="724" /><ent r="3" t="157" w="697" /><ent r="3" t="157" w="858" /><ent r="3" t="158" w="694" /><ent r="3" t="163" w="42" /><ent r="3" t="179" w="826" /><ent r="3" t="179" w="1510" /><ent r="3" t="183" w="142" /><ent r="3" t="183" w="373" /><ent r="3" t="184" w="132" /><ent r="3" t="184" w="360" /><ent r="3" t="185" w="296" /><ent r="3" t="187" w="936" /><ent r="3" t="187" w="957" /><ent r="3" t="188" w="825" /><ent r="3" t="188" w="846" /><ent r="5" t="190" w="203" /><ent r="6" t="191" w="69" /><ent r="3" t="193" w="135" /><ent r="3" t="195" w="92" /><ent r="4" t="195" w="717" /><ent r="4" t="195" w="726" /><ent r="3" t="198" w="103" /><ent r="3" t="213" w="68" /><ent r="3" t="213" w="829" /><ent r="7" t="240" w="82" /><ent r="7" t="240" w="152" /><ent r="7" t="240" w="164" /><ent r="7" t="242" w="101" /><ent r="7" t="242" w="116" /><ent r="7" t="242" w="137" /></phr><phr n="Current"><ent r="7" t="8" w="114" /><ent r="5" t="142" w="229" /><ent r="5" t="142" w="267" /><ent r="4" t="142" w="306" /><ent r="4" t="142" w="313" /><ent r="3" t="228" w="100" /><ent r="4" t="228" w="117" /></phr><phr n="Currently"><ent r="3" t="43" w="26" /><ent r="4" t="53" w="138" /><ent r="4" t="108" w="479" /></phr></stem></index>