﻿<?xml version="1.0" encoding="utf-8"?><index><stem n="element"><phr n="elements"><ent r="7" t="6" w="176" /><ent r="3" t="77" w="342" /><ent r="3" t="157" w="69" /><ent r="3" t="157" w="194" /><ent r="3" t="189" w="25" /></phr><phr n="element"><ent r="4" t="24" w="34" /><ent r="4" t="24" w="42" /><ent r="4" t="26" w="109" /><ent r="100" t="30" w="14" /><ent r="3" t="30" w="24" /><ent r="3" t="30" w="79" /><ent r="4" t="53" w="128" /><ent r="4" t="68" w="88" /><ent r="3" t="125" w="29" /><ent r="3" t="137" w="177" /><ent r="3" t="156" w="25" /><ent r="3" t="156" w="36" /><ent r="3" t="156" w="313" /><ent r="3" t="157" w="289" /><ent r="3" t="157" w="760" /><ent r="3" t="195" w="182" /><ent r="4" t="195" w="422" /><ent r="4" t="213" w="295" /><ent r="3" t="213" w="401" /><ent r="3" t="213" w="408" /><ent r="3" t="213" w="424" /><ent r="3" t="231" w="321" /></phr><phr n="Elements"><ent r="4" t="26" w="112" /><ent r="5" t="43" w="49" /><ent r="3" t="77" w="88" /><ent r="92" t="77" w="333" /><ent r="3" t="77" w="337" /><ent r="64" t="156" w="875" /><ent r="1000" t="157" w="2" /><ent r="100" t="157" w="6" /><ent r="100" t="157" w="11" /><ent r="102" t="157" w="14" /><ent r="3" t="157" w="19" /><ent r="3" t="157" w="77" /><ent r="4" t="157" w="91" /><ent r="3" t="157" w="941" /><ent r="6" t="185" w="525" /><ent r="3" t="195" w="170" /><ent r="5" t="195" w="415" /><ent r="65" t="195" w="449" /><ent r="4" t="213" w="298" /><ent r="64" t="231" w="15" /><ent r="64" t="243" w="19" /></phr><phr n="Element"><ent r="1000" t="30" w="4" /><ent r="102" t="30" w="9" /><ent r="5" t="90" w="591" /><ent r="5" t="145" w="78" /><ent r="5" t="165" w="252" /><ent r="5" t="180" w="748" /><ent r="5" t="181" w="1260" /><ent r="5" t="184" w="1113" /><ent r="3" t="187" w="997" /><ent r="3" t="187" w="1017" /><ent r="3" t="187" w="1020" /><ent r="3" t="187" w="1036" /><ent r="7" t="187" w="1145" /><ent r="7" t="188" w="994" /><ent r="3" t="188" w="1002" /><ent r="3" t="188" w="1007" /><ent r="3" t="188" w="1011" /><ent r="82" t="195" w="320" /><ent r="3" t="195" w="324" /><ent r="4" t="195" w="456" /><ent r="82" t="209" w="138" /><ent r="3" t="209" w="142" /><ent r="64" t="209" w="217" /></phr></stem><stem n="/menu"><phr n="/Menu"><ent r="6" t="7" w="14" /><ent r="7" t="11" w="90" /></phr></stem><stem n="button/menu"><phr n="Button/Menu"><ent r="6" t="7" w="14" /><ent r="6" t="7" w="13" /><ent r="7" t="11" w="90" /><ent r="7" t="11" w="89" /></phr></stem><stem n="must"><phr n="must"><ent r="6" t="7" w="38" /><ent r="6" t="7" w="53" /><ent r="3" t="13" w="32" /><ent r="3" t="19" w="78" /><ent r="4" t="20" w="399" /><ent r="3" t="21" w="210" /><ent r="3" t="22" w="53" /><ent r="4" t="26" w="63" /><ent r="4" t="28" w="231" /><ent r="3" t="43" w="29" /><ent r="4" t="48" w="160" /><ent r="3" t="58" w="124" /><ent r="3" t="63" w="57" /><ent r="3" t="87" w="178" /><ent r="3" t="96" w="31" /><ent r="4" t="108" w="498" /><ent r="3" t="110" w="259" /><ent r="6" t="111" w="13" /><ent r="3" t="112" w="33" /><ent r="3" t="119" w="151" /><ent r="3" t="129" w="167" /><ent r="3" t="130" w="85" /><ent r="3" t="134" w="56" /><ent r="3" t="137" w="172" /><ent r="5" t="167" w="182" /><ent r="3" t="167" w="424" /><ent r="3" t="172" w="35" /><ent r="4" t="172" w="49" /><ent r="4" t="180" w="1161" /><ent r="4" t="180" w="1546" /><ent r="4" t="182" w="806" /><ent r="3" t="182" w="826" /><ent r="4" t="183" w="676" /><ent r="4" t="186" w="134" /><ent r="4" t="186" w="182" /><ent r="3" t="187" w="883" /><ent r="3" t="187" w="1268" /><ent r="3" t="187" w="1309" /><ent r="3" t="187" w="1470" /><ent r="3" t="188" w="1085" /><ent r="3" t="188" w="1127" /><ent r="4" t="194" w="143" /><ent r="3" t="195" w="476" /><ent r="3" t="199" w="23" /><ent r="3" t="213" w="92" /><ent r="3" t="213" w="410" /><ent r="3" t="215" w="55" /><ent r="4" t="219" w="221" /><ent r="6" t="230" w="292" /><ent r="3" t="238" w="296" /></phr><phr n="Must"><ent r="4" t="197" w="143" /></phr></stem><stem n="rectangl"><phr n="rectangle"><ent r="6" t="7" w="64" /><ent r="6" t="7" w="74" /><ent r="6" t="38" w="87" /><ent r="4" t="40" w="181" /><ent r="4" t="47" w="70" /><ent r="3" t="47" w="96" /><ent r="4" t="49" w="174" /><ent r="7" t="59" w="74" /><ent r="7" t="116" w="261" /><ent r="7" t="116" w="295" /><ent r="3" t="125" w="153" /><ent r="3" t="125" w="235" /><ent r="3" t="125" w="349" /><ent r="3" t="125" w="511" /><ent r="4" t="126" w="325" /><ent r="3" t="162" w="128" /><ent r="4" t="175" w="119" /><ent r="3" t="179" w="703" /><ent r="4" t="182" w="1173" /><ent r="4" t="182" w="1216" /><ent r="7" t="190" w="44" /><ent r="7" t="190" w="48" /><ent r="7" t="241" w="163" /><ent r="7" t="241" w="201" /></phr><phr n="Rectangle"><ent r="5" t="40" w="167" /><ent r="4" t="173" w="85" /><ent r="5" t="179" w="628" /><ent r="3" t="179" w="636" /><ent r="4" t="181" w="648" /><ent r="4" t="181" w="890" /><ent r="6" t="230" w="148" /><ent r="6" t="230" w="150" /><ent r="6" t="230" w="198" /><ent r="6" t="230" w="200" /><ent r="6" t="230" w="240" /><ent r="6" t="230" w="242" /><ent r="6" t="230" w="302" /><ent r="6" t="230" w="304" /><ent r="6" t="230" w="370" /><ent r="6" t="230" w="372" /><ent r="6" t="230" w="412" /><ent r="6" t="230" w="414" /><ent r="6" t="230" w="451" /><ent r="6" t="230" w="453" /><ent r="6" t="230" w="486" /><ent r="6" t="230" w="488" /><ent r="6" t="230" w="532" /><ent r="6" t="230" w="534" /></phr></stem><stem n="percentag"><phr n="percentage"><ent r="7" t="7" w="82" /><ent r="7" t="7" w="88" /><ent r="7" t="7" w="95" /><ent r="4" t="40" w="154" /><ent r="4" t="40" w="165" /><ent r="4" t="40" w="225" /><ent r="3" t="47" w="330" /><ent r="4" t="108" w="224" /><ent r="4" t="108" w="289" /><ent r="4" t="179" w="873" /><ent r="3" t="180" w="1074" /></phr><phr n="Percentage"><ent r="5" t="108" w="217" /><ent r="5" t="108" w="279" /><ent r="6" t="153" w="420" /><ent r="6" t="153" w="855" /><ent r="5" t="154" w="398" /><ent r="6" t="165" w="458" /><ent r="3" t="184" w="780" /><ent r="5" t="236" w="56" /></phr></stem><stem n="choos"><phr n="choose"><ent r="7" t="7" w="86" /><ent r="4" t="20" w="109" /><ent r="4" t="79" w="72" /><ent r="3" t="79" w="103" /><ent r="3" t="167" w="1045" /><ent r="4" t="176" w="114" /><ent r="4" t="180" w="2543" /><ent r="4" t="181" w="1343" /><ent r="4" t="186" w="252" /><ent r="4" t="195" w="549" /><ent r="4" t="195" w="722" /><ent r="6" t="230" w="282" /><ent r="6" t="230" w="433" /></phr><phr n="choosing"><ent r="3" t="158" w="263" /></phr><phr n="Choose"><ent r="5" t="167" w="869" /><ent r="4" t="179" w="2102" /><ent r="4" t="183" w="851" /><ent r="5" t="198" w="312" /></phr><phr n="chooses"><ent r="4" t="197" w="85" /></phr></stem><stem n="type"><phr n="type"><ent r="7" t="7" w="102" /><ent r="4" t="24" w="69" /><ent r="5" t="27" w="78" /><ent r="4" t="28" w="218" /><ent r="4" t="28" w="228" /><ent r="4" t="30" w="62" /><ent r="4" t="32" w="162" /><ent r="4" t="53" w="113" /><ent r="4" t="55" w="73" /><ent r="4" t="60" w="143" /><ent r="4" t="65" w="56" /><ent r="3" t="85" w="249" /><ent r="100" t="89" w="7" /><ent r="100" t="89" w="10" /><ent r="3" t="89" w="85" /><ent r="4" t="89" w="111" /><ent r="4" t="89" w="170" /><ent r="3" t="89" w="272" /><ent r="5" t="90" w="188" /><ent r="7" t="90" w="461" /><ent r="4" t="95" w="247" /><ent r="3" t="102" w="99" /><ent r="3" t="110" w="266" /><ent r="3" t="115" w="285" /><ent r="3" t="115" w="299" /><ent r="4" t="117" w="82" /><ent r="4" t="123" w="235" /><ent r="4" t="123" w="376" /><ent r="4" t="123" w="515" /><ent r="100" t="125" w="9" /><ent r="3" t="125" w="110" /><ent r="3" t="125" w="549" /><ent r="3" t="125" w="597" /><ent r="3" t="125" w="610" /><ent r="3" t="125" w="666" /><ent r="3" t="126" w="107" /><ent r="3" t="128" w="41" /><ent r="3" t="129" w="166" /><ent r="4" t="131" w="148" /><ent r="4" t="144" w="85" /><ent r="3" t="144" w="414" /><ent r="4" t="147" w="191" /><ent r="4" t="148" w="136" /><ent r="3" t="149" w="73" /><ent r="4" t="149" w="150" /><ent r="3" t="149" w="172" /><ent r="3" t="150" w="173" /><ent r="4" t="151" w="193" /><ent r="4" t="152" w="145" /><ent r="4" t="153" w="570" /><ent r="4" t="153" w="1005" /><ent r="3" t="154" w="175" /><ent r="4" t="155" w="149" /><ent r="4" t="156" w="381" /><ent r="4" t="156" w="461" /><ent r="3" t="157" w="191" /><ent r="4" t="157" w="357" /><ent r="4" t="157" w="434" /><ent r="4" t="158" w="354" /><ent r="4" t="158" w="431" /><ent r="3" t="162" w="154" /><ent r="3" t="163" w="201" /><ent r="3" t="164" w="124" /><ent r="4" t="165" w="609" /><ent r="3" t="167" w="672" /><ent r="3" t="167" w="685" /><ent r="3" t="167" w="741" /><ent r="3" t="167" w="754" /><ent r="4" t="167" w="786" /><ent r="4" t="167" w="796" /><ent r="3" t="169" w="137" /><ent r="5" t="177" w="111" /><ent r="3" t="180" w="2645" /><ent r="3" t="181" w="786" /><ent r="3" t="181" w="1420" /><ent r="3" t="183" w="286" /><ent r="3" t="184" w="275" /><ent r="3" t="184" w="698" /><ent r="3" t="184" w="1254" /><ent r="3" t="187" w="870" /><ent r="3" t="187" w="880" /><ent r="3" t="187" w="886" /><ent r="3" t="187" w="937" /><ent r="3" t="187" w="958" /><ent r="3" t="187" w="971" /><ent r="3" t="187" w="1054" /><ent r="3" t="187" w="1057" /><ent r="7" t="187" w="1160" /><ent r="3" t="187" w="1574" /><ent r="3" t="188" w="826" /><ent r="3" t="188" w="847" /><ent r="3" t="188" w="861" /><ent r="4" t="188" w="1517" /><ent r="3" t="188" w="1530" /><ent r="3" t="190" w="27" /><ent r="3" t="195" w="642" /><ent r="7" t="199" w="162" /><ent r="7" t="199" w="181" /><ent r="7" t="199" w="186" /><ent r="7" t="199" w="321" /><ent r="7" t="199" w="581" /><ent r="3" t="199" w="733" /><ent r="3" t="199" w="738" /><ent r="3" t="199" w="745" /><ent r="3" t="208" w="31" /><ent r="3" t="208" w="35" /><ent r="4" t="213" w="482" /><ent r="4" t="213" w="562" /><ent r="3" t="215" w="303" /><ent r="4" t="217" w="231" /><ent r="4" t="219" w="235" /><ent r="4" t="231" w="133" /><ent r="3" t="238" w="179" /></phr><phr n="types"><ent r="3" t="21" w="139" /><ent r="3" t="22" w="94" /><ent r="3" t="22" w="123" /><ent r="3" t="48" w="199" /><ent r="4" t="53" w="151" /><ent r="4" t="55" w="85" /><ent r="4" t="81" w="71" /><ent r="3" t="85" w="25" /><ent r="3" t="109" w="295" /><ent r="3" t="110" w="44" /><ent r="3" t="125" w="332" /><ent r="3" t="125" w="568" /><ent r="3" t="125" w="583" /><ent r="4" t="143" w="152" /><ent r="4" t="167" w="601" /><ent r="4" t="167" w="613" /><ent r="3" t="169" w="146" /><ent r="3" t="184" w="1265" /><ent r="3" t="187" w="178" /><ent r="3" t="187" w="254" /><ent r="3" t="187" w="905" /><ent r="3" t="187" w="917" /><ent r="3" t="187" w="943" /><ent r="3" t="187" w="964" /><ent r="3" t="187" w="1014" /><ent r="3" t="187" w="1033" /><ent r="3" t="188" w="805" /><ent r="3" t="188" w="832" /><ent r="3" t="188" w="853" /><ent r="7" t="199" w="170" /><ent r="7" t="199" w="355" /><ent r="4" t="231" w="146" /><ent r="100" t="243" w="7" /></phr><phr n="Type"><ent r="3" t="26" w="320" /><ent r="5" t="26" w="538" /><ent r="4" t="43" w="121" /><ent r="5" t="49" w="403" /><ent r="4" t="83" w="212" /><ent r="64" t="87" w="197" /><ent r="1000" t="89" w="2" /><ent r="102" t="89" w="13" /><ent r="5" t="89" w="130" /><ent r="4" t="89" w="160" /><ent r="7" t="90" w="453" /><ent r="68" t="90" w="469" /><ent r="5" t="110" w="487" /><ent r="82" t="125" w="306" /><ent r="6" t="125" w="357" /><ent r="4" t="126" w="114" /><ent r="5" t="136" w="65" /><ent r="5" t="153" w="559" /><ent r="5" t="153" w="994" /><ent r="5" t="156" w="557" /><ent r="4" t="156" w="581" /><ent r="4" t="156" w="626" /><ent r="5" t="157" w="530" /><ent r="4" t="157" w="554" /><ent r="4" t="157" w="599" /><ent r="5" t="158" w="527" /><ent r="4" t="158" w="551" /><ent r="4" t="158" w="596" /><ent r="4" t="163" w="154" /><ent r="5" t="165" w="598" /><ent r="5" t="167" w="562" /><ent r="4" t="180" w="997" /><ent r="3" t="180" w="1016" /><ent r="4" t="180" w="2464" /><ent r="3" t="180" w="2888" /><ent r="5" t="181" w="930" /><ent r="5" t="181" w="1222" /><ent r="3" t="186" w="602" /><ent r="3" t="186" w="1167" /><ent r="5" t="187" w="647" /><ent r="5" t="187" w="736" /><ent r="3" t="187" w="1597" /><ent r="3" t="187" w="1618" /><ent r="3" t="187" w="1639" /><ent r="3" t="187" w="1659" /><ent r="3" t="188" w="665" /><ent r="3" t="188" w="678" /><ent r="3" t="188" w="704" /><ent r="3" t="188" w="1433" /><ent r="4" t="195" w="571" /><ent r="3" t="212" w="93" /><ent r="5" t="213" w="657" /><ent r="4" t="213" w="681" /><ent r="4" t="213" w="726" /><ent r="3" t="215" w="251" /><ent r="3" t="216" w="182" /><ent r="3" t="217" w="141" /><ent r="3" t="218" w="180" /><ent r="5" t="219" w="239" /><ent r="4" t="227" w="226" /><ent r="5" t="231" w="137" /><ent r="64" t="237" w="133" /><ent r="6" t="243" w="30" /><ent r="6" t="243" w="33" /></phr><phr n="Types"><ent r="64" t="126" w="133" /><ent r="65" t="231" w="151" /><ent r="1000" t="243" w="3" /><ent r="102" t="243" w="11" /></phr><phr n="typing"><ent r="4" t="142" w="439" /><ent r="3" t="180" w="1536" /><ent r="3" t="195" w="288" /><ent r="3" t="209" w="106" /><ent r="3" t="220" w="139" /><ent r="3" t="222" w="144" /></phr><phr n="typed"><ent r="3" t="187" w="1422" /></phr></stem><stem n="amount"><phr n="amount"><ent r="7" t="7" w="105" /><ent r="6" t="14" w="352" /><ent r="3" t="46" w="31" /><ent r="3" t="167" w="69" /><ent r="3" t="181" w="165" /><ent r="4" t="181" w="1533" /></phr></stem><stem n="fit"><phr n="fit"><ent r="6" t="7" w="111" /><ent r="3" t="108" w="400" /><ent r="3" t="110" w="133" /><ent r="3" t="110" w="143" /><ent r="5" t="116" w="197" /><ent r="3" t="144" w="207" /><ent r="3" t="144" w="310" /><ent r="3" t="144" w="514" /><ent r="3" t="144" w="678" /><ent r="3" t="165" w="75" /><ent r="3" t="179" w="823" /><ent r="3" t="179" w="850" /><ent r="3" t="183" w="355" /><ent r="3" t="184" w="342" /><ent r="3" t="192" w="16" /><ent r="3" t="192" w="54" /><ent r="3" t="192" w="60" /><ent r="3" t="192" w="78" /><ent r="3" t="192" w="116" /><ent r="5" t="226" w="372" /><ent r="3" t="238" w="31" /><ent r="3" t="238" w="47" /></phr><phr n="Fit"><ent r="5" t="40" w="187" /><ent r="3" t="49" w="492" /><ent r="5" t="108" w="261" /><ent r="3" t="179" w="786" /><ent r="4" t="179" w="810" /><ent r="3" t="179" w="841" /><ent r="4" t="180" w="827" /><ent r="4" t="180" w="1239" /><ent r="4" t="180" w="1805" /><ent r="4" t="180" w="2356" /><ent r="4" t="180" w="3042" /><ent r="4" t="181" w="630" /><ent r="4" t="182" w="393" /><ent r="4" t="186" w="693" /><ent r="7" t="242" w="125" /></phr><phr n="fits"><ent r="4" t="40" w="196" /><ent r="5" t="116" w="205" /><ent r="7" t="242" w="134" /></phr></stem><stem n="rotat"><phr n="Rotates"><ent r="6" t="7" w="137" /><ent r="6" t="7" w="147" /><ent r="6" t="7" w="181" /><ent r="5" t="7" w="238" /><ent r="5" t="7" w="253" /><ent r="7" t="39" w="77" /><ent r="7" t="39" w="90" /><ent r="7" t="39" w="127" /></phr><phr n="Rotate"><ent r="67" t="7" w="145" /><ent r="67" t="7" w="155" /><ent r="67" t="7" w="167" /><ent r="67" t="7" w="179" /><ent r="67" t="7" w="216" /><ent r="67" t="7" w="236" /><ent r="67" t="7" w="280" /><ent r="6" t="38" w="102" /><ent r="67" t="38" w="107" /><ent r="1000" t="39" w="1" /><ent r="102" t="39" w="5" /><ent r="3" t="39" w="8" /><ent r="3" t="39" w="24" /><ent r="4" t="39" w="42" /><ent r="7" t="39" w="73" /><ent r="7" t="39" w="86" /><ent r="7" t="39" w="124" /><ent r="7" t="39" w="163" /><ent r="3" t="43" w="210" /><ent r="64" t="43" w="218" /><ent r="3" t="69" w="139" /><ent r="4" t="176" w="326" /><ent r="4" t="176" w="328" /><ent r="4" t="179" w="1022" /><ent r="4" t="179" w="1064" /><ent r="5" t="226" w="213" /><ent r="5" t="226" w="221" /><ent r="5" t="226" w="229" /></phr><phr n="rotation"><ent r="6" t="7" w="209" /><ent r="7" t="39" w="155" /><ent r="4" t="43" w="37" /><ent r="4" t="43" w="178" /><ent r="4" t="72" w="111" /><ent r="3" t="179" w="1052" /><ent r="6" t="230" w="514" /></phr><phr n="rotate"><ent r="6" t="7" w="222" /><ent r="7" t="11" w="174" /><ent r="100" t="39" w="3" /><ent r="3" t="39" w="17" /><ent r="3" t="39" w="47" /><ent r="7" t="39" w="169" /><ent r="3" t="43" w="134" /><ent r="3" t="43" w="152" /><ent r="3" t="48" w="58" /><ent r="3" t="48" w="190" /><ent r="3" t="69" w="134" /><ent r="3" t="134" w="47" /><ent r="4" t="179" w="65" /><ent r="3" t="179" w="120" /><ent r="4" t="182" w="1685" /></phr><phr n="rotates"><ent r="3" t="42" w="21" /><ent r="3" t="43" w="12" /><ent r="4" t="179" w="1040" /></phr><phr n="rotated"><ent r="4" t="42" w="56" /><ent r="3" t="171" w="61" /><ent r="3" t="182" w="134" /></phr><phr n="Rotation"><ent r="4" t="43" w="195" /><ent r="4" t="43" w="200" /><ent r="6" t="230" w="504" /><ent r="6" t="230" w="507" /><ent r="6" t="230" w="550" /></phr></stem><stem n="counterclockwis"><phr n="counterclockwise"><ent r="6" t="7" w="141" /></phr></stem><stem n="90°"><phr n="90°"><ent r="6" t="7" w="143" /><ent r="6" t="7" w="153" /><ent r="7" t="39" w="75" /><ent r="7" t="39" w="84" /><ent r="7" t="39" w="88" /><ent r="7" t="39" w="96" /></phr></stem><stem n="clockwis"><phr n="clockwise"><ent r="6" t="7" w="151" /><ent r="7" t="39" w="82" /><ent r="7" t="39" w="94" /><ent r="3" t="43" w="136" /><ent r="3" t="43" w="153" /></phr></stem><stem n="flip"><phr n="Flips"><ent r="6" t="7" w="157" /><ent r="6" t="7" w="169" /><ent r="7" t="39" w="101" /><ent r="7" t="39" w="114" /></phr><phr n="Flip"><ent r="7" t="39" w="98" /><ent r="7" t="39" w="111" /><ent r="4" t="179" w="1000" /><ent r="5" t="226" w="215" /><ent r="5" t="226" w="223" /></phr><phr n="flip"><ent r="4" t="179" w="64" /></phr><phr n="flips"><ent r="4" t="179" w="1005" /></phr></stem><stem n="horizont"><phr n="horizontally"><ent r="6" t="7" w="161" /><ent r="7" t="39" w="105" /><ent r="5" t="226" w="216" /></phr><phr n="Horizontally"><ent r="7" t="39" w="99" /><ent r="3" t="64" w="198" /></phr><phr n="horizontal"><ent r="7" t="59" w="127" /><ent r="7" t="59" w="183" /><ent r="3" t="64" w="185" /><ent r="3" t="168" w="68" /><ent r="4" t="179" w="1012" /></phr><phr n="Horizontal"><ent r="4" t="86" w="125" /><ent r="4" t="86" w="129" /></phr></stem><stem n="(from"><phr n="(from"><ent r="6" t="7" w="162" /><ent r="6" t="7" w="174" /><ent r="7" t="39" w="106" /><ent r="7" t="39" w="119" /></phr></stem><stem n=")."><phr n=")."><ent r="6" t="7" w="166" /><ent r="6" t="7" w="178" /><ent r="7" t="14" w="110" /><ent r="4" t="25" w="214" /><ent r="4" t="25" w="235" /><ent r="4" t="26" w="549" /><ent r="7" t="39" w="110" /><ent r="7" t="39" w="123" /><ent r="4" t="49" w="195" /><ent r="4" t="60" w="87" /><ent r="3" t="62" w="163" /><ent r="4" t="86" w="72" /><ent r="3" t="90" w="96" /><ent r="4" t="91" w="206" /><ent r="4" t="91" w="313" /><ent r="4" t="92" w="78" /><ent r="3" t="93" w="122" /><ent r="4" t="94" w="62" /><ent r="4" t="97" w="61" /><ent r="3" t="101" w="76" /><ent r="3" t="109" w="182" /><ent r="3" t="117" w="254" /><ent r="3" t="129" w="321" /><ent r="5" t="153" w="199" /><ent r="4" t="153" w="380" /><ent r="4" t="153" w="815" /><ent r="3" t="158" w="243" /><ent r="3" t="160" w="156" /><ent r="3" t="169" w="144" /><ent r="3" t="178" w="209" /><ent r="3" t="179" w="1472" /><ent r="4" t="179" w="1734" /><ent r="4" t="179" w="2071" /><ent r="4" t="180" w="1497" /><ent r="3" t="180" w="1609" /><ent r="4" t="180" w="2809" /><ent r="4" t="181" w="965" /><ent r="4" t="182" w="1457" /><ent r="4" t="188" w="479" /><ent r="6" t="191" w="50" /><ent r="7" t="199" w="150" /><ent r="7" t="199" w="390" /><ent r="3" t="208" w="336" /><ent r="4" t="208" w="561" /><ent r="3" t="208" w="732" /><ent r="6" t="230" w="270" /><ent r="4" t="231" w="110" /></phr></stem><stem n="vertic"><phr n="vertically"><ent r="6" t="7" w="173" /><ent r="7" t="39" w="118" /><ent r="5" t="226" w="224" /></phr><phr n="Vertically"><ent r="7" t="39" w="112" /><ent r="3" t="64" w="200" /><ent r="4" t="179" w="1001" /><ent r="4" t="180" w="2203" /><ent r="5" t="182" w="447" /></phr><phr n="vertical"><ent r="7" t="59" w="132" /><ent r="7" t="59" w="194" /><ent r="3" t="64" w="180" /><ent r="3" t="168" w="66" /></phr><phr n="vertices"><ent r="7" t="59" w="149" /><ent r="7" t="190" w="82" /></phr><phr n="Vertical"><ent r="4" t="86" w="127" /><ent r="4" t="86" w="132" /></phr></stem><stem n="top"><phr n="top"><ent r="6" t="7" w="175" /><ent r="5" t="7" w="243" /><ent r="7" t="39" w="120" /><ent r="3" t="42" w="28" /><ent r="4" t="42" w="59" /><ent r="3" t="115" w="378" /><ent r="4" t="141" w="66" /><ent r="3" t="156" w="346" /><ent r="3" t="157" w="322" /><ent r="3" t="158" w="318" /><ent r="3" t="160" w="136" /><ent r="4" t="179" w="2054" /><ent r="3" t="180" w="1568" /><ent r="3" t="187" w="816" /><ent r="3" t="187" w="863" /><ent r="3" t="187" w="952" /><ent r="3" t="187" w="1593" /><ent r="3" t="188" w="781" /><ent r="3" t="188" w="841" /><ent r="4" t="213" w="284" /><ent r="3" t="213" w="447" /></phr><phr n="Top"><ent r="3" t="64" w="183" /><ent r="3" t="156" w="321" /><ent r="83" t="156" w="327" /><ent r="3" t="156" w="335" /><ent r="4" t="156" w="438" /><ent r="3" t="156" w="735" /><ent r="3" t="157" w="297" /><ent r="83" t="157" w="303" /><ent r="3" t="157" w="311" /><ent r="4" t="157" w="411" /><ent r="3" t="157" w="708" /><ent r="3" t="158" w="293" /><ent r="83" t="158" w="299" /><ent r="3" t="158" w="307" /><ent r="4" t="158" w="408" /><ent r="3" t="158" w="705" /><ent r="100" t="213" w="222" /><ent r="65" t="213" w="227" /><ent r="100" t="213" w="337" /><ent r="65" t="213" w="342" /><ent r="92" t="213" w="429" /><ent r="3" t="213" w="436" /><ent r="4" t="213" w="539" /><ent r="3" t="213" w="840" /></phr></stem><stem n="bottom"><phr n="bottom"><ent r="6" t="7" w="177" /><ent r="7" t="39" w="122" /><ent r="3" t="44" w="403" /><ent r="3" t="69" w="72" /><ent r="3" t="77" w="99" /><ent r="3" t="81" w="361" /><ent r="3" t="87" w="116" /><ent r="3" t="110" w="242" /><ent r="3" t="110" w="518" /><ent r="3" t="115" w="361" /><ent r="3" t="156" w="348" /><ent r="3" t="157" w="324" /><ent r="3" t="158" w="320" /><ent r="4" t="169" w="369" /><ent r="3" t="176" w="142" /><ent r="3" t="179" w="1249" /><ent r="4" t="179" w="2057" /><ent r="3" t="180" w="1086" /><ent r="3" t="180" w="2079" /><ent r="4" t="180" w="3108" /><ent r="3" t="182" w="1432" /><ent r="3" t="213" w="449" /><ent r="3" t="238" w="126" /></phr><phr n="Bottom"><ent r="3" t="64" w="188" /><ent r="3" t="156" w="323" /><ent r="83" t="156" w="329" /><ent r="3" t="156" w="337" /><ent r="4" t="156" w="440" /><ent r="3" t="156" w="737" /><ent r="3" t="157" w="299" /><ent r="83" t="157" w="305" /><ent r="3" t="157" w="313" /><ent r="4" t="157" w="413" /><ent r="3" t="157" w="710" /><ent r="3" t="158" w="295" /><ent r="83" t="158" w="301" /><ent r="3" t="158" w="309" /><ent r="4" t="158" w="410" /><ent r="3" t="158" w="707" /><ent r="100" t="213" w="224" /><ent r="65" t="213" w="229" /><ent r="100" t="213" w="339" /><ent r="65" t="213" w="344" /><ent r="92" t="213" w="431" /><ent r="3" t="213" w="438" /><ent r="4" t="213" w="541" /><ent r="3" t="213" w="842" /></phr></stem><stem n="degre"><phr n="degrees"><ent r="6" t="7" w="189" /><ent r="6" t="7" w="210" /><ent r="7" t="39" w="135" /><ent r="7" t="39" w="156" /><ent r="3" t="43" w="159" /><ent r="3" t="150" w="164" /><ent r="4" t="170" w="214" /><ent r="4" t="179" w="1009" /><ent r="6" t="230" w="523" /><ent r="6" t="230" w="646" /><ent r="7" t="235" w="44" /><ent r="7" t="235" w="51" /><ent r="7" t="235" w="60" /><ent r="7" t="235" w="73" /></phr><phr n="Degrees"><ent r="5" t="170" w="199" /><ent r="7" t="188" w="945" /><ent r="7" t="235" w="65" /></phr><phr n="degree"><ent r="4" t="180" w="1482" /><ent r="3" t="180" w="1522" /><ent r="3" t="180" w="1573" /><ent r="3" t="192" w="14" /><ent r="3" t="192" w="23" /><ent r="3" t="192" w="52" /><ent r="3" t="192" w="58" /><ent r="3" t="192" w="76" /><ent r="3" t="192" w="114" /><ent r="3" t="199" w="706" /></phr></stem><stem n="enter"><phr n="enter"><ent r="6" t="7" w="191" /><ent r="6" t="7" w="207" /><ent r="3" t="19" w="55" /><ent r="3" t="19" w="79" /><ent r="4" t="20" w="288" /><ent r="4" t="20" w="314" /><ent r="3" t="24" w="59" /><ent r="4" t="26" w="169" /><ent r="4" t="27" w="68" /><ent r="4" t="29" w="86" /><ent r="3" t="30" w="52" /><ent r="7" t="39" w="137" /><ent r="7" t="39" w="153" /><ent r="4" t="40" w="212" /><ent r="4" t="43" w="35" /><ent r="4" t="43" w="111" /><ent r="3" t="43" w="142" /><ent r="3" t="43" w="147" /><ent r="4" t="44" w="608" /><ent r="4" t="50" w="235" /><ent r="4" t="83" w="239" /><ent r="7" t="90" w="302" /><ent r="3" t="103" w="28" /><ent r="3" t="103" w="62" /><ent r="3" t="110" w="97" /><ent r="4" t="110" w="384" /><ent r="4" t="110" w="463" /><ent r="3" t="112" w="39" /><ent r="3" t="124" w="41" /><ent r="3" t="125" w="269" /><ent r="4" t="135" w="62" /><ent r="3" t="144" w="330" /><ent r="4" t="153" w="315" /><ent r="4" t="153" w="750" /><ent r="4" t="156" w="662" /><ent r="4" t="157" w="635" /><ent r="4" t="158" w="632" /><ent r="4" t="158" w="839" /><ent r="3" t="163" w="298" /><ent r="4" t="165" w="384" /><ent r="3" t="167" w="828" /><ent r="3" t="168" w="138" /><ent r="3" t="180" w="1419" /><ent r="4" t="180" w="1487" /><ent r="3" t="180" w="1526" /><ent r="3" t="180" w="2881" /><ent r="4" t="185" w="432" /><ent r="4" t="187" w="640" /><ent r="4" t="187" w="663" /><ent r="4" t="187" w="729" /><ent r="4" t="189" w="118" /><ent r="3" t="195" w="277" /><ent r="4" t="195" w="710" /><ent r="3" t="209" w="95" /><ent r="4" t="213" w="762" /><ent r="4" t="216" w="247" /><ent r="4" t="223" w="53" /><ent r="4" t="223" w="92" /><ent r="4" t="224" w="61" /><ent r="4" t="231" w="126" /><ent r="4" t="231" w="160" /><ent r="3" t="232" w="61" /><ent r="3" t="233" w="40" /><ent r="3" t="233" w="71" /></phr><phr n="entered"><ent r="5" t="7" w="261" /><ent r="3" t="43" w="20" /><ent r="3" t="43" w="31" /><ent r="3" t="74" w="18" /><ent r="3" t="110" w="128" /><ent r="4" t="169" w="386" /><ent r="3" t="180" w="1581" /><ent r="3" t="180" w="1617" /><ent r="3" t="238" w="273" /><ent r="3" t="238" w="298" /><ent r="3" t="238" w="308" /></phr><phr n="Enter"><ent r="4" t="26" w="147" /><ent r="4" t="44" w="511" /><ent r="5" t="44" w="520" /><ent r="3" t="47" w="274" /><ent r="3" t="47" w="326" /><ent r="4" t="49" w="642" /><ent r="4" t="67" w="112" /><ent r="4" t="67" w="117" /><ent r="4" t="81" w="294" /><ent r="4" t="83" w="277" /><ent r="4" t="92" w="121" /><ent r="4" t="93" w="141" /><ent r="3" t="96" w="289" /><ent r="4" t="97" w="79" /><ent r="3" t="103" w="67" /><ent r="3" t="108" w="349" /><ent r="1000" t="124" w="1" /><ent r="102" t="124" w="9" /><ent r="4" t="126" w="90" /><ent r="4" t="126" w="136" /><ent r="4" t="126" w="204" /><ent r="65" t="126" w="237" /><ent r="64" t="129" w="465" /><ent r="4" t="142" w="415" /><ent r="3" t="144" w="163" /><ent r="3" t="144" w="266" /><ent r="3" t="144" w="470" /><ent r="3" t="144" w="634" /><ent r="4" t="165" w="221" /><ent r="4" t="168" w="232" /><ent r="4" t="169" w="347" /><ent r="5" t="180" w="1508" /><ent r="5" t="180" w="1642" /><ent r="4" t="180" w="3119" /><ent r="4" t="181" w="1434" /><ent r="3" t="186" w="595" /><ent r="3" t="186" w="1161" /><ent r="4" t="188" w="655" /><ent r="4" t="188" w="1503" /><ent r="4" t="188" w="1541" /><ent r="4" t="219" w="200" /><ent r="3" t="220" w="13" /><ent r="3" t="220" w="65" /><ent r="3" t="220" w="97" /><ent r="4" t="221" w="31" /><ent r="3" t="222" w="16" /><ent r="3" t="222" w="70" /><ent r="3" t="222" w="102" /><ent r="4" t="225" w="34" /><ent r="5" t="227" w="235" /><ent r="4" t="232" w="100" /></phr><phr n="entering"><ent r="4" t="75" w="64" /><ent r="3" t="180" w="1542" /><ent r="3" t="238" w="24" /></phr></stem></index>