﻿<?xml version="1.0" encoding="utf-8"?><index><stem n="version"><phr n="version"><ent r="4" t="2" w="57" /><ent r="4" t="77" w="302" /><ent r="3" t="77" w="370" /><ent r="3" t="78" w="35" /><ent r="3" t="78" w="46" /><ent r="3" t="112" w="45" /><ent r="3" t="124" w="61" /><ent r="3" t="175" w="43" /><ent r="3" t="182" w="1083" /><ent r="3" t="226" w="24" /></phr><phr n="Version"><ent r="3" t="124" w="65" /><ent r="5" t="199" w="62" /></phr></stem><stem n="option"><phr n="Options"><ent r="5" t="2" w="78" /><ent r="6" t="3" w="69" /><ent r="66" t="3" w="81" /><ent r="6" t="3" w="97" /><ent r="66" t="3" w="109" /><ent r="67" t="14" w="233" /><ent r="67" t="14" w="293" /><ent r="3" t="18" w="165" /><ent r="64" t="18" w="178" /><ent r="64" t="18" w="240" /><ent r="64" t="19" w="164" /><ent r="65" t="20" w="296" /><ent r="5" t="20" w="302" /><ent r="4" t="20" w="309" /><ent r="4" t="21" w="269" /><ent r="4" t="23" w="110" /><ent r="3" t="23" w="117" /><ent r="4" t="24" w="98" /><ent r="6" t="24" w="104" /><ent r="67" t="24" w="108" /><ent r="67" t="24" w="112" /><ent r="67" t="24" w="116" /><ent r="67" t="24" w="120" /><ent r="65" t="25" w="76" /><ent r="65" t="25" w="114" /><ent r="65" t="25" w="162" /><ent r="65" t="25" w="188" /><ent r="5" t="26" w="183" /><ent r="4" t="26" w="188" /><ent r="4" t="27" w="109" /><ent r="6" t="27" w="115" /><ent r="67" t="27" w="119" /><ent r="67" t="27" w="124" /><ent r="67" t="27" w="129" /><ent r="67" t="27" w="134" /><ent r="67" t="27" w="139" /><ent r="67" t="27" w="144" /><ent r="65" t="28" w="46" /><ent r="65" t="28" w="94" /><ent r="65" t="28" w="136" /><ent r="65" t="28" w="195" /><ent r="65" t="28" w="248" /><ent r="65" t="28" w="300" /><ent r="4" t="29" w="95" /><ent r="65" t="29" w="107" /><ent r="4" t="30" w="83" /><ent r="1000" t="31" w="2" /><ent r="102" t="31" w="6" /><ent r="3" t="31" w="18" /><ent r="3" t="31" w="33" /><ent r="3" t="31" w="41" /><ent r="64" t="35" w="67" /><ent r="64" t="40" w="256" /><ent r="5" t="44" w="204" /><ent r="4" t="44" w="210" /><ent r="5" t="44" w="362" /><ent r="4" t="44" w="375" /><ent r="3" t="44" w="406" /><ent r="64" t="46" w="146" /><ent r="64" t="47" w="346" /><ent r="6" t="49" w="360" /><ent r="64" t="50" w="95" /><ent r="64" t="52" w="111" /><ent r="64" t="58" w="307" /><ent r="64" t="63" w="110" /><ent r="64" t="69" w="172" /><ent r="1000" t="70" w="4" /><ent r="102" t="70" w="9" /><ent r="3" t="70" w="20" /><ent r="5" t="70" w="44" /><ent r="4" t="70" w="48" /><ent r="5" t="70" w="226" /><ent r="4" t="70" w="230" /><ent r="1000" t="81" w="2" /><ent r="102" t="81" w="5" /><ent r="3" t="81" w="12" /><ent r="3" t="81" w="28" /><ent r="5" t="81" w="44" /><ent r="4" t="81" w="48" /><ent r="1000" t="105" w="2" /><ent r="102" t="105" w="5" /><ent r="1000" t="106" w="3" /><ent r="102" t="106" w="7" /><ent r="3" t="106" w="15" /><ent r="6" t="106" w="38" /><ent r="6" t="106" w="62" /><ent r="5" t="106" w="140" /><ent r="4" t="106" w="153" /><ent r="1000" t="107" w="4" /><ent r="102" t="107" w="9" /><ent r="3" t="107" w="20" /><ent r="5" t="107" w="82" /><ent r="4" t="107" w="95" /><ent r="1000" t="108" w="3" /><ent r="102" t="108" w="8" /><ent r="6" t="108" w="34" /><ent r="6" t="108" w="58" /><ent r="5" t="108" w="95" /><ent r="4" t="108" w="108" /><ent r="1000" t="109" w="3" /><ent r="102" t="109" w="8" /><ent r="6" t="109" w="35" /><ent r="6" t="109" w="59" /><ent r="5" t="109" w="96" /><ent r="4" t="109" w="109" /><ent r="92" t="109" w="350" /><ent r="65" t="120" w="103" /><ent r="64" t="127" w="69" /><ent r="3" t="131" w="38" /><ent r="5" t="131" w="107" /><ent r="4" t="131" w="112" /><ent r="3" t="132" w="31" /><ent r="64" t="137" w="121" /><ent r="1000" t="143" w="1" /><ent r="102" t="143" w="5" /><ent r="6" t="143" w="45" /><ent r="6" t="143" w="69" /><ent r="5" t="143" w="125" /><ent r="4" t="143" w="129" /><ent r="66" t="143" w="155" /><ent r="66" t="143" w="179" /><ent r="66" t="143" w="197" /><ent r="66" t="143" w="214" /><ent r="66" t="143" w="230" /><ent r="66" t="143" w="249" /><ent r="66" t="143" w="263" /><ent r="1000" t="144" w="2" /><ent r="102" t="144" w="5" /><ent r="5" t="144" w="52" /><ent r="4" t="144" w="65" /><ent r="4" t="144" w="328" /><ent r="4" t="144" w="356" /><ent r="4" t="144" w="400" /><ent r="1000" t="145" w="2" /><ent r="102" t="145" w="5" /><ent r="100" t="145" w="8" /><ent r="5" t="145" w="52" /><ent r="4" t="145" w="65" /><ent r="1000" t="146" w="2" /><ent r="102" t="146" w="5" /><ent r="64" t="146" w="27" /><ent r="64" t="146" w="31" /><ent r="64" t="146" w="35" /><ent r="64" t="146" w="40" /><ent r="64" t="146" w="44" /><ent r="64" t="146" w="48" /><ent r="64" t="146" w="52" /><ent r="64" t="146" w="56" /><ent r="64" t="146" w="61" /><ent r="1000" t="147" w="3" /><ent r="102" t="147" w="7" /><ent r="3" t="147" w="20" /><ent r="6" t="147" w="32" /><ent r="6" t="147" w="56" /><ent r="5" t="147" w="91" /><ent r="4" t="147" w="104" /><ent r="1000" t="148" w="3" /><ent r="102" t="148" w="7" /><ent r="3" t="148" w="20" /><ent r="6" t="148" w="32" /><ent r="6" t="148" w="56" /><ent r="5" t="148" w="91" /><ent r="4" t="148" w="104" /><ent r="1000" t="149" w="3" /><ent r="102" t="149" w="7" /><ent r="3" t="149" w="20" /><ent r="6" t="149" w="32" /><ent r="6" t="149" w="56" /><ent r="5" t="149" w="105" /><ent r="4" t="149" w="118" /><ent r="1000" t="150" w="4" /><ent r="102" t="150" w="9" /><ent r="3" t="150" w="20" /><ent r="6" t="150" w="39" /><ent r="6" t="150" w="63" /><ent r="5" t="150" w="100" /><ent r="4" t="150" w="113" /><ent r="1000" t="151" w="3" /><ent r="102" t="151" w="15" /><ent r="3" t="151" w="20" /><ent r="6" t="151" w="35" /><ent r="6" t="151" w="59" /><ent r="5" t="151" w="93" /><ent r="4" t="151" w="106" /><ent r="1000" t="152" w="3" /><ent r="102" t="152" w="7" /><ent r="3" t="152" w="16" /><ent r="6" t="152" w="31" /><ent r="6" t="152" w="55" /><ent r="5" t="152" w="91" /><ent r="4" t="152" w="104" /><ent r="1000" t="153" w="3" /><ent r="102" t="153" w="7" /><ent r="3" t="153" w="17" /><ent r="6" t="153" w="28" /><ent r="6" t="153" w="52" /><ent r="5" t="153" w="87" /><ent r="4" t="153" w="100" /><ent r="1000" t="154" w="3" /><ent r="102" t="154" w="7" /><ent r="3" t="154" w="17" /><ent r="6" t="154" w="28" /><ent r="6" t="154" w="52" /><ent r="5" t="154" w="88" /><ent r="4" t="154" w="101" /><ent r="1000" t="155" w="4" /><ent r="102" t="155" w="9" /><ent r="100" t="155" w="14" /><ent r="3" t="155" w="25" /><ent r="6" t="155" w="38" /><ent r="6" t="155" w="62" /><ent r="5" t="155" w="98" /><ent r="4" t="155" w="111" /><ent r="64" t="156" w="40" /><ent r="64" t="169" w="120" /><ent r="4" t="172" w="215" /><ent r="5" t="180" w="722" /><ent r="4" t="180" w="735" /><ent r="4" t="181" w="425" /><ent r="6" t="181" w="459" /><ent r="4" t="182" w="662" /><ent r="5" t="184" w="1043" /><ent r="5" t="185" w="283" /><ent r="3" t="195" w="164" /><ent r="3" t="208" w="18" /><ent r="1000" t="209" w="4" /><ent r="100" t="209" w="12" /><ent r="102" t="209" w="23" /><ent r="3" t="212" w="18" /><ent r="5" t="213" w="195" /><ent r="1000" t="215" w="3" /><ent r="102" t="215" w="7" /><ent r="100" t="215" w="11" /><ent r="3" t="215" w="72" /><ent r="1000" t="216" w="3" /><ent r="102" t="216" w="7" /><ent r="100" t="216" w="11" /><ent r="3" t="216" w="16" /><ent r="1000" t="217" w="3" /><ent r="102" t="217" w="7" /><ent r="3" t="217" w="17" /><ent r="82" t="217" w="202" /><ent r="82" t="217" w="262" /><ent r="1000" t="218" w="3" /><ent r="102" t="218" w="7" /><ent r="3" t="218" w="16" /><ent r="1000" t="219" w="4" /><ent r="100" t="219" w="9" /><ent r="102" t="219" w="14" /><ent r="3" t="219" w="20" /><ent r="1000" t="220" w="3" /><ent r="100" t="220" w="7" /><ent r="102" t="220" w="11" /><ent r="92" t="220" w="164" /><ent r="102" t="221" w="12" /><ent r="4" t="221" w="18" /><ent r="1000" t="222" w="4" /><ent r="100" t="222" w="9" /><ent r="102" t="222" w="14" /><ent r="92" t="222" w="169" /><ent r="1000" t="223" w="4" /><ent r="102" t="223" w="9" /><ent r="100" t="223" w="14" /><ent r="4" t="223" w="83" /><ent r="1000" t="224" w="4" /><ent r="102" t="224" w="12" /><ent r="4" t="224" w="18" /><ent r="1000" t="225" w="4" /><ent r="100" t="225" w="9" /><ent r="102" t="225" w="14" /><ent r="4" t="225" w="20" /><ent r="1000" t="227" w="2" /><ent r="102" t="227" w="5" /><ent r="3" t="227" w="12" /><ent r="5" t="227" w="93" /><ent r="4" t="227" w="106" /><ent r="5" t="228" w="81" /><ent r="4" t="228" w="85" /><ent r="1000" t="229" w="3" /><ent r="102" t="229" w="7" /><ent r="3" t="229" w="15" /><ent r="6" t="229" w="32" /><ent r="6" t="229" w="56" /><ent r="5" t="229" w="92" /><ent r="4" t="229" w="105" /></phr><phr n="options"><ent r="7" t="9" w="40" /><ent r="4" t="23" w="73" /><ent r="3" t="24" w="94" /><ent r="4" t="25" w="71" /><ent r="4" t="25" w="109" /><ent r="4" t="25" w="157" /><ent r="4" t="25" w="183" /><ent r="4" t="26" w="404" /><ent r="4" t="28" w="41" /><ent r="4" t="28" w="88" /><ent r="4" t="28" w="130" /><ent r="4" t="28" w="184" /><ent r="4" t="28" w="189" /><ent r="4" t="28" w="242" /><ent r="4" t="28" w="294" /><ent r="4" t="28" w="308" /><ent r="4" t="28" w="312" /><ent r="4" t="29" w="101" /><ent r="3" t="30" w="73" /><ent r="100" t="31" w="10" /><ent r="100" t="31" w="12" /><ent r="3" t="31" w="25" /><ent r="3" t="31" w="49" /><ent r="3" t="40" w="83" /><ent r="3" t="40" w="239" /><ent r="3" t="47" w="338" /><ent r="4" t="51" w="108" /><ent r="4" t="53" w="52" /><ent r="4" t="66" w="122" /><ent r="3" t="69" w="87" /><ent r="100" t="70" w="14" /><ent r="4" t="70" w="53" /><ent r="4" t="70" w="235" /><ent r="3" t="76" w="22" /><ent r="64" t="76" w="127" /><ent r="64" t="80" w="70" /><ent r="100" t="81" w="8" /><ent r="4" t="81" w="65" /><ent r="4" t="81" w="105" /><ent r="3" t="81" w="130" /><ent r="3" t="81" w="633" /><ent r="4" t="86" w="122" /><ent r="3" t="90" w="108" /><ent r="4" t="100" w="177" /><ent r="100" t="105" w="8" /><ent r="3" t="105" w="13" /><ent r="4" t="105" w="67" /><ent r="4" t="105" w="83" /><ent r="100" t="106" w="11" /><ent r="6" t="106" w="42" /><ent r="6" t="106" w="52" /><ent r="6" t="106" w="69" /><ent r="3" t="106" w="98" /><ent r="4" t="106" w="121" /><ent r="4" t="106" w="257" /><ent r="100" t="107" w="14" /><ent r="4" t="107" w="63" /><ent r="4" t="107" w="135" /><ent r="100" t="108" w="13" /><ent r="3" t="108" w="20" /><ent r="3" t="108" w="27" /><ent r="6" t="108" w="38" /><ent r="6" t="108" w="48" /><ent r="6" t="108" w="65" /><ent r="4" t="108" w="76" /><ent r="5" t="108" w="144" /><ent r="4" t="108" w="154" /><ent r="100" t="109" w="13" /><ent r="3" t="109" w="20" /><ent r="3" t="109" w="27" /><ent r="6" t="109" w="39" /><ent r="6" t="109" w="49" /><ent r="6" t="109" w="66" /><ent r="4" t="109" w="77" /><ent r="4" t="109" w="144" /><ent r="4" t="109" w="154" /><ent r="3" t="109" w="169" /><ent r="3" t="109" w="183" /><ent r="4" t="109" w="286" /><ent r="3" t="110" w="50" /><ent r="3" t="114" w="19" /><ent r="100" t="143" w="3" /><ent r="3" t="143" w="17" /><ent r="3" t="143" w="28" /><ent r="3" t="143" w="30" /><ent r="3" t="143" w="37" /><ent r="6" t="143" w="49" /><ent r="6" t="143" w="59" /><ent r="6" t="143" w="76" /><ent r="3" t="143" w="101" /><ent r="3" t="143" w="109" /><ent r="4" t="143" w="146" /><ent r="5" t="143" w="187" /><ent r="5" t="143" w="205" /><ent r="4" t="143" w="285" /><ent r="100" t="144" w="8" /><ent r="100" t="144" w="10" /><ent r="3" t="144" w="14" /><ent r="3" t="144" w="20" /><ent r="4" t="144" w="33" /><ent r="4" t="144" w="108" /><ent r="3" t="144" w="557" /><ent r="3" t="144" w="586" /><ent r="100" t="145" w="10" /><ent r="3" t="145" w="14" /><ent r="3" t="145" w="21" /><ent r="4" t="145" w="33" /><ent r="4" t="145" w="85" /><ent r="4" t="145" w="273" /><ent r="100" t="146" w="8" /><ent r="3" t="146" w="12" /><ent r="100" t="147" w="11" /><ent r="100" t="147" w="13" /><ent r="3" t="147" w="27" /><ent r="6" t="147" w="36" /><ent r="6" t="147" w="46" /><ent r="6" t="147" w="63" /><ent r="4" t="147" w="73" /><ent r="3" t="147" w="247" /><ent r="100" t="148" w="11" /><ent r="100" t="148" w="13" /><ent r="3" t="148" w="27" /><ent r="6" t="148" w="36" /><ent r="6" t="148" w="46" /><ent r="6" t="148" w="63" /><ent r="4" t="148" w="73" /><ent r="4" t="148" w="229" /><ent r="100" t="149" w="11" /><ent r="100" t="149" w="13" /><ent r="3" t="149" w="27" /><ent r="6" t="149" w="36" /><ent r="6" t="149" w="46" /><ent r="6" t="149" w="63" /><ent r="4" t="149" w="86" /><ent r="4" t="149" w="209" /><ent r="100" t="150" w="14" /><ent r="6" t="150" w="43" /><ent r="6" t="150" w="53" /><ent r="6" t="150" w="70" /><ent r="4" t="150" w="81" /><ent r="4" t="150" w="200" /><ent r="100" t="151" w="7" /><ent r="100" t="151" w="9" /><ent r="3" t="151" w="27" /><ent r="6" t="151" w="39" /><ent r="6" t="151" w="49" /><ent r="6" t="151" w="66" /><ent r="4" t="151" w="76" /><ent r="3" t="151" w="209" /><ent r="100" t="152" w="11" /><ent r="6" t="152" w="35" /><ent r="6" t="152" w="45" /><ent r="6" t="152" w="62" /><ent r="4" t="152" w="72" /><ent r="4" t="152" w="159" /><ent r="100" t="153" w="11" /><ent r="3" t="153" w="22" /><ent r="6" t="153" w="32" /><ent r="6" t="153" w="42" /><ent r="6" t="153" w="59" /><ent r="4" t="153" w="69" /><ent r="4" t="153" w="159" /><ent r="5" t="153" w="187" /><ent r="6" t="153" w="285" /><ent r="6" t="153" w="720" /><ent r="100" t="154" w="11" /><ent r="3" t="154" w="22" /><ent r="6" t="154" w="32" /><ent r="6" t="154" w="42" /><ent r="6" t="154" w="59" /><ent r="4" t="154" w="69" /><ent r="6" t="154" w="135" /><ent r="4" t="154" w="149" /><ent r="3" t="154" w="269" /><ent r="100" t="155" w="16" /><ent r="3" t="155" w="32" /><ent r="6" t="155" w="42" /><ent r="6" t="155" w="52" /><ent r="6" t="155" w="69" /><ent r="4" t="155" w="80" /><ent r="4" t="155" w="266" /><ent r="3" t="167" w="300" /><ent r="3" t="180" w="1013" /><ent r="4" t="180" w="1852" /><ent r="100" t="208" w="9" /><ent r="100" t="209" w="16" /><ent r="100" t="212" w="9" /><ent r="3" t="215" w="300" /><ent r="3" t="216" w="44" /><ent r="3" t="216" w="237" /><ent r="4" t="216" w="279" /><ent r="100" t="217" w="11" /><ent r="3" t="217" w="199" /><ent r="3" t="217" w="206" /><ent r="3" t="217" w="223" /><ent r="100" t="218" w="11" /><ent r="3" t="218" w="42" /><ent r="3" t="220" w="15" /><ent r="3" t="220" w="110" /><ent r="3" t="220" w="173" /><ent r="3" t="222" w="18" /><ent r="3" t="222" w="115" /><ent r="3" t="222" w="178" /><ent r="100" t="227" w="8" /><ent r="3" t="227" w="74" /><ent r="3" t="227" w="116" /><ent r="6" t="229" w="36" /><ent r="6" t="229" w="46" /><ent r="6" t="229" w="63" /><ent r="4" t="229" w="73" /><ent r="4" t="229" w="158" /><ent r="6" t="243" w="216" /><ent r="6" t="243" w="221" /></phr><phr n="option"><ent r="6" t="9" w="46" /><ent r="3" t="39" w="25" /><ent r="3" t="39" w="48" /><ent r="7" t="39" w="142" /><ent r="3" t="40" w="37" /><ent r="3" t="40" w="60" /><ent r="3" t="48" w="20" /><ent r="3" t="52" w="99" /><ent r="4" t="54" w="51" /><ent r="4" t="81" w="70" /><ent r="4" t="81" w="90" /><ent r="3" t="81" w="442" /><ent r="4" t="81" w="644" /><ent r="4" t="81" w="662" /><ent r="3" t="85" w="233" /><ent r="4" t="88" w="58" /><ent r="5" t="90" w="672" /><ent r="7" t="90" w="709" /><ent r="3" t="94" w="11" /><ent r="3" t="97" w="14" /><ent r="3" t="121" w="26" /><ent r="4" t="143" w="151" /><ent r="4" t="147" w="127" /><ent r="4" t="147" w="139" /><ent r="3" t="148" w="170" /><ent r="3" t="148" w="214" /><ent r="4" t="151" w="129" /><ent r="4" t="151" w="141" /><ent r="4" t="153" w="123" /><ent r="4" t="153" w="135" /><ent r="5" t="153" w="177" /><ent r="4" t="153" w="220" /><ent r="4" t="153" w="248" /><ent r="4" t="153" w="258" /><ent r="3" t="154" w="209" /><ent r="3" t="154" w="252" /><ent r="3" t="155" w="183" /><ent r="3" t="155" w="228" /><ent r="5" t="165" w="195" /><ent r="4" t="172" w="198" /><ent r="3" t="173" w="22" /><ent r="3" t="174" w="23" /><ent r="4" t="175" w="342" /><ent r="3" t="180" w="686" /><ent r="3" t="180" w="704" /><ent r="3" t="180" w="922" /><ent r="3" t="181" w="1105" /><ent r="3" t="181" w="1131" /><ent r="4" t="182" w="646" /><ent r="4" t="182" w="1279" /><ent r="4" t="182" w="1673" /><ent r="4" t="208" w="416" /><ent r="4" t="208" w="462" /><ent r="4" t="208" w="481" /><ent r="4" t="208" w="503" /><ent r="4" t="208" w="509" /><ent r="4" t="208" w="537" /><ent r="4" t="208" w="624" /><ent r="4" t="215" w="319" /><ent r="4" t="215" w="334" /></phr><phr n="Optional"><ent r="5" t="29" w="91" /><ent r="66" t="143" w="228" /><ent r="5" t="167" w="375" /><ent r="5" t="172" w="190" /><ent r="5" t="172" w="260" /><ent r="5" t="173" w="221" /><ent r="5" t="175" w="150" /><ent r="5" t="175" w="190" /><ent r="5" t="175" w="248" /><ent r="5" t="176" w="184" /><ent r="5" t="182" w="639" /><ent r="1000" t="229" w="1" /><ent r="102" t="229" w="5" /><ent r="3" t="229" w="13" /><ent r="4" t="229" w="71" /><ent r="5" t="229" w="115" /><ent r="4" t="229" w="125" /></phr><phr n="Option"><ent r="82" t="44" w="111" /><ent r="82" t="44" w="139" /><ent r="82" t="44" w="190" /><ent r="82" t="44" w="259" /><ent r="92" t="180" w="680" /><ent r="84" t="180" w="844" /><ent r="83" t="180" w="1206" /></phr><phr n="optional"><ent r="3" t="169" w="573" /><ent r="100" t="229" w="9" /><ent r="4" t="229" w="132" /><ent r="4" t="229" w="143" /></phr></stem><stem n="panel"><phr n="panel"><ent r="4" t="2" w="84" /><ent r="3" t="2" w="98" /><ent r="4" t="81" w="54" /><ent r="4" t="143" w="135" /><ent r="3" t="168" w="58" /><ent r="4" t="180" w="3105" /></phr></stem><stem n="navig"><phr n="navigation"><ent r="3" t="2" w="104" /><ent r="3" t="2" w="127" /></phr><phr n="Navigate"><ent r="4" t="18" w="101" /><ent r="4" t="29" w="66" /><ent r="4" t="32" w="176" /><ent r="4" t="78" w="102" /><ent r="4" t="80" w="189" /><ent r="3" t="81" w="319" /><ent r="4" t="88" w="35" /><ent r="4" t="95" w="124" /><ent r="3" t="96" w="278" /><ent r="3" t="102" w="199" /><ent r="3" t="158" w="118" /><ent r="4" t="179" w="539" /><ent r="4" t="180" w="783" /><ent r="4" t="183" w="640" /><ent r="4" t="183" w="817" /><ent r="6" t="184" w="1008" /><ent r="4" t="185" w="265" /><ent r="4" t="186" w="514" /><ent r="4" t="186" w="842" /><ent r="4" t="188" w="457" /><ent r="3" t="188" w="1467" /><ent r="4" t="195" w="508" /><ent r="4" t="195" w="703" /><ent r="4" t="200" w="103" /><ent r="4" t="213" w="181" /><ent r="4" t="228" w="89" /></phr><phr n="navigate"><ent r="4" t="21" w="255" /><ent r="4" t="26" w="156" /><ent r="4" t="57" w="35" /><ent r="4" t="67" w="89" /><ent r="4" t="70" w="140" /><ent r="4" t="81" w="61" /><ent r="3" t="83" w="87" /><ent r="5" t="95" w="56" /><ent r="5" t="95" w="180" /><ent r="5" t="96" w="57" /><ent r="4" t="118" w="107" /><ent r="4" t="131" w="165" /><ent r="4" t="133" w="56" /><ent r="4" t="143" w="142" /><ent r="3" t="166" w="128" /><ent r="4" t="173" w="94" /><ent r="4" t="181" w="406" /><ent r="4" t="184" w="647" /><ent r="4" t="185" w="421" /></phr></stem><stem n="tree"><phr n="tree"><ent r="3" t="2" w="105" /><ent r="3" t="2" w="128" /><ent r="4" t="44" w="368" /><ent r="4" t="70" w="63" /><ent r="3" t="77" w="112" /><ent r="3" t="77" w="378" /><ent r="3" t="77" w="388" /><ent r="4" t="86" w="48" /><ent r="3" t="90" w="72" /><ent r="4" t="91" w="181" /><ent r="4" t="91" w="288" /><ent r="4" t="92" w="54" /><ent r="3" t="93" w="98" /><ent r="4" t="94" w="38" /><ent r="4" t="97" w="37" /><ent r="3" t="100" w="113" /><ent r="3" t="101" w="116" /><ent r="4" t="106" w="146" /><ent r="4" t="107" w="88" /><ent r="4" t="108" w="101" /><ent r="4" t="109" w="102" /><ent r="4" t="144" w="58" /><ent r="4" t="145" w="58" /><ent r="4" t="147" w="97" /><ent r="4" t="148" w="97" /><ent r="4" t="149" w="111" /><ent r="4" t="150" w="106" /><ent r="4" t="151" w="99" /><ent r="4" t="152" w="97" /><ent r="4" t="153" w="93" /><ent r="4" t="154" w="94" /><ent r="4" t="155" w="104" /><ent r="4" t="166" w="76" /><ent r="3" t="166" w="80" /><ent r="4" t="180" w="728" /><ent r="4" t="227" w="99" /><ent r="4" t="229" w="98" /></phr></stem><stem n="expand"><phr n="expand"><ent r="3" t="2" w="123" /><ent r="4" t="44" w="164" /><ent r="3" t="77" w="115" /><ent r="3" t="143" w="97" /><ent r="3" t="144" w="582" /><ent r="3" t="157" w="224" /><ent r="3" t="166" w="89" /><ent r="4" t="180" w="2695" /><ent r="4" t="186" w="719" /><ent r="3" t="208" w="68" /><ent r="4" t="228" w="132" /></phr><phr n="Expand"><ent r="4" t="70" w="58" /><ent r="3" t="77" w="386" /><ent r="4" t="86" w="44" /><ent r="3" t="90" w="68" /><ent r="4" t="91" w="177" /><ent r="4" t="91" w="284" /><ent r="4" t="92" w="50" /><ent r="3" t="93" w="94" /><ent r="4" t="94" w="34" /><ent r="4" t="97" w="33" /><ent r="3" t="100" w="109" /><ent r="3" t="101" w="112" /><ent r="3" t="103" w="132" /><ent r="4" t="158" w="794" /><ent r="4" t="159" w="60" /><ent r="4" t="160" w="32" /><ent r="4" t="180" w="2688" /><ent r="3" t="220" w="166" /><ent r="3" t="222" w="171" /></phr><phr n="expands"><ent r="3" t="115" w="356" /><ent r="3" t="187" w="587" /></phr><phr n="expanded"><ent r="3" t="188" w="138" /></phr></stem><stem n="collaps"><phr n="collapse"><ent r="3" t="2" w="125" /><ent r="3" t="77" w="117" /><ent r="3" t="143" w="99" /><ent r="3" t="144" w="584" /></phr></stem><stem n="default"><phr n="default"><ent r="3" t="2" w="132" /><ent r="6" t="12" w="90" /><ent r="6" t="14" w="288" /><ent r="3" t="18" w="80" /><ent r="4" t="29" w="83" /><ent r="4" t="36" w="88" /><ent r="3" t="44" w="418" /><ent r="3" t="44" w="671" /><ent r="3" t="44" w="689" /><ent r="3" t="45" w="18" /><ent r="4" t="49" w="197" /><ent r="4" t="49" w="442" /><ent r="4" t="49" w="472" /><ent r="4" t="58" w="198" /><ent r="3" t="66" w="35" /><ent r="4" t="68" w="71" /><ent r="4" t="70" w="174" /><ent r="3" t="73" w="53" /><ent r="4" t="74" w="243" /><ent r="3" t="76" w="108" /><ent r="3" t="80" w="51" /><ent r="4" t="80" w="114" /><ent r="4" t="80" w="123" /><ent r="4" t="80" w="205" /><ent r="4" t="81" w="86" /><ent r="3" t="81" w="133" /><ent r="3" t="81" w="172" /><ent r="3" t="81" w="366" /><ent r="3" t="81" w="582" /><ent r="6" t="90" w="545" /><ent r="4" t="91" w="136" /><ent r="3" t="100" w="152" /><ent r="3" t="101" w="155" /><ent r="4" t="108" w="196" /><ent r="3" t="108" w="326" /><ent r="3" t="115" w="113" /><ent r="4" t="117" w="136" /><ent r="4" t="120" w="79" /><ent r="4" t="120" w="87" /><ent r="3" t="129" w="301" /><ent r="3" t="131" w="30" /><ent r="3" t="131" w="33" /><ent r="3" t="131" w="59" /><ent r="3" t="131" w="175" /><ent r="3" t="132" w="26" /><ent r="3" t="132" w="48" /><ent r="3" t="137" w="110" /><ent r="5" t="143" w="221" /><ent r="3" t="144" w="132" /><ent r="3" t="144" w="147" /><ent r="3" t="144" w="235" /><ent r="3" t="144" w="250" /><ent r="3" t="144" w="378" /><ent r="3" t="144" w="439" /><ent r="3" t="144" w="454" /><ent r="3" t="144" w="603" /><ent r="3" t="144" w="618" /><ent r="3" t="146" w="18" /><ent r="3" t="147" w="26" /><ent r="4" t="147" w="230" /><ent r="3" t="148" w="26" /><ent r="3" t="148" w="174" /><ent r="3" t="148" w="212" /><ent r="3" t="149" w="26" /><ent r="3" t="150" w="26" /><ent r="3" t="151" w="26" /><ent r="3" t="152" w="23" /><ent r="3" t="153" w="21" /><ent r="4" t="153" w="137" /><ent r="4" t="153" w="139" /><ent r="4" t="153" w="142" /><ent r="3" t="154" w="21" /><ent r="6" t="154" w="128" /><ent r="6" t="154" w="132" /><ent r="3" t="154" w="213" /><ent r="3" t="154" w="250" /><ent r="3" t="155" w="31" /><ent r="3" t="155" w="187" /><ent r="3" t="155" w="226" /><ent r="4" t="156" w="857" /><ent r="3" t="160" w="157" /><ent r="4" t="163" w="163" /><ent r="4" t="167" w="457" /><ent r="4" t="167" w="618" /><ent r="4" t="167" w="696" /><ent r="3" t="168" w="122" /><ent r="3" t="168" w="158" /><ent r="3" t="168" w="175" /><ent r="6" t="169" w="514" /><ent r="4" t="175" w="124" /><ent r="4" t="176" w="191" /><ent r="3" t="179" w="1185" /><ent r="4" t="179" w="1583" /><ent r="3" t="179" w="2013" /><ent r="4" t="179" w="2096" /><ent r="4" t="179" w="2255" /><ent r="4" t="181" w="811" /><ent r="4" t="181" w="1446" /><ent r="4" t="184" w="1078" /><ent r="3" t="187" w="1494" /><ent r="4" t="187" w="1745" /><ent r="4" t="187" w="1756" /><ent r="3" t="188" w="1359" /><ent r="3" t="188" w="1476" /><ent r="3" t="188" w="1490" /><ent r="3" t="193" w="179" /><ent r="3" t="195" w="655" /><ent r="7" t="199" w="471" /><ent r="7" t="199" w="512" /><ent r="7" t="199" w="576" /><ent r="3" t="199" w="790" /><ent r="3" t="213" w="160" /><ent r="4" t="215" w="318" /><ent r="3" t="220" w="34" /><ent r="3" t="220" w="49" /><ent r="3" t="222" w="39" /><ent r="3" t="222" w="54" /><ent r="4" t="224" w="34" /><ent r="100" t="226" w="7" /><ent r="100" t="226" w="11" /><ent r="100" t="226" w="13" /><ent r="4" t="227" w="138" /><ent r="3" t="227" w="176" /><ent r="3" t="227" w="181" /><ent r="4" t="227" w="256" /><ent r="3" t="232" w="54" /></phr><phr n="Default"><ent r="64" t="2" w="137" /><ent r="1000" t="45" w="3" /><ent r="102" t="45" w="8" /><ent r="4" t="81" w="141" /><ent r="6" t="106" w="41" /><ent r="6" t="106" w="68" /><ent r="5" t="106" w="179" /><ent r="6" t="108" w="37" /><ent r="6" t="108" w="64" /><ent r="92" t="108" w="165" /><ent r="4" t="108" w="171" /><ent r="92" t="108" w="242" /><ent r="4" t="108" w="248" /><ent r="92" t="108" w="416" /><ent r="4" t="108" w="423" /><ent r="6" t="109" w="38" /><ent r="6" t="109" w="65" /><ent r="92" t="109" w="485" /><ent r="4" t="131" w="129" /><ent r="6" t="143" w="48" /><ent r="6" t="143" w="75" /><ent r="6" t="147" w="35" /><ent r="6" t="147" w="62" /><ent r="5" t="147" w="142" /><ent r="5" t="147" w="180" /><ent r="5" t="147" w="196" /><ent r="5" t="147" w="218" /><ent r="6" t="148" w="35" /><ent r="6" t="148" w="62" /><ent r="6" t="149" w="35" /><ent r="6" t="149" w="62" /><ent r="6" t="150" w="42" /><ent r="6" t="150" w="69" /><ent r="4" t="150" w="154" /><ent r="4" t="150" w="177" /><ent r="6" t="151" w="38" /><ent r="6" t="151" w="65" /><ent r="5" t="151" w="144" /><ent r="5" t="151" w="167" /><ent r="5" t="151" w="182" /><ent r="6" t="152" w="34" /><ent r="6" t="152" w="61" /><ent r="5" t="152" w="130" /><ent r="6" t="153" w="31" /><ent r="6" t="153" w="58" /><ent r="92" t="153" w="168" /><ent r="92" t="153" w="280" /><ent r="92" t="153" w="715" /><ent r="6" t="154" w="31" /><ent r="6" t="154" w="58" /><ent r="92" t="154" w="160" /><ent r="92" t="154" w="259" /><ent r="3" t="154" w="264" /><ent r="6" t="155" w="41" /><ent r="6" t="155" w="68" /><ent r="1000" t="226" w="1" /><ent r="102" t="226" w="17" /><ent r="3" t="227" w="145" /><ent r="6" t="229" w="35" /><ent r="6" t="229" w="62" /></phr><phr n="defaults"><ent r="3" t="2" w="146" /><ent r="4" t="32" w="163" /><ent r="100" t="44" w="9" /><ent r="100" t="45" w="13" /><ent r="3" t="50" w="89" /><ent r="4" t="50" w="112" /><ent r="3" t="81" w="18" /><ent r="4" t="81" w="674" /><ent r="3" t="108" w="348" /><ent r="5" t="143" w="162" /><ent r="5" t="143" w="256" /><ent r="5" t="143" w="270" /><ent r="3" t="156" w="44" /><ent r="3" t="156" w="221" /><ent r="4" t="156" w="790" /><ent r="3" t="167" w="196" /><ent r="3" t="167" w="676" /><ent r="3" t="167" w="745" /><ent r="4" t="180" w="1829" /><ent r="4" t="181" w="819" /><ent r="4" t="181" w="1001" /><ent r="4" t="181" w="1241" /><ent r="4" t="181" w="1341" /><ent r="4" t="181" w="1352" /><ent r="4" t="182" w="411" /><ent r="4" t="183" w="715" /><ent r="4" t="184" w="758" /><ent r="3" t="213" w="65" /><ent r="3" t="226" w="53" /><ent r="3" t="227" w="18" /></phr></stem></index>