﻿<?xml version="1.0" encoding="utf-8"?><index><stem n="now"><phr n="now"><ent r="3" t="21" w="445" /><ent r="3" t="44" w="627" /><ent r="4" t="54" w="69" /><ent r="3" t="55" w="113" /><ent r="3" t="85" w="130" /><ent r="3" t="85" w="216" /><ent r="3" t="88" w="78" /><ent r="3" t="91" w="330" /><ent r="3" t="94" w="159" /><ent r="3" t="98" w="43" /><ent r="4" t="118" w="125" /><ent r="3" t="121" w="106" /><ent r="4" t="131" w="147" /><ent r="3" t="179" w="2365" /><ent r="3" t="180" w="1064" /><ent r="3" t="180" w="1694" /><ent r="3" t="180" w="1773" /><ent r="3" t="180" w="2071" /><ent r="3" t="180" w="2103" /><ent r="4" t="180" w="2154" /><ent r="3" t="180" w="3152" /><ent r="3" t="181" w="1602" /><ent r="4" t="182" w="797" /><ent r="4" t="183" w="915" /><ent r="3" t="183" w="1112" /><ent r="3" t="184" w="1309" /><ent r="3" t="185" w="386" /><ent r="3" t="185" w="396" /><ent r="4" t="185" w="471" /><ent r="3" t="185" w="499" /><ent r="3" t="185" w="567" /><ent r="3" t="186" w="1213" /><ent r="3" t="187" w="1873" /><ent r="3" t="188" w="623" /><ent r="4" t="188" w="1030" /><ent r="3" t="188" w="1253" /><ent r="3" t="188" w="1574" /><ent r="4" t="198" w="290" /><ent r="3" t="198" w="392" /></phr></stem><stem n="arcsd"><phr n="ArcSDE"><ent r="92" t="21" w="453" /><ent r="3" t="21" w="464" /><ent r="4" t="111" w="67" /><ent r="3" t="112" w="23" /><ent r="3" t="112" w="30" /></phr></stem><stem n="server"><phr n="Server"><ent r="92" t="21" w="454" /><ent r="3" t="21" w="465" /></phr><phr n="server"><ent r="3" t="112" w="43" /></phr></stem><stem n="geodatabas"><phr n="geodatabase"><ent r="5" t="21" w="489" /><ent r="3" t="111" w="73" /><ent r="4" t="111" w="88" /><ent r="3" t="113" w="18" /><ent r="5" t="183" w="798" /></phr><phr n="Geodatabase"><ent r="3" t="112" w="24" /><ent r="3" t="112" w="31" /><ent r="4" t="183" w="896" /></phr></stem><stem n="4"><phr n="4"><ent r="4" t="21" w="508" /><ent r="82" t="44" w="260" /><ent r="3" t="81" w="373" /><ent r="3" t="110" w="396" /><ent r="3" t="124" w="66" /><ent r="6" t="140" w="102" /><ent r="3" t="147" w="236" /><ent r="3" t="151" w="198" /><ent r="3" t="169" w="195" /><ent r="3" t="169" w="205" /><ent r="4" t="180" w="2066" /><ent r="4" t="180" w="2130" /><ent r="3" t="181" w="1560" /><ent r="4" t="187" w="1360" /><ent r="3" t="187" w="1383" /><ent r="4" t="187" w="1651" /><ent r="4" t="188" w="1168" /><ent r="4" t="188" w="1197" /><ent r="3" t="188" w="1224" /><ent r="4" t="188" w="1484" /><ent r="4" t="188" w="1496" /><ent r="5" t="199" w="64" /><ent r="7" t="199" w="209" /><ent r="3" t="199" w="819" /></phr></stem><stem n="6"><phr n="6"><ent r="4" t="21" w="510" /><ent r="3" t="110" w="398" /><ent r="3" t="169" w="156" /><ent r="3" t="169" w="248" /><ent r="3" t="184" w="792" /><ent r="3" t="188" w="1232" /><ent r="6" t="199" w="223" /><ent r="3" t="199" w="831" /></phr></stem><stem n="/displai"><phr n="/Display"><ent r="64" t="21" w="533" /><ent r="64" t="178" w="362" /><ent r="1000" t="183" w="3" /><ent r="102" t="183" w="12" /></phr></stem><stem n="import/displai"><phr n="Import/Display"><ent r="64" t="21" w="533" /><ent r="64" t="21" w="532" /><ent r="64" t="178" w="362" /><ent r="64" t="178" w="361" /><ent r="1000" t="183" w="3" /><ent r="1000" t="183" w="2" /><ent r="102" t="183" w="12" /><ent r="102" t="183" w="11" /></phr></stem><stem n="common"><phr n="common"><ent r="3" t="22" w="21" /><ent r="4" t="60" w="85" /><ent r="3" t="60" w="106" /><ent r="3" t="82" w="16" /><ent r="3" t="115" w="242" /><ent r="3" t="125" w="325" /><ent r="3" t="178" w="30" /><ent r="3" t="179" w="2379" /><ent r="3" t="180" w="1023" /><ent r="3" t="180" w="3185" /><ent r="3" t="181" w="1622" /><ent r="3" t="184" w="1327" /></phr><phr n="Common"><ent r="5" t="147" w="143" /></phr></stem><stem n="-in-specif"><phr n="-in-specific"><ent r="3" t="22" w="28" /><ent r="3" t="22" w="29" /></phr></stem><stem n="plug-in-specif"><phr n="plug-in-specific"><ent r="3" t="22" w="28" /></phr></stem><stem n="in-specif"><phr n="in-specific"><ent r="3" t="22" w="29" /></phr></stem><stem n="32"><phr n="32"><ent r="3" t="22" w="35" /><ent r="3" t="78" w="56" /><ent r="5" t="179" w="2025" /><ent r="7" t="199" w="203" /><ent r="7" t="199" w="210" /><ent r="6" t="199" w="262" /></phr></stem><stem n="32-bit"><phr n="32-bit"><ent r="3" t="22" w="35" /><ent r="3" t="78" w="56" /><ent r="7" t="199" w="203" /><ent r="7" t="199" w="210" /><ent r="6" t="199" w="262" /></phr></stem><stem n="bit"><phr n="bit"><ent r="3" t="22" w="36" /><ent r="3" t="22" w="73" /><ent r="4" t="28" w="61" /><ent r="4" t="28" w="151" /><ent r="3" t="78" w="57" /><ent r="3" t="78" w="64" /><ent r="7" t="199" w="193" /><ent r="7" t="199" w="198" /><ent r="7" t="199" w="204" /><ent r="7" t="199" w="211" /><ent r="7" t="199" w="217" /><ent r="6" t="199" w="225" /><ent r="6" t="199" w="236" /><ent r="6" t="199" w="257" /><ent r="6" t="199" w="263" /><ent r="6" t="199" w="270" /><ent r="7" t="199" w="284" /><ent r="4" t="208" w="422" /><ent r="3" t="220" w="99" /><ent r="3" t="222" w="104" /></phr><phr n="Bits"><ent r="4" t="144" w="342" /><ent r="5" t="216" w="259" /><ent r="5" t="223" w="104" /></phr></stem><stem n="-bit,"><phr n="-bit,"><ent r="3" t="22" w="37" /><ent r="3" t="22" w="37" /><ent r="3" t="22" w="74" /><ent r="3" t="22" w="74" /></phr></stem><stem n="500"><phr n="500"><ent r="3" t="22" w="45" /><ent r="3" t="22" w="51" /></phr></stem><stem n="megabyt"><phr n="megabytes"><ent r="3" t="22" w="46" /><ent r="3" t="22" w="52" /><ent r="3" t="144" w="424" /></phr></stem><stem n="larger"><phr n="larger"><ent r="3" t="22" w="49" /><ent r="3" t="179" w="309" /><ent r="4" t="182" w="1220" /><ent r="7" t="199" w="414" /></phr></stem><stem n="process"><phr n="processed"><ent r="3" t="22" w="55" /></phr><phr n="processing"><ent r="4" t="58" w="97" /><ent r="4" t="58" w="114" /><ent r="3" t="103" w="34" /><ent r="3" t="160" w="150" /><ent r="3" t="169" w="80" /><ent r="3" t="170" w="42" /><ent r="4" t="170" w="275" /><ent r="3" t="178" w="189" /><ent r="3" t="179" w="288" /><ent r="3" t="180" w="402" /><ent r="4" t="181" w="1357" /><ent r="3" t="185" w="509" /><ent r="3" t="187" w="38" /><ent r="3" t="187" w="94" /><ent r="3" t="187" w="1889" /><ent r="3" t="188" w="140" /><ent r="4" t="188" w="1550" /><ent r="3" t="188" w="1589" /><ent r="7" t="199" w="87" /><ent r="7" t="199" w="177" /><ent r="3" t="208" w="255" /><ent r="4" t="208" w="436" /></phr><phr n="processes"><ent r="3" t="81" w="432" /><ent r="3" t="81" w="493" /><ent r="3" t="104" w="29" /><ent r="3" t="115" w="56" /><ent r="8" t="125" w="370" /><ent r="4" t="187" w="62" /><ent r="3" t="187" w="89" /><ent r="3" t="187" w="215" /><ent r="3" t="187" w="280" /><ent r="3" t="187" w="826" /><ent r="3" t="187" w="896" /><ent r="4" t="188" w="91" /><ent r="3" t="188" w="793" /></phr><phr n="process"><ent r="4" t="81" w="514" /><ent r="3" t="103" w="69" /><ent r="4" t="104" w="175" /><ent r="4" t="104" w="223" /><ent r="4" t="104" w="257" /><ent r="3" t="110" w="9" /><ent r="3" t="115" w="424" /><ent r="7" t="116" w="252" /><ent r="7" t="116" w="286" /><ent r="3" t="125" w="42" /><ent r="3" t="169" w="98" /><ent r="3" t="180" w="134" /><ent r="4" t="180" w="1042" /><ent r="3" t="181" w="77" /><ent r="3" t="187" w="146" /><ent r="3" t="187" w="236" /><ent r="3" t="187" w="854" /><ent r="3" t="192" w="20" /><ent r="3" t="238" w="193" /><ent r="3" t="238" w="367" /><ent r="7" t="241" w="154" /><ent r="7" t="241" w="192" /></phr><phr n="Process"><ent r="5" t="170" w="270" /><ent r="5" t="180" w="2164" /><ent r="93" t="238" w="12" /></phr><phr n="Processes"><ent r="92" t="187" w="1094" /><ent r="92" t="188" w="870" /></phr><phr n="Processing"><ent r="4" t="188" w="125" /><ent r="92" t="208" w="221" /><ent r="3" t="208" w="264" /><ent r="3" t="208" w="326" /><ent r="4" t="208" w="337" /><ent r="6" t="243" w="330" /></phr></stem><stem n="disk"><phr n="disk"><ent r="3" t="22" w="57" /><ent r="4" t="208" w="574" /><ent r="4" t="208" w="647" /></phr><phr n="Disk"><ent r="3" t="208" w="330" /><ent r="3" t="208" w="333" /><ent r="3" t="208" w="349" /><ent r="3" t="208" w="354" /><ent r="5" t="208" w="439" /><ent r="4" t="208" w="524" /><ent r="5" t="208" w="563" /><ent r="4" t="208" w="595" /><ent r="4" t="208" w="621" /><ent r="3" t="208" w="685" /><ent r="3" t="208" w="729" /></phr></stem><stem n="abl"><phr n="able"><ent r="3" t="22" w="62" /><ent r="4" t="175" w="288" /><ent r="3" t="178" w="43" /><ent r="3" t="179" w="2367" /><ent r="3" t="180" w="51" /><ent r="3" t="180" w="3154" /><ent r="3" t="181" w="1604" /><ent r="3" t="182" w="39" /><ent r="3" t="183" w="1114" /><ent r="3" t="185" w="569" /><ent r="3" t="186" w="1215" /><ent r="4" t="187" w="1762" /></phr></stem><stem n="solari"><phr n="Solaris"><ent r="3" t="22" w="69" /><ent r="3" t="178" w="179" /><ent r="4" t="188" w="1456" /><ent r="4" t="188" w="1460" /><ent r="3" t="188" w="1488" /><ent r="4" t="188" w="1528" /></phr></stem><stem n="64"><phr n="64"><ent r="3" t="22" w="72" /><ent r="3" t="78" w="63" /><ent r="7" t="199" w="216" /><ent r="6" t="199" w="269" /><ent r="7" t="199" w="283" /></phr></stem><stem n="64-bit"><phr n="64-bit"><ent r="3" t="22" w="72" /><ent r="3" t="78" w="63" /><ent r="7" t="199" w="216" /><ent r="6" t="199" w="269" /><ent r="7" t="199" w="283" /></phr></stem><stem n="3"><phr n="3"><ent r="3" t="22" w="82" /><ent r="82" t="44" w="191" /><ent r="3" t="124" w="67" /><ent r="3" t="169" w="203" /><ent r="3" t="169" w="245" /><ent r="4" t="169" w="440" /><ent r="4" t="169" w="474" /><ent r="3" t="169" w="609" /><ent r="8" t="180" w="1678" /><ent r="4" t="180" w="2096" /><ent r="4" t="180" w="2143" /><ent r="4" t="180" w="2538" /><ent r="3" t="181" w="1570" /><ent r="4" t="182" w="424" /><ent r="3" t="184" w="706" /><ent r="3" t="187" w="1379" /><ent r="4" t="187" w="1630" /><ent r="4" t="188" w="702" /><ent r="3" t="188" w="1220" /><ent r="3" t="192" w="119" /><ent r="3" t="193" w="217" /><ent r="5" t="199" w="63" /><ent r="7" t="199" w="202" /><ent r="3" t="199" w="813" /></phr></stem><stem n=".0"><phr n=".0"><ent r="3" t="22" w="83" /><ent r="6" t="230" w="92" /></phr></stem><stem n="3.0"><phr n="3.0"><ent r="3" t="22" w="83" /><ent r="3" t="22" w="82" /></phr></stem><stem n="gigabyt"><phr n="gigabytes"><ent r="3" t="22" w="84" /></phr></stem><stem n="/hdf5"><phr n="/HDF5"><ent r="4" t="22" w="107" /><ent r="4" t="22" w="140" /></phr></stem><stem n="ice/hdf5"><phr n="Ice/HDF5"><ent r="4" t="22" w="107" /><ent r="4" t="22" w="106" /><ent r="4" t="22" w="140" /><ent r="4" t="22" w="139" /></phr></stem><stem n="bitmap"><phr n="Bitmap"><ent r="4" t="22" w="128" /><ent r="67" t="27" w="136" /><ent r="5" t="28" w="49" /><ent r="65" t="28" w="91" /><ent r="1000" t="221" w="1" /><ent r="100" t="221" w="5" /><ent r="102" t="221" w="9" /><ent r="4" t="221" w="15" /></phr><phr n="bitmap"><ent r="4" t="28" w="68" /><ent r="4" t="221" w="29" /></phr></stem><stem n="bmp"><phr n="BMP"><ent r="4" t="22" w="129" /><ent r="4" t="144" w="86" /></phr><phr n="bmp"><ent r="4" t="28" w="70" /></phr><phr n="Bmp"><ent r="92" t="144" w="119" /></phr></stem><stem n="(bmp)"><phr n="(BMP)"><ent r="4" t="22" w="130" /></phr></stem><stem n="jpeg"><phr n="JPEG"><ent r="4" t="22" w="133" /><ent r="67" t="27" w="126" /><ent r="5" t="28" w="139" /><ent r="6" t="28" w="159" /><ent r="65" t="28" w="192" /><ent r="5" t="143" w="190" /><ent r="3" t="144" w="24" /><ent r="4" t="144" w="89" /><ent r="92" t="144" w="426" /><ent r="3" t="144" w="530" /><ent r="64" t="178" w="336" /><ent r="102" t="180" w="32" /><ent r="3" t="180" w="79" /><ent r="4" t="180" w="125" /><ent r="100" t="180" w="441" /><ent r="4" t="180" w="444" /><ent r="3" t="180" w="455" /><ent r="5" t="180" w="3115" /><ent r="3" t="180" w="3178" /><ent r="1000" t="224" w="1" /><ent r="100" t="224" w="6" /><ent r="102" t="224" w="9" /><ent r="4" t="224" w="15" /><ent r="4" t="224" w="31" /><ent r="4" t="224" w="37" /></phr><phr n="jpeg"><ent r="4" t="28" w="167" /></phr><phr n="JPEGs"><ent r="3" t="224" w="123" /><ent r="3" t="224" w="177" /><ent r="3" t="224" w="192" /></phr></stem><stem n="png"><phr n="PNG"><ent r="4" t="22" w="135" /><ent r="67" t="27" w="141" /><ent r="5" t="28" w="251" /><ent r="7" t="28" w="269" /><ent r="4" t="28" w="276" /><ent r="65" t="28" w="297" /><ent r="4" t="144" w="93" /><ent r="1000" t="225" w="1" /><ent r="100" t="225" w="6" /><ent r="102" t="225" w="11" /><ent r="4" t="225" w="17" /><ent r="4" t="225" w="31" /></phr><phr n="Png"><ent r="92" t="144" w="590" /></phr></stem><stem n="input"><phr n="Input"><ent r="92" t="22" w="147" /><ent r="92" t="22" w="163" /><ent r="82" t="125" w="451" /><ent r="3" t="125" w="499" /><ent r="92" t="160" w="169" /><ent r="3" t="160" w="173" /><ent r="7" t="187" w="1180" /><ent r="7" t="188" w="932" /></phr><phr n="input"><ent r="4" t="58" w="40" /><ent r="4" t="58" w="64" /><ent r="3" t="110" w="437" /><ent r="3" t="115" w="442" /><ent r="4" t="122" w="74" /><ent r="3" t="125" w="115" /><ent r="3" t="125" w="326" /><ent r="3" t="125" w="465" /><ent r="3" t="125" w="474" /><ent r="3" t="125" w="489" /><ent r="3" t="125" w="493" /><ent r="3" t="125" w="567" /><ent r="3" t="125" w="661" /><ent r="3" t="125" w="698" /><ent r="4" t="125" w="789" /><ent r="3" t="128" w="31" /><ent r="4" t="128" w="52" /><ent r="4" t="128" w="76" /><ent r="4" t="129" w="86" /><ent r="3" t="129" w="176" /><ent r="3" t="129" w="205" /><ent r="3" t="129" w="277" /><ent r="3" t="157" w="831" /><ent r="3" t="160" w="181" /><ent r="4" t="167" w="599" /><ent r="4" t="169" w="352" /><ent r="3" t="182" w="1346" /><ent r="3" t="185" w="361" /><ent r="3" t="187" w="873" /><ent r="3" t="187" w="888" /><ent r="3" t="187" w="911" /><ent r="3" t="187" w="998" /><ent r="3" t="187" w="1030" /><ent r="3" t="187" w="1085" /><ent r="4" t="187" w="1104" /><ent r="7" t="187" w="1159" /><ent r="7" t="187" w="1164" /><ent r="7" t="187" w="1184" /><ent r="5" t="188" w="165" /><ent r="4" t="188" w="198" /><ent r="3" t="188" w="682" /><ent r="3" t="188" w="799" /><ent r="3" t="188" w="887" /><ent r="3" t="188" w="899" /><ent r="7" t="188" w="914" /><ent r="7" t="188" w="916" /><ent r="3" t="188" w="1213" /><ent r="3" t="188" w="1521" /><ent r="3" t="188" w="1533" /><ent r="3" t="192" w="63" /><ent r="3" t="193" w="89" /><ent r="3" t="195" w="65" /><ent r="83" t="195" w="485" /></phr><phr n="inputs"><ent r="3" t="129" w="218" /><ent r="3" t="129" w="247" /><ent r="3" t="166" w="32" /><ent r="4" t="169" w="384" /><ent r="3" t="187" w="201" /><ent r="3" t="187" w="847" /><ent r="3" t="187" w="1067" /></phr><phr n="INPUT"><ent r="8" t="187" w="1124" /><ent r="8" t="188" w="903" /></phr></stem><stem n="/output"><phr n="/Output"><ent r="92" t="22" w="148" /><ent r="92" t="22" w="164" /></phr><phr n="/output"><ent r="7" t="187" w="1165" /></phr></stem><stem n="input/output"><phr n="Input/Output"><ent r="92" t="22" w="148" /><ent r="92" t="22" w="147" /><ent r="92" t="22" w="164" /><ent r="92" t="22" w="163" /></phr><phr n="input/output"><ent r="7" t="187" w="1165" /><ent r="7" t="187" w="1164" /></phr></stem><stem n="output"><phr n="Output"><ent r="92" t="22" w="148" /><ent r="92" t="22" w="164" /><ent r="5" t="60" w="125" /><ent r="82" t="125" w="453" /><ent r="3" t="125" w="524" /><ent r="92" t="160" w="186" /><ent r="4" t="160" w="196" /><ent r="4" t="160" w="233" /><ent r="5" t="167" w="560" /><ent r="4" t="174" w="153" /><ent r="64" t="174" w="163" /><ent r="1000" t="175" w="5" /><ent r="102" t="175" w="19" /><ent r="5" t="181" w="1220" /><ent r="4" t="182" w="1027" /><ent r="92" t="182" w="1065" /><ent r="92" t="220" w="20" /><ent r="92" t="222" w="25" /></phr><phr n="output"><ent r="4" t="26" w="149" /><ent r="3" t="115" w="432" /><ent r="100" t="125" w="93" /><ent r="3" t="125" w="117" /><ent r="3" t="125" w="328" /><ent r="3" t="125" w="467" /><ent r="3" t="125" w="479" /><ent r="3" t="125" w="514" /><ent r="3" t="125" w="518" /><ent r="3" t="128" w="24" /><ent r="4" t="128" w="56" /><ent r="4" t="128" w="72" /><ent r="3" t="129" w="178" /><ent r="3" t="129" w="207" /><ent r="3" t="129" w="279" /><ent r="3" t="157" w="849" /><ent r="4" t="167" w="588" /><ent r="4" t="167" w="611" /><ent r="3" t="167" w="651" /><ent r="3" t="167" w="670" /><ent r="3" t="167" w="683" /><ent r="3" t="167" w="720" /><ent r="3" t="167" w="739" /><ent r="3" t="167" w="752" /><ent r="3" t="169" w="54" /><ent r="3" t="169" w="162" /><ent r="3" t="169" w="209" /><ent r="3" t="169" w="220" /><ent r="100" t="175" w="8" /><ent r="3" t="175" w="61" /><ent r="4" t="175" w="135" /><ent r="3" t="180" w="255" /><ent r="3" t="181" w="1426" /><ent r="4" t="182" w="1227" /><ent r="3" t="187" w="875" /><ent r="3" t="187" w="882" /><ent r="3" t="187" w="913" /><ent r="3" t="187" w="987" /><ent r="3" t="187" w="1072" /><ent r="4" t="187" w="1102" /><ent r="7" t="187" w="1165" /><ent r="3" t="187" w="1307" /><ent r="3" t="188" w="708" /><ent r="3" t="188" w="801" /><ent r="3" t="188" w="874" /><ent r="3" t="188" w="897" /><ent r="7" t="188" w="959" /><ent r="7" t="188" w="961" /><ent r="3" t="188" w="1019" /><ent r="3" t="188" w="1125" /><ent r="3" t="188" w="1238" /><ent r="3" t="195" w="83" /><ent r="3" t="195" w="223" /><ent r="4" t="195" w="685" /></phr><phr n="outputs"><ent r="3" t="129" w="249" /><ent r="3" t="166" w="34" /><ent r="3" t="187" w="203" /><ent r="3" t="187" w="849" /><ent r="3" t="187" w="1069" /></phr><phr n="OUTPUT"><ent r="8" t="187" w="1122" /><ent r="8" t="188" w="901" /></phr></stem><stem n="(*.cgm)"><phr n="(*.cgm)"><ent r="4" t="22" w="153" /></phr></stem><stem n="read"><phr n="Read"><ent r="4" t="22" w="153" /><ent r="4" t="22" w="158" /><ent r="4" t="22" w="169" /><ent r="4" t="22" w="174" /><ent r="4" t="22" w="179" /><ent r="4" t="22" w="184" /><ent r="4" t="22" w="191" /><ent r="4" t="22" w="197" /><ent r="4" t="22" w="202" /><ent r="4" t="22" w="207" /><ent r="3" t="208" w="334" /><ent r="3" t="208" w="350" /><ent r="5" t="208" w="440" /><ent r="4" t="208" w="596" /><ent r="4" t="208" w="622" /><ent r="3" t="208" w="730" /></phr><phr n="read"><ent r="3" t="32" w="41" /><ent r="3" t="157" w="45" /><ent r="4" t="180" w="1501" /><ent r="3" t="180" w="2104" /><ent r="4" t="180" w="2155" /><ent r="3" t="198" w="89" /><ent r="7" t="199" w="159" /></phr><phr n="reads"><ent r="8" t="125" w="411" /></phr></stem><stem n="read/writ"><phr n="Read/Write"><ent r="4" t="22" w="154" /><ent r="4" t="22" w="153" /><ent r="4" t="22" w="159" /><ent r="4" t="22" w="158" /><ent r="4" t="22" w="170" /><ent r="4" t="22" w="169" /><ent r="4" t="22" w="175" /><ent r="4" t="22" w="174" /><ent r="4" t="22" w="180" /><ent r="4" t="22" w="179" /><ent r="4" t="22" w="185" /><ent r="4" t="22" w="184" /><ent r="4" t="22" w="192" /><ent r="4" t="22" w="191" /><ent r="4" t="22" w="198" /><ent r="4" t="22" w="197" /><ent r="4" t="22" w="203" /><ent r="4" t="22" w="202" /><ent r="4" t="22" w="208" /><ent r="4" t="22" w="207" /></phr></stem><stem n="write"><phr n="Write"><ent r="4" t="22" w="154" /><ent r="4" t="22" w="159" /><ent r="4" t="22" w="170" /><ent r="4" t="22" w="175" /><ent r="4" t="22" w="180" /><ent r="4" t="22" w="185" /><ent r="4" t="22" w="192" /><ent r="4" t="22" w="198" /><ent r="4" t="22" w="203" /><ent r="4" t="22" w="208" /></phr><phr n="writes"><ent r="3" t="157" w="847" /><ent r="3" t="157" w="853" /><ent r="3" t="195" w="81" /><ent r="3" t="195" w="87" /></phr><phr n="write"><ent r="3" t="167" w="944" /><ent r="4" t="188" w="1558" /><ent r="3" t="195" w="765" /></phr></stem><stem n="(read/write)"><phr n="(Read/Write)"><ent r="4" t="22" w="155" /><ent r="4" t="22" w="160" /><ent r="4" t="22" w="171" /><ent r="4" t="22" w="176" /><ent r="4" t="22" w="181" /><ent r="4" t="22" w="186" /><ent r="4" t="22" w="193" /><ent r="4" t="22" w="199" /><ent r="4" t="22" w="204" /><ent r="4" t="22" w="209" /></phr></stem><stem n="-specif"><phr n="-Specific"><ent r="92" t="22" w="161" /><ent r="92" t="22" w="161" /></phr><phr n="-specific"><ent r="4" t="23" w="97" /><ent r="4" t="23" w="97" /></phr></stem><stem n="opticks-specif"><phr n="Opticks-Specific"><ent r="92" t="22" w="161" /></phr></stem><stem n="wiz"><phr n="wiz"><ent r="4" t="22" w="168" /><ent r="4" t="187" w="1742" /><ent r="5" t="188" w="461" /><ent r="5" t="188" w="482" /><ent r="5" t="188" w="1316" /></phr></stem><stem n="(*.wiz)"><phr n="(*.wiz)"><ent r="4" t="22" w="169" /></phr></stem><stem n="batch"><phr n="Batch"><ent r="4" t="22" w="172" /><ent r="4" t="117" w="159" /><ent r="5" t="122" w="62" /><ent r="4" t="122" w="69" /><ent r="5" t="125" w="778" /><ent r="4" t="125" w="784" /><ent r="5" t="129" w="78" /><ent r="4" t="129" w="81" /><ent r="3" t="129" w="238" /><ent r="5" t="129" w="378" /><ent r="64" t="178" w="389" /><ent r="5" t="187" w="557" /><ent r="1000" t="188" w="6" /><ent r="103" t="188" w="19" /><ent r="4" t="188" w="107" /><ent r="4" t="188" w="124" /><ent r="5" t="188" w="517" /><ent r="4" t="188" w="1326" /><ent r="92" t="188" w="1370" /></phr><phr n="batch"><ent r="4" t="117" w="152" /><ent r="4" t="117" w="173" /><ent r="4" t="117" w="182" /><ent r="4" t="122" w="79" /><ent r="4" t="122" w="134" /><ent r="3" t="122" w="145" /><ent r="3" t="122" w="171" /><ent r="4" t="122" w="224" /><ent r="100" t="125" w="776" /><ent r="100" t="125" w="781" /><ent r="3" t="125" w="817" /><ent r="3" t="125" w="852" /><ent r="3" t="125" w="862" /><ent r="3" t="125" w="883" /><ent r="3" t="128" w="189" /><ent r="3" t="128" w="220" /><ent r="3" t="128" w="224" /><ent r="4" t="129" w="124" /><ent r="3" t="129" w="135" /><ent r="3" t="129" w="161" /><ent r="3" t="129" w="212" /><ent r="3" t="129" w="223" /><ent r="3" t="129" w="319" /><ent r="3" t="129" w="327" /><ent r="3" t="169" w="317" /><ent r="3" t="169" w="561" /><ent r="3" t="187" w="93" /><ent r="3" t="187" w="597" /><ent r="100" t="188" w="9" /><ent r="3" t="188" w="41" /><ent r="3" t="188" w="128" /><ent r="3" t="188" w="131" /><ent r="3" t="188" w="139" /><ent r="5" t="188" w="178" /><ent r="4" t="188" w="533" /><ent r="4" t="188" w="1549" /><ent r="3" t="188" w="1588" /></phr></stem><stem n="(*.xml)"><phr n="(*.xml)"><ent r="4" t="22" w="174" /></phr></stem><stem n="templat"><phr n="Template"><ent r="4" t="22" w="177" /><ent r="4" t="81" w="143" /><ent r="64" t="130" w="122" /><ent r="64" t="130" w="126" /><ent r="5" t="131" w="141" /><ent r="64" t="131" w="220" /><ent r="64" t="131" w="224" /><ent r="64" t="132" w="113" /><ent r="64" t="132" w="117" /><ent r="1000" t="133" w="3" /><ent r="102" t="133" w="13" /><ent r="5" t="133" w="47" /><ent r="4" t="133" w="53" /><ent r="64" t="133" w="84" /><ent r="64" t="134" w="104" /><ent r="64" t="134" w="108" /><ent r="1000" t="135" w="3" /><ent r="102" t="135" w="13" /><ent r="5" t="135" w="53" /><ent r="4" t="135" w="59" /><ent r="64" t="135" w="85" /></phr><phr n="template"><ent r="3" t="81" w="147" /><ent r="3" t="81" w="176" /><ent r="3" t="131" w="31" /><ent r="3" t="131" w="34" /><ent r="3" t="131" w="60" /><ent r="3" t="131" w="66" /><ent r="3" t="131" w="70" /><ent r="3" t="131" w="78" /><ent r="4" t="131" w="93" /><ent r="4" t="131" w="154" /><ent r="4" t="131" w="168" /><ent r="3" t="131" w="176" /><ent r="3" t="131" w="183" /><ent r="3" t="132" w="27" /><ent r="3" t="132" w="49" /><ent r="100" t="133" w="5" /><ent r="100" t="133" w="9" /><ent r="3" t="133" w="19" /><ent r="3" t="133" w="32" /><ent r="4" t="133" w="59" /><ent r="100" t="135" w="5" /><ent r="100" t="135" w="9" /><ent r="3" t="135" w="24" /><ent r="3" t="135" w="37" /><ent r="4" t="135" w="69" /></phr><phr n="templates"><ent r="3" t="135" w="16" /></phr></stem><stem n="spg"><phr n="spg"><ent r="4" t="22" w="178" /></phr></stem><stem n="(*.spg)"><phr n="(*.spg)"><ent r="4" t="22" w="179" /></phr></stem><stem n="ano"><phr n="ano"><ent r="4" t="22" w="183" /></phr></stem><stem n="(*.ano)"><phr n="(*.ano)"><ent r="4" t="22" w="184" /></phr></stem><stem n="ground"><phr n="Ground"><ent r="4" t="22" w="187" /><ent r="3" t="73" w="8" /><ent r="3" t="74" w="12" /><ent r="3" t="110" w="30" /><ent r="4" t="171" w="162" /><ent r="3" t="180" w="948" /><ent r="4" t="180" w="1272" /><ent r="3" t="180" w="2971" /><ent r="93" t="238" w="146" /></phr><phr n="ground"><ent r="3" t="179" w="740" /><ent r="3" t="180" w="150" /><ent r="100" t="238" w="150" /><ent r="3" t="238" w="157" /><ent r="3" t="238" w="344" /></phr></stem><stem n="(*.gcp)"><phr n="(*.gcp)"><ent r="4" t="22" w="191" /></phr></stem><stem n="tpl"><phr n="tpl"><ent r="4" t="22" w="196" /></phr></stem><stem n="(*.tpl)"><phr n="(*.tpl)"><ent r="4" t="22" w="197" /></phr></stem><stem n="(*.aoi)"><phr n="(*.aoi)"><ent r="4" t="22" w="202" /></phr></stem><stem n="(*.session)"><phr n="(*.session)"><ent r="4" t="22" w="207" /></phr></stem><stem n="extens"><phr n="extensive"><ent r="4" t="23" w="90" /></phr><phr n="extension"><ent r="4" t="80" w="214" /><ent r="3" t="96" w="299" /><ent r="3" t="101" w="31" /><ent r="5" t="167" w="333" /><ent r="3" t="179" w="1519" /><ent r="4" t="195" w="519" /><ent r="4" t="195" w="748" /></phr></stem><stem n="nitf-specif"><phr n="NITF-specific"><ent r="4" t="23" w="97" /></phr></stem><stem n="updat"><phr n="update"><ent r="3" t="23" w="104" /><ent r="4" t="95" w="145" /><ent r="4" t="95" w="165" /><ent r="3" t="99" w="156" /><ent r="3" t="119" w="153" /><ent r="100" t="121" w="15" /><ent r="3" t="121" w="86" /><ent r="3" t="162" w="24" /><ent r="4" t="167" w="1086" /><ent r="4" t="180" w="2615" /><ent r="3" t="187" w="1707" /></phr><phr n="updated"><ent r="4" t="74" w="206" /><ent r="4" t="195" w="586" /></phr><phr n="updating"><ent r="4" t="81" w="102" /><ent r="4" t="163" w="93" /><ent r="4" t="165" w="124" /></phr><phr n="Update"><ent r="4" t="106" w="176" /><ent r="4" t="107" w="119" /><ent r="4" t="108" w="141" /><ent r="4" t="109" w="142" /><ent r="64" t="117" w="276" /><ent r="4" t="119" w="167" /><ent r="1000" t="121" w="1" /><ent r="102" t="121" w="5" /><ent r="100" t="121" w="9" /><ent r="3" t="121" w="17" /><ent r="3" t="121" w="22" /><ent r="4" t="121" w="62" /><ent r="4" t="123" w="119" /><ent r="5" t="123" w="283" /><ent r="5" t="123" w="561" /><ent r="4" t="187" w="1719" /><ent r="5" t="187" w="1852" /></phr><phr n="updates"><ent r="4" t="144" w="99" /><ent r="4" t="145" w="264" /><ent r="3" t="180" w="2507" /><ent r="5" t="190" w="229" /><ent r="5" t="190" w="244" /></phr></stem><stem n=":data"><phr n=":data"><ent r="100" t="24" w="6" /><ent r="100" t="25" w="10" /></phr><phr n=":Data"><ent r="100" t="157" w="10" /><ent r="100" t="208" w="10" /></phr></stem><stem n=":export"><phr n=":export"><ent r="100" t="24" w="11" /><ent r="100" t="26" w="5" /><ent r="100" t="27" w="7" /><ent r="100" t="29" w="7" /><ent r="100" t="144" w="11" /><ent r="100" t="184" w="8" /></phr></stem><stem n="hdr"><phr n="hdr"><ent r="4" t="25" w="48" /><ent r="4" t="32" w="168" /><ent r="5" t="181" w="419" /><ent r="5" t="185" w="278" /></phr></stem></index>