﻿<?xml version="1.0" encoding="utf-8"?><index><stem n="function"><phr n="functionality"><ent r="3" t="1" w="41" /><ent r="3" t="1" w="93" /><ent r="3" t="1" w="152" /><ent r="3" t="1" w="219" /><ent r="3" t="1" w="232" /><ent r="3" t="1" w="237" /><ent r="3" t="4" w="16" /><ent r="3" t="4" w="29" /><ent r="3" t="4" w="35" /><ent r="3" t="4" w="66" /><ent r="3" t="38" w="46" /><ent r="3" t="76" w="103" /><ent r="3" t="77" w="31" /><ent r="3" t="77" w="280" /><ent r="3" t="82" w="36" /><ent r="3" t="82" w="65" /><ent r="4" t="117" w="101" /><ent r="3" t="125" w="299" /><ent r="3" t="157" w="865" /><ent r="3" t="167" w="211" /><ent r="3" t="178" w="33" /><ent r="3" t="178" w="148" /><ent r="3" t="178" w="153" /><ent r="3" t="178" w="235" /><ent r="4" t="179" w="1558" /><ent r="3" t="180" w="2627" /><ent r="3" t="195" w="99" /></phr><phr n="functions"><ent r="3" t="2" w="108" /><ent r="3" t="10" w="50" /><ent r="3" t="38" w="17" /><ent r="3" t="90" w="40" /><ent r="3" t="91" w="32" /><ent r="3" t="179" w="115" /><ent r="4" t="179" w="1570" /><ent r="3" t="180" w="94" /><ent r="3" t="180" w="235" /><ent r="3" t="180" w="264" /><ent r="3" t="181" w="90" /><ent r="3" t="182" w="75" /><ent r="4" t="184" w="888" /><ent r="3" t="186" w="47" /><ent r="3" t="186" w="1228" /><ent r="3" t="187" w="49" /><ent r="3" t="188" w="68" /><ent r="3" t="228" w="107" /><ent r="4" t="228" w="137" /></phr><phr n="function"><ent r="3" t="38" w="23" /><ent r="3" t="40" w="230" /><ent r="3" t="46" w="40" /><ent r="3" t="50" w="48" /><ent r="4" t="60" w="16" /><ent r="3" t="91" w="37" /><ent r="3" t="171" w="88" /><ent r="3" t="178" w="201" /><ent r="3" t="179" w="1502" /><ent r="4" t="179" w="1547" /><ent r="4" t="179" w="1581" /><ent r="4" t="179" w="1671" /><ent r="3" t="180" w="252" /><ent r="3" t="180" w="328" /><ent r="4" t="228" w="146" /></phr><phr n="Function"><ent r="6" t="38" w="58" /></phr></stem><stem n="includ"><phr n="including"><ent r="3" t="1" w="42" /><ent r="3" t="90" w="109" /><ent r="3" t="112" w="42" /><ent r="4" t="147" w="154" /><ent r="4" t="151" w="156" /><ent r="3" t="169" w="223" /><ent r="3" t="179" w="2384" /><ent r="3" t="187" w="1034" /><ent r="3" t="188" w="142" /><ent r="4" t="197" w="101" /></phr><phr n="includes"><ent r="3" t="8" w="23" /><ent r="4" t="11" w="22" /><ent r="4" t="28" w="216" /><ent r="3" t="44" w="426" /><ent r="3" t="157" w="935" /><ent r="3" t="157" w="944" /><ent r="3" t="178" w="94" /><ent r="3" t="183" w="188" /><ent r="3" t="184" w="178" /></phr><phr n="included"><ent r="3" t="68" w="49" /><ent r="7" t="116" w="95" /><ent r="7" t="116" w="113" /><ent r="7" t="116" w="131" /><ent r="7" t="116" w="149" /><ent r="7" t="116" w="169" /><ent r="7" t="116" w="187" /><ent r="3" t="157" w="841" /><ent r="3" t="157" w="952" /><ent r="4" t="181" w="1405" /><ent r="3" t="195" w="75" /><ent r="3" t="195" w="269" /><ent r="3" t="209" w="87" /><ent r="3" t="233" w="101" /><ent r="7" t="239" w="79" /><ent r="7" t="239" w="97" /><ent r="7" t="239" w="115" /><ent r="7" t="239" w="133" /><ent r="7" t="239" w="154" /><ent r="7" t="239" w="172" /></phr></stem><stem n="custom"><phr n="customize"><ent r="3" t="1" w="47" /><ent r="3" t="19" w="172" /><ent r="3" t="21" w="337" /><ent r="4" t="26" w="267" /><ent r="4" t="26" w="295" /><ent r="3" t="44" w="32" /><ent r="6" t="49" w="343" /><ent r="5" t="49" w="378" /><ent r="3" t="90" w="27" /><ent r="3" t="97" w="18" /><ent r="3" t="153" w="1174" /><ent r="3" t="165" w="325" /><ent r="3" t="189" w="19" /><ent r="3" t="208" w="197" /><ent r="3" t="212" w="40" /><ent r="3" t="212" w="68" /><ent r="4" t="215" w="198" /><ent r="4" t="215" w="226" /><ent r="4" t="216" w="129" /><ent r="4" t="216" w="157" /><ent r="4" t="217" w="88" /><ent r="4" t="217" w="116" /><ent r="4" t="218" w="127" /><ent r="4" t="218" w="155" /></phr><phr n="Custom"><ent r="5" t="26" w="273" /><ent r="92" t="26" w="278" /><ent r="4" t="49" w="203" /><ent r="7" t="49" w="350" /><ent r="4" t="62" w="132" /><ent r="7" t="90" w="296" /><ent r="67" t="90" w="307" /><ent r="1000" t="97" w="1" /><ent r="102" t="97" w="4" /><ent r="5" t="97" w="68" /><ent r="4" t="97" w="73" /><ent r="4" t="161" w="213" /><ent r="4" t="163" w="293" /><ent r="4" t="164" w="154" /><ent r="5" t="181" w="470" /><ent r="4" t="189" w="87" /><ent r="5" t="189" w="140" /><ent r="4" t="212" w="46" /><ent r="92" t="212" w="51" /><ent r="5" t="215" w="204" /><ent r="92" t="215" w="209" /><ent r="5" t="216" w="135" /><ent r="92" t="216" w="140" /><ent r="5" t="217" w="94" /><ent r="92" t="217" w="99" /><ent r="5" t="218" w="133" /><ent r="92" t="218" w="138" /></phr><phr n="Customize"><ent r="92" t="44" w="342" /></phr><phr n="custom"><ent r="4" t="49" w="464" /><ent r="3" t="62" w="122" /><ent r="5" t="90" w="373" /><ent r="6" t="90" w="510" /><ent r="100" t="97" w="7" /><ent r="100" t="97" w="11" /><ent r="3" t="115" w="51" /><ent r="4" t="123" w="45" /><ent r="4" t="123" w="63" /><ent r="4" t="123" w="69" /><ent r="3" t="123" w="156" /><ent r="3" t="123" w="195" /><ent r="3" t="123" w="206" /><ent r="3" t="123" w="465" /><ent r="3" t="123" w="605" /><ent r="3" t="161" w="219" /><ent r="3" t="164" w="160" /><ent r="4" t="171" w="172" /><ent r="4" t="183" w="852" /><ent r="4" t="186" w="245" /><ent r="3" t="187" w="1678" /><ent r="3" t="187" w="1682" /><ent r="3" t="189" w="82" /><ent r="4" t="189" w="132" /></phr><phr n="customized"><ent r="7" t="90" w="303" /><ent r="3" t="186" w="933" /></phr><phr n="customer"><ent r="3" t="123" w="459" /></phr></stem><stem n="hide"><phr n="hiding"><ent r="3" t="1" w="56" /></phr><phr n="hides"><ent r="6" t="9" w="47" /></phr><phr n="Hide"><ent r="7" t="13" w="86" /><ent r="5" t="13" w="99" /><ent r="5" t="13" w="116" /><ent r="7" t="13" w="131" /><ent r="64" t="53" w="199" /><ent r="64" t="54" w="103" /><ent r="1000" t="57" w="2" /><ent r="102" t="57" w="6" /><ent r="92" t="85" w="227" /><ent r="5" t="85" w="282" /><ent r="4" t="180" w="2989" /></phr><phr n="hide"><ent r="100" t="57" w="12" /><ent r="100" t="57" w="19" /><ent r="3" t="57" w="24" /><ent r="3" t="85" w="21" /><ent r="3" t="85" w="237" /><ent r="3" t="155" w="254" /><ent r="3" t="157" w="770" /><ent r="3" t="211" w="30" /><ent r="3" t="231" w="243" /><ent r="3" t="232" w="15" /></phr><phr n="Hiding"><ent r="1000" t="85" w="3" /><ent r="102" t="85" w="10" /><ent r="64" t="87" w="224" /><ent r="64" t="102" w="273" /><ent r="64" t="103" w="155" /><ent r="64" t="104" w="266" /></phr></stem><stem n="move"><phr n="moving"><ent r="3" t="1" w="58" /><ent r="6" t="11" w="144" /><ent r="7" t="39" w="174" /><ent r="3" t="81" w="559" /><ent r="3" t="81" w="595" /><ent r="4" t="167" w="1104" /><ent r="4" t="179" w="934" /><ent r="3" t="179" w="1420" /><ent r="3" t="179" w="1636" /><ent r="4" t="179" w="1690" /></phr><phr n="move"><ent r="4" t="1" w="320" /><ent r="3" t="1" w="365" /><ent r="3" t="1" w="398" /><ent r="4" t="1" w="420" /><ent r="4" t="4" w="175" /><ent r="6" t="7" w="127" /><ent r="7" t="11" w="162" /><ent r="3" t="19" w="190" /><ent r="3" t="35" w="11" /><ent r="3" t="37" w="48" /><ent r="3" t="58" w="286" /><ent r="3" t="64" w="127" /><ent r="3" t="64" w="142" /><ent r="4" t="65" w="130" /><ent r="3" t="65" w="144" /><ent r="4" t="65" w="168" /><ent r="3" t="67" w="128" /><ent r="4" t="67" w="152" /><ent r="3" t="69" w="117" /><ent r="3" t="85" w="19" /><ent r="3" t="85" w="67" /><ent r="3" t="85" w="131" /><ent r="3" t="85" w="146" /><ent r="7" t="90" w="217" /><ent r="3" t="94" w="138" /><ent r="3" t="110" w="225" /><ent r="3" t="110" w="497" /><ent r="3" t="115" w="397" /><ent r="3" t="123" w="603" /><ent r="3" t="125" w="551" /><ent r="4" t="138" w="64" /><ent r="4" t="176" w="275" /><ent r="4" t="179" w="386" /><ent r="3" t="179" w="986" /><ent r="4" t="179" w="1026" /><ent r="4" t="180" w="537" /><ent r="4" t="180" w="2942" /><ent r="4" t="181" w="248" /><ent r="4" t="182" w="211" /><ent r="4" t="183" w="486" /><ent r="4" t="184" w="488" /><ent r="4" t="186" w="362" /><ent r="4" t="188" w="273" /><ent r="4" t="188" w="761" /><ent r="3" t="238" w="134" /></phr><phr n="moved"><ent r="3" t="1" w="475" /><ent r="3" t="1" w="514" /><ent r="3" t="168" w="115" /><ent r="3" t="176" w="149" /><ent r="3" t="180" w="1095" /><ent r="4" t="181" w="1380" /><ent r="3" t="182" w="1439" /></phr><phr n="Move"><ent r="7" t="8" w="72" /><ent r="7" t="13" w="53" /><ent r="4" t="65" w="154" /><ent r="4" t="67" w="138" /><ent r="3" t="69" w="124" /><ent r="92" t="85" w="49" /><ent r="92" t="85" w="135" /><ent r="4" t="142" w="78" /><ent r="4" t="142" w="124" /><ent r="3" t="142" w="183" /><ent r="4" t="142" w="233" /><ent r="4" t="181" w="974" /><ent r="4" t="182" w="881" /><ent r="4" t="182" w="1098" /><ent r="4" t="184" w="958" /></phr><phr n="moves"><ent r="5" t="13" w="80" /><ent r="3" t="109" w="247" /><ent r="3" t="109" w="336" /><ent r="3" t="140" w="22" /><ent r="3" t="168" w="95" /><ent r="4" t="179" w="1406" /><ent r="3" t="227" w="62" /></phr><phr n="Moving"><ent r="3" t="81" w="570" /><ent r="3" t="81" w="603" /><ent r="1000" t="85" w="1" /><ent r="102" t="85" w="8" /><ent r="64" t="87" w="222" /><ent r="64" t="102" w="271" /><ent r="64" t="103" w="153" /><ent r="64" t="104" w="264" /></phr><phr n="Moves"><ent r="6" t="169" w="517" /><ent r="6" t="169" w="524" /></phr></stem><stem n="dock"><phr n="docking"><ent r="3" t="1" w="63" /></phr><phr n="dock"><ent r="3" t="1" w="115" /><ent r="3" t="1" w="372" /><ent r="3" t="77" w="250" /><ent r="100" t="85" w="46" /><ent r="4" t="108" w="238" /><ent r="4" t="187" w="564" /><ent r="4" t="187" w="613" /><ent r="4" t="187" w="702" /><ent r="3" t="187" w="1411" /><ent r="4" t="187" w="1787" /><ent r="4" t="188" w="549" /><ent r="4" t="188" w="587" /><ent r="4" t="188" w="638" /></phr><phr n="docked"><ent r="3" t="69" w="69" /><ent r="3" t="168" w="54" /></phr><phr n="Dock"><ent r="3" t="77" w="182" /><ent r="4" t="77" w="240" /><ent r="1000" t="85" w="5" /><ent r="102" t="85" w="12" /><ent r="92" t="85" w="51" /><ent r="92" t="85" w="137" /><ent r="5" t="85" w="180" /><ent r="5" t="85" w="210" /><ent r="92" t="85" w="229" /><ent r="4" t="86" w="46" /><ent r="64" t="87" w="226" /><ent r="3" t="90" w="70" /><ent r="4" t="91" w="179" /><ent r="4" t="91" w="286" /><ent r="4" t="92" w="52" /><ent r="3" t="93" w="96" /><ent r="4" t="94" w="36" /><ent r="4" t="97" w="35" /><ent r="3" t="100" w="111" /><ent r="3" t="101" w="114" /><ent r="64" t="102" w="275" /><ent r="4" t="103" w="134" /><ent r="64" t="103" w="157" /><ent r="64" t="104" w="268" /><ent r="4" t="159" w="62" /><ent r="4" t="160" w="33" /></phr><phr n="docks"><ent r="3" t="176" w="139" /><ent r="3" t="182" w="1429" /></phr></stem><stem n="undock"><phr n="undocking"><ent r="3" t="1" w="65" /></phr><phr n="undocked"><ent r="3" t="1" w="512" /><ent r="3" t="182" w="1441" /></phr><phr n="undock"><ent r="3" t="77" w="272" /></phr><phr n="Undock"><ent r="5" t="85" w="96" /><ent r="5" t="85" w="125" /></phr></stem><stem n="session"><phr n="Session"><ent r="3" t="1" w="72" /><ent r="3" t="1" w="100" /><ent r="64" t="1" w="104" /><ent r="5" t="2" w="88" /><ent r="66" t="3" w="80" /><ent r="66" t="3" w="108" /><ent r="7" t="6" w="24" /><ent r="67" t="6" w="32" /><ent r="4" t="22" w="205" /><ent r="65" t="24" w="27" /><ent r="4" t="26" w="98" /><ent r="5" t="27" w="29" /><ent r="5" t="43" w="43" /><ent r="5" t="44" w="146" /><ent r="4" t="44" w="265" /><ent r="4" t="50" w="134" /><ent r="4" t="50" w="188" /><ent r="64" t="52" w="110" /><ent r="64" t="53" w="17" /><ent r="65" t="54" w="25" /><ent r="65" t="55" w="32" /><ent r="3" t="55" w="117" /><ent r="65" t="57" w="31" /><ent r="3" t="57" w="119" /><ent r="65" t="58" w="152" /><ent r="65" t="62" w="47" /><ent r="5" t="66" w="83" /><ent r="64" t="76" w="81" /><ent r="64" t="76" w="135" /><ent r="64" t="76" w="140" /><ent r="64" t="76" w="144" /><ent r="1000" t="77" w="1" /><ent r="102" t="77" w="4" /><ent r="100" t="77" w="7" /><ent r="3" t="77" w="11" /><ent r="4" t="77" w="36" /><ent r="5" t="77" w="55" /><ent r="4" t="77" w="71" /><ent r="3" t="77" w="76" /><ent r="3" t="77" w="102" /><ent r="3" t="77" w="221" /><ent r="3" t="77" w="230" /><ent r="3" t="77" w="266" /><ent r="64" t="77" w="406" /><ent r="64" t="77" w="411" /><ent r="64" t="77" w="415" /><ent r="1000" t="78" w="3" /><ent r="102" t="78" w="7" /><ent r="5" t="78" w="91" /><ent r="4" t="78" w="96" /><ent r="64" t="78" w="171" /><ent r="64" t="78" w="175" /><ent r="64" t="78" w="177" /><ent r="1000" t="79" w="4" /><ent r="102" t="79" w="9" /><ent r="5" t="79" w="60" /><ent r="4" t="79" w="65" /><ent r="4" t="79" w="78" /><ent r="65" t="79" w="95" /><ent r="64" t="79" w="126" /><ent r="64" t="79" w="128" /><ent r="1000" t="80" w="3" /><ent r="102" t="80" w="7" /><ent r="5" t="80" w="101" /><ent r="4" t="80" w="136" /><ent r="5" t="80" w="177" /><ent r="4" t="80" w="183" /><ent r="4" t="80" w="232" /><ent r="64" t="80" w="249" /><ent r="64" t="80" w="254" /><ent r="64" t="80" w="256" /><ent r="1000" t="81" w="1" /><ent r="102" t="81" w="4" /><ent r="3" t="81" w="11" /><ent r="3" t="81" w="27" /><ent r="65" t="85" w="42" /><ent r="4" t="85" w="104" /><ent r="4" t="85" w="188" /><ent r="65" t="86" w="40" /><ent r="65" t="88" w="30" /><ent r="64" t="89" w="89" /><ent r="3" t="89" w="138" /><ent r="3" t="90" w="65" /><ent r="5" t="90" w="657" /><ent r="5" t="90" w="677" /><ent r="7" t="90" w="715" /><ent r="65" t="91" w="173" /><ent r="65" t="91" w="280" /><ent r="65" t="92" w="46" /><ent r="64" t="93" w="90" /><ent r="65" t="94" w="30" /><ent r="66" t="95" w="52" /><ent r="5" t="95" w="177" /><ent r="5" t="96" w="54" /><ent r="65" t="97" w="29" /><ent r="64" t="100" w="59" /><ent r="3" t="100" w="106" /><ent r="3" t="101" w="109" /><ent r="64" t="102" w="195" /><ent r="64" t="103" w="128" /><ent r="65" t="120" w="102" /><ent r="64" t="127" w="68" /><ent r="5" t="131" w="117" /><ent r="64" t="138" w="38" /><ent r="64" t="138" w="93" /><ent r="66" t="139" w="22" /><ent r="4" t="141" w="53" /><ent r="4" t="142" w="180" /><ent r="4" t="142" w="204" /><ent r="3" t="142" w="390" /><ent r="3" t="142" w="509" /><ent r="3" t="142" w="609" /><ent r="3" t="142" w="683" /><ent r="66" t="143" w="248" /><ent r="64" t="156" w="98" /><ent r="65" t="157" w="85" /><ent r="64" t="158" w="114" /><ent r="4" t="158" w="790" /><ent r="65" t="159" w="56" /><ent r="65" t="160" w="28" /><ent r="65" t="161" w="80" /><ent r="65" t="162" w="69" /><ent r="65" t="163" w="60" /><ent r="65" t="164" w="76" /><ent r="65" t="165" w="94" /><ent r="65" t="166" w="51" /><ent r="3" t="168" w="61" /><ent r="4" t="175" w="85" /><ent r="4" t="179" w="435" /><ent r="4" t="180" w="361" /><ent r="4" t="180" w="586" /><ent r="4" t="180" w="2329" /><ent r="3" t="180" w="2630" /><ent r="5" t="180" w="2674" /><ent r="4" t="180" w="2686" /><ent r="3" t="180" w="2985" /><ent r="4" t="181" w="297" /><ent r="4" t="181" w="678" /><ent r="4" t="181" w="769" /><ent r="3" t="181" w="784" /><ent r="4" t="181" w="797" /><ent r="4" t="181" w="859" /><ent r="5" t="181" w="919" /><ent r="4" t="181" w="987" /><ent r="4" t="182" w="260" /><ent r="4" t="182" w="1106" /><ent r="5" t="182" w="1116" /><ent r="4" t="182" w="1122" /><ent r="4" t="183" w="535" /><ent r="3" t="183" w="945" /><ent r="4" t="184" w="537" /><ent r="4" t="184" w="846" /><ent r="4" t="184" w="906" /><ent r="6" t="184" w="999" /><ent r="5" t="185" w="520" /><ent r="4" t="186" w="411" /><ent r="4" t="186" w="554" /><ent r="4" t="186" w="717" /><ent r="4" t="186" w="748" /><ent r="4" t="188" w="322" /><ent r="5" t="195" w="408" /><ent r="65" t="213" w="277" /><ent r="5" t="228" w="92" /></phr><phr n="session"><ent r="3" t="1" w="85" /><ent r="4" t="22" w="206" /><ent r="3" t="52" w="107" /><ent r="4" t="71" w="92" /><ent r="3" t="76" w="8" /><ent r="3" t="76" w="21" /><ent r="3" t="76" w="41" /><ent r="3" t="76" w="60" /><ent r="3" t="76" w="94" /><ent r="3" t="76" w="114" /><ent r="64" t="76" w="126" /><ent r="3" t="77" w="23" /><ent r="3" t="77" w="348" /><ent r="100" t="78" w="9" /><ent r="100" t="78" w="13" /><ent r="3" t="78" w="23" /><ent r="3" t="78" w="31" /><ent r="3" t="78" w="53" /><ent r="4" t="78" w="70" /><ent r="4" t="78" w="108" /><ent r="3" t="78" w="126" /><ent r="64" t="78" w="136" /><ent r="3" t="78" w="140" /><ent r="3" t="78" w="161" /><ent r="100" t="79" w="13" /><ent r="100" t="79" w="15" /><ent r="100" t="79" w="20" /><ent r="3" t="79" w="30" /><ent r="4" t="79" w="41" /><ent r="4" t="79" w="90" /><ent r="3" t="79" w="109" /><ent r="100" t="80" w="9" /><ent r="100" t="80" w="13" /><ent r="3" t="80" w="22" /><ent r="3" t="80" w="25" /><ent r="3" t="80" w="44" /><ent r="3" t="80" w="57" /><ent r="64" t="80" w="69" /><ent r="4" t="80" w="77" /><ent r="4" t="80" w="81" /><ent r="4" t="80" w="107" /><ent r="4" t="80" w="127" /><ent r="4" t="80" w="131" /><ent r="4" t="80" w="153" /><ent r="4" t="80" w="157" /><ent r="4" t="80" w="199" /><ent r="4" t="80" w="203" /><ent r="4" t="80" w="216" /><ent r="4" t="80" w="227" /><ent r="100" t="81" w="7" /><ent r="4" t="81" w="69" /><ent r="4" t="81" w="104" /><ent r="3" t="81" w="637" /><ent r="4" t="81" w="648" /><ent r="4" t="81" w="667" /><ent r="4" t="81" w="685" /><ent r="3" t="121" w="80" /><ent r="3" t="142" w="629" /><ent r="4" t="188" w="1409" /></phr><phr n="Sessions"><ent r="1000" t="76" w="1" /><ent r="102" t="76" w="3" /><ent r="100" t="76" w="5" /><ent r="3" t="76" w="64" /><ent r="64" t="77" w="402" /></phr><phr n="sessions"><ent r="3" t="81" w="20" /><ent r="5" t="143" w="258" /><ent r="5" t="172" w="289" /><ent r="3" t="182" w="751" /></phr></stem><stem n="explor"><phr n="Explorer"><ent r="3" t="1" w="73" /><ent r="3" t="1" w="101" /><ent r="64" t="1" w="105" /><ent r="7" t="6" w="25" /><ent r="67" t="6" w="33" /><ent r="92" t="19" w="106" /><ent r="65" t="24" w="28" /><ent r="4" t="26" w="99" /><ent r="5" t="27" w="30" /><ent r="5" t="29" w="30" /><ent r="5" t="43" w="44" /><ent r="5" t="44" w="147" /><ent r="4" t="44" w="266" /><ent r="4" t="50" w="135" /><ent r="4" t="50" w="189" /><ent r="64" t="53" w="18" /><ent r="65" t="54" w="26" /><ent r="65" t="55" w="33" /><ent r="3" t="55" w="118" /><ent r="65" t="57" w="32" /><ent r="3" t="57" w="120" /><ent r="65" t="58" w="153" /><ent r="65" t="62" w="48" /><ent r="5" t="66" w="84" /><ent r="64" t="76" w="82" /><ent r="1000" t="77" w="2" /><ent r="102" t="77" w="5" /><ent r="100" t="77" w="8" /><ent r="3" t="77" w="12" /><ent r="4" t="77" w="37" /><ent r="5" t="77" w="56" /><ent r="4" t="77" w="72" /><ent r="3" t="77" w="77" /><ent r="3" t="77" w="103" /><ent r="3" t="77" w="222" /><ent r="3" t="77" w="231" /><ent r="3" t="77" w="267" /><ent r="64" t="78" w="178" /><ent r="64" t="79" w="129" /><ent r="64" t="80" w="257" /><ent r="65" t="85" w="43" /><ent r="4" t="85" w="105" /><ent r="4" t="85" w="189" /><ent r="65" t="86" w="41" /><ent r="65" t="88" w="31" /><ent r="64" t="89" w="90" /><ent r="3" t="89" w="139" /><ent r="3" t="90" w="66" /><ent r="5" t="90" w="658" /><ent r="5" t="90" w="678" /><ent r="7" t="90" w="716" /><ent r="65" t="91" w="174" /><ent r="65" t="91" w="281" /><ent r="65" t="92" w="47" /><ent r="64" t="93" w="91" /><ent r="65" t="94" w="31" /><ent r="66" t="95" w="53" /><ent r="5" t="95" w="178" /><ent r="5" t="96" w="55" /><ent r="65" t="97" w="30" /><ent r="64" t="100" w="60" /><ent r="3" t="100" w="107" /><ent r="3" t="101" w="110" /><ent r="64" t="102" w="196" /><ent r="64" t="103" w="129" /><ent r="64" t="138" w="39" /><ent r="64" t="138" w="94" /><ent r="66" t="139" w="23" /><ent r="4" t="141" w="54" /><ent r="4" t="142" w="181" /><ent r="4" t="142" w="205" /><ent r="3" t="142" w="391" /><ent r="3" t="142" w="510" /><ent r="3" t="142" w="610" /><ent r="3" t="142" w="684" /><ent r="64" t="156" w="99" /><ent r="65" t="157" w="86" /><ent r="64" t="158" w="115" /><ent r="4" t="158" w="791" /><ent r="65" t="159" w="57" /><ent r="65" t="160" w="29" /><ent r="65" t="161" w="81" /><ent r="65" t="162" w="70" /><ent r="65" t="163" w="61" /><ent r="65" t="164" w="77" /><ent r="65" t="165" w="95" /><ent r="65" t="166" w="52" /><ent r="3" t="168" w="62" /><ent r="4" t="175" w="86" /><ent r="4" t="179" w="436" /><ent r="4" t="180" w="362" /><ent r="4" t="180" w="587" /><ent r="4" t="180" w="2330" /><ent r="3" t="180" w="2631" /><ent r="5" t="180" w="2675" /><ent r="4" t="180" w="2687" /><ent r="3" t="180" w="2986" /><ent r="4" t="181" w="298" /><ent r="4" t="181" w="679" /><ent r="4" t="181" w="770" /><ent r="3" t="181" w="785" /><ent r="4" t="181" w="798" /><ent r="4" t="181" w="860" /><ent r="5" t="181" w="920" /><ent r="4" t="181" w="988" /><ent r="4" t="182" w="261" /><ent r="4" t="182" w="1107" /><ent r="5" t="182" w="1117" /><ent r="4" t="182" w="1123" /><ent r="4" t="183" w="536" /><ent r="3" t="183" w="946" /><ent r="4" t="184" w="538" /><ent r="4" t="184" w="847" /><ent r="4" t="184" w="907" /><ent r="6" t="184" w="1000" /><ent r="4" t="184" w="1183" /><ent r="5" t="185" w="521" /><ent r="4" t="186" w="412" /><ent r="4" t="186" w="555" /><ent r="4" t="186" w="718" /><ent r="4" t="186" w="749" /><ent r="4" t="188" w="323" /><ent r="5" t="195" w="409" /><ent r="65" t="213" w="278" /></phr><phr n="explorer"><ent r="3" t="19" w="112" /></phr><phr n="explore"><ent r="4" t="181" w="1508" /></phr></stem><stem n="dockabl"><phr n="dockable"><ent r="3" t="1" w="76" /></phr></stem><stem n="manag"><phr n="manage"><ent r="3" t="1" w="82" /><ent r="3" t="76" w="91" /><ent r="3" t="77" w="20" /><ent r="3" t="90" w="116" /><ent r="3" t="115" w="154" /><ent r="3" t="115" w="166" /><ent r="4" t="169" w="374" /></phr><phr n="managing"><ent r="3" t="76" w="72" /></phr><phr n="management"><ent r="3" t="171" w="74" /><ent r="3" t="238" w="232" /></phr><phr n="managed"><ent r="3" t="238" w="225" /></phr></stem><stem n="'"><phr n="'"><ent r="3" t="1" w="93" /><ent r="4" t="20" w="394" /><ent r="3" t="76" w="102" /><ent r="3" t="77" w="31" /><ent r="3" t="171" w="81" /><ent r="4" t="180" w="1492" /><ent r="5" t="180" w="1504" /><ent r="8" t="180" w="1674" /><ent r="8" t="180" w="1676" /><ent r="8" t="180" w="1685" /><ent r="3" t="180" w="2627" /></phr></stem><stem n="inform"><phr n="information"><ent r="3" t="1" w="96" /><ent r="3" t="1" w="435" /><ent r="5" t="3" w="77" /><ent r="5" t="3" w="105" /><ent r="3" t="4" w="112" /><ent r="3" t="11" w="68" /><ent r="6" t="14" w="210" /><ent r="4" t="18" w="153" /><ent r="4" t="20" w="179" /><ent r="4" t="20" w="250" /><ent r="4" t="20" w="347" /><ent r="3" t="21" w="52" /><ent r="3" t="21" w="393" /><ent r="3" t="21" w="395" /><ent r="4" t="21" w="515" /><ent r="3" t="22" w="18" /><ent r="4" t="23" w="99" /><ent r="3" t="24" w="78" /><ent r="4" t="25" w="67" /><ent r="4" t="25" w="105" /><ent r="4" t="25" w="153" /><ent r="4" t="25" w="179" /><ent r="4" t="26" w="398" /><ent r="4" t="27" w="87" /><ent r="3" t="31" w="67" /><ent r="4" t="31" w="96" /><ent r="3" t="32" w="38" /><ent r="3" t="32" w="75" /><ent r="3" t="40" w="261" /><ent r="4" t="43" w="113" /><ent r="3" t="43" w="215" /><ent r="3" t="47" w="211" /><ent r="4" t="48" w="289" /><ent r="3" t="52" w="115" /><ent r="100" t="53" w="6" /><ent r="4" t="58" w="58" /><ent r="3" t="62" w="137" /><ent r="4" t="65" w="62" /><ent r="4" t="65" w="239" /><ent r="4" t="65" w="281" /><ent r="4" t="67" w="246" /><ent r="4" t="75" w="68" /><ent r="3" t="77" w="119" /><ent r="4" t="79" w="99" /><ent r="3" t="83" w="18" /><ent r="3" t="83" w="145" /><ent r="3" t="96" w="182" /><ent r="3" t="102" w="18" /><ent r="3" t="104" w="22" /><ent r="3" t="106" w="196" /><ent r="4" t="108" w="449" /><ent r="4" t="109" w="362" /><ent r="4" t="109" w="369" /><ent r="4" t="109" w="382" /><ent r="3" t="112" w="36" /><ent r="3" t="112" w="41" /><ent r="3" t="112" w="59" /><ent r="3" t="115" w="172" /><ent r="3" t="115" w="186" /><ent r="3" t="115" w="200" /><ent r="3" t="115" w="214" /><ent r="3" t="115" w="251" /><ent r="3" t="115" w="303" /><ent r="3" t="115" w="451" /><ent r="3" t="115" w="476" /><ent r="3" t="115" w="487" /><ent r="3" t="115" w="545" /><ent r="3" t="117" w="47" /><ent r="4" t="117" w="127" /><ent r="4" t="117" w="178" /><ent r="4" t="122" w="55" /><ent r="3" t="125" w="36" /><ent r="3" t="125" w="273" /><ent r="3" t="125" w="276" /><ent r="3" t="125" w="699" /><ent r="4" t="125" w="768" /><ent r="3" t="125" w="888" /><ent r="3" t="126" w="128" /><ent r="4" t="126" w="358" /><ent r="3" t="127" w="60" /><ent r="4" t="129" w="71" /><ent r="3" t="148" w="158" /><ent r="3" t="149" w="194" /><ent r="3" t="153" w="1185" /><ent r="3" t="154" w="197" /><ent r="3" t="155" w="171" /><ent r="3" t="156" w="516" /><ent r="4" t="156" w="586" /><ent r="4" t="156" w="595" /><ent r="4" t="156" w="631" /><ent r="4" t="156" w="640" /><ent r="3" t="157" w="185" /><ent r="3" t="157" w="200" /><ent r="3" t="157" w="219" /><ent r="3" t="157" w="232" /><ent r="3" t="157" w="235" /><ent r="3" t="157" w="252" /><ent r="3" t="157" w="266" /><ent r="3" t="157" w="489" /><ent r="4" t="157" w="559" /><ent r="4" t="157" w="568" /><ent r="4" t="157" w="604" /><ent r="4" t="157" w="613" /><ent r="3" t="157" w="778" /><ent r="3" t="157" w="906" /><ent r="3" t="157" w="922" /><ent r="3" t="157" w="949" /><ent r="3" t="157" w="995" /><ent r="3" t="158" w="261" /><ent r="3" t="158" w="486" /><ent r="4" t="158" w="556" /><ent r="4" t="158" w="565" /><ent r="4" t="158" w="601" /><ent r="4" t="158" w="610" /><ent r="3" t="158" w="868" /><ent r="3" t="159" w="151" /><ent r="3" t="160" w="219" /><ent r="3" t="161" w="65" /><ent r="3" t="161" w="223" /><ent r="3" t="162" w="150" /><ent r="3" t="164" w="164" /><ent r="3" t="165" w="359" /><ent r="3" t="166" w="22" /><ent r="3" t="166" w="30" /><ent r="3" t="166" w="164" /><ent r="3" t="167" w="527" /><ent r="3" t="167" w="644" /><ent r="3" t="167" w="713" /><ent r="4" t="167" w="793" /><ent r="3" t="171" w="105" /><ent r="4" t="171" w="149" /><ent r="4" t="171" w="156" /><ent r="4" t="171" w="251" /><ent r="3" t="179" w="261" /><ent r="100" t="180" w="16" /><ent r="4" t="180" w="121" /><ent r="4" t="180" w="1652" /><ent r="3" t="182" w="696" /><ent r="3" t="183" w="102" /><ent r="3" t="183" w="122" /><ent r="3" t="183" w="150" /><ent r="4" t="183" w="665" /><ent r="3" t="184" w="92" /><ent r="3" t="184" w="112" /><ent r="3" t="184" w="140" /><ent r="3" t="184" w="368" /><ent r="4" t="184" w="736" /><ent r="3" t="184" w="827" /><ent r="3" t="185" w="162" /><ent r="3" t="185" w="366" /><ent r="3" t="187" w="590" /><ent r="3" t="190" w="33" /><ent r="5" t="190" w="205" /><ent r="3" t="195" w="138" /><ent r="3" t="199" w="34" /><ent r="3" t="199" w="50" /><ent r="7" t="199" w="135" /><ent r="7" t="199" w="423" /><ent r="3" t="208" w="25" /><ent r="3" t="208" w="44" /><ent r="3" t="208" w="63" /><ent r="3" t="208" w="76" /><ent r="3" t="208" w="208" /><ent r="3" t="210" w="16" /><ent r="3" t="210" w="30" /><ent r="3" t="211" w="34" /><ent r="3" t="213" w="26" /><ent r="3" t="213" w="616" /><ent r="4" t="213" w="686" /><ent r="4" t="213" w="695" /><ent r="4" t="213" w="731" /><ent r="4" t="213" w="740" /><ent r="3" t="218" w="241" /><ent r="3" t="218" w="266" /><ent r="5" t="224" w="141" /><ent r="5" t="224" w="144" /><ent r="3" t="227" w="161" /><ent r="6" t="230" w="184" /><ent r="6" t="230" w="353" /><ent r="6" t="230" w="564" /><ent r="4" t="231" w="142" /><ent r="7" t="241" w="99" /></phr><phr n="Information"><ent r="5" t="21" w="32" /><ent r="4" t="53" w="47" /><ent r="3" t="167" w="29" /><ent r="64" t="178" w="333" /><ent r="102" t="180" w="29" /><ent r="1000" t="193" w="4" /><ent r="102" t="193" w="9" /><ent r="64" t="195" w="789" /><ent r="3" t="200" w="167" /></phr><phr n="informational"><ent r="3" t="102" w="74" /></phr></stem></index>