﻿<?xml version="1.0" encoding="utf-8"?><index><stem n="lib"><phr n="LIB"><ent r="5" t="187" w="1809" /><ent r="4" t="188" w="693" /><ent r="4" t="188" w="718" /><ent r="4" t="188" w="747" /></phr></stem><stem n="ast_lib_00305042006183231"><phr n="AST_LIB_00305042006183231"><ent r="5" t="187" w="1810" /><ent r="5" t="187" w="1808" /><ent r="4" t="188" w="694" /><ent r="4" t="188" w="692" /><ent r="4" t="188" w="719" /><ent r="4" t="188" w="717" /></phr></stem><stem n="00305042006183231"><phr n="00305042006183231"><ent r="5" t="187" w="1810" /><ent r="4" t="188" w="694" /><ent r="4" t="188" w="719" /><ent r="4" t="188" w="748" /></phr></stem><stem n="ast_lib_00305042006183231_05082006132132"><phr n="AST_LIB_00305042006183231_05082006132132"><ent r="5" t="187" w="1811" /><ent r="5" t="187" w="1808" /><ent r="4" t="188" w="695" /><ent r="4" t="188" w="692" /><ent r="4" t="188" w="720" /><ent r="4" t="188" w="717" /></phr></stem><stem n="05082006132132"><phr n="05082006132132"><ent r="5" t="187" w="1811" /><ent r="4" t="188" w="695" /><ent r="4" t="188" w="720" /><ent r="4" t="188" w="749" /></phr></stem><stem n="ast_lib_00305042006183231_05082006132132_tir"><phr n="AST_LIB_00305042006183231_05082006132132_TIR"><ent r="5" t="187" w="1812" /><ent r="5" t="187" w="1808" /><ent r="4" t="188" w="696" /><ent r="4" t="188" w="692" /><ent r="4" t="188" w="721" /><ent r="4" t="188" w="717" /></phr></stem><stem n="tir"><phr n="TIR"><ent r="5" t="187" w="1812" /><ent r="4" t="188" w="696" /><ent r="4" t="188" w="721" /><ent r="4" t="188" w="750" /></phr></stem><stem n="ast_lib_00305042006183231_05082006132132_tir_swath"><phr n="AST_LIB_00305042006183231_05082006132132_TIR_Swath"><ent r="5" t="187" w="1813" /><ent r="5" t="187" w="1808" /><ent r="4" t="188" w="697" /><ent r="4" t="188" w="692" /><ent r="4" t="188" w="722" /><ent r="4" t="188" w="717" /></phr></stem><stem n="_lib_00305042006183231_05082006132132_tir_swath.tif"><phr n="_LIB_00305042006183231_05082006132132_TIR_Swath.tif"><ent r="5" t="187" w="1814" /><ent r="4" t="188" w="698" /></phr></stem><stem n="ast_lib_00305042006183231_05082006132132_tir_swath.tif"><phr n="AST_LIB_00305042006183231_05082006132132_TIR_Swath.tif"><ent r="5" t="187" w="1814" /><ent r="5" t="187" w="1808" /><ent r="4" t="188" w="698" /><ent r="4" t="188" w="692" /><ent r="4" t="188" w="723" /><ent r="4" t="188" w="717" /></phr></stem><stem n="/plug-in"><phr n="/Plug-In"><ent r="4" t="188" w="81" /></phr></stem><stem n="item/item"><phr n="Item/Item"><ent r="4" t="188" w="83" /><ent r="4" t="188" w="80" /></phr></stem><stem n="/valu"><phr n="/Value"><ent r="4" t="188" w="84" /></phr></stem><stem n="item/item/valu"><phr n="Item/Item/Value"><ent r="4" t="188" w="84" /><ent r="4" t="188" w="80" /></phr></stem><stem n="regular"><phr n="regular"><ent r="3" t="188" w="134" /><ent r="3" t="195" w="264" /><ent r="3" t="209" w="82" /></phr></stem><stem n="consecut"><phr n="consecutively"><ent r="5" t="188" w="162" /></phr></stem><stem n=".wiz"><phr n=".wiz"><ent r="5" t="188" w="461" /><ent r="5" t="188" w="482" /><ent r="5" t="188" w="1316" /></phr></stem><stem n="usedegre"><phr n="useDegrees"><ent r="3" t="188" w="669" /><ent r="7" t="188" w="938" /><ent r="7" t="188" w="940" /><ent r="4" t="188" w="1192" /><ent r="3" t="188" w="1230" /></phr></stem><stem n="ast_lib_00305042006183231_05082006132132_tir_swath.tif."><phr n="AST_LIB_00305042006183231_05082006132132_TIR_Swath.tif."><ent r="4" t="188" w="723" /><ent r="4" t="188" w="717" /></phr></stem><stem n="_lib_00305042006183231_05082006132132_tir_swath.tif."><phr n="_LIB_00305042006183231_05082006132132_TIR_Swath.tif."><ent r="4" t="188" w="724" /></phr></stem><stem n="new_ast"><phr n="new_AST"><ent r="4" t="188" w="746" /><ent r="4" t="188" w="745" /></phr></stem><stem n="new_ast_lib"><phr n="new_AST_LIB"><ent r="4" t="188" w="747" /><ent r="4" t="188" w="745" /></phr></stem><stem n="new_ast_lib_00305042006183231"><phr n="new_AST_LIB_00305042006183231"><ent r="4" t="188" w="748" /><ent r="4" t="188" w="745" /></phr></stem><stem n="new_ast_lib_00305042006183231_05082006132132"><phr n="new_AST_LIB_00305042006183231_05082006132132"><ent r="4" t="188" w="749" /><ent r="4" t="188" w="745" /></phr></stem><stem n="new_ast_lib_00305042006183231_05082006132132_tir"><phr n="new_AST_LIB_00305042006183231_05082006132132_TIR"><ent r="4" t="188" w="750" /><ent r="4" t="188" w="745" /></phr></stem><stem n="new_ast_lib_00305042006183231_05082006132132_tir_swath"><phr n="new_AST_LIB_00305042006183231_05082006132132_TIR_Swath"><ent r="4" t="188" w="751" /><ent r="4" t="188" w="745" /></phr></stem><stem n="_ast_lib_00305042006183231_05082006132132_tir_swath.tif"><phr n="_AST_LIB_00305042006183231_05082006132132_TIR_Swath.tif"><ent r="4" t="188" w="752" /></phr></stem><stem n="new_ast_lib_00305042006183231_05082006132132_tir_swath.tif"><phr n="new_AST_LIB_00305042006183231_05082006132132_TIR_Swath.tif"><ent r="4" t="188" w="752" /><ent r="4" t="188" w="745" /></phr></stem><stem n="-input"><phr n="-input"><ent r="7" t="188" w="913" /><ent r="7" t="188" w="913" /><ent r="3" t="188" w="1212" /><ent r="3" t="188" w="1212" /></phr></stem><stem n="value-input"><phr n="Value-input"><ent r="7" t="188" w="913" /><ent r="3" t="188" w="1212" /></phr></stem><stem n="greeninput"><phr n="greeninput"><ent r="7" t="188" w="935" /></phr></stem><stem n="-usedegre"><phr n="-useDegrees"><ent r="7" t="188" w="937" /><ent r="7" t="188" w="937" /><ent r="3" t="188" w="1229" /><ent r="3" t="188" w="1229" /></phr></stem><stem n="value-usedegre"><phr n="Value-useDegrees"><ent r="7" t="188" w="937" /><ent r="3" t="188" w="1229" /></phr></stem><stem n="displayresult"><phr n="displayResults"><ent r="7" t="188" w="950" /><ent r="5" t="188" w="1165" /></phr></stem><stem n="-output"><phr n="-output"><ent r="7" t="188" w="958" /><ent r="7" t="188" w="958" /><ent r="3" t="188" w="1237" /><ent r="3" t="188" w="1237" /></phr></stem><stem n="value-output"><phr n="Value-output"><ent r="7" t="188" w="958" /><ent r="3" t="188" w="1237" /></phr></stem><stem n="**import"><phr n="**Import"><ent r="7" t="188" w="983" /></phr></stem><stem n="**to"><phr n="**To"><ent r="3" t="188" w="996" /></phr></stem><stem n="(next"><phr n="(next"><ent r="3" t="188" w="1016" /></phr></stem><stem n="&quot;save"><phr n="&quot;Save"><ent r="6" t="188" w="1285" /></phr></stem><stem n="&quot;save&quot;"><phr n="&quot;Save&quot;"><ent r="6" t="188" w="1290" /></phr></stem><stem n="bandmath"><phr n="BandMath"><ent r="5" t="188" w="1315" /></phr><phr n="bandmath"><ent r="3" t="188" w="1523" /><ent r="3" t="188" w="1535" /></phr></stem><stem n="bandmath.wiz"><phr n="BandMath.wiz"><ent r="5" t="188" w="1316" /><ent r="5" t="188" w="1315" /></phr></stem><stem n=".batchwizfil"><phr n=".batchwizfile"><ent r="4" t="188" w="1329" /></phr></stem><stem n="batchwizfil"><phr n="batchwizfile"><ent r="4" t="188" w="1329" /></phr></stem><stem n="temp"><phr n="temp"><ent r="3" t="188" w="1364" /></phr></stem><stem n="cmd"><phr n="cmd"><ent r="4" t="188" w="1435" /></phr></stem><stem n="termin"><phr n="terminal"><ent r="3" t="188" w="1464" /></phr></stem><stem n=":\program"><phr n=":\Program"><ent r="4" t="188" w="1481" /></phr></stem><stem n="4.0"><phr n="4.0"><ent r="4" t="188" w="1485" /><ent r="4" t="188" w="1484" /></phr></stem><stem n="4.0."><phr n="4.0."><ent r="4" t="188" w="1485" /><ent r="4" t="188" w="1484" /></phr></stem><stem n="\opticks\4.0."><phr n="\Opticks\4.0."><ent r="4" t="188" w="1486" /></phr></stem><stem n="opt"><phr n="opt"><ent r="4" t="188" w="1494" /></phr></stem><stem n="opt/optick"><phr n="opt/Opticks"><ent r="4" t="188" w="1495" /><ent r="4" t="188" w="1494" /></phr></stem><stem n="opt/opticks/4"><phr n="opt/Opticks/4"><ent r="4" t="188" w="1496" /><ent r="4" t="188" w="1494" /></phr></stem><stem n="/opt/opticks/4.0"><phr n="/opt/Opticks/4.0"><ent r="4" t="188" w="1497" /></phr></stem><stem n="opt/opticks/4.0"><phr n="opt/Opticks/4.0"><ent r="4" t="188" w="1497" /><ent r="4" t="188" w="1494" /></phr></stem><stem n="\opticksbatch"><phr n="\opticksbatch"><ent r="3" t="188" w="1520" /></phr></stem><stem n="opticksbatch"><phr n="opticksbatch"><ent r="3" t="188" w="1520" /></phr><phr n="OpticksBatch"><ent r="3" t="188" w="1532" /></phr></stem><stem n="/input:wizards\bandmath.batchwiz"><phr n="/input:wizards\bandmath.batchwiz"><ent r="3" t="188" w="1524" /></phr></stem><stem n="bandmath.batchwiz"><phr n="bandmath.batchwiz"><ent r="3" t="188" w="1524" /><ent r="3" t="188" w="1523" /></phr></stem><stem n="batchwiz"><phr n="batchwiz"><ent r="3" t="188" w="1524" /><ent r="3" t="188" w="1536" /></phr></stem><stem n="wizards/bandmath"><phr n="wizards/bandmath"><ent r="3" t="188" w="1535" /><ent r="3" t="188" w="1534" /></phr></stem><stem n="-input:wizards/bandmath.batchwiz"><phr n="-input:wizards/bandmath.batchwiz"><ent r="3" t="188" w="1536" /><ent r="3" t="188" w="1536" /></phr></stem><stem n="wizards/bandmath.batchwiz"><phr n="wizards/bandmath.batchwiz"><ent r="3" t="188" w="1536" /><ent r="3" t="188" w="1534" /></phr></stem><stem n="sampledata"><phr n="SampleData"><ent r="4" t="188" w="1567" /></phr></stem><stem n="sampledata/geotiff"><phr n="SampleData/GeoTIFF"><ent r="4" t="188" w="1568" /><ent r="4" t="188" w="1567" /></phr></stem><stem n="(…/sampledata/geotiff)."><phr n="(…/SampleData/GeoTIFF)."><ent r="4" t="188" w="1569" /></phr></stem><stem n="ellips"><phr n="ellipse"><ent r="7" t="190" w="55" /></phr><phr n="Ellipse"><ent r="6" t="230" w="143" /><ent r="6" t="230" w="195" /><ent r="6" t="230" w="237" /><ent r="6" t="230" w="299" /><ent r="6" t="230" w="365" /><ent r="6" t="230" w="409" /><ent r="6" t="230" w="446" /><ent r="6" t="230" w="481" /><ent r="6" t="230" w="527" /></phr></stem><stem n="arrowhead"><phr n="arrowhead"><ent r="7" t="190" w="168" /></phr></stem><stem n="east"><phr n="east"><ent r="5" t="190" w="241" /></phr><phr n="easting"><ent r="7" t="199" w="440" /></phr><phr n="East"><ent r="6" t="230" w="159" /><ent r="6" t="230" w="211" /><ent r="6" t="230" w="383" /><ent r="6" t="230" w="499" /><ent r="6" t="230" w="545" /><ent r="6" t="230" w="580" /></phr></stem><stem n="(base"><phr n="(based"><ent r="6" t="191" w="45" /></phr></stem><stem n="bounc"><phr n="Bounce"><ent r="7" t="191" w="51" /></phr></stem><stem n="opposit"><phr n="opposite"><ent r="6" t="191" w="64" /></phr></stem><stem n="peak"><phr n="peaks"><ent r="3" t="193" w="18" /></phr></stem><stem n="vallei"><phr n="valleys"><ent r="3" t="193" w="20" /></phr></stem><stem n="propag"><phr n="propagation"><ent r="3" t="193" w="26" /></phr></stem><stem n="harmon"><phr n="harmonic"><ent r="3" t="193" w="29" /></phr></stem><stem n="frequenc"><phr n="frequency"><ent r="3" t="193" w="37" /></phr></stem><stem n="f"><phr n="f"><ent r="4" t="193" w="39" /><ent r="3" t="193" w="46" /></phr><phr n="F"><ent r="64" t="198" w="139" /><ent r="3" t="198" w="228" /><ent r="1000" t="204" w="2" /><ent r="102" t="204" w="5" /><ent r="5" t="226" w="355" /></phr></stem><stem n="="><phr n="="><ent r="3" t="193" w="46" /><ent r="3" t="193" w="193" /><ent r="3" t="193" w="211" /><ent r="3" t="193" w="223" /><ent r="7" t="199" w="192" /><ent r="7" t="199" w="197" /><ent r="7" t="199" w="203" /><ent r="7" t="199" w="210" /><ent r="7" t="199" w="216" /><ent r="6" t="199" w="224" /><ent r="6" t="199" w="235" /><ent r="6" t="199" w="256" /><ent r="6" t="199" w="262" /><ent r="6" t="199" w="269" /><ent r="7" t="199" w="283" /><ent r="3" t="199" w="701" /><ent r="3" t="199" w="720" /><ent r="3" t="199" w="723" /><ent r="3" t="199" w="726" /><ent r="3" t="199" w="730" /><ent r="3" t="199" w="734" /><ent r="3" t="199" w="739" /><ent r="3" t="199" w="742" /><ent r="3" t="199" w="746" /><ent r="3" t="199" w="751" /><ent r="3" t="199" w="755" /><ent r="3" t="199" w="772" /><ent r="3" t="199" w="780" /><ent r="3" t="199" w="785" /><ent r="3" t="199" w="792" /><ent r="3" t="199" w="798" /><ent r="3" t="199" w="843" /><ent r="3" t="199" w="860" /></phr></stem><stem n="veloc"><phr n="velocity"><ent r="3" t="193" w="53" /></phr></stem><stem n="(fwhm)"><phr n="(FWHM)"><ent r="3" t="193" w="64" /><ent r="3" t="195" w="375" /><ent r="3" t="209" w="193" /></phr></stem><stem n="proper"><phr n="proper"><ent r="3" t="193" w="159" /></phr></stem><stem n="bandwidth"><phr n="bandwidth"><ent r="3" t="193" w="160" /></phr><phr n="bandwidths"><ent r="3" t="193" w="174" /></phr></stem><stem n="1.0"><phr n="1.0"><ent r="3" t="193" w="171" /><ent r="3" t="193" w="170" /><ent r="3" t="193" w="182" /><ent r="3" t="193" w="181" /><ent r="3" t="195" w="659" /><ent r="3" t="195" w="658" /><ent r="6" t="230" w="95" /><ent r="6" t="230" w="94" /></phr></stem><stem n="1.0,"><phr n="1.0,"><ent r="3" t="193" w="171" /><ent r="3" t="193" w="170" /></phr></stem><stem n=".0,"><phr n=".0,"><ent r="3" t="193" w="172" /></phr></stem><stem n="1.0."><phr n="1.0."><ent r="3" t="193" w="182" /><ent r="3" t="193" w="181" /><ent r="6" t="230" w="95" /><ent r="6" t="230" w="94" /></phr></stem><stem n=".0."><phr n=".0."><ent r="3" t="193" w="183" /><ent r="6" t="230" w="96" /></phr></stem><stem n="((band"><phr n="((Band"><ent r="3" t="193" w="193" /></phr></stem><stem n="n+1"><phr n="N+1"><ent r="3" t="193" w="194" /></phr></stem><stem n="*"><phr n="*"><ent r="3" t="193" w="201" /><ent r="3" t="232" w="88" /><ent r="3" t="233" w="28" /><ent r="3" t="233" w="43" /></phr></stem><stem n="fourth"><phr n="fourth"><ent r="4" t="194" w="214" /></phr></stem><stem n="delimit"><phr n="delimited"><ent r="3" t="194" w="220" /></phr></stem><stem n="deprec"><phr n="Deprecated"><ent r="92" t="194" w="274" /></phr><phr n="deprecated"><ent r="3" t="194" w="280" /></phr></stem><stem n=":wavelength"><phr n=":Wavelengths"><ent r="100" t="195" w="15" /><ent r="100" t="209" w="17" /></phr></stem><stem n="retriev"><phr n="retrieves"><ent r="3" t="195" w="326" /><ent r="3" t="209" w="144" /></phr></stem><stem n=".wav,"><phr n=".wav,"><ent r="4" t="195" w="521" /><ent r="4" t="195" w="750" /></phr></stem><stem n=".wave,"><phr n=".wave,"><ent r="4" t="195" w="522" /><ent r="4" t="195" w="751" /></phr></stem><stem n=".wmd."><phr n=".wmd."><ent r="4" t="195" w="524" /></phr></stem><stem n=".0),"><phr n=".0),"><ent r="3" t="195" w="660" /></phr></stem><stem n="k"><phr n="K"><ent r="4" t="195" w="666" /><ent r="4" t="195" w="778" /><ent r="3" t="198" w="110" /><ent r="3" t="200" w="161" /><ent r="5" t="231" w="60" /></phr><phr n="k"><ent r="3" t="197" w="55" /></phr></stem><stem n="av"><phr n="ave"><ent r="5" t="195" w="699" /></phr></stem><stem n=".wmd"><phr n=".wmd"><ent r="4" t="195" w="752" /></phr></stem><stem n=":oper"><phr n=":operators"><ent r="100" t="196" w="7" /></phr></stem><stem n="sine"><phr n="Sine"><ent r="7" t="196" w="26" /></phr><phr n="sine"><ent r="7" t="196" w="39" /><ent r="7" t="196" w="57" /></phr></stem><stem n="cosin"><phr n="Cosine"><ent r="7" t="196" w="28" /></phr><phr n="cosine"><ent r="7" t="196" w="42" /><ent r="7" t="196" w="60" /></phr></stem><stem n="tangent"><phr n="Tangent"><ent r="7" t="196" w="30" /></phr><phr n="tangent"><ent r="7" t="196" w="45" /><ent r="7" t="196" w="63" /></phr></stem><stem n="secant"><phr n="Secant"><ent r="7" t="196" w="32" /></phr><phr n="secant"><ent r="7" t="196" w="48" /><ent r="7" t="196" w="66" /></phr></stem><stem n="cosec"><phr n="Cosecant"><ent r="7" t="196" w="34" /></phr><phr n="cosecant"><ent r="7" t="196" w="51" /><ent r="7" t="196" w="69" /></phr></stem><stem n="cotang"><phr n="Cotangent"><ent r="7" t="196" w="36" /></phr><phr n="cotangent"><ent r="7" t="196" w="54" /><ent r="7" t="196" w="72" /></phr></stem><stem n="invers"><phr n="Inverse"><ent r="7" t="196" w="38" /><ent r="7" t="196" w="41" /><ent r="7" t="196" w="44" /><ent r="7" t="196" w="47" /><ent r="7" t="196" w="50" /><ent r="7" t="196" w="53" /></phr></stem><stem n="hyperbol"><phr n="Hyperbolic"><ent r="7" t="196" w="56" /><ent r="7" t="196" w="59" /><ent r="7" t="196" w="62" /><ent r="7" t="196" w="65" /><ent r="7" t="196" w="68" /><ent r="7" t="196" w="71" /></phr></stem><stem n="1n"><phr n="1n"><ent r="7" t="196" w="80" /></phr></stem><stem n="wikipedia"><phr n="Wikipedia"><ent r="3" t="197" w="11" /></phr><phr n="wikipedia"><ent r="64" t="197" w="15" /></phr></stem><stem n="en"><phr n="en"><ent r="64" t="197" w="14" /></phr></stem><stem n="en.wikipedia"><phr n="en.wikipedia"><ent r="64" t="197" w="15" /><ent r="64" t="197" w="14" /></phr></stem><stem n="en.wikipedia.org"><phr n="en.wikipedia.org"><ent r="64" t="197" w="16" /><ent r="64" t="197" w="14" /></phr></stem><stem n="en.wikipedia.org/wiki"><phr n="en.wikipedia.org/wiki"><ent r="64" t="197" w="17" /><ent r="64" t="197" w="14" /></phr></stem><stem n="wiki"><phr n="wiki"><ent r="64" t="197" w="17" /></phr></stem><stem n="en.wikipedia.org/wiki/clust"><phr n="en.wikipedia.org/wiki/Cluster"><ent r="64" t="197" w="18" /><ent r="64" t="197" w="14" /></phr></stem><stem n="en.wikipedia.org/wiki/cluster_analysi"><phr n="en.wikipedia.org/wiki/Cluster_analysis"><ent r="64" t="197" w="19" /><ent r="64" t="197" w="14" /></phr></stem><stem n="qt_cluster"><phr n="QT_clustering"><ent r="64" t="197" w="21" /><ent r="64" t="197" w="20" /></phr></stem><stem n="://en.wikipedia.org/wiki/cluster_analysis#qt_clustering_algorithm"><phr n="://en.wikipedia.org/wiki/Cluster_analysis#QT_clustering_algorithm"><ent r="64" t="197" w="22" /></phr></stem><stem n="qt_clustering_algorithm"><phr n="QT_clustering_algorithm"><ent r="64" t="197" w="22" /><ent r="64" t="197" w="20" /></phr></stem><stem n="(qualiti"><phr n="(quality"><ent r="3" t="197" w="31" /></phr></stem><stem n="heyer"><phr n="Heyer"><ent r="3" t="197" w="34" /></phr></stem><stem n="(heyer,"><phr n="(Heyer,"><ent r="3" t="197" w="35" /></phr></stem><stem n="kruglyak"><phr n="Kruglyak"><ent r="3" t="197" w="35" /></phr></stem><stem n="yooseph"><phr n="Yooseph"><ent r="3" t="197" w="36" /></phr></stem><stem n="1999"><phr n="1999"><ent r="3" t="197" w="37" /></phr></stem><stem n="partit"><phr n="partitioning"><ent r="3" t="197" w="43" /></phr></stem><stem n="invent"><phr n="invented"><ent r="3" t="197" w="45" /></phr></stem><stem n="gene"><phr n="gene"><ent r="3" t="197" w="47" /></phr></stem><stem n="k-mean"><phr n="k-means"><ent r="3" t="197" w="55" /></phr></stem><stem n="-means,"><phr n="-means,"><ent r="3" t="197" w="57" /><ent r="3" t="197" w="57" /></phr></stem><stem n="priori"><phr n="priori"><ent r="3" t="197" w="67" /></phr></stem><stem n="candid"><phr n="candidate"><ent r="4" t="197" w="94" /><ent r="4" t="197" w="122" /></phr></stem><stem n="iter"><phr n="iteratively"><ent r="4" t="197" w="100" /></phr></stem><stem n="closest"><phr n="closest"><ent r="4" t="197" w="106" /></phr></stem><stem n="surpass"><phr n="surpasses"><ent r="4" t="197" w="116" /></phr></stem><stem n="consider"><phr n="consideration"><ent r="4" t="197" w="142" /></phr></stem><stem n="clarifi"><phr n="clarify"><ent r="4" t="197" w="144" /></phr></stem><stem n="happen"><phr n="happens"><ent r="4" t="197" w="146" /></phr></stem><stem n="?"><phr n="?"><ent r="4" t="197" w="158" /><ent r="3" t="233" w="63" /><ent r="3" t="233" w="74" /></phr></stem><stem n="recurs"><phr n="Recurse"><ent r="4" t="197" w="159" /></phr></stem><stem n="linkag"><phr n="linkage"><ent r="3" t="197" w="181" /></phr></stem><stem n="i."><phr n="i.e"><ent r="3" t="197" w="183" /><ent r="3" t="197" w="182" /></phr></stem><stem n="i.e."><phr n="i.e."><ent r="3" t="197" w="183" /><ent r="3" t="197" w="182" /></phr></stem><stem n=".e."><phr n=".e."><ent r="3" t="197" w="184" /></phr></stem><stem n="member"><phr n="member"><ent r="3" t="197" w="193" /></phr></stem><stem n="paragraph"><phr n="Paragraph"><ent r="82" t="198" w="75" /><ent r="64" t="198" w="129" /><ent r="64" t="198" w="132" /><ent r="64" t="198" w="135" /><ent r="64" t="198" w="138" /><ent r="64" t="198" w="141" /><ent r="64" t="198" w="144" /><ent r="64" t="198" w="147" /><ent r="1000" t="201" w="1" /><ent r="102" t="201" w="4" /><ent r="1000" t="202" w="1" /><ent r="102" t="202" w="4" /><ent r="1000" t="203" w="1" /><ent r="102" t="203" w="4" /><ent r="1000" t="204" w="1" /><ent r="102" t="204" w="4" /><ent r="1000" t="205" w="1" /><ent r="102" t="205" w="4" /><ent r="1000" t="206" w="1" /><ent r="102" t="206" w="4" /><ent r="1000" t="207" w="1" /><ent r="102" t="207" w="4" /></phr><phr n="paragraph"><ent r="3" t="198" w="79" /><ent r="3" t="198" w="98" /><ent r="4" t="198" w="253" /><ent r="3" t="200" w="142" /></phr><phr n="Paragraphs"><ent r="3" t="198" w="106" /><ent r="3" t="198" w="226" /></phr><phr n="paragraphs"><ent r="3" t="200" w="130" /><ent r="3" t="200" w="151" /><ent r="3" t="200" w="157" /></phr></stem><stem n="h"><phr n="H"><ent r="64" t="198" w="145" /><ent r="3" t="198" w="229" /><ent r="1000" t="206" w="2" /><ent r="102" t="206" w="5" /><ent r="5" t="226" w="218" /></phr></stem><stem n="j"><phr n="J"><ent r="64" t="198" w="148" /><ent r="3" t="198" w="231" /><ent r="1000" t="207" w="2" /><ent r="102" t="207" w="5" /></phr></stem><stem n="unload"><phr n="Unload"><ent r="82" t="198" w="193" /><ent r="3" t="198" w="198" /></phr></stem><stem n="tabular"><phr n="tabular"><ent r="3" t="198" w="233" /></phr></stem><stem n="curv"><phr n="curves"><ent r="4" t="198" w="342" /><ent r="4" t="198" w="363" /><ent r="4" t="198" w="378" /></phr></stem><stem n="“envi”."><phr n="“ENVI”."><ent r="3" t="199" w="30" /></phr></stem><stem n="keyword"><phr n="Keywords"><ent r="3" t="199" w="30" /></phr><phr n="keywords"><ent r="3" t="199" w="75" /></phr></stem><stem n="user'"><phr n="User's"><ent r="5" t="199" w="58" /><ent r="5" t="199" w="57" /></phr></stem><stem n="guid"><phr n="Guide"><ent r="5" t="199" w="59" /></phr></stem><stem n="3.4"><phr n="3.4"><ent r="5" t="199" w="64" /><ent r="5" t="199" w="63" /></phr></stem><stem n="3.4."><phr n="3.4."><ent r="5" t="199" w="64" /><ent r="5" t="199" w="63" /></phr></stem><stem n=".4."><phr n=".4."><ent r="5" t="199" w="65" /></phr></stem><stem n="septemb"><phr n="September"><ent r="5" t="199" w="65" /></phr></stem><stem n="2000"><phr n="2000"><ent r="5" t="199" w="66" /></phr></stem><stem n="copyright"><phr n="Copyright"><ent r="5" t="199" w="68" /></phr></stem><stem n="research"><phr n="Research"><ent r="5" t="199" w="69" /></phr></stem><stem n="inc"><phr n="Inc"><ent r="5" t="199" w="71" /></phr></stem><stem n="(pixels)"><phr n="(pixels)"><ent r="7" t="199" w="96" /></phr></stem><stem n="embed"><phr n="embedded"><ent r="7" t="199" w="133" /></phr></stem><stem n="128"><phr n="128"><ent r="7" t="199" w="142" /></phr></stem><stem n="erda"><phr n="ERDAS"><ent r="7" t="199" w="145" /></phr></stem><stem n=".5"><phr n=".5"><ent r="7" t="199" w="147" /><ent r="3" t="238" w="523" /><ent r="3" t="238" w="544" /></phr></stem><stem n="7.5"><phr n="7.5"><ent r="7" t="199" w="147" /><ent r="7" t="199" w="146" /></phr></stem><stem n=".lan"><phr n=".lan"><ent r="7" t="199" w="148" /></phr></stem><stem n="lan"><phr n="lan"><ent r="7" t="199" w="148" /></phr></stem><stem n="envi-defin"><phr n="ENVI-defined"><ent r="7" t="199" w="167" /></phr></stem><stem n="8-bit"><phr n="8-bit"><ent r="7" t="199" w="192" /></phr></stem><stem n="16-bit"><phr n="16-bit"><ent r="7" t="199" w="197" /><ent r="6" t="199" w="256" /></phr></stem><stem n="2x32"><phr n="2x32"><ent r="6" t="199" w="224" /></phr></stem><stem n="2x32-bit"><phr n="2x32-bit"><ent r="6" t="199" w="224" /></phr></stem><stem n="-imaginari"><phr n="-imaginary"><ent r="6" t="199" w="227" /><ent r="6" t="199" w="227" /><ent r="6" t="199" w="240" /><ent r="6" t="199" w="240" /></phr></stem><stem n="real-imaginari"><phr n="real-imaginary"><ent r="6" t="199" w="227" /><ent r="6" t="199" w="240" /></phr></stem><stem n="2x64"><phr n="2x64"><ent r="6" t="199" w="235" /></phr></stem><stem n="2x64-bit"><phr n="2x64-bit"><ent r="6" t="199" w="235" /></phr></stem><stem n="(not"><phr n="(not"><ent r="6" t="199" w="246" /><ent r="6" t="199" w="273" /><ent r="7" t="199" w="288" /></phr></stem><stem n="comet"><phr n="COMET"><ent r="57" t="199" w="250" /><ent r="57" t="199" w="277" /><ent r="58" t="199" w="292" /><ent r="57" t="199" w="466" /></phr></stem><stem n="13"><phr n="13"><ent r="6" t="199" w="261" /><ent r="3" t="199" w="766" /></phr></stem><stem n="14"><phr n="14"><ent r="6" t="199" w="268" /></phr></stem><stem n="sequenti"><phr n="sequential"><ent r="7" t="199" w="306" /></phr></stem><stem n="bsq"><phr n="BSQ"><ent r="7" t="199" w="307" /><ent r="3" t="208" w="236" /><ent r="3" t="208" w="276" /><ent r="3" t="208" w="314" /></phr><phr n="bsq"><ent r="3" t="199" w="742" /></phr></stem><stem n="(bsq),"><phr n="(BSQ),"><ent r="7" t="199" w="308" /></phr></stem><stem n="(bip),"><phr n="(BIP),"><ent r="7" t="199" w="313" /></phr></stem><stem n="bil"><phr n="BIL"><ent r="7" t="199" w="318" /><ent r="3" t="208" w="233" /><ent r="3" t="208" w="316" /></phr></stem><stem n="(bil)."><phr n="(BIL)."><ent r="7" t="199" w="319" /></phr></stem><stem n="instrument"><phr n="instruments"><ent r="7" t="199" w="326" /></phr></stem><stem n="tm"><phr n="TM"><ent r="7" t="199" w="330" /><ent r="3" t="199" w="747" /></phr><phr n="tm"><ent r="3" t="199" w="803" /><ent r="3" t="199" w="809" /><ent r="3" t="199" w="815" /><ent r="3" t="199" w="821" /><ent r="3" t="199" w="827" /><ent r="3" t="199" w="833" /><ent r="3" t="199" w="839" /></phr></stem><stem n="spot"><phr n="SPOT"><ent r="7" t="199" w="331" /></phr></stem><stem n="radarsat"><phr n="RadarSat"><ent r="7" t="199" w="332" /></phr></stem><stem n="=0"><phr n="=0"><ent r="7" t="199" w="359" /></phr></stem><stem n="signific"><phr n="Significant"><ent r="7" t="199" w="362" /><ent r="7" t="199" w="378" /></phr><phr n="significant"><ent r="3" t="224" w="206" /></phr></stem><stem n="lsf"><phr n="LSF"><ent r="7" t="199" w="365" /></phr></stem><stem n="(lsf)"><phr n="(LSF)"><ent r="7" t="199" w="366" /></phr></stem><stem n="(dec"><phr n="(DEC"><ent r="7" t="199" w="367" /></phr></stem><stem n="dec"><phr n="DEC"><ent r="7" t="199" w="367" /></phr><phr n="Dec"><ent r="3" t="199" w="712" /></phr></stem><stem n="-do"><phr n="-DOS"><ent r="7" t="199" w="369" /><ent r="7" t="199" w="369" /></phr></stem><stem n="ms"><phr n="MS"><ent r="7" t="199" w="369" /></phr></stem><stem n="ms-do"><phr n="MS-DOS"><ent r="7" t="199" w="369" /></phr></stem><stem n="=1"><phr n="=1"><ent r="7" t="199" w="375" /></phr></stem><stem n="msf"><phr n="MSF"><ent r="7" t="199" w="381" /></phr></stem><stem n="(msf)"><phr n="(MSF)"><ent r="7" t="199" w="382" /></phr></stem><stem n="(all"><phr n="(all"><ent r="7" t="199" w="383" /></phr></stem><stem n="sun"><phr n="SUN"><ent r="7" t="199" w="385" /></phr></stem><stem n="sgi"><phr n="SGI"><ent r="7" t="199" w="386" /></phr></stem><stem n="ibm"><phr n="IBM"><ent r="7" t="199" w="387" /></phr></stem><stem n="hp"><phr n="HP"><ent r="7" t="199" w="388" /></phr></stem><stem n="dg"><phr n="DG"><ent r="7" t="199" w="389" /></phr></stem><stem n="-start"><phr n="-start"><ent r="7" t="199" w="391" /><ent r="7" t="199" w="391" /><ent r="7" t="199" w="394" /><ent r="7" t="199" w="394" /></phr></stem><stem n="x-start"><phr n="x-start"><ent r="7" t="199" w="391" /></phr></stem><stem n="y-start"><phr n="y-start"><ent r="7" t="199" w="394" /></phr></stem><stem n="magic"><phr n="magic"><ent r="7" t="199" w="430" /><ent r="7" t="199" w="434" /><ent r="7" t="199" w="438" /><ent r="7" t="199" w="441" /></phr></stem><stem n="zone"><phr n="Zone"><ent r="7" t="199" w="451" /></phr></stem><stem n="“north”"><phr n="“North”"><ent r="7" t="199" w="453" /></phr></stem><stem n="“south”"><phr n="“South”"><ent r="7" t="199" w="455" /></phr></stem><stem n="titl"><phr n="titles"><ent r="7" t="199" w="545" /><ent r="7" t="199" w="555" /><ent r="3" t="199" w="779" /></phr></stem><stem n="-georeferenc"><phr n="-georeferenced"><ent r="7" t="199" w="572" /><ent r="7" t="199" w="572" /></phr></stem><stem n="non-georeferenc"><phr n="non-georeferenced"><ent r="7" t="199" w="572" /></phr></stem><stem n="(%"><phr n="(%"><ent r="7" t="199" w="584" /></phr></stem></index>