﻿<?xml version="1.0" encoding="utf-8"?><index><stem n="edg"><phr n="edge"><ent r="3" t="87" w="169" /><ent r="3" t="89" w="73" /><ent r="6" t="168" w="198" /><ent r="6" t="168" w="207" /><ent r="3" t="179" w="1313" /><ent r="3" t="179" w="1317" /><ent r="4" t="179" w="1390" /><ent r="4" t="179" w="1400" /></phr><phr n="edges"><ent r="5" t="156" w="846" /><ent r="4" t="156" w="853" /><ent r="4" t="156" w="864" /></phr></stem><stem n=":stretch"><phr n=":stretch"><ent r="100" t="89" w="6" /></phr></stem><stem n="linear"><phr n="Linear"><ent r="6" t="89" w="172" /><ent r="7" t="90" w="550" /><ent r="7" t="90" w="555" /><ent r="7" t="90" w="560" /><ent r="6" t="153" w="578" /><ent r="6" t="153" w="1013" /><ent r="6" t="165" w="611" /></phr><phr n="linear"><ent r="5" t="89" w="177" /><ent r="5" t="90" w="166" /><ent r="5" t="153" w="583" /><ent r="5" t="153" w="1018" /><ent r="5" t="165" w="616" /><ent r="3" t="167" w="117" /><ent r="3" t="183" w="259" /><ent r="3" t="184" w="248" /><ent r="7" t="199" w="584" /><ent r="7" t="199" w="585" /><ent r="3" t="199" w="794" /></phr></stem><stem n="lower"><phr n="lower"><ent r="5" t="89" w="180" /><ent r="5" t="89" w="191" /><ent r="5" t="89" w="213" /><ent r="5" t="89" w="244" /><ent r="3" t="107" w="40" /><ent r="5" t="153" w="478" /><ent r="5" t="153" w="498" /><ent r="5" t="153" w="586" /><ent r="5" t="153" w="598" /><ent r="5" t="153" w="626" /><ent r="5" t="153" w="659" /><ent r="5" t="153" w="913" /><ent r="5" t="153" w="933" /><ent r="5" t="153" w="1021" /><ent r="5" t="153" w="1033" /><ent r="5" t="153" w="1061" /><ent r="5" t="153" w="1094" /><ent r="4" t="154" w="456" /><ent r="4" t="154" w="476" /><ent r="3" t="158" w="241" /><ent r="5" t="165" w="516" /><ent r="5" t="165" w="536" /><ent r="5" t="165" w="619" /><ent r="5" t="165" w="631" /><ent r="5" t="165" w="659" /><ent r="5" t="165" w="689" /><ent r="3" t="167" w="499" /><ent r="4" t="179" w="599" /><ent r="3" t="187" w="1274" /><ent r="3" t="187" w="1329" /><ent r="3" t="188" w="1091" /><ent r="3" t="188" w="1147" /><ent r="4" t="194" w="123" /><ent r="4" t="194" w="198" /><ent r="4" t="224" w="111" /><ent r="4" t="224" w="114" /><ent r="4" t="224" w="120" /><ent r="6" t="230" w="129" /><ent r="4" t="236" w="114" /><ent r="4" t="236" w="134" /></phr><phr n="Lower"><ent r="4" t="108" w="483" /><ent r="5" t="153" w="295" /><ent r="4" t="153" w="317" /><ent r="5" t="153" w="730" /><ent r="4" t="153" w="752" /><ent r="4" t="165" w="386" /></phr></stem><stem n="halfwai"><phr n="halfway"><ent r="5" t="89" w="188" /><ent r="5" t="153" w="595" /><ent r="5" t="153" w="1030" /><ent r="5" t="165" w="628" /></phr></stem><stem n="50"><phr n="50"><ent r="5" t="89" w="199" /><ent r="5" t="153" w="486" /><ent r="5" t="153" w="612" /><ent r="5" t="153" w="921" /><ent r="5" t="153" w="1047" /><ent r="4" t="154" w="464" /><ent r="5" t="165" w="524" /><ent r="5" t="165" w="645" /><ent r="3" t="224" w="199" /><ent r="4" t="236" w="122" /></phr></stem><stem n="%"><phr n="%"><ent r="5" t="89" w="200" /><ent r="4" t="108" w="295" /><ent r="4" t="109" w="218" /><ent r="5" t="153" w="494" /><ent r="5" t="153" w="503" /><ent r="5" t="153" w="613" /><ent r="5" t="153" w="929" /><ent r="5" t="153" w="938" /><ent r="5" t="153" w="1048" /><ent r="4" t="154" w="472" /><ent r="4" t="154" w="481" /><ent r="5" t="165" w="532" /><ent r="5" t="165" w="541" /><ent r="5" t="165" w="646" /><ent r="4" t="173" w="235" /><ent r="4" t="182" w="1136" /><ent r="4" t="236" w="130" /><ent r="4" t="236" w="139" /></phr></stem><stem n="exponenti"><phr n="Exponential"><ent r="6" t="89" w="202" /><ent r="6" t="153" w="615" /><ent r="6" t="153" w="1050" /><ent r="6" t="165" w="678" /></phr><phr n="exponential"><ent r="5" t="89" w="208" /><ent r="5" t="89" w="239" /><ent r="5" t="153" w="621" /><ent r="5" t="153" w="1056" /><ent r="5" t="165" w="684" /></phr><phr n="Exponentiation"><ent r="7" t="196" w="21" /></phr></stem><stem n="suppress"><phr n="suppresses"><ent r="5" t="89" w="219" /></phr><phr n="suppressible"><ent r="5" t="143" w="244" /><ent r="3" t="229" w="28" /></phr><phr n="suppressing"><ent r="5" t="153" w="635" /><ent r="5" t="153" w="1070" /><ent r="5" t="165" w="698" /></phr></stem><stem n="darker"><phr n="darker"><ent r="5" t="89" w="221" /><ent r="5" t="89" w="252" /><ent r="5" t="153" w="637" /><ent r="5" t="153" w="672" /><ent r="5" t="153" w="1072" /><ent r="5" t="153" w="1107" /><ent r="5" t="165" w="672" /><ent r="5" t="165" w="700" /></phr></stem><stem n="weaker"><phr n="weaker"><ent r="5" t="89" w="222" /><ent r="5" t="89" w="253" /><ent r="5" t="153" w="636" /><ent r="5" t="153" w="671" /><ent r="5" t="153" w="1071" /><ent r="5" t="153" w="1106" /><ent r="5" t="165" w="671" /><ent r="5" t="165" w="699" /></phr></stem><stem n="(weaker)"><phr n="(weaker)"><ent r="5" t="89" w="223" /><ent r="5" t="89" w="254" /></phr></stem><stem n="accentu"><phr n="accentuates"><ent r="5" t="89" w="228" /><ent r="5" t="89" w="250" /></phr><phr n="accentuating"><ent r="5" t="153" w="643" /><ent r="5" t="153" w="669" /><ent r="5" t="153" w="1078" /><ent r="5" t="153" w="1104" /><ent r="5" t="165" w="669" /><ent r="5" t="165" w="706" /></phr></stem><stem n="brighter"><phr n="brighter"><ent r="5" t="89" w="230" /><ent r="5" t="153" w="645" /><ent r="5" t="153" w="1080" /><ent r="5" t="165" w="708" /><ent r="3" t="180" w="2231" /></phr></stem><stem n="logarithm"><phr n="Logarithmic"><ent r="6" t="89" w="233" /><ent r="6" t="153" w="648" /><ent r="6" t="153" w="1083" /><ent r="6" t="165" w="648" /></phr><phr n="logarithmic"><ent r="5" t="90" w="170" /><ent r="5" t="153" w="654" /><ent r="5" t="153" w="1089" /><ent r="5" t="165" w="654" /></phr></stem><stem n="equal"><phr n="Equalization"><ent r="6" t="89" w="260" /><ent r="7" t="90" w="548" /><ent r="6" t="153" w="679" /><ent r="6" t="153" w="1114" /><ent r="6" t="165" w="712" /></phr><phr n="equalized"><ent r="5" t="89" w="267" /><ent r="5" t="153" w="687" /><ent r="5" t="153" w="1122" /><ent r="5" t="165" w="720" /></phr><phr n="equal"><ent r="3" t="140" w="129" /><ent r="5" t="153" w="698" /><ent r="5" t="153" w="1133" /><ent r="5" t="165" w="731" /><ent r="3" t="193" w="132" /></phr><phr n="equals"><ent r="3" t="167" w="664" /><ent r="3" t="167" w="733" /></phr><phr n="equalize"><ent r="7" t="199" w="588" /></phr></stem><stem n="ax"><phr n="axes"><ent r="5" t="90" w="176" /><ent r="7" t="90" w="316" /></phr><phr n="Axes"><ent r="7" t="90" w="311" /><ent r="5" t="179" w="1719" /><ent r="3" t="179" w="1749" /></phr></stem><stem n="legend"><phr n="Legend"><ent r="5" t="90" w="254" /><ent r="5" t="226" w="189" /></phr><phr n="legend"><ent r="5" t="90" w="261" /><ent r="3" t="180" w="430" /></phr></stem><stem n="statist"><phr n="Statistics"><ent r="5" t="90" w="268" /><ent r="66" t="90" w="281" /><ent r="5" t="90" w="284" /><ent r="4" t="93" w="135" /><ent r="1000" t="98" w="1" /><ent r="102" t="98" w="3" /><ent r="4" t="98" w="35" /><ent r="92" t="98" w="51" /><ent r="4" t="98" w="68" /><ent r="64" t="98" w="81" /><ent r="1000" t="99" w="2" /><ent r="102" t="99" w="5" /><ent r="5" t="99" w="40" /><ent r="92" t="99" w="152" /><ent r="5" t="99" w="177" /><ent r="64" t="99" w="183" /></phr><phr n="statistics"><ent r="5" t="90" w="275" /><ent r="5" t="90" w="288" /><ent r="6" t="90" w="360" /><ent r="3" t="93" w="31" /><ent r="100" t="98" w="5" /><ent r="3" t="98" w="9" /><ent r="3" t="98" w="41" /><ent r="3" t="98" w="57" /><ent r="100" t="99" w="7" /><ent r="100" t="99" w="10" /><ent r="100" t="99" w="13" /><ent r="3" t="99" w="17" /><ent r="3" t="99" w="115" /><ent r="3" t="99" w="139" /><ent r="3" t="99" w="163" /><ent r="3" t="167" w="85" /><ent r="3" t="179" w="270" /><ent r="3" t="208" w="306" /></phr><phr n="statistical"><ent r="5" t="167" w="340" /><ent r="3" t="167" w="979" /></phr></stem><stem n="rescal"><phr n="Rescale"><ent r="7" t="90" w="310" /><ent r="5" t="179" w="1718" /><ent r="3" t="179" w="1748" /></phr><phr n="rescaled"><ent r="3" t="176" w="25" /></phr></stem><stem n="omit"><phr n="omitted"><ent r="7" t="90" w="335" /></phr></stem><stem n="synchron"><phr n="Synchronize"><ent r="5" t="90" w="394" /></phr><phr n="synchronizer"><ent r="5" t="90" w="406" /></phr></stem><stem n="“stretch"><phr n="“stretch"><ent r="6" t="90" w="486" /><ent r="4" t="153" w="357" /><ent r="4" t="153" w="792" /><ent r="4" t="165" w="409" /></phr></stem><stem n="favorit"><phr n="Favorites"><ent r="5" t="90" w="500" /><ent r="7" t="90" w="518" /><ent r="7" t="90" w="528" /><ent r="5" t="153" w="703" /><ent r="5" t="153" w="1138" /><ent r="83" t="156" w="680" /><ent r="3" t="156" w="683" /><ent r="3" t="156" w="730" /><ent r="3" t="156" w="760" /><ent r="83" t="157" w="653" /><ent r="3" t="157" w="656" /><ent r="3" t="157" w="703" /><ent r="3" t="157" w="733" /><ent r="83" t="158" w="650" /><ent r="3" t="158" w="653" /><ent r="3" t="158" w="700" /><ent r="3" t="158" w="730" /><ent r="5" t="165" w="736" /><ent r="65" t="213" w="247" /><ent r="65" t="213" w="362" /><ent r="92" t="213" w="785" /><ent r="3" t="213" w="788" /><ent r="3" t="213" w="835" /><ent r="3" t="213" w="865" /></phr><phr n="favorites"><ent r="6" t="90" w="536" /><ent r="6" t="90" w="543" /><ent r="4" t="153" w="709" /><ent r="4" t="153" w="1144" /><ent r="4" t="156" w="714" /><ent r="4" t="156" w="770" /><ent r="4" t="157" w="687" /><ent r="4" t="157" w="743" /><ent r="4" t="158" w="684" /><ent r="4" t="158" w="740" /><ent r="4" t="165" w="745" /><ent r="4" t="213" w="819" /><ent r="4" t="213" w="875" /></phr><phr n="favorite"><ent r="3" t="156" w="721" /><ent r="3" t="156" w="747" /><ent r="3" t="157" w="694" /><ent r="3" t="157" w="720" /><ent r="3" t="158" w="691" /><ent r="3" t="158" w="717" /><ent r="3" t="213" w="826" /><ent r="3" t="213" w="852" /></phr></stem><stem n="configur"><phr n="configurations"><ent r="6" t="90" w="513" /></phr><phr n="configuration"><ent r="3" t="142" w="560" /><ent r="4" t="143" w="303" /></phr><phr n="Configuration"><ent r="92" t="165" w="180" /></phr></stem><stem n="-100"><phr n="-100"><ent r="7" t="90" w="551" /><ent r="7" t="90" w="551" /></phr></stem><stem n="0-100"><phr n="0-100"><ent r="7" t="90" w="551" /></phr></stem><stem n="percentil"><phr n="Percentile"><ent r="7" t="90" w="553" /><ent r="7" t="90" w="558" /><ent r="7" t="90" w="563" /><ent r="6" t="153" w="445" /><ent r="6" t="153" w="880" /><ent r="5" t="154" w="423" /><ent r="6" t="165" w="483" /><ent r="5" t="236" w="81" /></phr><phr n="percentile"><ent r="5" t="153" w="456" /><ent r="5" t="153" w="891" /><ent r="4" t="154" w="434" /><ent r="5" t="165" w="494" /><ent r="4" t="236" w="92" /></phr></stem><stem n="-98"><phr n="-98"><ent r="7" t="90" w="556" /><ent r="7" t="90" w="556" /></phr></stem><stem n="2-98"><phr n="2-98"><ent r="7" t="90" w="556" /></phr></stem><stem n="98"><phr n="98"><ent r="7" t="90" w="557" /></phr></stem><stem n="-95"><phr n="-95"><ent r="7" t="90" w="561" /><ent r="7" t="90" w="561" /></phr></stem><stem n="5"><phr n="5"><ent r="7" t="90" w="561" /><ent r="4" t="92" w="145" /><ent r="6" t="140" w="82" /><ent r="6" t="140" w="84" /><ent r="6" t="140" w="142" /><ent r="6" t="140" w="144" /><ent r="3" t="169" w="154" /><ent r="3" t="169" w="164" /><ent r="3" t="169" w="252" /><ent r="5" t="180" w="1290" /><ent r="3" t="180" w="2041" /><ent r="5" t="181" w="488" /><ent r="3" t="181" w="1551" /><ent r="4" t="188" w="1170" /><ent r="4" t="188" w="1195" /><ent r="3" t="188" w="1228" /><ent r="7" t="199" w="147" /><ent r="7" t="199" w="215" /><ent r="3" t="199" w="792" /><ent r="3" t="199" w="825" /><ent r="3" t="238" w="436" /><ent r="3" t="238" w="453" /><ent r="3" t="238" w="523" /><ent r="3" t="238" w="544" /></phr></stem><stem n="5-95"><phr n="5-95"><ent r="7" t="90" w="561" /></phr></stem><stem n="95"><phr n="95"><ent r="7" t="90" w="562" /></phr></stem><stem n="b"><phr n="B"><ent r="5" t="90" w="615" /><ent r="4" t="128" w="55" /><ent r="4" t="128" w="75" /><ent r="5" t="165" w="277" /><ent r="64" t="198" w="133" /><ent r="7" t="199" w="495" /><ent r="1000" t="202" w="2" /><ent r="102" t="202" w="5" /><ent r="5" t="226" w="268" /></phr></stem><stem n=":histogram"><phr n=":Histogram"><ent r="100" t="91" w="8" /><ent r="100" t="101" w="13" /><ent r="100" t="159" w="10" /></phr><phr n=":histogram"><ent r="100" t="100" w="11" /></phr></stem><stem n="/threshold"><phr n="/Threshold"><ent r="5" t="91" w="91" /></phr></stem><stem n="stretch/threshold"><phr n="Stretch/Threshold"><ent r="5" t="91" w="91" /><ent r="5" t="91" w="90" /></phr></stem><stem n="&quot;adjust"><phr n="&quot;Adjust"><ent r="4" t="91" w="98" /><ent r="4" t="91" w="105" /></phr></stem><stem n="comma"><phr n="commas"><ent r="4" t="92" w="141" /></phr></stem><stem n="1,2"><phr n="1,2"><ent r="4" t="92" w="144" /><ent r="4" t="92" w="143" /></phr></stem><stem n="1,2,5"><phr n="1,2,5"><ent r="4" t="92" w="145" /><ent r="4" t="92" w="143" /></phr></stem><stem n="1,2,5."><phr n="1,2,5."><ent r="4" t="92" w="145" /><ent r="4" t="92" w="143" /></phr></stem><stem n=",2,5."><phr n=",2,5."><ent r="4" t="92" w="146" /></phr></stem><stem n="“set"><phr n="“Set"><ent r="4" t="92" w="157" /></phr></stem><stem n="affect"><phr n="affect"><ent r="3" t="93" w="54" /><ent r="6" t="106" w="55" /><ent r="6" t="108" w="51" /><ent r="6" t="109" w="52" /><ent r="6" t="143" w="62" /><ent r="6" t="147" w="49" /><ent r="6" t="148" w="49" /><ent r="6" t="149" w="49" /><ent r="6" t="150" w="56" /><ent r="6" t="151" w="52" /><ent r="6" t="152" w="48" /><ent r="6" t="153" w="45" /><ent r="6" t="154" w="45" /><ent r="6" t="155" w="55" /><ent r="4" t="179" w="1975" /><ent r="3" t="180" w="355" /><ent r="3" t="183" w="1040" /><ent r="6" t="229" w="49" /></phr><phr n="affects"><ent r="4" t="179" w="876" /><ent r="3" t="217" w="253" /></phr><phr n="affected"><ent r="4" t="179" w="1917" /></phr></stem><stem n="(gray,"><phr n="(gray,"><ent r="3" t="94" w="79" /><ent r="3" t="101" w="67" /></phr></stem><stem n="focu"><phr n="focus"><ent r="3" t="94" w="126" /><ent r="3" t="178" w="15" /></phr></stem><stem n="newli"><phr n="newly"><ent r="3" t="94" w="162" /><ent r="3" t="185" w="159" /></phr></stem><stem n=":color"><phr n=":Color"><ent r="100" t="95" w="5" /><ent r="100" t="96" w="45" /><ent r="100" t="96" w="49" /></phr><phr n=":color"><ent r="100" t="189" w="8" /></phr></stem><stem n="-load"><phr n="-loaded"><ent r="4" t="95" w="111" /><ent r="4" t="95" w="111" /></phr></stem><stem n="pre"><phr n="pre"><ent r="4" t="95" w="111" /><ent r="3" t="238" w="246" /></phr></stem><stem n="pre-load"><phr n="pre-loaded"><ent r="4" t="95" w="111" /></phr></stem><stem n="colormap"><phr n="ColorMap"><ent r="4" t="95" w="118" /></phr><phr n="Colormap"><ent r="4" t="96" w="110" /><ent r="3" t="96" w="274" /></phr><phr n="colormap"><ent r="3" t="96" w="288" /><ent r="3" t="96" w="291" /></phr><phr n="Colormaps"><ent r="3" t="96" w="294" /></phr></stem><stem n=".clu"><phr n=".clu"><ent r="4" t="95" w="127" /><ent r="4" t="95" w="250" /></phr></stem><stem n="clu"><phr n="clu"><ent r="4" t="95" w="127" /><ent r="4" t="95" w="250" /></phr></stem><stem n="/edit"><phr n="/Edit"><ent r="64" t="95" w="276" /><ent r="1000" t="96" w="2" /><ent r="102" t="96" w="7" /><ent r="5" t="96" w="105" /><ent r="68" t="116" w="220" /><ent r="64" t="125" w="284" /><ent r="1000" t="126" w="2" /><ent r="102" t="126" w="25" /><ent r="68" t="241" w="107" /></phr></stem><stem n="create/edit"><phr n="Create/Edit"><ent r="64" t="95" w="276" /><ent r="64" t="95" w="275" /><ent r="1000" t="96" w="2" /><ent r="1000" t="96" w="1" /><ent r="102" t="96" w="7" /><ent r="102" t="96" w="6" /><ent r="5" t="96" w="105" /><ent r="5" t="96" w="104" /></phr></stem><stem n="abil"><phr n="ability"><ent r="3" t="96" w="14" /><ent r="3" t="143" w="10" /><ent r="3" t="156" w="10" /><ent r="3" t="187" w="101" /></phr></stem><stem n=":edit"><phr n=":edit"><ent r="100" t="96" w="42" /><ent r="100" t="189" w="5" /></phr><phr n=":Edit"><ent r="100" t="239" w="25" /></phr></stem><stem n="...."><phr n="...."><ent r="5" t="96" w="108" /><ent r="6" t="140" w="81" /><ent r="6" t="140" w="141" /><ent r="4" t="158" w="815" /><ent r="4" t="181" w="401" /><ent r="5" t="183" w="799" /><ent r="4" t="186" w="514" /><ent r="5" t="186" w="841" /></phr></stem><stem n="-color"><phr n="-Colors"><ent r="5" t="96" w="120" /><ent r="5" t="96" w="120" /></phr></stem><stem n="control-color"><phr n="Control-Colors"><ent r="5" t="96" w="120" /></phr></stem><stem n="20"><phr n="20"><ent r="4" t="96" w="140" /><ent r="3" t="199" w="713" /><ent r="3" t="233" w="19" /></phr></stem><stem n="gradient"><phr n="Gradient"><ent r="4" t="96" w="145" /></phr><phr n="gradient"><ent r="3" t="96" w="156" /></phr></stem><stem n="(far"><phr n="(far"><ent r="3" t="96" w="168" /></phr></stem><stem n="far"><phr n="far"><ent r="3" t="96" w="168" /><ent r="4" t="131" w="162" /><ent r="3" t="183" w="749" /></phr></stem><stem n="slide"><phr n="slide"><ent r="3" t="96" w="189" /><ent r="3" t="176" w="239" /><ent r="4" t="176" w="247" /><ent r="4" t="176" w="273" /><ent r="3" t="182" w="1530" /><ent r="3" t="182" w="1538" /><ent r="3" t="182" w="1555" /><ent r="3" t="182" w="1581" /></phr></stem><stem n="evenli"><phr n="evenly"><ent r="3" t="96" w="215" /></phr></stem><stem n="across"><phr n="across"><ent r="3" t="96" w="216" /><ent r="3" t="110" w="200" /><ent r="7" t="116" w="88" /><ent r="7" t="116" w="124" /><ent r="7" t="116" w="162" /><ent r="3" t="169" w="88" /><ent r="3" t="180" w="1566" /><ent r="4" t="181" w="1381" /><ent r="3" t="238" w="92" /></phr></stem><stem n="colormap'"><phr n="colormap's"><ent r="3" t="96" w="292" /><ent r="3" t="96" w="291" /></phr></stem><stem n="cgr"><phr n="cgr"><ent r="3" t="96" w="300" /></phr></stem><stem n=".cgr."><phr n=".cgr."><ent r="3" t="96" w="301" /></phr></stem><stem n=":custom"><phr n=":custom"><ent r="100" t="97" w="11" /></phr></stem><stem n="calcul"><phr n="Calculate"><ent r="5" t="99" w="39" /><ent r="6" t="167" w="175" /><ent r="5" t="167" w="180" /><ent r="4" t="181" w="1091" /><ent r="4" t="181" w="1129" /><ent r="3" t="181" w="1157" /><ent r="4" t="185" w="78" /></phr><phr n="calculates"><ent r="3" t="110" w="122" /><ent r="3" t="238" w="19" /><ent r="3" t="238" w="322" /></phr><phr n="calculations"><ent r="3" t="110" w="173" /><ent r="4" t="180" w="1047" /><ent r="3" t="238" w="77" /></phr><phr n="calculate"><ent r="5" t="167" w="189" /><ent r="3" t="167" w="251" /><ent r="5" t="167" w="344" /><ent r="4" t="181" w="1302" /><ent r="4" t="181" w="1314" /><ent r="3" t="185" w="144" /><ent r="4" t="185" w="311" /><ent r="3" t="192" w="31" /><ent r="3" t="193" w="68" /></phr><phr n="calculating"><ent r="3" t="167" w="540" /><ent r="3" t="180" w="2031" /></phr><phr n="calculation"><ent r="4" t="167" w="785" /><ent r="3" t="169" w="62" /><ent r="3" t="185" w="372" /></phr><phr n="calculated"><ent r="3" t="179" w="273" /><ent r="3" t="180" w="218" /><ent r="3" t="181" w="1117" /><ent r="3" t="185" w="160" /><ent r="3" t="185" w="343" /><ent r="3" t="185" w="388" /><ent r="3" t="185" w="501" /><ent r="3" t="195" w="368" /><ent r="3" t="195" w="608" /><ent r="3" t="209" w="186" /><ent r="3" t="238" w="393" /></phr></stem><stem n="that'"><phr n="that's"><ent r="4" t="99" w="76" /><ent r="4" t="99" w="75" /><ent r="3" t="157" w="951" /><ent r="3" t="157" w="950" /><ent r="4" t="177" w="105" /><ent r="4" t="177" w="104" /><ent r="4" t="182" w="1218" /><ent r="4" t="182" w="1217" /></phr></stem><stem n=":print"><phr n=":print"><ent r="100" t="100" w="8" /></phr></stem><stem n="hst"><phr n="hst"><ent r="3" t="101" w="32" /><ent r="4" t="179" w="1521" /></phr></stem><stem n=".hst."><phr n=".hst."><ent r="3" t="101" w="33" /></phr></stem><stem n="bin"><phr n="bin"><ent r="3" t="101" w="47" /><ent r="3" t="101" w="58" /><ent r="3" t="169" w="187" /><ent r="4" t="169" w="357" /><ent r="6" t="169" w="499" /><ent r="6" t="169" w="504" /><ent r="6" t="169" w="520" /><ent r="6" t="169" w="527" /><ent r="3" t="188" w="1519" /></phr><phr n="Binning"><ent r="1000" t="169" w="2" /><ent r="102" t="169" w="5" /><ent r="3" t="169" w="12" /><ent r="3" t="169" w="296" /><ent r="4" t="169" w="326" /><ent r="4" t="169" w="338" /><ent r="3" t="169" w="342" /><ent r="92" t="169" w="531" /><ent r="3" t="169" w="555" /></phr><phr n="binning"><ent r="100" t="169" w="8" /><ent r="4" t="169" w="362" /><ent r="6" t="169" w="486" /><ent r="6" t="169" w="494" /><ent r="3" t="169" w="584" /></phr><phr n="bins"><ent r="3" t="169" w="281" /><ent r="4" t="169" w="376" /><ent r="6" t="169" w="508" /><ent r="6" t="169" w="512" /><ent r="3" t="169" w="538" /></phr><phr n="Bins"><ent r="3" t="169" w="590" /></phr></stem><stem n="count"><phr n="count"><ent r="3" t="101" w="55" /></phr></stem><stem n="(threshold,"><phr n="(threshold,"><ent r="3" t="101" w="75" /></phr></stem><stem n="-ins,"><phr n="-ins,"><ent r="3" t="102" w="37" /><ent r="3" t="102" w="37" /><ent r="82" t="178" w="212" /><ent r="82" t="178" w="212" /><ent r="3" t="178" w="226" /><ent r="3" t="178" w="226" /></phr></stem><stem n="(such"><phr n="(such"><ent r="3" t="102" w="53" /><ent r="3" t="157" w="971" /><ent r="3" t="169" w="138" /></phr></stem><stem n="sub-step"><phr n="sub-steps"><ent r="3" t="102" w="68" /><ent r="3" t="102" w="84" /><ent r="3" t="102" w="132" /></phr></stem><stem n="-steps."><phr n="-steps."><ent r="3" t="102" w="70" /><ent r="3" t="102" w="70" /></phr></stem><stem n="-step"><phr n="-steps"><ent r="3" t="102" w="84" /><ent r="3" t="102" w="84" /></phr><phr n="-step"><ent r="3" t="238" w="191" /><ent r="3" t="238" w="191" /></phr></stem><stem n="sub-messag"><phr n="sub-messages"><ent r="3" t="102" w="87" /></phr></stem><stem n="-messages."><phr n="-messages."><ent r="3" t="102" w="89" /><ent r="3" t="102" w="89" /></phr></stem><stem n="(messag"><phr n="(Message"><ent r="3" t="102" w="102" /></phr></stem><stem n="brief"><phr n="brief"><ent r="3" t="102" w="106" /><ent r="3" t="187" w="787" /></phr></stem><stem n="summari"><phr n="summary"><ent r="3" t="102" w="107" /></phr><phr n="Summary"><ent r="4" t="179" w="2360" /><ent r="5" t="180" w="3146" /><ent r="4" t="181" w="1597" /><ent r="4" t="183" w="1107" /><ent r="4" t="184" w="1304" /><ent r="4" t="185" w="562" /><ent r="4" t="186" w="1208" /><ent r="4" t="187" w="1868" /><ent r="4" t="188" w="1570" /></phr></stem><stem n="(success"><phr n="(success"><ent r="3" t="102" w="115" /></phr></stem><stem n="failur"><phr n="failure"><ent r="3" t="102" w="117" /></phr></stem><stem n="date"><phr n="date"><ent r="3" t="102" w="122" /><ent r="4" t="156" w="575" /><ent r="4" t="156" w="585" /><ent r="4" t="156" w="620" /><ent r="4" t="156" w="630" /><ent r="4" t="157" w="548" /><ent r="4" t="157" w="558" /><ent r="4" t="157" w="593" /><ent r="4" t="157" w="603" /><ent r="4" t="158" w="545" /><ent r="4" t="158" w="555" /><ent r="4" t="158" w="590" /><ent r="4" t="158" w="600" /><ent r="4" t="213" w="675" /><ent r="4" t="213" w="685" /><ent r="4" t="213" w="720" /><ent r="4" t="213" w="730" /></phr><phr n="Date"><ent r="5" t="156" w="570" /><ent r="5" t="156" w="615" /><ent r="5" t="157" w="543" /><ent r="5" t="157" w="588" /><ent r="5" t="158" w="540" /><ent r="5" t="158" w="585" /><ent r="5" t="213" w="670" /><ent r="5" t="213" w="715" /></phr></stem><stem n="-steps,"><phr n="-steps,"><ent r="3" t="102" w="134" /><ent r="3" t="102" w="134" /></phr></stem><stem n="interfac"><phr n="interface"><ent r="3" t="103" w="23" /><ent r="3" t="110" w="67" /><ent r="4" t="122" w="42" /><ent r="4" t="125" w="754" /><ent r="4" t="129" w="57" /><ent r="3" t="187" w="119" /><ent r="4" t="188" w="1556" /></phr><phr n="interfaces"><ent r="4" t="171" w="179" /><ent r="3" t="187" w="227" /></phr></stem><stem n="interact"><phr n="interactive"><ent r="3" t="103" w="33" /><ent r="4" t="117" w="145" /><ent r="4" t="117" w="169" /><ent r="4" t="117" w="180" /><ent r="4" t="122" w="50" /><ent r="4" t="122" w="97" /><ent r="4" t="122" w="160" /><ent r="3" t="122" w="169" /><ent r="4" t="122" w="222" /><ent r="100" t="125" w="731" /><ent r="100" t="125" w="736" /><ent r="4" t="125" w="763" /><ent r="3" t="125" w="806" /><ent r="3" t="125" w="873" /><ent r="3" t="125" w="881" /><ent r="3" t="128" w="218" /><ent r="3" t="128" w="226" /><ent r="4" t="129" w="66" /><ent r="4" t="129" w="150" /><ent r="3" t="129" w="159" /><ent r="3" t="129" w="210" /><ent r="3" t="129" w="310" /><ent r="3" t="169" w="319" /><ent r="3" t="169" w="568" /></phr><phr n="Interactive"><ent r="5" t="122" w="24" /><ent r="4" t="122" w="27" /><ent r="3" t="124" w="22" /><ent r="5" t="125" w="733" /><ent r="4" t="125" w="739" /><ent r="4" t="126" w="222" /><ent r="5" t="129" w="39" /><ent r="4" t="129" w="42" /><ent r="3" t="129" w="226" /></phr><phr n="interacts"><ent r="3" t="171" w="76" /></phr><phr n="interaction"><ent r="3" t="187" w="583" /></phr><phr n="interactively"><ent r="4" t="188" w="192" /></phr><phr n="interacting"><ent r="4" t="188" w="536" /></phr></stem><stem n="interpret"><phr n="interpretive"><ent r="3" t="103" w="47" /></phr><phr n="interpretation"><ent r="3" t="178" w="192" /></phr><phr n="interpret"><ent r="4" t="180" w="1162" /></phr></stem><stem n="languag"><phr n="language"><ent r="3" t="103" w="48" /><ent r="3" t="103" w="58" /></phr></stem><stem n="dismiss"><phr n="dismiss"><ent r="3" t="104" w="40" /><ent r="3" t="104" w="215" /><ent r="4" t="104" w="255" /></phr><phr n="Dismiss"><ent r="4" t="104" w="243" /><ent r="5" t="104" w="251" /></phr></stem><stem n="statu"><phr n="status"><ent r="3" t="104" w="83" /><ent r="3" t="104" w="105" /><ent r="4" t="105" w="51" /><ent r="100" t="107" w="12" /><ent r="3" t="107" w="28" /><ent r="3" t="107" w="35" /><ent r="4" t="109" w="391" /><ent r="3" t="110" w="238" /><ent r="3" t="110" w="514" /><ent r="3" t="142" w="554" /><ent r="5" t="143" w="273" /><ent r="3" t="180" w="1082" /><ent r="3" t="238" w="122" /></phr><phr n="Status"><ent r="65" t="105" w="41" /><ent r="1000" t="107" w="2" /><ent r="102" t="107" w="7" /><ent r="3" t="107" w="18" /><ent r="4" t="107" w="61" /><ent r="5" t="107" w="115" /></phr></stem><stem n="much"><phr n="much"><ent r="3" t="104" w="92" /><ent r="4" t="156" w="838" /><ent r="3" t="157" w="994" /><ent r="3" t="169" w="66" /><ent r="3" t="180" w="2624" /><ent r="3" t="224" w="189" /><ent r="3" t="224" w="204" /></phr></stem><stem n="grayed-out"><phr n="grayed-out"><ent r="3" t="104" w="113" /></phr></stem><stem n="-out."><phr n="-out."><ent r="3" t="104" w="115" /><ent r="3" t="104" w="115" /></phr></stem><stem n="plugin"><phr n="PlugIns"><ent r="4" t="104" w="135" /></phr></stem><stem n="-in:"><phr n="-in:"><ent r="3" t="104" w="172" /><ent r="3" t="104" w="172" /><ent r="3" t="170" w="63" /><ent r="3" t="170" w="63" /></phr><phr n="-In:"><ent r="3" t="172" w="124" /><ent r="3" t="172" w="124" /></phr></stem><stem n="(s)"><phr n="(s)"><ent r="4" t="104" w="178" /><ent r="4" t="104" w="226" /><ent r="7" t="116" w="81" /><ent r="7" t="116" w="120" /><ent r="7" t="116" w="154" /><ent r="5" t="116" w="230" /><ent r="6" t="169" w="522" /><ent r="6" t="169" w="529" /><ent r="3" t="187" w="1316" /><ent r="3" t="188" w="1134" /><ent r="5" t="226" w="70" /><ent r="7" t="239" w="71" /><ent r="7" t="239" w="110" /><ent r="7" t="239" w="145" /><ent r="5" t="241" w="121" /></phr></stem></index>