﻿<?xml version="1.0" encoding="utf-8"?><index><stem n="recogn"><phr n="recognized"><ent r="3" t="20" w="29" /><ent r="4" t="28" w="211" /><ent r="3" t="199" w="13" /></phr><phr n="recognizes"><ent r="3" t="33" w="48" /></phr><phr n="recognize"><ent r="3" t="103" w="55" /></phr></stem><stem n="format"><phr n="format"><ent r="3" t="20" w="30" /><ent r="4" t="20" w="150" /><ent r="4" t="20" w="176" /><ent r="4" t="20" w="278" /><ent r="4" t="20" w="395" /><ent r="4" t="20" w="474" /><ent r="4" t="20" w="518" /><ent r="3" t="23" w="20" /><ent r="4" t="23" w="27" /><ent r="4" t="25" w="91" /><ent r="4" t="25" w="97" /><ent r="4" t="25" w="134" /><ent r="4" t="25" w="144" /><ent r="4" t="25" w="177" /><ent r="4" t="25" w="206" /><ent r="4" t="25" w="228" /><ent r="4" t="28" w="69" /><ent r="4" t="28" w="166" /><ent r="4" t="28" w="208" /><ent r="4" t="28" w="275" /><ent r="3" t="32" w="31" /><ent r="3" t="33" w="88" /><ent r="3" t="74" w="232" /><ent r="3" t="74" w="265" /><ent r="3" t="74" w="276" /><ent r="4" t="109" w="373" /><ent r="4" t="123" w="247" /><ent r="4" t="123" w="388" /><ent r="4" t="123" w="527" /><ent r="3" t="135" w="21" /><ent r="3" t="150" w="167" /><ent r="3" t="163" w="29" /><ent r="4" t="163" w="172" /><ent r="3" t="179" w="232" /><ent r="3" t="179" w="258" /><ent r="3" t="183" w="167" /><ent r="3" t="183" w="186" /><ent r="3" t="184" w="157" /><ent r="3" t="184" w="176" /><ent r="3" t="194" w="278" /><ent r="3" t="199" w="37" /></phr><phr n="Format"><ent r="6" t="20" w="337" /><ent r="65" t="20" w="548" /><ent r="64" t="32" w="84" /><ent r="3" t="74" w="221" /><ent r="3" t="74" w="226" /><ent r="3" t="179" w="285" /><ent r="4" t="179" w="2266" /><ent r="1000" t="194" w="5" /><ent r="102" t="194" w="12" /><ent r="1000" t="199" w="3" /><ent r="102" t="199" w="9" /><ent r="92" t="208" w="219" /><ent r="4" t="208" w="225" /><ent r="4" t="208" w="546" /><ent r="3" t="208" w="665" /><ent r="64" t="209" w="226" /></phr><phr n="formats"><ent r="3" t="22" w="23" /><ent r="3" t="22" w="31" /><ent r="3" t="74" w="234" /><ent r="3" t="194" w="37" /><ent r="3" t="194" w="232" /><ent r="7" t="199" w="175" /><ent r="6" t="243" w="272" /></phr><phr n="formatting"><ent r="3" t="67" w="44" /><ent r="100" t="68" w="14" /><ent r="100" t="68" w="23" /><ent r="3" t="68" w="29" /></phr><phr n="Formatting"><ent r="64" t="67" w="58" /><ent r="1000" t="68" w="2" /><ent r="102" t="68" w="8" /></phr><phr n="formatted"><ent r="3" t="160" w="184" /><ent r="3" t="179" w="243" /><ent r="3" t="187" w="1434" /></phr></stem><stem n="par"><phr n="PAR"><ent r="5" t="20" w="57" /><ent r="5" t="20" w="65" /><ent r="3" t="198" w="24" /><ent r="3" t="198" w="164" /><ent r="3" t="200" w="30" /><ent r="3" t="200" w="38" /></phr></stem><stem n="offici"><phr n="official"><ent r="5" t="20" w="62" /><ent r="3" t="200" w="35" /></phr></stem><stem n="deviat"><phr n="deviate"><ent r="5" t="20" w="72" /><ent r="3" t="200" w="45" /></phr><phr n="Deviation"><ent r="6" t="153" w="509" /><ent r="6" t="153" w="944" /><ent r="5" t="154" w="487" /><ent r="6" t="165" w="547" /><ent r="5" t="236" w="145" /></phr><phr n="deviations"><ent r="5" t="153" w="522" /><ent r="5" t="153" w="957" /><ent r="4" t="154" w="499" /><ent r="5" t="165" w="560" /><ent r="4" t="236" w="158" /></phr></stem><stem n="certain"><phr n="certain"><ent r="5" t="20" w="77" /><ent r="3" t="125" w="316" /><ent r="4" t="181" w="438" /><ent r="3" t="182" w="692" /><ent r="7" t="199" w="173" /><ent r="3" t="200" w="50" /></phr><phr n="Certain"><ent r="3" t="109" w="294" /></phr></stem><stem n="-defin"><phr n="-defined"><ent r="5" t="20" w="78" /><ent r="5" t="20" w="78" /><ent r="4" t="26" w="88" /><ent r="4" t="26" w="88" /><ent r="7" t="199" w="167" /><ent r="7" t="199" w="167" /><ent r="3" t="200" w="51" /><ent r="3" t="200" w="51" /></phr></stem><stem n="well-defin"><phr n="well-defined"><ent r="5" t="20" w="78" /><ent r="3" t="200" w="51" /></phr></stem><stem n="defin"><phr n="defined"><ent r="5" t="20" w="79" /><ent r="4" t="26" w="89" /><ent r="3" t="102" w="57" /><ent r="3" t="125" w="245" /><ent r="3" t="169" w="188" /><ent r="7" t="199" w="168" /><ent r="3" t="200" w="52" /><ent r="6" t="230" w="126" /></phr><phr n="definable"><ent r="4" t="25" w="138" /></phr><phr n="define"><ent r="3" t="63" w="26" /><ent r="3" t="182" w="1076" /></phr><phr n="defines"><ent r="3" t="75" w="13" /><ent r="3" t="110" w="165" /><ent r="3" t="192" w="21" /><ent r="3" t="197" w="24" /><ent r="3" t="238" w="69" /><ent r="3" t="238" w="212" /></phr><phr n="Defines"><ent r="7" t="90" w="212" /></phr></stem><stem n="without"><phr n="without"><ent r="4" t="20" w="98" /><ent r="4" t="20" w="275" /><ent r="3" t="49" w="78" /><ent r="3" t="81" w="526" /><ent r="4" t="111" w="55" /><ent r="4" t="122" w="73" /><ent r="3" t="123" w="144" /><ent r="4" t="125" w="788" /><ent r="4" t="129" w="85" /><ent r="3" t="148" w="197" /><ent r="4" t="153" w="272" /><ent r="3" t="154" w="235" /><ent r="3" t="155" w="211" /><ent r="3" t="174" w="47" /><ent r="4" t="175" w="293" /><ent r="4" t="175" w="354" /><ent r="4" t="182" w="1271" /><ent r="4" t="182" w="1293" /><ent r="3" t="187" w="581" /><ent r="5" t="188" w="180" /><ent r="4" t="188" w="535" /><ent r="4" t="188" w="1553" /><ent r="3" t="195" w="387" /><ent r="4" t="208" w="600" /><ent r="3" t="209" w="205" /></phr></stem><stem n="know"><phr n="knowing"><ent r="4" t="20" w="99" /><ent r="4" t="20" w="276" /><ent r="4" t="75" w="41" /><ent r="3" t="178" w="150" /></phr><phr n="know"><ent r="4" t="153" w="234" /><ent r="4" t="173" w="111" /></phr><phr n="Knowing"><ent r="3" t="178" w="121" /></phr></stem><stem n="’t"><phr n="’t"><ent r="4" t="20" w="118" /><ent r="3" t="74" w="329" /><ent r="3" t="115" w="372" /><ent r="3" t="131" w="75" /><ent r="3" t="180" w="975" /><ent r="5" t="181" w="1310" /><ent r="3" t="183" w="367" /><ent r="3" t="184" w="354" /></phr></stem><stem n="t"><phr n="t"><ent r="4" t="20" w="118" /><ent r="3" t="37" w="155" /><ent r="3" t="37" w="165" /><ent r="3" t="44" w="59" /><ent r="4" t="47" w="316" /><ent r="3" t="74" w="329" /><ent r="3" t="81" w="495" /><ent r="3" t="106" w="236" /><ent r="4" t="108" w="508" /><ent r="4" t="108" w="512" /><ent r="4" t="109" w="405" /><ent r="4" t="109" w="548" /><ent r="4" t="109" w="563" /><ent r="3" t="110" w="421" /><ent r="3" t="115" w="372" /><ent r="3" t="131" w="75" /><ent r="3" t="145" w="207" /><ent r="3" t="156" w="50" /><ent r="3" t="168" w="73" /><ent r="3" t="174" w="92" /><ent r="3" t="180" w="975" /><ent r="4" t="180" w="2478" /><ent r="5" t="181" w="1310" /><ent r="3" t="181" w="1498" /><ent r="4" t="182" w="1109" /><ent r="3" t="182" w="1405" /><ent r="3" t="183" w="367" /><ent r="3" t="184" w="354" /><ent r="3" t="184" w="721" /><ent r="3" t="187" w="1023" /><ent r="6" t="188" w="1293" /><ent r="92" t="214" w="98" /><ent r="3" t="224" w="187" /><ent r="3" t="231" w="66" /><ent r="4" t="231" w="78" /><ent r="5" t="243" w="139" /><ent r="5" t="243" w="176" /></phr><phr n="T"><ent r="6" t="180" w="1710" /><ent r="5" t="226" w="308" /></phr></stem><stem n="find"><phr n="find"><ent r="4" t="20" w="119" /><ent r="3" t="83" w="219" /><ent r="4" t="180" w="1916" /><ent r="3" t="180" w="3164" /><ent r="3" t="182" w="720" /></phr></stem><stem n="cgm"><phr n="CGM"><ent r="5" t="20" w="129" /><ent r="4" t="20" w="133" /><ent r="4" t="22" w="151" /></phr><phr n="cgm"><ent r="4" t="22" w="152" /></phr></stem><stem n="dted"><phr n="DTED"><ent r="5" t="20" w="140" /><ent r="4" t="20" w="149" /><ent r="4" t="22" w="109" /></phr></stem><stem n="envi"><phr n="ENVI"><ent r="5" t="20" w="152" /><ent r="6" t="20" w="169" /><ent r="65" t="20" w="182" /><ent r="5" t="20" w="186" /><ent r="4" t="20" w="191" /><ent r="4" t="20" w="207" /><ent r="65" t="20" w="229" /><ent r="4" t="22" w="99" /><ent r="4" t="22" w="142" /><ent r="67" t="24" w="106" /><ent r="5" t="25" w="31" /><ent r="6" t="25" w="40" /><ent r="4" t="25" w="63" /><ent r="65" t="25" w="74" /><ent r="1000" t="32" w="1" /><ent r="100" t="32" w="4" /><ent r="102" t="32" w="6" /><ent r="3" t="32" w="10" /><ent r="3" t="32" w="29" /><ent r="3" t="32" w="34" /><ent r="3" t="32" w="61" /><ent r="3" t="32" w="63" /><ent r="3" t="32" w="78" /><ent r="64" t="32" w="82" /><ent r="3" t="32" w="93" /><ent r="4" t="32" w="158" /><ent r="4" t="32" w="165" /><ent r="4" t="32" w="173" /><ent r="1000" t="33" w="1" /><ent r="100" t="33" w="5" /><ent r="102" t="33" w="7" /><ent r="3" t="33" w="12" /><ent r="3" t="33" w="28" /><ent r="3" t="33" w="55" /><ent r="3" t="33" w="78" /><ent r="1000" t="34" w="1" /><ent r="100" t="34" w="5" /><ent r="102" t="34" w="7" /><ent r="3" t="34" w="12" /><ent r="3" t="34" w="17" /><ent r="5" t="185" w="262" /><ent r="1000" t="199" w="1" /><ent r="100" t="199" w="5" /><ent r="102" t="199" w="7" /><ent r="3" t="199" w="15" /><ent r="3" t="199" w="29" /><ent r="5" t="199" w="56" /><ent r="5" t="199" w="61" /><ent r="7" t="199" w="156" /><ent r="7" t="199" w="167" /><ent r="92" t="199" w="694" /><ent r="3" t="199" w="698" /><ent r="3" t="199" w="734" /><ent r="1000" t="215" w="1" /><ent r="102" t="215" w="5" /><ent r="100" t="215" w="9" /><ent r="3" t="215" w="14" /><ent r="3" t="215" w="18" /><ent r="3" t="215" w="34" /><ent r="3" t="215" w="39" /><ent r="3" t="215" w="70" /><ent r="3" t="215" w="91" /><ent r="92" t="215" w="293" /><ent r="3" t="215" w="305" /></phr></stem><stem n="spectral"><phr n="spectral"><ent r="4" t="20" w="159" /><ent r="4" t="20" w="219" /><ent r="3" t="32" w="16" /><ent r="3" t="33" w="40" /><ent r="3" t="34" w="34" /><ent r="3" t="110" w="17" /><ent r="3" t="110" w="202" /><ent r="5" t="165" w="429" /><ent r="3" t="167" w="21" /><ent r="3" t="167" w="26" /><ent r="3" t="167" w="62" /><ent r="3" t="167" w="88" /><ent r="4" t="179" w="1590" /><ent r="3" t="180" w="292" /><ent r="5" t="180" w="792" /><ent r="6" t="180" w="1215" /><ent r="5" t="180" w="1789" /><ent r="5" t="180" w="2397" /><ent r="5" t="180" w="2569" /><ent r="4" t="181" w="1180" /><ent r="4" t="236" w="27" /></phr><phr n="Spectral"><ent r="4" t="20" w="320" /><ent r="64" t="178" w="340" /><ent r="102" t="181" w="12" /><ent r="3" t="181" w="175" /></phr><phr n="spectrally"><ent r="3" t="181" w="51" /></phr></stem><stem n="header"><phr n="header"><ent r="4" t="20" w="165" /><ent r="4" t="25" w="47" /><ent r="4" t="25" w="64" /><ent r="3" t="32" w="22" /><ent r="3" t="32" w="35" /><ent r="3" t="32" w="47" /><ent r="3" t="32" w="64" /><ent r="3" t="32" w="79" /><ent r="3" t="33" w="79" /><ent r="3" t="34" w="18" /><ent r="3" t="179" w="260" /><ent r="3" t="180" w="938" /><ent r="4" t="198" w="262" /><ent r="3" t="199" w="20" /><ent r="3" t="199" w="36" /><ent r="7" t="199" w="123" /><ent r="7" t="199" w="134" /><ent r="3" t="199" w="728" /><ent r="3" t="213" w="29" /><ent r="3" t="215" w="19" /><ent r="3" t="215" w="35" /><ent r="3" t="215" w="107" /><ent r="3" t="215" w="112" /><ent r="4" t="215" w="313" /><ent r="4" t="215" w="322" /><ent r="4" t="215" w="331" /></phr><phr n="Header"><ent r="64" t="32" w="83" /><ent r="4" t="32" w="166" /><ent r="3" t="68" w="118" /><ent r="3" t="68" w="129" /><ent r="3" t="68" w="137" /><ent r="1000" t="199" w="2" /><ent r="102" t="199" w="8" /><ent r="92" t="199" w="695" /></phr></stem><stem n="environ"><phr n="ENvironment"><ent r="6" t="20" w="171" /><ent r="6" t="25" w="42" /><ent r="3" t="32" w="25" /></phr><phr n="environment"><ent r="4" t="122" w="87" /></phr><phr n="environments"><ent r="4" t="171" w="308" /></phr></stem><stem n="visual"><phr n="Visualizing"><ent r="6" t="20" w="173" /><ent r="6" t="25" w="44" /><ent r="3" t="32" w="27" /></phr><phr n="visual"><ent r="4" t="172" w="96" /></phr></stem><stem n="librari"><phr n="Library"><ent r="5" t="20" w="187" /><ent r="4" t="20" w="192" /><ent r="65" t="20" w="230" /><ent r="4" t="20" w="245" /><ent r="1000" t="33" w="2" /><ent r="102" t="33" w="8" /><ent r="3" t="33" w="13" /><ent r="3" t="33" w="56" /><ent r="1000" t="34" w="2" /><ent r="102" t="34" w="8" /><ent r="3" t="34" w="13" /></phr><phr n="library"><ent r="4" t="20" w="220" /><ent r="3" t="33" w="41" /><ent r="3" t="34" w="24" /><ent r="3" t="34" w="35" /><ent r="3" t="34" w="50" /><ent r="3" t="199" w="46" /></phr></stem><stem n="similar"><phr n="similar"><ent r="4" t="20" w="204" /><ent r="4" t="23" w="79" /><ent r="3" t="33" w="25" /><ent r="3" t="43" w="207" /><ent r="3" t="62" w="158" /><ent r="3" t="103" w="14" /><ent r="3" t="104" w="68" /><ent r="3" t="167" w="16" /><ent r="3" t="179" w="1771" /></phr></stem><stem n="part"><phr n="part"><ent r="4" t="20" w="216" /><ent r="3" t="33" w="37" /><ent r="3" t="33" w="69" /><ent r="3" t="37" w="52" /><ent r="3" t="123" w="347" /><ent r="3" t="178" w="231" /><ent r="4" t="181" w="893" /><ent r="3" t="183" w="308" /><ent r="3" t="184" w="295" /><ent r="3" t="187" w="231" /><ent r="4" t="187" w="1794" /><ent r="5" t="224" w="151" /></phr><phr n="Part"><ent r="92" t="181" w="835" /></phr></stem><stem n="instead"><phr n="instead"><ent r="4" t="20" w="221" /><ent r="4" t="26" w="564" /><ent r="3" t="33" w="42" /><ent r="4" t="48" w="225" /><ent r="3" t="68" w="161" /><ent r="3" t="187" w="144" /><ent r="3" t="233" w="113" /></phr></stem><stem n="gdal"><phr n="GDAL"><ent r="5" t="20" w="235" /><ent r="4" t="20" w="246" /><ent r="4" t="20" w="252" /></phr><phr n="gdal"><ent r="65" t="20" w="256" /></phr></stem><stem n="geospati"><phr n="Geospatial"><ent r="4" t="20" w="242" /></phr></stem><stem n="abstract"><phr n="Abstraction"><ent r="4" t="20" w="244" /></phr></stem><stem n="(gdal)"><phr n="(GDAL)"><ent r="4" t="20" w="247" /></phr></stem><stem n="www"><phr n="www"><ent r="65" t="20" w="255" /></phr></stem><stem n="www.gdal"><phr n="www.gdal"><ent r="65" t="20" w="256" /><ent r="65" t="20" w="255" /></phr></stem><stem n=".gdal.org"><phr n=".gdal.org"><ent r="65" t="20" w="257" /></phr></stem><stem n="www.gdal.org"><phr n="www.gdal.org"><ent r="65" t="20" w="257" /><ent r="65" t="20" w="255" /></phr></stem><stem n="org"><phr n="org"><ent r="65" t="20" w="257" /><ent r="68" t="178" w="266" /><ent r="68" t="179" w="483" /><ent r="68" t="180" w="634" /><ent r="68" t="181" w="345" /><ent r="68" t="182" w="308" /><ent r="68" t="183" w="583" /><ent r="68" t="184" w="585" /><ent r="68" t="185" w="192" /><ent r="68" t="186" w="459" /><ent r="68" t="187" w="380" /><ent r="68" t="188" w="370" /><ent r="64" t="197" w="16" /></phr></stem><stem n="hdf5"><phr n="HDF5"><ent r="5" t="20" w="261" /><ent r="4" t="22" w="107" /><ent r="4" t="22" w="140" /><ent r="4" t="217" w="238" /></phr></stem><stem n="appropri"><phr n="appropriate"><ent r="4" t="20" w="316" /><ent r="3" t="31" w="73" /><ent r="3" t="39" w="58" /><ent r="3" t="40" w="70" /><ent r="3" t="87" w="175" /><ent r="3" t="125" w="668" /><ent r="3" t="125" w="687" /><ent r="4" t="144" w="98" /><ent r="4" t="145" w="263" /><ent r="4" t="173" w="147" /><ent r="4" t="182" w="925" /></phr></stem><stem n="cube"><phr n="Cube"><ent r="4" t="20" w="321" /><ent r="64" t="35" w="68" /><ent r="64" t="40" w="257" /><ent r="64" t="46" w="147" /><ent r="65" t="105" w="75" /><ent r="1000" t="109" w="4" /><ent r="102" t="109" w="9" /><ent r="3" t="109" w="19" /><ent r="5" t="109" w="139" /><ent r="3" t="109" w="513" /><ent r="5" t="170" w="88" /><ent r="5" t="170" w="93" /><ent r="3" t="170" w="100" /><ent r="3" t="170" w="122" /><ent r="3" t="186" w="973" /><ent r="4" t="186" w="985" /><ent r="3" t="186" w="1025" /><ent r="3" t="186" w="1088" /><ent r="3" t="186" w="1102" /><ent r="4" t="186" w="1122" /></phr><phr n="cube"><ent r="4" t="25" w="139" /><ent r="7" t="59" w="190" /><ent r="7" t="59" w="201" /><ent r="4" t="105" w="85" /><ent r="100" t="109" w="14" /><ent r="3" t="109" w="29" /><ent r="4" t="109" w="473" /><ent r="3" t="109" w="523" /><ent r="5" t="153" w="398" /><ent r="5" t="153" w="476" /><ent r="5" t="153" w="532" /><ent r="5" t="153" w="833" /><ent r="5" t="153" w="911" /><ent r="5" t="153" w="967" /><ent r="4" t="154" w="454" /><ent r="3" t="157" w="845" /><ent r="3" t="157" w="860" /><ent r="5" t="165" w="436" /><ent r="5" t="165" w="514" /><ent r="5" t="165" w="570" /><ent r="3" t="167" w="112" /><ent r="3" t="167" w="127" /><ent r="3" t="167" w="137" /><ent r="3" t="170" w="29" /><ent r="3" t="170" w="116" /><ent r="3" t="170" w="141" /><ent r="3" t="170" w="166" /><ent r="3" t="170" w="180" /><ent r="4" t="170" w="220" /><ent r="3" t="170" w="250" /><ent r="3" t="170" w="261" /><ent r="4" t="179" w="79" /><ent r="3" t="179" w="245" /><ent r="3" t="179" w="781" /><ent r="4" t="179" w="1090" /><ent r="3" t="180" w="245" /><ent r="3" t="180" w="262" /><ent r="3" t="180" w="269" /><ent r="4" t="180" w="1714" /><ent r="3" t="180" w="2214" /><ent r="4" t="180" w="2451" /><ent r="4" t="180" w="2612" /><ent r="4" t="181" w="98" /><ent r="3" t="181" w="1121" /><ent r="4" t="181" w="1185" /><ent r="4" t="181" w="1410" /><ent r="4" t="185" w="68" /><ent r="4" t="185" w="109" /><ent r="4" t="185" w="441" /><ent r="3" t="186" w="944" /><ent r="3" t="195" w="79" /><ent r="3" t="195" w="94" /><ent r="3" t="195" w="197" /><ent r="3" t="195" w="207" /><ent r="3" t="195" w="221" /><ent r="3" t="195" w="235" /><ent r="4" t="208" w="383" /><ent r="4" t="208" w="389" /><ent r="4" t="208" w="410" /><ent r="4" t="208" w="418" /><ent r="4" t="208" w="491" /><ent r="4" t="208" w="652" /><ent r="4" t="236" w="34" /><ent r="4" t="236" w="112" /><ent r="4" t="236" w="168" /></phr><phr n="cubes"><ent r="3" t="170" w="26" /><ent r="3" t="170" w="54" /><ent r="3" t="170" w="128" /><ent r="4" t="170" w="152" /><ent r="4" t="182" w="1654" /><ent r="3" t="186" w="976" /></phr></stem><stem n="geotiff"><phr n="GeoTIFF"><ent r="5" t="20" w="324" /><ent r="4" t="20" w="340" /><ent r="4" t="20" w="354" /><ent r="4" t="20" w="363" /><ent r="4" t="20" w="368" /><ent r="4" t="22" w="102" /><ent r="4" t="22" w="131" /><ent r="67" t="24" w="110" /><ent r="5" t="25" w="79" /><ent r="4" t="25" w="90" /><ent r="4" t="25" w="102" /><ent r="65" t="25" w="112" /><ent r="67" t="27" w="121" /><ent r="5" t="28" w="97" /><ent r="65" t="28" w="133" /><ent r="5" t="143" w="189" /><ent r="3" t="144" w="23" /><ent r="4" t="144" w="87" /><ent r="92" t="144" w="222" /><ent r="3" t="171" w="90" /><ent r="4" t="171" w="254" /><ent r="5" t="179" w="563" /><ent r="5" t="186" w="541" /><ent r="5" t="186" w="869" /><ent r="5" t="188" w="592" /><ent r="7" t="188" w="977" /><ent r="3" t="188" w="1247" /><ent r="4" t="188" w="1561" /><ent r="4" t="188" w="1568" /><ent r="1000" t="216" w="1" /><ent r="102" t="216" w="5" /><ent r="100" t="216" w="9" /><ent r="3" t="216" w="14" /><ent r="3" t="216" w="35" /><ent r="92" t="216" w="224" /><ent r="3" t="216" w="230" /><ent r="1000" t="223" w="1" /><ent r="102" t="223" w="6" /><ent r="100" t="223" w="11" /><ent r="3" t="223" w="17" /></phr></stem><stem n="tag"><phr n="Tagged"><ent r="6" t="20" w="334" /></phr><phr n="tags"><ent r="4" t="20" w="369" /></phr></stem><stem n="geocoordin"><phr n="geocoordinates"><ent r="4" t="20" w="344" /><ent r="4" t="25" w="94" /></phr></stem><stem n="latitud"><phr n="latitude"><ent r="4" t="20" w="345" /><ent r="4" t="26" w="544" /><ent r="4" t="48" w="215" /><ent r="3" t="73" w="24" /><ent r="3" t="73" w="85" /><ent r="4" t="75" w="43" /><ent r="4" t="75" w="66" /><ent r="3" t="110" w="82" /><ent r="3" t="110" w="253" /><ent r="4" t="145" w="250" /><ent r="100" t="150" w="11" /><ent r="3" t="150" w="31" /><ent r="3" t="163" w="309" /><ent r="4" t="173" w="113" /><ent r="3" t="180" w="139" /><ent r="3" t="180" w="167" /><ent r="3" t="180" w="1769" /><ent r="3" t="180" w="2308" /><ent r="4" t="183" w="668" /><ent r="5" t="190" w="258" /><ent r="3" t="192" w="33" /><ent r="7" t="235" w="46" /><ent r="7" t="235" w="56" /><ent r="7" t="235" w="69" /><ent r="3" t="238" w="87" /><ent r="3" t="238" w="111" /><ent r="3" t="238" w="172" /><ent r="3" t="238" w="205" /><ent r="3" t="238" w="324" /><ent r="3" t="238" w="376" /><ent r="3" t="238" w="389" /><ent r="3" t="238" w="440" /><ent r="3" t="238" w="461" /></phr><phr n="Latitude"><ent r="5" t="48" w="205" /><ent r="5" t="74" w="237" /><ent r="1000" t="150" w="1" /><ent r="1000" t="163" w="1" /><ent r="100" t="163" w="6" /><ent r="100" t="163" w="12" /><ent r="102" t="163" w="16" /><ent r="5" t="163" w="157" /><ent r="3" t="163" w="281" /><ent r="3" t="163" w="302" /><ent r="4" t="180" w="1003" /><ent r="3" t="180" w="1060" /><ent r="4" t="180" w="1463" /><ent r="7" t="180" w="1662" /><ent r="3" t="180" w="2961" /><ent r="6" t="230" w="154" /><ent r="6" t="230" w="207" /><ent r="6" t="230" w="249" /><ent r="6" t="230" w="311" /><ent r="6" t="230" w="379" /><ent r="6" t="230" w="460" /><ent r="6" t="230" w="495" /><ent r="6" t="230" w="576" /></phr></stem><stem n="latitude/longitud"><phr n="latitude/longitude"><ent r="4" t="20" w="346" /><ent r="4" t="20" w="345" /><ent r="4" t="26" w="545" /><ent r="4" t="26" w="544" /><ent r="4" t="48" w="216" /><ent r="4" t="48" w="215" /><ent r="3" t="73" w="25" /><ent r="3" t="73" w="24" /><ent r="3" t="73" w="86" /><ent r="3" t="73" w="85" /><ent r="4" t="75" w="44" /><ent r="4" t="75" w="43" /><ent r="4" t="75" w="67" /><ent r="4" t="75" w="66" /><ent r="3" t="110" w="83" /><ent r="3" t="110" w="82" /><ent r="3" t="110" w="254" /><ent r="3" t="110" w="253" /><ent r="4" t="145" w="251" /><ent r="4" t="145" w="250" /><ent r="100" t="150" w="12" /><ent r="100" t="150" w="11" /><ent r="3" t="180" w="168" /><ent r="3" t="180" w="167" /><ent r="3" t="180" w="1770" /><ent r="3" t="180" w="1769" /><ent r="3" t="180" w="2309" /><ent r="3" t="180" w="2308" /><ent r="4" t="183" w="669" /><ent r="4" t="183" w="668" /><ent r="3" t="192" w="34" /><ent r="3" t="192" w="33" /><ent r="3" t="238" w="88" /><ent r="3" t="238" w="87" /><ent r="3" t="238" w="112" /><ent r="3" t="238" w="111" /><ent r="3" t="238" w="173" /><ent r="3" t="238" w="172" /><ent r="3" t="238" w="206" /><ent r="3" t="238" w="205" /><ent r="3" t="238" w="325" /><ent r="3" t="238" w="324" /><ent r="3" t="238" w="377" /><ent r="3" t="238" w="376" /><ent r="3" t="238" w="390" /><ent r="3" t="238" w="389" /><ent r="3" t="238" w="441" /><ent r="3" t="238" w="440" /><ent r="3" t="238" w="462" /><ent r="3" t="238" w="461" /></phr><phr n="Latitude/Longitude"><ent r="5" t="48" w="206" /><ent r="5" t="48" w="205" /><ent r="5" t="74" w="238" /><ent r="5" t="74" w="237" /><ent r="1000" t="150" w="2" /><ent r="1000" t="150" w="1" /><ent r="1000" t="163" w="2" /><ent r="1000" t="163" w="1" /><ent r="100" t="163" w="7" /><ent r="100" t="163" w="6" /><ent r="100" t="163" w="13" /><ent r="100" t="163" w="12" /><ent r="102" t="163" w="17" /><ent r="102" t="163" w="16" /><ent r="5" t="163" w="158" /><ent r="5" t="163" w="157" /><ent r="4" t="180" w="1004" /><ent r="4" t="180" w="1003" /><ent r="3" t="180" w="1061" /><ent r="3" t="180" w="1060" /><ent r="3" t="180" w="2962" /><ent r="3" t="180" w="2961" /><ent r="6" t="230" w="155" /><ent r="6" t="230" w="154" /><ent r="6" t="230" w="208" /><ent r="6" t="230" w="207" /><ent r="6" t="230" w="250" /><ent r="6" t="230" w="249" /><ent r="6" t="230" w="312" /><ent r="6" t="230" w="311" /><ent r="6" t="230" w="380" /><ent r="6" t="230" w="379" /><ent r="6" t="230" w="461" /><ent r="6" t="230" w="460" /><ent r="6" t="230" w="496" /><ent r="6" t="230" w="495" /><ent r="6" t="230" w="577" /><ent r="6" t="230" w="576" /></phr></stem><stem n="longitud"><phr n="longitude"><ent r="4" t="20" w="346" /><ent r="4" t="26" w="545" /><ent r="4" t="48" w="216" /><ent r="3" t="73" w="25" /><ent r="3" t="73" w="86" /><ent r="4" t="75" w="44" /><ent r="4" t="75" w="67" /><ent r="3" t="110" w="83" /><ent r="3" t="110" w="254" /><ent r="4" t="145" w="251" /><ent r="100" t="150" w="12" /><ent r="3" t="150" w="33" /><ent r="3" t="163" w="311" /><ent r="4" t="173" w="115" /><ent r="3" t="180" w="141" /><ent r="3" t="180" w="168" /><ent r="3" t="180" w="1770" /><ent r="3" t="180" w="2309" /><ent r="4" t="183" w="669" /><ent r="5" t="190" w="260" /><ent r="3" t="192" w="34" /><ent r="7" t="235" w="48" /><ent r="7" t="235" w="58" /><ent r="7" t="235" w="71" /><ent r="3" t="238" w="88" /><ent r="3" t="238" w="112" /><ent r="3" t="238" w="173" /><ent r="3" t="238" w="206" /><ent r="3" t="238" w="325" /><ent r="3" t="238" w="377" /><ent r="3" t="238" w="390" /><ent r="3" t="238" w="441" /><ent r="3" t="238" w="462" /></phr><phr n="Longitude"><ent r="5" t="48" w="206" /><ent r="5" t="74" w="238" /><ent r="1000" t="150" w="2" /><ent r="1000" t="163" w="2" /><ent r="100" t="163" w="7" /><ent r="100" t="163" w="13" /><ent r="102" t="163" w="17" /><ent r="5" t="163" w="158" /><ent r="3" t="163" w="283" /><ent r="3" t="163" w="304" /><ent r="4" t="180" w="1004" /><ent r="3" t="180" w="1061" /><ent r="4" t="180" w="1626" /><ent r="7" t="180" w="1664" /><ent r="4" t="180" w="2482" /><ent r="3" t="180" w="2962" /><ent r="6" t="230" w="155" /><ent r="6" t="230" w="208" /><ent r="6" t="230" w="250" /><ent r="6" t="230" w="312" /><ent r="6" t="230" w="380" /><ent r="6" t="230" w="461" /><ent r="6" t="230" w="496" /><ent r="6" t="230" w="577" /></phr></stem><stem n="(latitude/longitude)"><phr n="(latitude/longitude)"><ent r="4" t="20" w="347" /></phr></stem><stem n="tile"><phr n="tiled"><ent r="4" t="20" w="351" /></phr><phr n="Tile"><ent r="5" t="153" w="244" /><ent r="4" t="180" w="2202" /><ent r="5" t="180" w="2345" /><ent r="5" t="182" w="446" /><ent r="5" t="186" w="811" /><ent r="5" t="186" w="911" /></phr><phr n="tile"><ent r="3" t="182" w="876" /></phr></stem><stem n="plain"><phr n="plain"><ent r="4" t="20" w="359" /></phr></stem><stem n="tif"><phr n="TIF"><ent r="4" t="20" w="360" /></phr><phr n="tif"><ent r="5" t="182" w="364" /><ent r="5" t="182" w="372" /><ent r="5" t="182" w="383" /><ent r="5" t="182" w="433" /><ent r="5" t="182" w="536" /><ent r="5" t="182" w="553" /><ent r="5" t="183" w="651" /><ent r="5" t="184" w="661" /><ent r="5" t="186" w="525" /><ent r="5" t="186" w="564" /><ent r="5" t="186" w="730" /><ent r="5" t="186" w="853" /><ent r="5" t="186" w="1080" /><ent r="5" t="187" w="1814" /><ent r="4" t="188" w="698" /><ent r="4" t="188" w="723" /><ent r="4" t="188" w="752" /></phr></stem><stem n="hyperion"><phr n="Hyperion"><ent r="5" t="20" w="380" /></phr></stem><stem n="ic"><phr n="Ice"><ent r="5" t="20" w="384" /><ent r="4" t="20" w="406" /><ent r="5" t="20" w="423" /><ent r="4" t="22" w="106" /><ent r="4" t="22" w="139" /><ent r="67" t="24" w="114" /><ent r="5" t="25" w="117" /><ent r="65" t="25" w="160" /><ent r="4" t="144" w="88" /><ent r="92" t="144" w="351" /><ent r="1000" t="217" w="1" /><ent r="102" t="217" w="5" /><ent r="100" t="217" w="9" /><ent r="3" t="217" w="15" /><ent r="92" t="217" w="183" /><ent r="3" t="217" w="189" /></phr><phr n="ice"><ent r="4" t="25" w="135" /><ent r="6" t="179" w="2335" /><ent r="5" t="180" w="794" /><ent r="6" t="180" w="1217" /><ent r="5" t="180" w="1791" /><ent r="5" t="180" w="2398" /><ent r="5" t="180" w="2570" /></phr><phr n="ICE"><ent r="4" t="179" w="81" /><ent r="4" t="179" w="221" /><ent r="3" t="179" w="242" /><ent r="3" t="179" w="247" /><ent r="3" t="179" w="284" /><ent r="4" t="179" w="2265" /><ent r="4" t="179" w="2274" /></phr></stem></index>