﻿<?xml version="1.0" encoding="utf-8"?><index><stem n="abort"><phr n="Abort"><ent r="4" t="104" w="196" /><ent r="5" t="104" w="204" /></phr><phr n="aborted"><ent r="4" t="104" w="241" /></phr></stem><stem n="–all"><phr n="–All"><ent r="65" t="105" w="59" /><ent r="102" t="108" w="9" /><ent r="3" t="108" w="19" /></phr></stem><stem n="–cube"><phr n="–Cube"><ent r="65" t="105" w="75" /><ent r="102" t="109" w="9" /><ent r="3" t="109" w="19" /></phr></stem><stem n="&quot;default&quot;"><phr n="&quot;Default&quot;"><ent r="6" t="106" w="42" /><ent r="6" t="106" w="69" /><ent r="6" t="108" w="38" /><ent r="6" t="108" w="65" /><ent r="6" t="109" w="39" /><ent r="6" t="109" w="66" /><ent r="6" t="143" w="49" /><ent r="6" t="143" w="76" /><ent r="6" t="147" w="36" /><ent r="6" t="147" w="63" /><ent r="6" t="148" w="36" /><ent r="6" t="148" w="63" /><ent r="6" t="149" w="36" /><ent r="6" t="149" w="63" /><ent r="6" t="150" w="43" /><ent r="6" t="150" w="70" /><ent r="6" t="151" w="39" /><ent r="6" t="151" w="66" /><ent r="6" t="152" w="35" /><ent r="6" t="152" w="62" /><ent r="6" t="153" w="32" /><ent r="6" t="153" w="59" /><ent r="6" t="154" w="32" /><ent r="6" t="154" w="59" /><ent r="6" t="155" w="42" /><ent r="6" t="155" w="69" /><ent r="6" t="229" w="36" /><ent r="6" t="229" w="63" /></phr></stem><stem n="immedi"><phr n="immediately"><ent r="6" t="106" w="72" /><ent r="6" t="108" w="68" /><ent r="6" t="109" w="69" /><ent r="4" t="123" w="279" /><ent r="4" t="123" w="557" /><ent r="6" t="143" w="79" /><ent r="6" t="147" w="66" /><ent r="6" t="148" w="66" /><ent r="6" t="149" w="66" /><ent r="6" t="150" w="73" /><ent r="6" t="151" w="69" /><ent r="6" t="152" w="65" /><ent r="6" t="153" w="62" /><ent r="6" t="154" w="62" /><ent r="6" t="155" w="72" /><ent r="3" t="187" w="1478" /><ent r="6" t="229" w="66" /><ent r="3" t="238" w="200" /></phr><phr n="immediate"><ent r="3" t="109" w="185" /><ent r="4" t="109" w="288" /></phr></stem><stem n=":all"><phr n=":all"><ent r="100" t="108" w="14" /></phr></stem><stem n="upon"><phr n="upon"><ent r="3" t="108" w="182" /><ent r="3" t="184" w="376" /><ent r="3" t="238" w="486" /></phr></stem><stem n="fix"><phr n="Fixed"><ent r="5" t="108" w="185" /><ent r="3" t="108" w="369" /><ent r="4" t="108" w="375" /><ent r="3" t="144" w="181" /><ent r="3" t="144" w="284" /><ent r="3" t="144" w="488" /><ent r="3" t="144" w="652" /></phr><phr n="fixed"><ent r="4" t="108" w="193" /></phr></stem><stem n="450"><phr n="450"><ent r="4" t="108" w="198" /></phr></stem><stem n="250"><phr n="250"><ent r="4" t="108" w="201" /></phr></stem><stem n="given"><phr n="given"><ent r="4" t="108" w="288" /><ent r="3" t="185" w="151" /><ent r="4" t="186" w="287" /><ent r="3" t="238" w="49" /></phr></stem><stem n="largest"><phr n="largest"><ent r="3" t="108" w="396" /><ent r="3" t="144" w="203" /><ent r="3" t="144" w="306" /><ent r="3" t="144" w="510" /><ent r="3" t="144" w="674" /></phr></stem><stem n="possibl"><phr n="possible"><ent r="3" t="108" w="398" /><ent r="4" t="117" w="165" /><ent r="3" t="144" w="205" /><ent r="3" t="144" w="308" /><ent r="3" t="144" w="512" /><ent r="3" t="144" w="676" /><ent r="3" t="169" w="114" /><ent r="3" t="169" w="214" /><ent r="3" t="169" w="231" /><ent r="3" t="169" w="275" /><ent r="3" t="180" w="435" /><ent r="3" t="208" w="726" /></phr><phr n="possibly"><ent r="3" t="110" w="146" /><ent r="4" t="181" w="1359" /></phr></stem><stem n="be"><phr n="being"><ent r="3" t="108" w="412" /><ent r="3" t="179" w="1292" /><ent r="3" t="179" w="1319" /><ent r="4" t="181" w="446" /><ent r="4" t="181" w="1186" /><ent r="3" t="228" w="48" /></phr></stem><stem n="isn"><phr n="isn"><ent r="4" t="108" w="507" /><ent r="4" t="182" w="1108" /><ent r="3" t="183" w="366" /><ent r="3" t="184" w="353" /></phr></stem><stem n="isn't"><phr n="isn't"><ent r="4" t="108" w="508" /><ent r="4" t="108" w="507" /><ent r="4" t="182" w="1109" /><ent r="4" t="182" w="1108" /></phr></stem><stem n=":cube"><phr n=":cube"><ent r="100" t="109" w="14" /></phr></stem><stem n="(right-mous"><phr n="(right-mouse"><ent r="3" t="109" w="178" /></phr></stem><stem n="right-mous"><phr n="right-mouse"><ent r="3" t="109" w="178" /></phr></stem><stem n="absolut"><phr n="Absolute"><ent r="4" t="109" w="216" /><ent r="7" t="196" w="98" /></phr></stem><stem n="multipli"><phr n="multiplied"><ent r="4" t="109" w="226" /></phr><phr n="multiplier"><ent r="3" t="140" w="60" /><ent r="3" t="140" w="121" /><ent r="7" t="199" w="670" /></phr><phr n="Multiply"><ent r="7" t="196" w="17" /></phr></stem><stem n="-pan"><phr n="-pan"><ent r="3" t="109" w="245" /><ent r="3" t="109" w="245" /></phr><phr n="-panning"><ent r="3" t="109" w="316" /><ent r="3" t="109" w="316" /></phr></stem><stem n="smooth-pan"><phr n="smooth-pan"><ent r="3" t="109" w="245" /></phr><phr n="smooth-panning"><ent r="3" t="109" w="316" /></phr></stem><stem n="shirt"><phr n="Shirt"><ent r="4" t="109" w="260" /></phr></stem><stem n="overlai"><phr n="overlays"><ent r="3" t="109" w="297" /></phr><phr n="Overlay"><ent r="4" t="170" w="225" /></phr><phr n="overlay"><ent r="3" t="179" w="1284" /><ent r="3" t="179" w="1354" /><ent r="3" t="179" w="1365" /><ent r="3" t="179" w="1377" /><ent r="4" t="179" w="1385" /><ent r="4" t="179" w="1396" /><ent r="4" t="179" w="1405" /><ent r="3" t="179" w="1422" /><ent r="3" t="179" w="1435" /><ent r="3" t="179" w="1454" /><ent r="4" t="179" w="1587" /><ent r="3" t="179" w="1628" /><ent r="3" t="179" w="1644" /><ent r="3" t="179" w="1775" /><ent r="4" t="179" w="1875" /><ent r="4" t="179" w="1892" /><ent r="3" t="183" w="1068" /><ent r="3" t="183" w="1086" /></phr><phr n="overlaying"><ent r="3" t="180" w="397" /></phr><phr n="Overlaying"><ent r="3" t="183" w="123" /><ent r="3" t="184" w="113" /></phr></stem><stem n="(especi"><phr n="(especially"><ent r="3" t="109" w="298" /></phr></stem><stem n="sensit"><phr n="Sensitivity"><ent r="4" t="109" w="328" /></phr><phr n="Sensitive"><ent r="3" t="232" w="73" /></phr><phr n="sensitive"><ent r="3" t="232" w="81" /></phr></stem><stem n="quickli"><phr n="quickly"><ent r="3" t="109" w="332" /><ent r="3" t="111" w="39" /><ent r="3" t="148" w="189" /><ent r="3" t="154" w="228" /><ent r="3" t="155" w="202" /><ent r="3" t="187" w="124" /></phr></stem><stem n="higher"><phr n="higher"><ent r="3" t="109" w="341" /><ent r="5" t="153" w="468" /><ent r="5" t="153" w="491" /><ent r="5" t="153" w="903" /><ent r="5" t="153" w="926" /><ent r="4" t="154" w="446" /><ent r="4" t="154" w="469" /><ent r="5" t="165" w="506" /><ent r="5" t="165" w="529" /><ent r="3" t="167" w="504" /><ent r="4" t="172" w="69" /><ent r="4" t="172" w="83" /><ent r="4" t="172" w="111" /><ent r="3" t="182" w="572" /><ent r="3" t="182" w="586" /><ent r="3" t="182" w="614" /><ent r="3" t="182" w="623" /><ent r="3" t="182" w="707" /><ent r="3" t="182" w="1344" /><ent r="3" t="188" w="1088" /><ent r="3" t="192" w="51" /><ent r="3" t="192" w="57" /><ent r="3" t="192" w="117" /><ent r="4" t="224" w="105" /><ent r="4" t="224" w="108" /><ent r="4" t="224" w="117" /><ent r="4" t="236" w="104" /><ent r="4" t="236" w="127" /></phr></stem><stem n="faster"><phr n="faster"><ent r="3" t="109" w="345" /><ent r="3" t="169" w="67" /><ent r="3" t="171" w="69" /><ent r="4" t="181" w="1356" /></phr></stem><stem n="/lon"><phr n="/Lon"><ent r="4" t="109" w="379" /><ent r="64" t="146" w="38" /><ent r="102" t="150" w="7" /><ent r="3" t="150" w="18" /><ent r="4" t="150" w="79" /><ent r="5" t="150" w="134" /></phr></stem><stem n="lat/lon"><phr n="Lat/Lon"><ent r="4" t="109" w="379" /><ent r="4" t="109" w="378" /><ent r="64" t="146" w="38" /><ent r="64" t="146" w="37" /><ent r="102" t="150" w="7" /><ent r="102" t="150" w="6" /><ent r="3" t="150" w="18" /><ent r="3" t="150" w="17" /><ent r="4" t="150" w="79" /><ent r="4" t="150" w="78" /><ent r="5" t="150" w="134" /><ent r="5" t="150" w="133" /></phr></stem><stem n="lon"><phr n="Lon"><ent r="4" t="109" w="379" /><ent r="64" t="146" w="38" /><ent r="102" t="150" w="7" /><ent r="3" t="150" w="18" /><ent r="4" t="150" w="79" /><ent r="5" t="150" w="134" /></phr></stem><stem n="-undoabl"><phr n="-undoable"><ent r="5" t="109" w="395" /><ent r="5" t="109" w="395" /></phr></stem><stem n="non-undo"><phr n="non-undoable"><ent r="5" t="109" w="395" /></phr></stem><stem n="undoabl"><phr n="undoable"><ent r="5" t="109" w="396" /></phr></stem><stem n="receiv"><phr n="receive"><ent r="4" t="109" w="406" /></phr></stem><stem n="undon"><phr n="undone"><ent r="4" t="109" w="419" /></phr></stem><stem n="brought"><phr n="brought"><ent r="4" t="109" w="437" /></phr></stem><stem n="raw"><phr n="raw"><ent r="4" t="109" w="472" /><ent r="5" t="153" w="438" /><ent r="5" t="153" w="873" /><ent r="4" t="154" w="416" /><ent r="5" t="165" w="476" /><ent r="4" t="236" w="74" /></phr><phr n="Raw"><ent r="6" t="153" w="381" /><ent r="6" t="153" w="816" /><ent r="5" t="154" w="385" /><ent r="6" t="165" w="419" /><ent r="5" t="236" w="16" /></phr></stem><stem n="&quot;no"><phr n="&quot;No"><ent r="3" t="109" w="500" /></phr></stem><stem n="boundari"><phr n="boundary"><ent r="3" t="109" w="507" /><ent r="3" t="109" w="522" /><ent r="3" t="177" w="156" /><ent r="3" t="183" w="274" /><ent r="3" t="183" w="356" /><ent r="3" t="184" w="263" /><ent r="3" t="184" w="343" /></phr></stem><stem n="&quot;limit"><phr n="&quot;Limit"><ent r="3" t="109" w="511" /><ent r="3" t="109" w="524" /></phr></stem><stem n="crosshair"><phr n="crosshair"><ent r="3" t="109" w="518" /><ent r="4" t="156" w="283" /><ent r="3" t="158" w="250" /><ent r="4" t="180" w="3018" /><ent r="4" t="181" w="1385" /></phr><phr n="Crosshair"><ent r="5" t="156" w="277" /><ent r="3" t="158" w="246" /></phr><phr n="crosshairs"><ent r="3" t="180" w="2976" /></phr></stem><stem n="can't"><phr n="can't"><ent r="4" t="109" w="548" /><ent r="4" t="109" w="547" /><ent r="4" t="109" w="563" /><ent r="4" t="109" w="562" /><ent r="3" t="145" w="207" /><ent r="3" t="145" w="206" /></phr><phr n="Can't"><ent r="92" t="214" w="98" /><ent r="92" t="214" w="97" /></phr></stem><stem n="further"><phr n="further"><ent r="4" t="109" w="567" /><ent r="3" t="110" w="436" /><ent r="3" t="168" w="148" /><ent r="4" t="197" w="141" /></phr></stem><stem n="suppli"><phr n="supplies"><ent r="3" t="110" w="27" /></phr><phr n="supplied"><ent r="3" t="110" w="57" /></phr></stem><stem n="(gcps)"><phr n="(GCPs)"><ent r="3" t="110" w="34" /><ent r="3" t="179" w="744" /></phr></stem><stem n="rapid"><phr n="Rapid"><ent r="3" t="110" w="35" /></phr></stem><stem n="coeffici"><phr n="Coefficients"><ent r="3" t="110" w="37" /></phr><phr n="coefficient"><ent r="3" t="167" w="99" /><ent r="3" t="167" w="275" /><ent r="3" t="167" w="278" /><ent r="5" t="167" w="359" /></phr><phr n="coefficients"><ent r="5" t="167" w="192" /><ent r="3" t="167" w="254" /><ent r="5" t="167" w="322" /><ent r="5" t="167" w="347" /></phr></stem><stem n="rpc"><phr n="RPCs"><ent r="3" t="110" w="38" /></phr><phr n="RPC"><ent r="3" t="110" w="39" /><ent r="3" t="110" w="432" /><ent r="3" t="182" w="704" /></phr></stem><stem n="(rpcs)."><phr n="(RPCs)."><ent r="3" t="110" w="39" /></phr></stem><stem n="(utm),"><phr n="(UTM),"><ent r="3" t="110" w="88" /><ent r="7" t="199" w="430" /></phr></stem><stem n="(mgrs)"><phr n="(MGRS)"><ent r="3" t="110" w="94" /></phr></stem><stem n="(use"><phr n="(using"><ent r="3" t="110" w="107" /><ent r="3" t="208" w="662" /></phr><phr n="(used"><ent r="3" t="174" w="31" /></phr><phr n="(Use"><ent r="6" t="188" w="1284" /></phr></stem><stem n="mathemat"><phr n="mathematical"><ent r="3" t="110" w="131" /><ent r="3" t="170" w="16" /><ent r="3" t="180" w="234" /><ent r="3" t="180" w="2024" /><ent r="3" t="192" w="26" /><ent r="3" t="238" w="29" /><ent r="3" t="238" w="365" /></phr></stem><stem n="polynomi"><phr n="polynomial"><ent r="3" t="110" w="132" /><ent r="100" t="192" w="6" /><ent r="3" t="192" w="27" /><ent r="3" t="238" w="30" /></phr><phr n="Polynomial"><ent r="64" t="110" w="533" /><ent r="1000" t="192" w="2" /><ent r="102" t="192" w="10" /><ent r="3" t="199" w="707" /></phr></stem><stem n="equat"><phr n="equation"><ent r="3" t="110" w="134" /><ent r="3" t="192" w="28" /><ent r="3" t="238" w="32" /></phr></stem><stem n="tend"><phr n="tends"><ent r="3" t="110" w="137" /><ent r="3" t="238" w="41" /></phr></stem><stem n="introduc"><phr n="introducing"><ent r="3" t="110" w="147" /><ent r="3" t="238" w="52" /></phr></stem><stem n="root"><phr n="root"><ent r="3" t="110" w="158" /><ent r="3" t="192" w="90" /><ent r="7" t="196" w="24" /><ent r="7" t="199" w="590" /><ent r="3" t="238" w="62" /><ent r="3" t="238" w="353" /></phr></stem><stem n="squar"><phr n="square"><ent r="3" t="110" w="160" /><ent r="4" t="181" w="620" /><ent r="3" t="192" w="92" /><ent r="7" t="199" w="589" /><ent r="3" t="238" w="64" /><ent r="3" t="238" w="355" /></phr><phr n="squares"><ent r="3" t="168" w="131" /><ent r="3" t="186" w="618" /><ent r="4" t="186" w="1127" /><ent r="3" t="238" w="398" /></phr><phr n="Square"><ent r="7" t="196" w="23" /></phr></stem><stem n="rm"><phr n="RMS"><ent r="3" t="110" w="161" /><ent r="3" t="110" w="175" /><ent r="4" t="180" w="1155" /><ent r="4" t="180" w="1165" /><ent r="3" t="192" w="93" /><ent r="3" t="238" w="65" /><ent r="93" t="238" w="312" /><ent r="100" t="238" w="315" /><ent r="3" t="238" w="356" /><ent r="3" t="238" w="405" /><ent r="3" t="238" w="421" /><ent r="3" t="238" w="433" /><ent r="3" t="238" w="476" /><ent r="3" t="238" w="502" /><ent r="3" t="238" w="528" /></phr></stem><stem n="(rms)"><phr n="(RMS)"><ent r="3" t="110" w="162" /><ent r="3" t="192" w="94" /><ent r="3" t="238" w="66" /><ent r="3" t="238" w="357" /></phr></stem><stem n="accuraci"><phr n="accuracy"><ent r="3" t="110" w="169" /><ent r="3" t="180" w="979" /><ent r="3" t="182" w="680" /><ent r="3" t="192" w="41" /><ent r="3" t="192" w="101" /><ent r="3" t="238" w="73" /><ent r="3" t="238" w="463" /><ent r="3" t="238" w="467" /><ent r="3" t="238" w="541" /></phr></stem><stem n="transform"><phr n="transformation"><ent r="3" t="110" w="192" /><ent r="3" t="238" w="82" /><ent r="3" t="238" w="366" /></phr><phr n="transforms"><ent r="3" t="167" w="107" /></phr><phr n="Transform"><ent r="5" t="167" w="171" /><ent r="5" t="167" w="874" /><ent r="3" t="181" w="1080" /><ent r="3" t="181" w="1113" /></phr><phr n="transform"><ent r="5" t="167" w="191" /><ent r="3" t="167" w="253" /><ent r="5" t="167" w="321" /><ent r="5" t="167" w="328" /><ent r="5" t="167" w="346" /><ent r="3" t="167" w="444" /><ent r="3" t="167" w="543" /><ent r="3" t="167" w="553" /><ent r="3" t="167" w="904" /><ent r="3" t="167" w="918" /><ent r="3" t="167" w="939" /><ent r="3" t="167" w="954" /><ent r="3" t="167" w="1006" /><ent r="3" t="169" w="16" /><ent r="3" t="181" w="1124" /><ent r="3" t="181" w="1135" /></phr></stem><stem n="interpol"><phr n="interpolated"><ent r="3" t="110" w="199" /><ent r="3" t="238" w="91" /></phr></stem><stem n="precis"><phr n="precise"><ent r="3" t="110" w="220" /><ent r="3" t="238" w="110" /></phr><phr n="precision"><ent r="4" t="151" w="158" /><ent r="7" t="199" w="219" /><ent r="6" t="199" w="232" /><ent r="6" t="199" w="238" /><ent r="6" t="199" w="245" /><ent r="7" t="199" w="351" /></phr></stem><stem n="instal"><phr n="installed"><ent r="4" t="110" w="358" /><ent r="3" t="178" w="238" /></phr><phr n="installation"><ent r="3" t="178" w="243" /><ent r="3" t="188" w="1471" /></phr></stem><stem n="oper"><phr n="operate"><ent r="4" t="110" w="364" /><ent r="3" t="122" w="16" /><ent r="3" t="125" w="722" /><ent r="3" t="129" w="31" /></phr><phr n="operating"><ent r="4" t="122" w="48" /><ent r="4" t="125" w="761" /><ent r="4" t="129" w="64" /><ent r="3" t="178" w="175" /></phr><phr n="operational"><ent r="3" t="166" w="175" /><ent r="4" t="171" w="307" /></phr><phr n="operators"><ent r="4" t="170" w="148" /><ent r="4" t="170" w="210" /><ent r="3" t="178" w="99" /><ent r="100" t="196" w="7" /></phr><phr n="operator"><ent r="3" t="170" w="190" /></phr><phr n="operations"><ent r="3" t="180" w="2025" /><ent r="3" t="187" w="164" /></phr><phr n="Operators"><ent r="1000" t="196" w="3" /><ent r="102" t="196" w="11" /></phr></stem><stem n="igm"><phr n="IGM"><ent r="3" t="110" w="404" /><ent r="3" t="110" w="415" /></phr></stem><stem n="arcgi"><phr n="ArcGIS"><ent r="4" t="111" w="56" /><ent r="4" t="111" w="61" /></phr></stem><stem n="databas"><phr n="database"><ent r="4" t="111" w="68" /><ent r="3" t="111" w="165" /><ent r="3" t="112" w="35" /><ent r="3" t="112" w="55" /><ent r="3" t="112" w="62" /></phr></stem><stem n="test"><phr n="Test"><ent r="3" t="111" w="153" /><ent r="3" t="123" w="405" /><ent r="4" t="187" w="1773" /></phr><phr n="test"><ent r="3" t="111" w="159" /><ent r="3" t="117" w="222" /></phr><phr n="tested"><ent r="4" t="171" w="297" /></phr></stem><stem n="instanc"><phr n="instance"><ent r="3" t="112" w="44" /><ent r="3" t="142" w="564" /></phr><phr n="instances"><ent r="3" t="166" w="112" /></phr></stem><stem n="class"><phr n="class"><ent r="3" t="112" w="48" /></phr></stem><stem n="contact"><phr n="contact"><ent r="3" t="112" w="53" /></phr></stem><stem n="administr"><phr n="administrator"><ent r="3" t="112" w="56" /><ent r="3" t="213" w="91" /></phr></stem><stem n="regard"><phr n="regarding"><ent r="3" t="112" w="60" /></phr></stem><stem n="queri"><phr n="query"><ent r="3" t="113" w="16" /><ent r="3" t="113" w="32" /><ent r="3" t="113" w="39" /></phr></stem><stem n="builder"><phr n="Builder"><ent r="1000" t="115" w="4" /><ent r="100" t="115" w="9" /><ent r="100" t="115" w="13" /><ent r="100" t="115" w="17" /><ent r="100" t="115" w="23" /><ent r="100" t="115" w="29" /><ent r="100" t="115" w="32" /><ent r="102" t="115" w="38" /><ent r="3" t="115" w="42" /><ent r="100" t="115" w="73" /><ent r="3" t="115" w="80" /><ent r="100" t="115" w="83" /><ent r="4" t="115" w="103" /><ent r="3" t="115" w="108" /><ent r="3" t="115" w="119" /><ent r="100" t="115" w="129" /><ent r="92" t="115" w="135" /><ent r="100" t="115" w="144" /><ent r="100" t="115" w="227" /><ent r="92" t="115" w="231" /><ent r="3" t="115" w="236" /><ent r="64" t="115" w="258" /><ent r="100" t="115" w="464" /><ent r="1000" t="116" w="2" /><ent r="100" t="116" w="7" /><ent r="100" t="116" w="10" /><ent r="102" t="116" w="14" /><ent r="7" t="116" w="32" /><ent r="7" t="116" w="91" /><ent r="7" t="116" w="127" /><ent r="7" t="116" w="165" /><ent r="5" t="117" w="36" /><ent r="3" t="117" w="41" /><ent r="64" t="117" w="56" /><ent r="3" t="117" w="213" /><ent r="64" t="117" w="262" /><ent r="5" t="118" w="50" /><ent r="4" t="118" w="56" /><ent r="4" t="118" w="62" /><ent r="64" t="118" w="94" /><ent r="4" t="118" w="130" /><ent r="64" t="118" w="139" /><ent r="4" t="119" w="30" /><ent r="92" t="119" w="67" /><ent r="5" t="119" w="86" /><ent r="4" t="119" w="92" /><ent r="64" t="119" w="195" /><ent r="4" t="120" w="23" /><ent r="64" t="120" w="55" /><ent r="4" t="120" w="117" /><ent r="64" t="120" w="150" /><ent r="4" t="122" w="200" /><ent r="64" t="122" w="233" /><ent r="3" t="123" w="23" /><ent r="3" t="123" w="148" /><ent r="4" t="123" w="229" /><ent r="4" t="123" w="370" /><ent r="4" t="123" w="509" /><ent r="3" t="125" w="64" /><ent r="4" t="126" w="43" /><ent r="4" t="126" w="78" /><ent r="4" t="126" w="158" /><ent r="4" t="126" w="257" /><ent r="4" t="126" w="269" /><ent r="4" t="126" w="336" /><ent r="4" t="126" w="380" /><ent r="65" t="126" w="387" /><ent r="64" t="128" w="169" /><ent r="3" t="129" w="183" /><ent r="64" t="169" w="313" /><ent r="64" t="178" w="386" /><ent r="1000" t="187" w="3" /><ent r="100" t="187" w="6" /><ent r="102" t="187" w="12" /><ent r="3" t="187" w="31" /><ent r="4" t="187" w="53" /><ent r="4" t="187" w="81" /><ent r="3" t="187" w="112" /><ent r="3" t="187" w="133" /><ent r="3" t="187" w="156" /><ent r="3" t="187" w="262" /><ent r="64" t="187" w="308" /><ent r="3" t="187" w="327" /><ent r="5" t="187" w="433" /><ent r="4" t="187" w="437" /><ent r="3" t="187" w="488" /><ent r="3" t="187" w="536" /><ent r="3" t="187" w="689" /><ent r="4" t="187" w="776" /><ent r="3" t="187" w="899" /><ent r="3" t="187" w="1007" /><ent r="6" t="187" w="1214" /><ent r="4" t="187" w="1242" /><ent r="4" t="187" w="1352" /><ent r="4" t="187" w="1821" /><ent r="3" t="187" w="1882" /><ent r="64" t="188" w="58" /><ent r="3" t="188" w="120" /><ent r="64" t="188" w="216" /><ent r="5" t="188" w="425" /><ent r="4" t="188" w="429" /><ent r="4" t="188" w="436" /><ent r="4" t="188" w="472" /><ent r="65" t="188" w="477" /><ent r="4" t="188" w="498" /><ent r="4" t="188" w="504" /><ent r="4" t="188" w="769" /><ent r="3" t="188" w="1064" /><ent r="4" t="188" w="1183" /><ent r="6" t="188" w="1275" /><ent r="4" t="188" w="1379" /><ent r="1000" t="239" w="2" /><ent r="100" t="239" w="8" /><ent r="100" t="239" w="12" /><ent r="100" t="239" w="16" /><ent r="100" t="239" w="21" /><ent r="100" t="239" w="24" /><ent r="102" t="239" w="29" /><ent r="64" t="239" w="47" /><ent r="1000" t="240" w="2" /><ent r="100" t="240" w="8" /><ent r="100" t="240" w="19" /><ent r="100" t="240" w="24" /><ent r="100" t="240" w="27" /><ent r="102" t="240" w="32" /><ent r="64" t="240" w="50" /><ent r="7" t="240" w="84" /><ent r="7" t="240" w="197" /><ent r="1000" t="241" w="2" /><ent r="100" t="241" w="21" /><ent r="100" t="241" w="24" /><ent r="102" t="241" w="29" /><ent r="64" t="241" w="47" /><ent r="1000" t="242" w="2" /><ent r="100" t="242" w="7" /><ent r="100" t="242" w="14" /><ent r="102" t="242" w="17" /><ent r="64" t="242" w="35" /><ent r="7" t="242" w="81" /></phr></stem><stem n=":wizard"><phr n=":Wizard"><ent r="100" t="115" w="12" /><ent r="100" t="115" w="16" /><ent r="100" t="115" w="22" /><ent r="100" t="115" w="26" /><ent r="100" t="115" w="515" /><ent r="100" t="116" w="6" /><ent r="100" t="239" w="7" /><ent r="100" t="239" w="11" /><ent r="100" t="239" w="15" /><ent r="100" t="239" w="20" /><ent r="100" t="240" w="7" /><ent r="100" t="240" w="18" /><ent r="100" t="240" w="23" /><ent r="100" t="241" w="20" /><ent r="100" t="242" w="13" /></phr><phr n=":wizard"><ent r="100" t="117" w="10" /><ent r="100" t="119" w="6" /><ent r="100" t="120" w="6" /><ent r="100" t="123" w="7" /><ent r="100" t="125" w="6" /><ent r="100" t="125" w="10" /><ent r="100" t="125" w="14" /><ent r="100" t="129" w="25" /><ent r="100" t="240" w="12" /><ent r="100" t="240" w="15" /><ent r="100" t="240" w="176" /><ent r="100" t="241" w="133" /></phr><phr n=":wizards"><ent r="100" t="122" w="67" /></phr></stem><stem n=":use"><phr n=":using"><ent r="100" t="115" w="33" /></phr></stem><stem n="autom"><phr n="Automating"><ent r="3" t="115" w="62" /></phr><phr n="automated"><ent r="3" t="176" w="67" /><ent r="3" t="176" w="154" /><ent r="3" t="182" w="1393" /><ent r="3" t="182" w="1446" /><ent r="3" t="187" w="34" /><ent r="3" t="187" w="37" /><ent r="3" t="187" w="1885" /><ent r="3" t="187" w="1888" /></phr><phr n="automate"><ent r="3" t="187" w="103" /></phr></stem><stem n="procedur"><phr n="procedures"><ent r="3" t="115" w="64" /><ent r="3" t="187" w="1878" /><ent r="3" t="188" w="1579" /></phr><phr n="procedure"><ent r="3" t="186" w="1099" /></phr></stem><stem n="potenti"><phr n="potential"><ent r="3" t="115" w="69" /></phr></stem><stem n="untitl"><phr n="untitled"><ent r="3" t="115" w="122" /></phr></stem><stem n="readi"><phr n="ready"><ent r="3" t="115" w="124" /><ent r="3" t="184" w="1317" /><ent r="3" t="185" w="397" /><ent r="3" t="195" w="763" /></phr></stem><stem n=":drop-down"><phr n=":drop-down"><ent r="100" t="115" w="130" /></phr></stem><stem n="canva"><phr n="canvas"><ent r="100" t="115" w="141" /><ent r="100" t="115" w="145" /><ent r="3" t="115" w="164" /><ent r="3" t="115" w="320" /><ent r="3" t="115" w="346" /><ent r="3" t="115" w="369" /><ent r="3" t="115" w="384" /><ent r="3" t="115" w="393" /><ent r="3" t="115" w="399" /><ent r="3" t="115" w="413" /><ent r="7" t="116" w="74" /><ent r="7" t="116" w="160" /><ent r="3" t="125" w="145" /><ent r="3" t="125" w="182" /><ent r="3" t="125" w="213" /><ent r="3" t="125" w="254" /><ent r="4" t="126" w="73" /><ent r="3" t="126" w="125" /><ent r="4" t="126" w="159" /><ent r="4" t="126" w="179" /><ent r="4" t="126" w="258" /><ent r="4" t="126" w="337" /><ent r="4" t="126" w="381" /><ent r="3" t="129" w="236" /><ent r="3" t="129" w="338" /><ent r="4" t="129" w="357" /><ent r="3" t="129" w="404" /><ent r="4" t="129" w="423" /><ent r="4" t="186" w="73" /><ent r="4" t="186" w="231" /><ent r="4" t="186" w="893" /><ent r="4" t="186" w="901" /><ent r="3" t="186" w="941" /><ent r="3" t="186" w="955" /><ent r="3" t="186" w="1030" /><ent r="7" t="239" w="151" /><ent r="100" t="240" w="177" /><ent r="7" t="240" w="187" /><ent r="7" t="241" w="79" /></phr><phr n="Canvas"><ent r="92" t="115" w="316" /><ent r="92" t="186" w="928" /></phr></stem><stem n=":canva"><phr n=":canvas"><ent r="100" t="115" w="145" /></phr></stem><stem n=":toolbar"><phr n=":toolbar"><ent r="100" t="115" w="228" /><ent r="100" t="116" w="11" /></phr></stem><stem n="task"><phr n="tasks"><ent r="3" t="115" w="243" /><ent r="3" t="178" w="48" /><ent r="3" t="178" w="56" /><ent r="3" t="187" w="109" /></phr></stem><stem n="organ"><phr n="organized"><ent r="3" t="115" w="279" /><ent r="4" t="166" w="72" /><ent r="3" t="187" w="159" /><ent r="3" t="208" w="706" /></phr></stem><stem n="&quot;all&quot;"><phr n="&quot;All&quot;"><ent r="3" t="115" w="290" /><ent r="3" t="125" w="67" /></phr></stem><stem n="5000"><phr n="5000"><ent r="3" t="115" w="349" /><ent r="3" t="115" w="351" /></phr></stem><stem n="serv"><phr n="serves"><ent r="3" t="115" w="415" /></phr></stem><stem n="flow"><phr n="flow"><ent r="3" t="115" w="419" /><ent r="3" t="115" w="425" /><ent r="3" t="187" w="143" /><ent r="3" t="187" w="147" /></phr></stem><stem n="diagram"><phr n="diagram"><ent r="3" t="115" w="420" /><ent r="3" t="115" w="426" /></phr></stem><stem n="unsav"><phr n="unsaved"><ent r="7" t="116" w="38" /><ent r="7" t="240" w="90" /><ent r="7" t="240" w="126" /><ent r="7" t="240" w="203" /></phr></stem><stem n="ask"><phr n="asking"><ent r="7" t="116" w="47" /><ent r="4" t="195" w="733" /><ent r="7" t="240" w="99" /><ent r="7" t="240" w="135" /><ent r="7" t="240" w="212" /></phr><phr n="asks"><ent r="4" t="167" w="789" /><ent r="3" t="180" w="1445" /><ent r="4" t="188" w="1402" /></phr><phr n="asked"><ent r="4" t="180" w="1198" /></phr></stem><stem n="-select"><phr n="-selected"><ent r="7" t="116" w="108" /><ent r="7" t="116" w="108" /><ent r="7" t="116" w="144" /><ent r="7" t="116" w="144" /><ent r="7" t="116" w="182" /><ent r="7" t="116" w="182" /><ent r="7" t="239" w="92" /><ent r="7" t="239" w="92" /><ent r="7" t="239" w="128" /><ent r="7" t="239" w="128" /><ent r="7" t="239" w="167" /><ent r="7" t="239" w="167" /></phr><phr n="-selecting"><ent r="4" t="176" w="203" /><ent r="4" t="176" w="203" /><ent r="6" t="230" w="401" /><ent r="6" t="230" w="401" /></phr><phr n="-select"><ent r="3" t="214" w="43" /><ent r="3" t="214" w="43" /><ent r="3" t="214" w="73" /><ent r="3" t="214" w="73" /></phr></stem><stem n="non-select"><phr n="non-selected"><ent r="7" t="116" w="108" /><ent r="7" t="116" w="144" /><ent r="7" t="116" w="182" /><ent r="7" t="239" w="92" /><ent r="7" t="239" w="128" /><ent r="7" t="239" w="167" /></phr></stem></index>