﻿<?xml version="1.0" encoding="utf-8"?><index><stem n="easili"><phr n="easily"><ent r="3" t="69" w="20" /><ent r="4" t="182" w="466" /></phr></stem><stem n="initi"><phr n="initial"><ent r="3" t="70" w="32" /><ent r="3" t="108" w="255" /><ent r="4" t="208" w="512" /><ent r="3" t="208" w="694" /></phr><phr n="Initial"><ent r="5" t="70" w="199" /></phr><phr n="initially"><ent r="4" t="108" w="266" /><ent r="4" t="108" w="284" /><ent r="4" t="208" w="426" /><ent r="4" t="208" w="617" /></phr><phr n="initialized"><ent r="3" t="131" w="186" /><ent r="3" t="132" w="37" /></phr><phr n="initialize"><ent r="3" t="169" w="578" /></phr></stem><stem n="it'"><phr n="it's"><ent r="4" t="70" w="114" /><ent r="4" t="70" w="113" /><ent r="4" t="109" w="465" /><ent r="4" t="109" w="464" /><ent r="4" t="180" w="2947" /><ent r="4" t="180" w="2946" /><ent r="4" t="182" w="1003" /><ent r="4" t="182" w="1002" /></phr><phr n="It's"><ent r="4" t="126" w="278" /><ent r="4" t="126" w="277" /></phr></stem><stem n="just"><phr n="just"><ent r="4" t="70" w="121" /><ent r="4" t="182" w="1055" /><ent r="3" t="215" w="110" /></phr></stem><stem n="banner"><phr n="banner"><ent r="4" t="70" w="124" /></phr></stem><stem n="&quot;palett"><phr n="&quot;Palette"><ent r="4" t="70" w="125" /></phr></stem><stem n=":flatten"><phr n=":flatten"><ent r="100" t="71" w="11" /></phr></stem><stem n="histori"><phr n="history"><ent r="4" t="71" w="88" /><ent r="3" t="71" w="107" /></phr></stem><stem n="ye"><phr n="Yes"><ent r="4" t="71" w="96" /><ent r="5" t="79" w="74" /><ent r="5" t="179" w="2310" /><ent r="4" t="180" w="1332" /><ent r="4" t="180" w="1456" /><ent r="5" t="181" w="1462" /><ent r="5" t="231" w="199" /><ent r="5" t="231" w="281" /><ent r="5" t="231" w="349" /></phr></stem><stem n="&quot;up&quot;"><phr n="&quot;up&quot;"><ent r="4" t="72" w="85" /></phr></stem><stem n="reorient"><phr n="reoriented"><ent r="3" t="72" w="125" /><ent r="3" t="176" w="27" /></phr></stem><stem n="(gcp)"><phr n="(GCP)"><ent r="3" t="73" w="12" /><ent r="3" t="74" w="16" /><ent r="3" t="238" w="161" /></phr></stem><stem n="/longitude,"><phr n="/longitude,"><ent r="3" t="73" w="26" /><ent r="3" t="73" w="87" /><ent r="3" t="110" w="84" /><ent r="3" t="110" w="255" /><ent r="3" t="192" w="35" /></phr><phr n="/Longitude,"><ent r="6" t="230" w="156" /><ent r="6" t="230" w="209" /><ent r="6" t="230" w="381" /><ent r="6" t="230" w="497" /><ent r="6" t="230" w="578" /></phr></stem><stem n="univers"><phr n="Universal"><ent r="5" t="73" w="29" /><ent r="4" t="74" w="248" /><ent r="3" t="110" w="84" /><ent r="4" t="163" w="177" /><ent r="7" t="235" w="79" /></phr></stem><stem n="transvers"><phr n="Transverse"><ent r="5" t="73" w="30" /><ent r="4" t="74" w="249" /><ent r="3" t="110" w="85" /><ent r="4" t="163" w="178" /><ent r="7" t="235" w="80" /></phr></stem><stem n="mercat"><phr n="Mercator"><ent r="5" t="73" w="31" /><ent r="4" t="74" w="250" /><ent r="3" t="110" w="86" /><ent r="4" t="163" w="179" /><ent r="7" t="235" w="81" /></phr></stem><stem n="militari"><phr n="Military"><ent r="5" t="73" w="37" /><ent r="4" t="74" w="255" /><ent r="3" t="110" w="89" /><ent r="4" t="163" w="184" /><ent r="7" t="235" w="86" /></phr></stem><stem n="refer"><phr n="Reference"><ent r="5" t="73" w="39" /><ent r="4" t="74" w="257" /><ent r="3" t="110" w="91" /><ent r="4" t="163" w="186" /><ent r="4" t="180" w="1401" /><ent r="3" t="180" w="1416" /><ent r="7" t="180" w="1657" /><ent r="7" t="180" w="1660" /><ent r="7" t="235" w="88" /></phr><phr n="reference"><ent r="3" t="75" w="20" /><ent r="4" t="83" w="158" /><ent r="3" t="84" w="34" /><ent r="3" t="164" w="57" /><ent r="3" t="192" w="88" /><ent r="3" t="238" w="221" /><ent r="3" t="238" w="294" /></phr><phr n="referred"><ent r="4" t="181" w="440" /></phr><phr n="Refers"><ent r="7" t="199" w="126" /><ent r="7" t="199" w="164" /><ent r="7" t="199" w="299" /><ent r="7" t="199" w="323" /></phr><phr n="Refer"><ent r="7" t="199" w="397" /></phr></stem><stem n="flag"><phr n="flagged"><ent r="3" t="73" w="47" /></phr></stem><stem n="“x”"><phr n="“X”"><ent r="3" t="73" w="59" /><ent r="4" t="179" w="764" /></phr><phr n="“x”"><ent r="4" t="186" w="1200" /><ent r="3" t="238" w="412" /></phr></stem><stem n="map"><phr n="map"><ent r="3" t="73" w="99" /><ent r="6" t="90" w="440" /><ent r="3" t="95" w="34" /><ent r="3" t="95" w="47" /><ent r="4" t="95" w="153" /><ent r="3" t="95" w="173" /><ent r="3" t="95" w="271" /><ent r="3" t="96" w="20" /><ent r="4" t="96" w="135" /><ent r="3" t="96" w="265" /><ent r="3" t="96" w="307" /><ent r="3" t="110" w="117" /><ent r="4" t="175" w="236" /><ent r="7" t="199" w="417" /><ent r="3" t="199" w="753" /></phr><phr n="Map"><ent r="6" t="90" w="420" /><ent r="66" t="90" w="450" /><ent r="1000" t="95" w="2" /><ent r="100" t="95" w="6" /><ent r="100" t="95" w="9" /><ent r="102" t="95" w="12" /><ent r="3" t="95" w="15" /><ent r="5" t="95" w="92" /><ent r="5" t="95" w="104" /><ent r="5" t="95" w="217" /><ent r="100" t="95" w="229" /><ent r="5" t="95" w="233" /><ent r="4" t="95" w="239" /><ent r="64" t="95" w="278" /><ent r="1000" t="96" w="4" /><ent r="102" t="96" w="9" /><ent r="100" t="96" w="37" /><ent r="100" t="96" w="41" /><ent r="100" t="96" w="46" /><ent r="100" t="96" w="50" /><ent r="5" t="96" w="94" /><ent r="5" t="96" w="107" /><ent r="64" t="96" w="331" /></phr><phr n="Maps"><ent r="4" t="95" w="114" /></phr><phr n="mapped"><ent r="4" t="153" w="311" /><ent r="4" t="153" w="746" /><ent r="4" t="165" w="380" /></phr><phr n="maps"><ent r="3" t="174" w="49" /><ent r="4" t="175" w="204" /></phr><phr n="mapping"><ent r="3" t="179" w="748" /></phr></stem><stem n=":gcp"><phr n=":GCP"><ent r="100" t="74" w="5" /><ent r="100" t="149" w="14" /><ent r="100" t="161" w="10" /></phr></stem><stem n="highlight"><phr n="Highlight"><ent r="4" t="74" w="97" /><ent r="4" t="74" w="179" /><ent r="4" t="133" w="65" /><ent r="4" t="180" w="2347" /><ent r="4" t="182" w="529" /><ent r="3" t="182" w="961" /><ent r="4" t="219" w="64" /></phr><phr n="highlighting"><ent r="4" t="74" w="153" /></phr><phr n="highlight"><ent r="4" t="156" w="579" /><ent r="4" t="156" w="624" /><ent r="4" t="157" w="552" /><ent r="4" t="157" w="597" /><ent r="4" t="158" w="549" /><ent r="4" t="158" w="594" /><ent r="4" t="213" w="679" /><ent r="4" t="213" w="724" /><ent r="4" t="219" w="91" /></phr><phr n="highlighted"><ent r="3" t="181" w="506" /><ent r="4" t="182" w="1004" /></phr></stem><stem n="chosen"><phr n="chosen"><ent r="3" t="74" w="275" /><ent r="3" t="179" w="1752" /></phr></stem><stem n="deriv"><phr n="derived"><ent r="4" t="75" w="34" /><ent r="4" t="186" w="59" /><ent r="4" t="186" w="169" /><ent r="4" t="186" w="191" /><ent r="4" t="186" w="216" /></phr><phr n="deriving"><ent r="3" t="81" w="158" /><ent r="3" t="186" w="33" /></phr><phr n="Derive"><ent r="64" t="130" w="116" /><ent r="64" t="131" w="214" /><ent r="1000" t="132" w="1" /><ent r="102" t="132" w="12" /><ent r="3" t="132" w="16" /><ent r="4" t="132" w="95" /><ent r="64" t="134" w="98" /><ent r="5" t="173" w="187" /><ent r="4" t="182" w="969" /><ent r="4" t="186" w="53" /><ent r="92" t="186" w="499" /><ent r="82" t="186" w="661" /><ent r="5" t="186" w="677" /></phr><phr n="derive"><ent r="100" t="132" w="6" /><ent r="100" t="132" w="8" /><ent r="4" t="132" w="85" /><ent r="3" t="180" w="383" /><ent r="3" t="180" w="2640" /><ent r="4" t="186" w="177" /><ent r="3" t="186" w="1219" /><ent r="3" t="195" w="615" /></phr></stem><stem n="period"><phr n="period"><ent r="3" t="76" w="11" /><ent r="3" t="182" w="55" /></phr><phr n="periods"><ent r="4" t="153" w="271" /></phr></stem><stem n="you'r"><phr n="you're"><ent r="3" t="76" w="31" /><ent r="3" t="76" w="30" /><ent r="3" t="81" w="466" /><ent r="3" t="81" w="465" /><ent r="3" t="100" w="21" /><ent r="3" t="100" w="20" /><ent r="3" t="100" w="54" /><ent r="3" t="100" w="53" /><ent r="4" t="165" w="122" /><ent r="4" t="165" w="121" /><ent r="4" t="175" w="194" /><ent r="4" t="175" w="193" /></phr></stem><stem n="do"><phr n="doing"><ent r="3" t="76" w="32" /><ent r="4" t="153" w="273" /></phr><phr n="DOS"><ent r="3" t="103" w="17" /><ent r="7" t="199" w="370" /></phr><phr n="Doing"><ent r="4" t="179" w="2039" /></phr></stem><stem n="rather"><phr n="rather"><ent r="3" t="76" w="33" /><ent r="3" t="115" w="421" /><ent r="6" t="188" w="1287" /></phr></stem><stem n="have"><phr n="having"><ent r="3" t="76" w="35" /></phr></stem><stem n="placement"><phr n="placement"><ent r="3" t="76" w="50" /><ent r="3" t="80" w="34" /><ent r="4" t="156" w="265" /></phr></stem><stem n="power"><phr n="powerful"><ent r="3" t="76" w="67" /></phr><phr n="power"><ent r="3" t="197" w="53" /></phr></stem><stem n="complex"><phr n="complex"><ent r="3" t="76" w="73" /><ent r="5" t="153" w="184" /><ent r="5" t="165" w="200" /><ent r="4" t="184" w="59" /><ent r="6" t="199" w="226" /><ent r="6" t="199" w="239" /><ent r="7" t="199" w="353" /></phr><phr n="Complex"><ent r="5" t="153" w="172" /><ent r="5" t="165" w="190" /></phr></stem><stem n="everi"><phr n="every"><ent r="3" t="76" w="115" /><ent r="3" t="80" w="58" /><ent r="4" t="81" w="686" /><ent r="3" t="110" w="208" /><ent r="6" t="140" w="101" /><ent r="3" t="182" w="733" /><ent r="7" t="199" w="498" /><ent r="3" t="238" w="99" /></phr><phr n="Every"><ent r="5" t="153" w="691" /><ent r="5" t="153" w="1126" /><ent r="5" t="165" w="724" /></phr></stem><stem n="15"><phr n="15"><ent r="3" t="76" w="116" /><ent r="3" t="80" w="59" /><ent r="4" t="81" w="687" /><ent r="4" t="169" w="462" /><ent r="3" t="169" w="613" /><ent r="3" t="177" w="148" /><ent r="7" t="199" w="282" /></phr></stem><stem n="interv"><phr n="interval"><ent r="3" t="76" w="122" /><ent r="3" t="80" w="65" /><ent r="4" t="81" w="672" /></phr></stem><stem n="four"><phr n="four"><ent r="3" t="77" w="84" /><ent r="4" t="81" w="68" /><ent r="4" t="147" w="135" /><ent r="4" t="153" w="131" /><ent r="5" t="165" w="211" /><ent r="4" t="179" w="1568" /><ent r="3" t="181" w="501" /><ent r="4" t="184" w="976" /><ent r="3" t="187" w="1566" /><ent r="3" t="194" w="230" /></phr><phr n="Four"><ent r="5" t="194" w="149" /><ent r="4" t="194" w="152" /></phr></stem><stem n="etc"><phr n="etc"><ent r="3" t="77" w="168" /><ent r="3" t="186" w="948" /><ent r="7" t="199" w="333" /><ent r="6" t="230" w="442" /><ent r="3" t="233" w="26" /></phr></stem><stem n="-and-drop"><phr n="-and-drop"><ent r="3" t="77" w="216" /><ent r="3" t="77" w="217" /></phr></stem><stem n="drag-and"><phr n="drag-and"><ent r="3" t="77" w="216" /><ent r="3" t="77" w="234" /><ent r="3" t="126" w="36" /></phr></stem><stem n="drag-and-drop"><phr n="drag-and-drop"><ent r="3" t="77" w="216" /><ent r="3" t="77" w="234" /><ent r="3" t="126" w="36" /></phr></stem><stem n="and-drop"><phr n="and-drop"><ent r="3" t="77" w="217" /><ent r="3" t="77" w="235" /><ent r="3" t="126" w="37" /></phr></stem><stem n="-and-drop."><phr n="-and-drop."><ent r="3" t="77" w="237" /><ent r="3" t="77" w="238" /></phr></stem><stem n="addit"><phr n="additional"><ent r="3" t="77" w="279" /><ent r="3" t="110" w="49" /><ent r="3" t="143" w="27" /><ent r="3" t="156" w="514" /><ent r="3" t="157" w="487" /><ent r="3" t="158" w="484" /><ent r="3" t="180" w="395" /><ent r="4" t="186" w="209" /><ent r="4" t="198" w="282" /><ent r="3" t="213" w="614" /><ent r="3" t="218" w="265" /></phr><phr n="addition"><ent r="6" t="90" w="538" /><ent r="4" t="168" w="154" /><ent r="4" t="171" w="287" /><ent r="4" t="180" w="2135" /><ent r="3" t="188" w="113" /><ent r="4" t="208" w="483" /></phr><phr n="Additional"><ent r="4" t="198" w="335" /></phr></stem><stem n=":session"><phr n=":session"><ent r="100" t="78" w="13" /><ent r="100" t="80" w="13" /></phr></stem><stem n="previous"><phr n="previously"><ent r="3" t="78" w="21" /><ent r="3" t="110" w="112" /><ent r="4" t="181" w="1297" /><ent r="4" t="188" w="72" /><ent r="3" t="188" w="1344" /><ent r="3" t="188" w="1583" /></phr></stem><stem n="platform"><phr n="platform"><ent r="3" t="78" w="42" /></phr></stem><stem n="pen"><phr n="pen"><ent r="5" t="78" w="90" /></phr></stem><stem n=":save"><phr n=":save"><ent r="100" t="80" w="10" /><ent r="100" t="101" w="9" /><ent r="100" t="120" w="9" /><ent r="100" t="135" w="6" /></phr></stem><stem n="opticks.sess"><phr n="Opticks.session"><ent r="4" t="80" w="127" /><ent r="4" t="80" w="126" /></phr></stem><stem n="opticks.session."><phr n="Opticks.session."><ent r="4" t="80" w="127" /><ent r="4" t="80" w="126" /></phr></stem><stem n=".session."><phr n=".session."><ent r="4" t="80" w="128" /></phr></stem><stem n="&quot;.session.&quot;"><phr n="&quot;.session.&quot;"><ent r="4" t="80" w="217" /></phr></stem><stem n="layout"><phr n="Layout"><ent r="3" t="81" w="164" /><ent r="3" t="123" w="221" /><ent r="3" t="130" w="61" /><ent r="3" t="130" w="69" /><ent r="4" t="131" w="43" /><ent r="3" t="131" w="202" /><ent r="3" t="132" w="91" /><ent r="3" t="133" w="26" /><ent r="4" t="133" w="42" /><ent r="3" t="134" w="37" /><ent r="5" t="134" w="76" /><ent r="5" t="135" w="46" /><ent r="4" t="136" w="44" /><ent r="4" t="158" w="57" /><ent r="92" t="158" w="847" /><ent r="3" t="158" w="851" /><ent r="3" t="158" w="885" /><ent r="3" t="162" w="40" /><ent r="4" t="186" w="113" /><ent r="4" t="186" w="120" /><ent r="5" t="186" w="272" /><ent r="5" t="186" w="672" /><ent r="5" t="186" w="723" /><ent r="5" t="186" w="881" /></phr><phr n="layout"><ent r="3" t="135" w="27" /><ent r="3" t="158" w="64" /></phr></stem><stem n="extern"><phr n="external"><ent r="3" t="81" w="189" /><ent r="3" t="81" w="268" /><ent r="3" t="127" w="20" /><ent r="3" t="127" w="64" /></phr><phr n="External"><ent r="64" t="126" w="427" /><ent r="1000" t="127" w="3" /><ent r="102" t="127" w="8" /></phr><phr n="externally"><ent r="3" t="177" w="22" /></phr></stem><stem n="invok"><phr n="invoked"><ent r="3" t="81" w="194" /></phr><phr n="invoking"><ent r="3" t="81" w="219" /></phr></stem><stem n="&lt;string&gt;"><phr n="&lt;string&gt;"><ent r="64" t="81" w="200" /></phr></stem><stem n="argument"><phr n="Arguments"><ent r="3" t="81" w="206" /><ent r="3" t="81" w="253" /></phr><phr n="arguments"><ent r="3" t="81" w="210" /></phr></stem><stem n="would"><phr n="would"><ent r="3" t="81" w="212" /><ent r="3" t="123" w="609" /><ent r="3" t="179" w="1355" /><ent r="3" t="179" w="1366" /><ent r="3" t="179" w="1378" /><ent r="3" t="183" w="296" /><ent r="3" t="187" w="1008" /><ent r="3" t="238" w="537" /></phr></stem><stem n="sole"><phr n="solely"><ent r="3" t="81" w="263" /><ent r="3" t="194" w="284" /></phr></stem><stem n="mru"><phr n="MRU"><ent r="3" t="81" w="355" /><ent r="4" t="81" w="380" /></phr></stem><stem n="(mru)"><phr n="(MRU)"><ent r="3" t="81" w="356" /><ent r="4" t="81" w="381" /></phr></stem><stem n="16"><phr n="16"><ent r="3" t="81" w="396" /><ent r="3" t="181" w="1422" /><ent r="3" t="181" w="1427" /><ent r="7" t="199" w="197" /><ent r="6" t="199" w="256" /></phr></stem><stem n="asid"><phr n="aside"><ent r="3" t="81" w="400" /><ent r="4" t="182" w="1102" /></phr></stem><stem n="memori"><phr n="memory"><ent r="3" t="81" w="404" /><ent r="3" t="167" w="43" /><ent r="3" t="167" w="1008" /><ent r="3" t="170" w="36" /><ent r="3" t="171" w="73" /><ent r="4" t="175" w="262" /><ent r="4" t="175" w="268" /><ent r="5" t="175" w="276" /><ent r="3" t="198" w="206" /><ent r="4" t="208" w="375" /><ent r="4" t="208" w="404" /><ent r="4" t="208" w="457" /><ent r="4" t="208" w="587" /></phr><phr n="Memory"><ent r="3" t="208" w="347" /><ent r="5" t="208" w="363" /><ent r="4" t="208" w="461" /><ent r="4" t="208" w="529" /><ent r="3" t="208" w="682" /></phr></stem><stem n="/redo"><phr n="/Redo"><ent r="4" t="81" w="412" /></phr></stem><stem n="undo/redo"><phr n="Undo/Redo"><ent r="4" t="81" w="412" /><ent r="4" t="81" w="411" /></phr></stem><stem n="buffer"><phr n="Buffer"><ent r="4" t="81" w="426" /><ent r="4" t="160" w="118" /></phr><phr n="buffer"><ent r="3" t="160" w="139" /></phr></stem><stem n="parallel"><phr n="parallel"><ent r="3" t="81" w="436" /><ent r="3" t="81" w="450" /><ent r="3" t="81" w="498" /></phr></stem><stem n="-thread"><phr n="-threading"><ent r="4" t="81" w="439" /><ent r="4" t="81" w="439" /></phr></stem><stem n="multi"><phr n="Multi"><ent r="4" t="81" w="439" /><ent r="5" t="170" w="92" /><ent r="3" t="170" w="121" /><ent r="3" t="183" w="214" /><ent r="3" t="184" w="203" /><ent r="3" t="184" w="1207" /><ent r="6" t="243" w="373" /><ent r="6" t="243" w="392" /><ent r="6" t="243" w="410" /><ent r="6" t="243" w="429" /><ent r="6" t="243" w="447" /><ent r="6" t="243" w="466" /><ent r="6" t="243" w="484" /><ent r="6" t="243" w="503" /><ent r="5" t="243" w="522" /><ent r="5" t="243" w="540" /><ent r="5" t="243" w="558" /><ent r="5" t="243" w="577" /><ent r="6" t="243" w="595" /><ent r="6" t="243" w="613" /><ent r="6" t="243" w="631" /><ent r="6" t="243" w="649" /><ent r="6" t="243" w="664" /></phr><phr n="multi"><ent r="3" t="170" w="165" /><ent r="3" t="183" w="192" /><ent r="3" t="183" w="204" /><ent r="3" t="184" w="182" /><ent r="3" t="184" w="193" /><ent r="3" t="184" w="1293" /></phr></stem><stem n="multi-thread"><phr n="Multi-threading"><ent r="4" t="81" w="439" /></phr></stem><stem n="thread"><phr n="threading"><ent r="4" t="81" w="440" /></phr><phr n="Threads"><ent r="4" t="81" w="476" /></phr></stem><stem n="cpu"><phr n="CPUs"><ent r="3" t="81" w="460" /><ent r="3" t="81" w="484" /><ent r="3" t="81" w="504" /></phr></stem><stem n="attach"><phr n="attached"><ent r="3" t="81" w="461" /></phr><phr n="attach"><ent r="3" t="187" w="983" /></phr></stem><stem n="worker"><phr n="Worker"><ent r="4" t="81" w="475" /></phr></stem><stem n="&quot;1,&quot;"><phr n="&quot;1,&quot;"><ent r="3" t="81" w="492" /></phr></stem><stem n="regardless"><phr n="regardless"><ent r="3" t="81" w="499" /><ent r="3" t="115" w="297" /><ent r="4" t="167" w="596" /><ent r="3" t="187" w="290" /></phr></stem><stem n="/automat"><phr n="/Automatically"><ent r="4" t="81" w="511" /></phr></stem><stem n="dialog/automat"><phr n="Dialog/Automatically"><ent r="4" t="81" w="511" /><ent r="4" t="81" w="510" /></phr></stem><stem n="success"><phr n="successful"><ent r="3" t="81" w="521" /><ent r="3" t="113" w="31" /></phr><phr n="success"><ent r="3" t="102" w="115" /><ent r="3" t="200" w="137" /></phr></stem><stem n="altern"><phr n="Alternate"><ent r="4" t="81" w="551" /><ent r="4" t="81" w="586" /></phr><phr n="alternative"><ent r="3" t="197" w="40" /></phr></stem><stem n="awai"><phr n="away"><ent r="3" t="81" w="574" /><ent r="3" t="81" w="607" /><ent r="4" t="176" w="279" /></phr></stem><stem n="commerci"><phr n="commercial"><ent r="3" t="81" w="619" /></phr></stem><stem n="whether"><phr n="whether"><ent r="4" t="81" w="646" /><ent r="4" t="147" w="170" /><ent r="4" t="170" w="207" /><ent r="4" t="180" w="1163" /><ent r="7" t="199" w="301" /><ent r="3" t="215" w="98" /></phr></stem><stem n="-save"><phr n="-Save"><ent r="5" t="81" w="656" /><ent r="5" t="81" w="656" /><ent r="4" t="81" w="677" /><ent r="4" t="81" w="677" /></phr></stem><stem n="auto-sav"><phr n="Auto-Save"><ent r="5" t="81" w="656" /><ent r="4" t="81" w="677" /></phr></stem><stem n="build"><phr n="building"><ent r="3" t="82" w="23" /><ent r="4" t="182" w="456" /><ent r="4" t="182" w="460" /><ent r="4" t="182" w="910" /></phr><phr n="build"><ent r="3" t="113" w="29" /></phr><phr n="Build"><ent r="4" t="170" w="143" /><ent r="4" t="197" w="92" /></phr><phr n="Building"><ent r="3" t="181" w="788" /></phr></stem><stem n="page"><phr n="Page"><ent r="3" t="83" w="73" /><ent r="3" t="83" w="76" /></phr><phr n="page"><ent r="4" t="175" w="127" /></phr><phr n="pages"><ent r="4" t="208" w="444" /><ent r="4" t="208" w="577" /></phr><phr n="paged"><ent r="4" t="208" w="469" /></phr></stem><stem n="scroll"><phr n="scroll"><ent r="3" t="83" w="84" /><ent r="3" t="115" w="395" /><ent r="3" t="179" w="888" /><ent r="3" t="182" w="1614" /></phr><phr n="Scroll"><ent r="4" t="160" w="117" /><ent r="4" t="186" w="756" /></phr><phr n="scrolling"><ent r="3" t="160" w="128" /></phr></stem><stem n="identifi"><phr n="identified"><ent r="3" t="83" w="148" /><ent r="6" t="106" w="39" /><ent r="6" t="106" w="66" /><ent r="6" t="108" w="35" /><ent r="6" t="108" w="62" /><ent r="6" t="109" w="36" /><ent r="6" t="109" w="63" /><ent r="6" t="143" w="46" /><ent r="6" t="143" w="73" /><ent r="6" t="147" w="33" /><ent r="6" t="147" w="60" /><ent r="6" t="148" w="33" /><ent r="6" t="148" w="60" /><ent r="6" t="149" w="33" /><ent r="6" t="149" w="60" /><ent r="6" t="150" w="40" /><ent r="6" t="150" w="67" /><ent r="6" t="151" w="36" /><ent r="6" t="151" w="63" /><ent r="6" t="152" w="32" /><ent r="6" t="152" w="59" /><ent r="6" t="153" w="29" /><ent r="6" t="153" w="56" /><ent r="6" t="154" w="29" /><ent r="6" t="154" w="56" /><ent r="6" t="155" w="39" /><ent r="6" t="155" w="66" /><ent r="3" t="157" w="256" /><ent r="3" t="174" w="64" /><ent r="3" t="177" w="151" /><ent r="3" t="210" w="20" /><ent r="6" t="229" w="33" /><ent r="6" t="229" w="60" /><ent r="3" t="233" w="13" /></phr><phr n="identifies"><ent r="4" t="99" w="62" /><ent r="3" t="125" w="910" /><ent r="3" t="160" w="120" /><ent r="3" t="167" w="977" /><ent r="3" t="177" w="31" /><ent r="4" t="177" w="66" /><ent r="4" t="177" w="113" /><ent r="4" t="180" w="2449" /><ent r="7" t="199" w="184" /><ent r="6" t="230" w="114" /></phr><phr n="identify"><ent r="3" t="125" w="297" /><ent r="6" t="230" w="630" /></phr></stem><stem n="offset"><phr n="offset"><ent r="4" t="83" w="164" /><ent r="7" t="199" w="124" /><ent r="3" t="199" w="729" /></phr></stem><stem n="mission"><phr n="mission"><ent r="4" t="83" w="173" /><ent r="3" t="84" w="44" /><ent r="3" t="84" w="54" /><ent r="3" t="164" w="59" /><ent r="3" t="178" w="158" /></phr><phr n="Mission"><ent r="82" t="178" w="105" /></phr></stem><stem n="confid"><phr n="confidence"><ent r="4" t="83" w="177" /></phr></stem><stem n="phi"><phr n="phi"><ent r="4" t="83" w="179" /></phr></stem><stem n="integ"><phr n="integers"><ent r="4" t="83" w="184" /><ent r="4" t="167" w="595" /><ent r="3" t="169" w="143" /></phr><phr n="Integer"><ent r="3" t="169" w="144" /></phr><phr n="integer"><ent r="7" t="199" w="200" /><ent r="7" t="199" w="207" /><ent r="6" t="199" w="259" /><ent r="6" t="199" w="266" /><ent r="6" t="199" w="272" /><ent r="7" t="199" w="287" /><ent r="7" t="199" w="345" /><ent r="7" t="199" w="347" /></phr></stem><stem n="whole"><phr n="whole"><ent r="4" t="83" w="316" /><ent r="3" t="157" w="1002" /><ent r="3" t="184" w="786" /></phr></stem><stem n=":delet"><phr n=":delete"><ent r="100" t="84" w="7" /><ent r="100" t="139" w="8" /></phr></stem><stem n="rectangular"><phr n="rectangular"><ent r="3" t="84" w="27" /><ent r="4" t="84" w="83" /><ent r="4" t="91" w="83" /><ent r="4" t="180" w="2816" /><ent r="4" t="182" w="459" /><ent r="4" t="182" w="909" /><ent r="4" t="182" w="1181" /></phr></stem><stem n="monitor"><phr n="monitor"><ent r="3" t="85" w="72" /></phr></stem><stem n="grai"><phr n="gray"><ent r="4" t="85" w="81" /><ent r="4" t="85" w="165" /><ent r="4" t="85" w="267" /><ent r="3" t="87" w="94" /><ent r="3" t="94" w="78" /><ent r="3" t="101" w="66" /><ent r="3" t="179" w="1270" /><ent r="3" t="179" w="1380" /><ent r="7" t="199" w="489" /></phr><phr n="grayed"><ent r="3" t="104" w="113" /></phr><phr n="Gray"><ent r="4" t="179" w="1937" /><ent r="5" t="226" w="275" /></phr></stem><stem n="recov"><phr n="recover"><ent r="3" t="85" w="243" /></phr></stem><stem n="gridlin"><phr n="Gridlines"><ent r="1000" t="86" w="2" /><ent r="102" t="86" w="10" /><ent r="5" t="86" w="79" /><ent r="4" t="86" w="101" /><ent r="4" t="86" w="106" /><ent r="7" t="90" w="191" /><ent r="68" t="90" w="204" /><ent r="65" t="159" w="130" /><ent r="92" t="163" w="218" /><ent r="3" t="163" w="222" /></phr><phr n="gridlines"><ent r="100" t="86" w="7" /><ent r="4" t="86" w="111" /><ent r="3" t="86" w="138" /><ent r="3" t="86" w="144" /><ent r="3" t="86" w="169" /><ent r="7" t="90" w="198" /><ent r="7" t="90" w="695" /><ent r="3" t="159" w="35" /><ent r="4" t="159" w="125" /><ent r="3" t="163" w="239" /><ent r="3" t="163" w="254" /><ent r="3" t="163" w="318" /><ent r="4" t="180" w="1225" /></phr><phr n="gridline"><ent r="3" t="86" w="21" /><ent r="3" t="86" w="33" /><ent r="3" t="86" w="151" /><ent r="3" t="150" w="186" /></phr><phr n="Gridline"><ent r="4" t="150" w="178" /></phr></stem><stem n="(it"><phr n="(it"><ent r="4" t="86" w="63" /><ent r="3" t="90" w="87" /><ent r="4" t="91" w="197" /><ent r="4" t="91" w="304" /><ent r="4" t="92" w="69" /><ent r="3" t="93" w="113" /><ent r="4" t="94" w="53" /><ent r="4" t="97" w="52" /></phr><phr n="(It"><ent r="4" t="189" w="44" /></phr></stem><stem n="major"><phr n="Major"><ent r="4" t="86" w="124" /><ent r="4" t="86" w="126" /></phr><phr n="major"><ent r="3" t="86" w="137" /></phr></stem><stem n="minor"><phr n="Minor"><ent r="4" t="86" w="128" /><ent r="4" t="86" w="131" /></phr><phr n="minor"><ent r="3" t="86" w="143" /></phr></stem><stem n="style"><phr n="style"><ent r="3" t="86" w="164" /><ent r="7" t="90" w="690" /><ent r="4" t="147" w="158" /><ent r="4" t="147" w="163" /><ent r="4" t="147" w="167" /><ent r="3" t="150" w="187" /><ent r="4" t="151" w="178" /><ent r="3" t="159" w="30" /><ent r="4" t="159" w="119" /><ent r="3" t="183" w="1035" /><ent r="3" t="183" w="1059" /><ent r="6" t="230" w="229" /><ent r="6" t="230" w="266" /><ent r="6" t="230" w="285" /><ent r="6" t="230" w="291" /><ent r="6" t="230" w="435" /></phr><phr n="Style"><ent r="4" t="163" w="231" /><ent r="6" t="230" w="217" /><ent r="6" t="230" w="277" /><ent r="6" t="230" w="425" /></phr></stem><stem n="intens"><phr n="intensity"><ent r="3" t="87" w="25" /><ent r="3" t="87" w="40" /><ent r="3" t="179" w="154" /><ent r="3" t="179" w="158" /><ent r="3" t="179" w="172" /></phr><phr n="intensities"><ent r="4" t="179" w="1111" /></phr></stem><stem n="-axi"><phr n="-axis"><ent r="3" t="87" w="36" /><ent r="3" t="87" w="36" /><ent r="3" t="179" w="163" /><ent r="3" t="179" w="163" /><ent r="4" t="179" w="1113" /><ent r="4" t="179" w="1113" /><ent r="4" t="179" w="1126" /><ent r="4" t="179" w="1126" /><ent r="4" t="179" w="1140" /><ent r="4" t="179" w="1140" /></phr></stem><stem n="y-axi"><phr n="y-axis"><ent r="3" t="87" w="36" /><ent r="3" t="179" w="177" /><ent r="4" t="179" w="1126" /></phr></stem><stem n="axi"><phr n="axis"><ent r="3" t="87" w="37" /><ent r="3" t="87" w="46" /><ent r="5" t="90" w="182" /><ent r="3" t="179" w="164" /><ent r="3" t="179" w="178" /><ent r="4" t="179" w="1013" /><ent r="4" t="179" w="1114" /><ent r="4" t="179" w="1127" /><ent r="4" t="179" w="1141" /><ent r="5" t="198" w="315" /><ent r="4" t="198" w="334" /><ent r="7" t="199" w="554" /></phr><phr n="Axis"><ent r="5" t="90" w="157" /></phr></stem><stem n="x-axi"><phr n="x-axis"><ent r="3" t="87" w="45" /><ent r="3" t="179" w="163" /><ent r="4" t="179" w="1113" /><ent r="4" t="179" w="1140" /></phr></stem><stem n="-axis."><phr n="-axis."><ent r="3" t="87" w="47" /><ent r="3" t="87" w="47" /><ent r="3" t="179" w="179" /><ent r="3" t="179" w="179" /><ent r="4" t="179" w="1014" /><ent r="4" t="179" w="1014" /></phr></stem><stem n="shade"><phr n="shaded"><ent r="3" t="87" w="132" /><ent r="3" t="87" w="151" /><ent r="3" t="87" w="172" /><ent r="3" t="89" w="25" /><ent r="3" t="89" w="44" /><ent r="3" t="89" w="76" /><ent r="5" t="89" w="197" /><ent r="5" t="153" w="610" /><ent r="5" t="153" w="1045" /><ent r="5" t="165" w="643" /></phr><phr n="shading"><ent r="6" t="90" w="427" /><ent r="3" t="95" w="21" /></phr></stem></index>