﻿<?xml version="1.0" encoding="utf-8"?><index><stem n="see"><phr n="see"><ent r="3" t="0" w="99" /><ent r="3" t="1" w="102" /><ent r="3" t="1" w="438" /><ent r="3" t="2" w="135" /><ent r="7" t="5" w="194" /><ent r="7" t="5" w="243" /><ent r="3" t="11" w="73" /><ent r="6" t="11" w="350" /><ent r="6" t="14" w="211" /><ent r="4" t="18" w="156" /><ent r="4" t="20" w="180" /><ent r="4" t="20" w="253" /><ent r="3" t="24" w="83" /><ent r="4" t="25" w="72" /><ent r="4" t="25" w="110" /><ent r="4" t="25" w="158" /><ent r="4" t="25" w="184" /><ent r="4" t="27" w="92" /><ent r="4" t="28" w="42" /><ent r="4" t="28" w="89" /><ent r="4" t="28" w="131" /><ent r="4" t="28" w="190" /><ent r="4" t="28" w="243" /><ent r="4" t="28" w="295" /><ent r="4" t="31" w="101" /><ent r="3" t="32" w="80" /><ent r="3" t="43" w="216" /><ent r="3" t="46" w="142" /><ent r="3" t="47" w="215" /><ent r="3" t="47" w="342" /><ent r="3" t="58" w="136" /><ent r="3" t="62" w="142" /><ent r="4" t="65" w="67" /><ent r="4" t="65" w="244" /><ent r="4" t="65" w="286" /><ent r="4" t="67" w="251" /><ent r="3" t="82" w="67" /><ent r="3" t="86" w="170" /><ent r="5" t="90" w="388" /><ent r="3" t="92" w="22" /><ent r="3" t="106" w="201" /><ent r="4" t="108" w="453" /><ent r="3" t="110" w="451" /><ent r="3" t="115" w="255" /><ent r="3" t="115" w="309" /><ent r="3" t="115" w="457" /><ent r="3" t="115" w="488" /><ent r="3" t="115" w="551" /><ent r="3" t="117" w="51" /><ent r="4" t="117" w="128" /><ent r="4" t="117" w="184" /><ent r="3" t="125" w="281" /><ent r="3" t="125" w="544" /><ent r="3" t="125" w="889" /><ent r="3" t="126" w="129" /><ent r="3" t="127" w="66" /><ent r="3" t="136" w="87" /><ent r="3" t="142" w="321" /><ent r="3" t="148" w="159" /><ent r="3" t="149" w="195" /><ent r="3" t="153" w="1186" /><ent r="3" t="154" w="198" /><ent r="3" t="155" w="172" /><ent r="3" t="157" w="923" /><ent r="3" t="158" w="265" /><ent r="3" t="158" w="875" /><ent r="3" t="159" w="156" /><ent r="3" t="160" w="220" /><ent r="3" t="161" w="228" /><ent r="3" t="162" w="155" /><ent r="3" t="164" w="169" /><ent r="3" t="165" w="360" /><ent r="3" t="177" w="137" /><ent r="3" t="179" w="721" /><ent r="3" t="179" w="837" /><ent r="3" t="179" w="1650" /><ent r="4" t="180" w="1853" /><ent r="3" t="180" w="2208" /><ent r="3" t="183" w="752" /><ent r="3" t="183" w="1020" /><ent r="3" t="184" w="378" /><ent r="3" t="184" w="784" /><ent r="3" t="185" w="373" /><ent r="3" t="187" w="804" /><ent r="4" t="188" w="203" /><ent r="4" t="188" w="614" /><ent r="3" t="190" w="34" /><ent r="5" t="190" w="281" /><ent r="3" t="198" w="122" /><ent r="3" t="208" w="209" /><ent r="3" t="211" w="44" /><ent r="3" t="220" w="170" /><ent r="3" t="222" w="175" /><ent r="3" t="226" w="45" /><ent r="3" t="227" w="167" /><ent r="6" t="230" w="188" /><ent r="6" t="230" w="357" /><ent r="6" t="230" w="568" /><ent r="4" t="231" w="147" /><ent r="7" t="241" w="104" /></phr><phr n="See"><ent r="3" t="1" w="546" /><ent r="3" t="1" w="573" /><ent r="3" t="2" w="41" /><ent r="5" t="3" w="71" /><ent r="5" t="3" w="99" /><ent r="3" t="4" w="104" /><ent r="7" t="5" w="25" /><ent r="7" t="6" w="19" /><ent r="6" t="7" w="20" /><ent r="3" t="8" w="34" /><ent r="7" t="8" w="54" /><ent r="7" t="9" w="19" /><ent r="7" t="10" w="77" /><ent r="7" t="10" w="122" /><ent r="4" t="11" w="33" /><ent r="3" t="11" w="58" /><ent r="7" t="11" w="96" /><ent r="7" t="13" w="168" /><ent r="7" t="13" w="197" /><ent r="6" t="14" w="278" /><ent r="5" t="14" w="312" /><ent r="3" t="18" w="174" /><ent r="5" t="20" w="81" /><ent r="4" t="20" w="226" /><ent r="4" t="20" w="475" /><ent r="4" t="20" w="505" /><ent r="4" t="20" w="542" /><ent r="4" t="21" w="506" /><ent r="4" t="29" w="102" /><ent r="3" t="31" w="53" /><ent r="6" t="38" w="64" /><ent r="3" t="40" w="252" /><ent r="3" t="52" w="108" /><ent r="4" t="53" w="76" /><ent r="4" t="53" w="185" /><ent r="3" t="58" w="290" /><ent r="3" t="63" w="61" /><ent r="3" t="63" w="81" /><ent r="5" t="64" w="49" /><ent r="3" t="64" w="245" /><ent r="4" t="65" w="26" /><ent r="3" t="67" w="34" /><ent r="3" t="67" w="55" /><ent r="3" t="69" w="159" /><ent r="3" t="74" w="308" /><ent r="4" t="79" w="91" /><ent r="3" t="87" w="193" /><ent r="6" t="90" w="129" /><ent r="3" t="94" w="146" /><ent r="3" t="95" w="273" /><ent r="3" t="96" w="175" /><ent r="3" t="96" w="220" /><ent r="3" t="109" w="319" /><ent r="7" t="116" w="217" /><ent r="7" t="116" w="262" /><ent r="7" t="116" w="296" /><ent r="4" t="117" w="69" /><ent r="3" t="119" w="135" /><ent r="3" t="122" w="174" /><ent r="4" t="126" w="235" /><ent r="3" t="128" w="198" /><ent r="3" t="128" w="235" /><ent r="3" t="137" w="118" /><ent r="3" t="137" w="144" /><ent r="3" t="137" w="178" /><ent r="3" t="157" w="785" /><ent r="4" t="159" w="126" /><ent r="3" t="167" w="431" /><ent r="4" t="167" w="481" /><ent r="3" t="180" w="1026" /><ent r="4" t="180" w="1170" /><ent r="7" t="190" w="182" /><ent r="4" t="195" w="445" /><ent r="3" t="231" w="246" /><ent r="7" t="241" w="164" /><ent r="7" t="241" w="202" /></phr></stem><stem n="work"><phr n="Working"><ent r="64" t="0" w="101" /><ent r="1000" t="1" w="1" /><ent r="102" t="1" w="12" /><ent r="64" t="11" w="75" /><ent r="64" t="11" w="82" /><ent r="68" t="11" w="194" /><ent r="68" t="11" w="211" /><ent r="68" t="11" w="226" /><ent r="68" t="11" w="237" /><ent r="68" t="11" w="248" /><ent r="68" t="11" w="258" /><ent r="68" t="11" w="273" /><ent r="68" t="11" w="288" /><ent r="68" t="11" w="302" /><ent r="68" t="11" w="316" /><ent r="64" t="23" w="143" /><ent r="1000" t="53" w="1" /><ent r="102" t="53" w="8" /><ent r="64" t="54" w="93" /><ent r="64" t="55" w="135" /><ent r="64" t="58" w="301" /><ent r="64" t="63" w="93" /><ent r="64" t="63" w="98" /><ent r="64" t="63" w="104" /><ent r="1000" t="65" w="1" /><ent r="102" t="65" w="6" /><ent r="64" t="65" w="296" /><ent r="64" t="66" w="135" /><ent r="1000" t="67" w="1" /><ent r="102" t="67" w="11" /><ent r="64" t="67" w="297" /><ent r="92" t="87" w="216" /><ent r="64" t="87" w="229" /><ent r="1000" t="90" w="1" /><ent r="102" t="90" w="11" /><ent r="64" t="95" w="285" /><ent r="64" t="157" w="787" /><ent r="64" t="157" w="1008" /><ent r="64" t="190" w="36" /><ent r="68" t="190" w="184" /><ent r="92" t="198" w="68" /><ent r="64" t="211" w="46" /><ent r="1000" t="231" w="1" /><ent r="102" t="231" w="5" /><ent r="92" t="231" w="231" /></phr><phr n="work"><ent r="3" t="53" w="22" /><ent r="3" t="58" w="120" /><ent r="3" t="76" w="13" /><ent r="3" t="76" w="29" /><ent r="3" t="76" w="45" /><ent r="3" t="76" w="75" /><ent r="3" t="77" w="247" /><ent r="3" t="80" w="29" /><ent r="3" t="83" w="61" /><ent r="3" t="104" w="93" /><ent r="3" t="131" w="194" /><ent r="3" t="169" w="106" /><ent r="4" t="179" w="609" /><ent r="4" t="182" w="895" /></phr><phr n="working"><ent r="3" t="62" w="139" /><ent r="3" t="63" w="51" /><ent r="5" t="64" w="38" /><ent r="4" t="65" w="15" /><ent r="4" t="65" w="241" /><ent r="4" t="65" w="283" /><ent r="3" t="67" w="22" /><ent r="4" t="67" w="248" /><ent r="3" t="107" w="52" /><ent r="3" t="115" w="305" /><ent r="3" t="115" w="453" /><ent r="3" t="115" w="547" /><ent r="3" t="158" w="870" /><ent r="3" t="159" w="153" /><ent r="3" t="161" w="225" /><ent r="3" t="164" w="166" /><ent r="4" t="175" w="253" /></phr><phr n="works"><ent r="3" t="71" w="31" /><ent r="6" t="90" w="443" /><ent r="3" t="95" w="37" /><ent r="3" t="187" w="137" /></phr><phr n="Works"><ent r="7" t="116" w="87" /><ent r="7" t="116" w="123" /><ent r="7" t="116" w="161" /></phr></stem><stem n="main"><phr n="Main"><ent r="64" t="0" w="104" /><ent r="1000" t="1" w="4" /><ent r="100" t="1" w="8" /><ent r="102" t="1" w="16" /><ent r="3" t="1" w="29" /><ent r="3" t="1" w="175" /><ent r="4" t="2" w="64" /><ent r="4" t="4" w="185" /><ent r="4" t="18" w="32" /><ent r="4" t="32" w="99" /><ent r="3" t="35" w="26" /><ent r="4" t="36" w="35" /><ent r="3" t="39" w="30" /><ent r="3" t="40" w="42" /><ent r="4" t="44" w="349" /><ent r="4" t="47" w="37" /><ent r="4" t="48" w="80" /><ent r="4" t="49" w="126" /><ent r="4" t="52" w="44" /><ent r="3" t="74" w="53" /><ent r="4" t="77" w="42" /><ent r="4" t="78" w="75" /><ent r="4" t="79" w="46" /><ent r="4" t="80" w="87" /><ent r="4" t="80" w="163" /><ent r="4" t="81" w="33" /><ent r="3" t="81" w="346" /><ent r="3" t="87" w="57" /><ent r="3" t="102" w="157" /><ent r="3" t="103" w="91" /><ent r="3" t="104" w="150" /><ent r="4" t="106" w="127" /><ent r="3" t="107" w="46" /><ent r="4" t="107" w="69" /><ent r="4" t="108" w="82" /><ent r="4" t="108" w="212" /><ent r="4" t="108" w="228" /><ent r="4" t="109" w="83" /><ent r="3" t="110" w="246" /><ent r="3" t="110" w="522" /><ent r="3" t="115" w="89" /><ent r="4" t="117" w="22" /><ent r="4" t="118" w="36" /><ent r="4" t="119" w="46" /><ent r="4" t="119" w="72" /><ent r="92" t="119" w="112" /><ent r="3" t="119" w="122" /><ent r="4" t="122" w="33" /><ent r="4" t="122" w="91" /><ent r="3" t="123" w="34" /><ent r="3" t="123" w="131" /><ent r="3" t="123" w="351" /><ent r="3" t="123" w="616" /><ent r="4" t="125" w="745" /><ent r="4" t="129" w="48" /><ent r="4" t="143" w="114" /><ent r="4" t="144" w="39" /><ent r="4" t="145" w="39" /><ent r="4" t="147" w="78" /><ent r="4" t="148" w="78" /><ent r="4" t="149" w="92" /><ent r="4" t="150" w="87" /><ent r="4" t="151" w="81" /><ent r="4" t="152" w="78" /><ent r="4" t="153" w="74" /><ent r="4" t="154" w="75" /><ent r="4" t="155" w="85" /><ent r="4" t="156" w="65" /><ent r="3" t="156" w="230" /><ent r="3" t="158" w="235" /><ent r="3" t="167" w="1034" /><ent r="4" t="180" w="709" /><ent r="4" t="182" w="899" /><ent r="5" t="188" w="184" /><ent r="4" t="188" w="1393" /><ent r="4" t="213" w="112" /><ent r="4" t="227" w="80" /><ent r="4" t="228" w="68" /><ent r="4" t="229" w="79" /></phr><phr n="main"><ent r="3" t="1" w="379" /><ent r="3" t="1" w="393" /><ent r="3" t="1" w="457" /><ent r="3" t="58" w="35" /><ent r="3" t="121" w="49" /><ent r="3" t="123" w="142" /><ent r="3" t="156" w="120" /><ent r="4" t="179" w="396" /><ent r="4" t="180" w="547" /><ent r="4" t="180" w="1867" /><ent r="4" t="181" w="258" /><ent r="4" t="182" w="221" /><ent r="3" t="183" w="359" /><ent r="4" t="183" w="496" /><ent r="3" t="184" w="346" /><ent r="4" t="184" w="498" /><ent r="4" t="184" w="1186" /><ent r="4" t="186" w="277" /><ent r="4" t="186" w="372" /><ent r="3" t="187" w="1541" /><ent r="4" t="187" w="1858" /><ent r="4" t="188" w="283" /><ent r="3" t="238" w="129" /></phr></stem><stem n="window"><phr n="Window"><ent r="64" t="0" w="106" /><ent r="1000" t="1" w="6" /><ent r="100" t="1" w="10" /><ent r="102" t="1" w="18" /><ent r="3" t="1" w="177" /><ent r="7" t="6" w="26" /><ent r="67" t="6" w="34" /><ent r="7" t="6" w="39" /><ent r="68" t="6" w="46" /><ent r="7" t="6" w="52" /><ent r="68" t="6" w="60" /><ent r="7" t="6" w="67" /><ent r="68" t="6" w="72" /><ent r="7" t="6" w="77" /><ent r="68" t="6" w="84" /><ent r="7" t="6" w="89" /><ent r="68" t="6" w="106" /><ent r="7" t="6" w="112" /><ent r="68" t="6" w="116" /><ent r="3" t="11" w="57" /><ent r="64" t="11" w="61" /><ent r="4" t="44" w="251" /><ent r="4" t="44" w="351" /><ent r="1000" t="47" w="2" /><ent r="100" t="47" w="5" /><ent r="102" t="47" w="8" /><ent r="3" t="47" w="12" /><ent r="4" t="47" w="32" /><ent r="5" t="47" w="51" /><ent r="3" t="47" w="65" /><ent r="3" t="47" w="166" /><ent r="3" t="47" w="181" /><ent r="3" t="47" w="201" /><ent r="4" t="47" w="231" /><ent r="4" t="47" w="261" /><ent r="4" t="47" w="296" /><ent r="1000" t="49" w="3" /><ent r="100" t="49" w="11" /><ent r="102" t="49" w="15" /><ent r="3" t="49" w="20" /><ent r="3" t="49" w="61" /><ent r="3" t="49" w="111" /><ent r="5" t="49" w="141" /><ent r="3" t="49" w="156" /><ent r="1000" t="51" w="4" /><ent r="102" t="51" w="13" /><ent r="1000" t="52" w="3" /><ent r="102" t="52" w="13" /><ent r="65" t="58" w="154" /><ent r="4" t="77" w="44" /><ent r="1000" t="85" w="6" /><ent r="102" t="85" w="13" /><ent r="65" t="85" w="28" /><ent r="65" t="85" w="32" /><ent r="65" t="85" w="35" /><ent r="65" t="85" w="40" /><ent r="65" t="85" w="44" /><ent r="92" t="85" w="52" /><ent r="4" t="85" w="90" /><ent r="4" t="85" w="106" /><ent r="4" t="85" w="119" /><ent r="92" t="85" w="138" /><ent r="4" t="85" w="174" /><ent r="4" t="85" w="190" /><ent r="4" t="85" w="203" /><ent r="92" t="85" w="230" /><ent r="4" t="85" w="276" /><ent r="4" t="86" w="53" /><ent r="3" t="86" w="90" /><ent r="64" t="86" w="173" /><ent r="1000" t="87" w="2" /><ent r="102" t="87" w="8" /><ent r="3" t="87" w="12" /><ent r="3" t="87" w="52" /><ent r="4" t="87" w="71" /><ent r="3" t="87" w="85" /><ent r="3" t="87" w="108" /><ent r="92" t="87" w="220" /><ent r="64" t="87" w="227" /><ent r="64" t="87" w="233" /><ent r="64" t="87" w="239" /><ent r="64" t="87" w="244" /><ent r="64" t="89" w="21" /><ent r="4" t="89" w="97" /><ent r="4" t="89" w="119" /><ent r="1000" t="90" w="5" /><ent r="102" t="90" w="15" /><ent r="64" t="90" w="34" /><ent r="3" t="90" w="77" /><ent r="3" t="90" w="119" /><ent r="68" t="90" w="142" /><ent r="67" t="90" w="155" /><ent r="68" t="90" w="224" /><ent r="66" t="90" w="250" /><ent r="67" t="90" w="719" /><ent r="1000" t="91" w="2" /><ent r="102" t="91" w="12" /><ent r="4" t="91" w="187" /><ent r="64" t="91" w="228" /><ent r="4" t="91" w="294" /><ent r="4" t="92" w="59" /><ent r="64" t="92" w="98" /><ent r="64" t="93" w="36" /><ent r="3" t="93" w="50" /><ent r="4" t="93" w="69" /><ent r="3" t="93" w="103" /><ent r="64" t="94" w="23" /><ent r="4" t="94" w="43" /><ent r="3" t="94" w="86" /><ent r="3" t="94" w="93" /><ent r="5" t="95" w="60" /><ent r="64" t="95" w="79" /><ent r="5" t="95" w="184" /><ent r="64" t="95" w="204" /><ent r="64" t="95" w="289" /><ent r="5" t="96" w="61" /><ent r="64" t="96" w="81" /><ent r="4" t="97" w="42" /><ent r="1000" t="100" w="4" /><ent r="102" t="100" w="17" /><ent r="64" t="100" w="27" /><ent r="3" t="100" w="80" /><ent r="4" t="100" w="88" /><ent r="3" t="100" w="118" /><ent r="1000" t="101" w="4" /><ent r="102" t="101" w="20" /><ent r="3" t="101" w="25" /><ent r="3" t="101" w="81" /><ent r="65" t="101" w="90" /><ent r="3" t="101" w="121" /><ent r="1000" t="102" w="3" /><ent r="102" t="102" w="11" /><ent r="3" t="102" w="16" /><ent r="3" t="102" w="93" /><ent r="3" t="102" w="152" /><ent r="4" t="102" w="172" /><ent r="3" t="102" w="204" /><ent r="3" t="102" w="221" /><ent r="3" t="102" w="236" /><ent r="4" t="102" w="264" /><ent r="64" t="102" w="276" /><ent r="1000" t="103" w="2" /><ent r="100" t="103" w="5" /><ent r="102" t="103" w="8" /><ent r="3" t="103" w="93" /><ent r="4" t="103" w="105" /><ent r="3" t="103" w="119" /><ent r="4" t="103" w="140" /><ent r="64" t="103" w="158" /><ent r="64" t="103" w="161" /><ent r="1000" t="104" w="4" /><ent r="100" t="104" w="9" /><ent r="102" t="104" w="14" /><ent r="3" t="104" w="122" /><ent r="4" t="104" w="136" /><ent r="4" t="104" w="159" /><ent r="4" t="104" w="183" /><ent r="4" t="104" w="231" /><ent r="64" t="104" w="269" /><ent r="4" t="105" w="32" /><ent r="64" t="106" w="28" /><ent r="3" t="106" w="79" /><ent r="4" t="106" w="129" /><ent r="3" t="106" w="221" /><ent r="4" t="107" w="71" /><ent r="4" t="108" w="84" /><ent r="4" t="109" w="85" /><ent r="3" t="111" w="134" /><ent r="92" t="119" w="113" /><ent r="4" t="126" w="79" /><ent r="64" t="136" w="92" /><ent r="3" t="138" w="41" /><ent r="3" t="138" w="96" /><ent r="5" t="139" w="25" /><ent r="4" t="144" w="41" /><ent r="4" t="145" w="41" /><ent r="4" t="147" w="80" /><ent r="4" t="148" w="80" /><ent r="4" t="149" w="94" /><ent r="4" t="150" w="89" /><ent r="4" t="151" w="83" /><ent r="4" t="152" w="80" /><ent r="4" t="153" w="76" /><ent r="4" t="154" w="77" /><ent r="4" t="155" w="87" /><ent r="92" t="157" w="963" /><ent r="1000" t="158" w="2" /><ent r="102" t="158" w="14" /><ent r="92" t="158" w="81" /><ent r="4" t="158" w="88" /><ent r="4" t="158" w="101" /><ent r="3" t="158" w="122" /><ent r="1000" t="159" w="2" /><ent r="102" t="159" w="14" /><ent r="64" t="159" w="21" /><ent r="4" t="159" w="47" /><ent r="4" t="159" w="68" /><ent r="4" t="159" w="80" /><ent r="1000" t="160" w="2" /><ent r="100" t="160" w="6" /><ent r="100" t="160" w="11" /><ent r="102" t="160" w="14" /><ent r="3" t="160" w="21" /><ent r="4" t="160" w="34" /><ent r="5" t="160" w="39" /><ent r="3" t="160" w="53" /><ent r="3" t="169" w="343" /><ent r="64" t="178" w="347" /><ent r="100" t="179" w="86" /><ent r="4" t="179" w="90" /><ent r="4" t="179" w="138" /><ent r="3" t="179" w="181" /><ent r="4" t="179" w="295" /><ent r="4" t="179" w="437" /><ent r="5" t="179" w="700" /><ent r="92" t="179" w="1094" /><ent r="4" t="179" w="1148" /><ent r="3" t="179" w="1170" /><ent r="4" t="179" w="1180" /><ent r="3" t="179" w="1188" /><ent r="3" t="179" w="1212" /><ent r="3" t="179" w="1234" /><ent r="3" t="179" w="1253" /><ent r="3" t="179" w="1288" /><ent r="3" t="179" w="1459" /><ent r="4" t="179" w="1478" /><ent r="4" t="179" w="1483" /><ent r="4" t="179" w="1496" /><ent r="3" t="179" w="1506" /><ent r="4" t="179" w="1551" /><ent r="4" t="179" w="1565" /><ent r="4" t="179" w="1595" /><ent r="3" t="179" w="1600" /><ent r="4" t="179" w="1659" /><ent r="4" t="179" w="1714" /><ent r="4" t="179" w="1725" /><ent r="3" t="179" w="1779" /><ent r="4" t="179" w="1849" /><ent r="4" t="179" w="1855" /><ent r="4" t="179" w="1879" /><ent r="4" t="179" w="1896" /><ent r="92" t="179" w="2118" /><ent r="5" t="179" w="2131" /><ent r="3" t="179" w="2139" /><ent r="4" t="180" w="363" /><ent r="4" t="180" w="588" /><ent r="4" t="180" w="711" /><ent r="4" t="180" w="2748" /><ent r="3" t="180" w="2987" /><ent r="4" t="180" w="3010" /><ent r="4" t="180" w="3094" /><ent r="102" t="181" w="19" /><ent r="4" t="181" w="104" /><ent r="4" t="181" w="299" /><ent r="5" t="181" w="695" /><ent r="4" t="182" w="262" /><ent r="5" t="182" w="440" /><ent r="4" t="183" w="537" /><ent r="4" t="184" w="539" /><ent r="4" t="184" w="1145" /><ent r="4" t="185" w="420" /><ent r="4" t="186" w="80" /><ent r="4" t="186" w="413" /><ent r="5" t="186" w="810" /><ent r="5" t="186" w="910" /><ent r="4" t="188" w="324" /><ent r="4" t="188" w="430" /><ent r="4" t="188" w="437" /><ent r="6" t="188" w="1276" /><ent r="1000" t="195" w="4" /><ent r="100" t="195" w="12" /><ent r="102" t="195" w="21" /><ent r="3" t="195" w="31" /><ent r="64" t="213" w="47" /><ent r="64" t="213" w="53" /><ent r="4" t="227" w="82" /><ent r="4" t="228" w="70" /><ent r="4" t="229" w="81" /><ent r="7" t="242" w="82" /></phr><phr n="window"><ent r="3" t="1" w="31" /><ent r="3" t="1" w="35" /><ent r="3" t="1" w="52" /><ent r="3" t="1" w="77" /><ent r="3" t="1" w="116" /><ent r="4" t="1" w="330" /><ent r="3" t="1" w="381" /><ent r="3" t="1" w="395" /><ent r="3" t="1" w="494" /><ent r="3" t="1" w="497" /><ent r="4" t="2" w="66" /><ent r="4" t="4" w="187" /><ent r="7" t="5" w="43" /><ent r="7" t="5" w="57" /><ent r="7" t="6" w="98" /><ent r="7" t="6" w="103" /><ent r="7" t="6" w="173" /><ent r="6" t="7" w="133" /><ent r="5" t="7" w="298" /><ent r="4" t="18" w="34" /><ent r="4" t="20" w="310" /><ent r="4" t="23" w="44" /><ent r="3" t="23" w="118" /><ent r="4" t="24" w="30" /><ent r="4" t="26" w="100" /><ent r="4" t="26" w="129" /><ent r="4" t="26" w="189" /><ent r="5" t="27" w="31" /><ent r="3" t="27" w="52" /><ent r="4" t="28" w="66" /><ent r="4" t="28" w="112" /><ent r="4" t="28" w="156" /><ent r="4" t="28" w="266" /><ent r="4" t="29" w="32" /><ent r="4" t="29" w="51" /><ent r="3" t="30" w="28" /><ent r="3" t="31" w="34" /><ent r="4" t="32" w="101" /><ent r="3" t="35" w="17" /><ent r="3" t="35" w="28" /><ent r="4" t="36" w="37" /><ent r="3" t="39" w="32" /><ent r="3" t="40" w="44" /><ent r="4" t="40" w="200" /><ent r="4" t="40" w="221" /><ent r="4" t="43" w="67" /><ent r="4" t="43" w="110" /><ent r="4" t="43" w="169" /><ent r="4" t="44" w="201" /><ent r="4" t="44" w="211" /><ent r="4" t="44" w="290" /><ent r="4" t="44" w="376" /><ent r="3" t="44" w="407" /><ent r="3" t="47" w="16" /><ent r="4" t="47" w="39" /><ent r="4" t="47" w="74" /><ent r="4" t="47" w="84" /><ent r="4" t="48" w="82" /><ent r="3" t="49" w="44" /><ent r="3" t="49" w="89" /><ent r="4" t="49" w="118" /><ent r="4" t="49" w="128" /><ent r="4" t="49" w="446" /><ent r="3" t="50" w="78" /><ent r="4" t="50" w="136" /><ent r="4" t="50" w="190" /><ent r="100" t="51" w="8" /><ent r="3" t="51" w="20" /><ent r="3" t="51" w="28" /><ent r="3" t="51" w="32" /><ent r="3" t="51" w="37" /><ent r="3" t="51" w="47" /><ent r="100" t="52" w="5" /><ent r="100" t="52" w="9" /><ent r="3" t="52" w="20" /><ent r="4" t="52" w="32" /><ent r="4" t="52" w="46" /><ent r="3" t="52" w="89" /><ent r="3" t="53" w="20" /><ent r="4" t="54" w="28" /><ent r="4" t="55" w="35" /><ent r="3" t="55" w="119" /><ent r="4" t="57" w="34" /><ent r="3" t="57" w="121" /><ent r="4" t="62" w="50" /><ent r="3" t="63" w="22" /><ent r="4" t="66" w="102" /><ent r="4" t="67" w="102" /><ent r="3" t="69" w="76" /><ent r="4" t="70" w="49" /><ent r="4" t="70" w="231" /><ent r="3" t="73" w="51" /><ent r="3" t="74" w="55" /><ent r="3" t="74" w="342" /><ent r="3" t="76" w="86" /><ent r="3" t="77" w="15" /><ent r="3" t="77" w="78" /><ent r="3" t="77" w="82" /><ent r="3" t="77" w="104" /><ent r="3" t="77" w="123" /><ent r="3" t="77" w="161" /><ent r="3" t="77" w="165" /><ent r="3" t="77" w="262" /><ent r="3" t="77" w="275" /><ent r="4" t="78" w="77" /><ent r="4" t="79" w="48" /><ent r="4" t="80" w="89" /><ent r="4" t="80" w="165" /><ent r="4" t="81" w="35" /><ent r="3" t="81" w="240" /><ent r="3" t="83" w="134" /><ent r="3" t="83" w="138" /><ent r="3" t="85" w="24" /><ent r="100" t="85" w="47" /><ent r="3" t="85" w="61" /><ent r="4" t="85" w="85" /><ent r="4" t="85" w="110" /><ent r="3" t="85" w="133" /><ent r="3" t="85" w="148" /><ent r="4" t="85" w="169" /><ent r="4" t="85" w="194" /><ent r="3" t="85" w="214" /><ent r="3" t="85" w="239" /><ent r="3" t="85" w="248" /><ent r="4" t="85" w="271" /><ent r="4" t="86" w="43" /><ent r="100" t="87" w="5" /><ent r="3" t="87" w="59" /><ent r="3" t="87" w="119" /><ent r="4" t="88" w="33" /><ent r="100" t="89" w="5" /><ent r="3" t="89" w="92" /><ent r="3" t="89" w="140" /><ent r="100" t="90" w="9" /><ent r="3" t="90" w="50" /><ent r="3" t="90" w="67" /><ent r="7" t="90" w="150" /><ent r="5" t="90" w="265" /><ent r="5" t="90" w="279" /><ent r="5" t="90" w="293" /><ent r="5" t="90" w="577" /><ent r="100" t="91" w="9" /><ent r="100" t="91" w="17" /><ent r="3" t="91" w="29" /><ent r="4" t="91" w="149" /><ent r="4" t="91" w="176" /><ent r="4" t="91" w="283" /><ent r="4" t="92" w="49" /><ent r="3" t="93" w="61" /><ent r="3" t="93" w="93" /><ent r="4" t="94" w="33" /><ent r="5" t="95" w="55" /><ent r="5" t="95" w="179" /><ent r="5" t="96" w="56" /><ent r="4" t="97" w="32" /><ent r="65" t="98" w="24" /><ent r="4" t="98" w="32" /><ent r="3" t="98" w="64" /><ent r="4" t="99" w="80" /><ent r="64" t="99" w="133" /><ent r="3" t="99" w="149" /><ent r="100" t="100" w="7" /><ent r="100" t="100" w="12" /><ent r="3" t="100" w="62" /><ent r="3" t="100" w="108" /><ent r="100" t="101" w="8" /><ent r="100" t="101" w="14" /><ent r="3" t="101" w="61" /><ent r="3" t="101" w="111" /><ent r="100" t="102" w="7" /><ent r="3" t="102" w="159" /><ent r="3" t="102" w="198" /><ent r="3" t="103" w="12" /><ent r="3" t="103" w="19" /><ent r="3" t="103" w="80" /><ent r="3" t="103" w="86" /><ent r="3" t="103" w="131" /><ent r="3" t="104" w="20" /><ent r="3" t="104" w="46" /><ent r="3" t="104" w="152" /><ent r="4" t="106" w="154" /><ent r="3" t="107" w="48" /><ent r="4" t="107" w="96" /><ent r="4" t="108" w="109" /><ent r="3" t="108" w="181" /><ent r="4" t="108" w="190" /><ent r="4" t="108" w="208" /><ent r="4" t="108" w="214" /><ent r="4" t="108" w="221" /><ent r="4" t="108" w="230" /><ent r="4" t="108" w="239" /><ent r="4" t="108" w="277" /><ent r="4" t="108" w="446" /><ent r="4" t="108" w="478" /><ent r="4" t="108" w="503" /><ent r="4" t="108" w="519" /><ent r="4" t="109" w="110" /><ent r="3" t="109" w="177" /><ent r="4" t="109" w="578" /><ent r="3" t="110" w="248" /><ent r="3" t="110" w="524" /><ent r="3" t="111" w="128" /><ent r="3" t="111" w="138" /><ent r="100" t="115" w="84" /><ent r="3" t="115" w="91" /><ent r="3" t="115" w="109" /><ent r="3" t="115" w="404" /><ent r="3" t="115" w="410" /><ent r="7" t="116" w="33" /><ent r="5" t="116" w="209" /><ent r="4" t="117" w="24" /><ent r="3" t="117" w="42" /><ent r="3" t="117" w="50" /><ent r="3" t="117" w="203" /><ent r="3" t="117" w="214" /><ent r="4" t="118" w="38" /><ent r="4" t="118" w="57" /><ent r="4" t="118" w="63" /><ent r="4" t="118" w="131" /><ent r="4" t="119" w="48" /><ent r="4" t="119" w="74" /><ent r="4" t="119" w="93" /><ent r="3" t="119" w="124" /><ent r="4" t="120" w="24" /><ent r="3" t="121" w="51" /><ent r="4" t="122" w="35" /><ent r="4" t="122" w="93" /><ent r="4" t="122" w="201" /><ent r="3" t="123" w="36" /><ent r="3" t="123" w="133" /><ent r="3" t="123" w="143" /><ent r="4" t="123" w="230" /><ent r="3" t="123" w="353" /><ent r="4" t="123" w="371" /><ent r="4" t="123" w="510" /><ent r="3" t="123" w="618" /><ent r="4" t="125" w="747" /><ent r="4" t="126" w="44" /><ent r="4" t="126" w="270" /><ent r="3" t="127" w="57" /><ent r="4" t="129" w="50" /><ent r="100" t="130" w="5" /><ent r="3" t="130" w="30" /><ent r="3" t="131" w="25" /><ent r="3" t="131" w="54" /><ent r="3" t="131" w="88" /><ent r="4" t="131" w="113" /><ent r="3" t="131" w="198" /><ent r="3" t="132" w="22" /><ent r="3" t="132" w="56" /><ent r="4" t="137" w="41" /><ent r="4" t="143" w="116" /><ent r="4" t="144" w="66" /><ent r="4" t="145" w="66" /><ent r="4" t="147" w="105" /><ent r="4" t="148" w="105" /><ent r="4" t="149" w="119" /><ent r="4" t="150" w="114" /><ent r="4" t="151" w="107" /><ent r="4" t="152" w="105" /><ent r="4" t="153" w="101" /><ent r="4" t="154" w="102" /><ent r="4" t="155" w="112" /><ent r="4" t="156" w="67" /><ent r="3" t="156" w="101" /><ent r="3" t="156" w="232" /><ent r="3" t="156" w="351" /><ent r="3" t="156" w="429" /><ent r="4" t="156" w="842" /><ent r="3" t="157" w="71" /><ent r="3" t="157" w="79" /><ent r="4" t="157" w="88" /><ent r="3" t="157" w="111" /><ent r="3" t="157" w="327" /><ent r="3" t="157" w="784" /><ent r="3" t="157" w="943" /><ent r="3" t="157" w="967" /><ent r="100" t="158" w="6" /><ent r="100" t="158" w="11" /><ent r="3" t="158" w="19" /><ent r="3" t="158" w="47" /><ent r="3" t="158" w="62" /><ent r="3" t="158" w="117" /><ent r="3" t="158" w="229" /><ent r="3" t="158" w="237" /><ent r="3" t="158" w="257" /><ent r="3" t="158" w="324" /><ent r="4" t="158" w="792" /><ent r="3" t="158" w="865" /><ent r="100" t="159" w="6" /><ent r="100" t="159" w="11" /><ent r="4" t="159" w="59" /><ent r="4" t="160" w="31" /><ent r="3" t="160" w="115" /><ent r="3" t="160" w="129" /><ent r="3" t="160" w="165" /><ent r="4" t="161" w="83" /><ent r="4" t="161" w="110" /><ent r="3" t="162" w="47" /><ent r="4" t="162" w="72" /><ent r="4" t="163" w="63" /><ent r="4" t="164" w="79" /><ent r="4" t="165" w="97" /><ent r="4" t="165" w="116" /><ent r="4" t="166" w="54" /><ent r="3" t="167" w="1036" /><ent r="3" t="169" w="130" /><ent r="4" t="169" w="372" /><ent r="3" t="169" w="405" /><ent r="3" t="169" w="591" /><ent r="4" t="175" w="87" /><ent r="3" t="176" w="137" /><ent r="4" t="176" w="350" /><ent r="4" t="176" w="371" /><ent r="100" t="179" w="135" /><ent r="4" t="179" w="398" /><ent r="3" t="179" w="657" /><ent r="4" t="179" w="685" /><ent r="3" t="179" w="708" /><ent r="3" t="179" w="718" /><ent r="3" t="179" w="728" /><ent r="4" t="179" w="757" /><ent r="4" t="179" w="771" /><ent r="3" t="179" w="831" /><ent r="3" t="179" w="835" /><ent r="3" t="179" w="852" /><ent r="3" t="179" w="1201" /><ent r="3" t="179" w="1205" /><ent r="3" t="179" w="1227" /><ent r="3" t="179" w="1297" /><ent r="3" t="179" w="1328" /><ent r="3" t="179" w="1463" /><ent r="4" t="179" w="2206" /><ent r="4" t="179" w="2225" /><ent r="4" t="179" w="2247" /><ent r="4" t="179" w="2354" /><ent r="3" t="179" w="2390" /><ent r="4" t="180" w="549" /><ent r="4" t="180" w="736" /><ent r="4" t="180" w="809" /><ent r="3" t="180" w="1090" /><ent r="4" t="180" w="1184" /><ent r="4" t="180" w="1233" /><ent r="4" t="180" w="1799" /><ent r="4" t="180" w="1869" /><ent r="3" t="180" w="2192" /><ent r="4" t="180" w="2331" /><ent r="4" t="180" w="2350" /><ent r="4" t="180" w="2721" /><ent r="4" t="181" w="260" /><ent r="4" t="181" w="405" /><ent r="3" t="181" w="434" /><ent r="6" t="181" w="460" /><ent r="4" t="181" w="536" /><ent r="4" t="181" w="556" /><ent r="4" t="181" w="581" /><ent r="4" t="181" w="680" /><ent r="4" t="181" w="861" /><ent r="3" t="181" w="1215" /><ent r="4" t="181" w="1322" /><ent r="4" t="181" w="1369" /><ent r="4" t="182" w="223" /><ent r="4" t="182" w="800" /><ent r="4" t="182" w="888" /><ent r="4" t="182" w="901" /><ent r="4" t="182" w="1012" /><ent r="4" t="182" w="1032" /><ent r="4" t="182" w="1124" /><ent r="3" t="182" w="1427" /><ent r="4" t="182" w="1635" /><ent r="4" t="183" w="498" /><ent r="4" t="183" w="859" /><ent r="4" t="183" w="865" /><ent r="4" t="183" w="886" /><ent r="4" t="184" w="500" /><ent r="4" t="184" w="848" /><ent r="4" t="184" w="902" /><ent r="4" t="185" w="252" /><ent r="4" t="185" w="486" /><ent r="3" t="186" w="46" /><ent r="4" t="186" w="202" /><ent r="4" t="186" w="374" /><ent r="3" t="186" w="593" /><ent r="4" t="186" w="765" /><ent r="4" t="186" w="818" /><ent r="4" t="186" w="822" /><ent r="4" t="186" w="921" /><ent r="3" t="186" w="1159" /><ent r="3" t="186" w="1185" /><ent r="3" t="186" w="1227" /><ent r="3" t="187" w="263" /><ent r="4" t="187" w="438" /><ent r="4" t="187" w="457" /><ent r="4" t="187" w="507" /><ent r="4" t="187" w="565" /><ent r="4" t="187" w="614" /><ent r="4" t="187" w="703" /><ent r="3" t="187" w="1412" /><ent r="3" t="187" w="1714" /><ent r="4" t="187" w="1788" /><ent r="4" t="187" w="1804" /><ent r="4" t="187" w="1832" /><ent r="5" t="188" w="186" /><ent r="4" t="188" w="285" /><ent r="4" t="188" w="499" /><ent r="4" t="188" w="505" /><ent r="4" t="188" w="550" /><ent r="4" t="188" w="588" /><ent r="4" t="188" w="639" /><ent r="4" t="188" w="770" /><ent r="4" t="188" w="1395" /><ent r="3" t="188" w="1440" /><ent r="3" t="188" w="1452" /><ent r="3" t="188" w="1465" /><ent r="4" t="195" w="500" /><ent r="3" t="198" w="397" /><ent r="4" t="200" w="84" /><ent r="3" t="213" w="43" /><ent r="4" t="213" w="114" /><ent r="4" t="213" w="280" /><ent r="4" t="213" w="287" /><ent r="4" t="213" w="313" /><ent r="3" t="213" w="393" /><ent r="3" t="213" w="405" /><ent r="3" t="213" w="416" /><ent r="3" t="213" w="452" /><ent r="3" t="213" w="530" /><ent r="3" t="215" w="54" /><ent r="3" t="215" w="65" /><ent r="3" t="215" w="73" /><ent r="3" t="216" w="17" /><ent r="3" t="217" w="18" /><ent r="3" t="218" w="17" /><ent r="3" t="223" w="31" /><ent r="3" t="227" w="75" /><ent r="4" t="227" w="107" /><ent r="4" t="229" w="106" /><ent r="3" t="231" w="18" /><ent r="3" t="237" w="21" /><ent r="4" t="237" w="45" /><ent r="3" t="238" w="131" /><ent r="64" t="239" w="48" /><ent r="64" t="240" w="51" /><ent r="7" t="240" w="85" /><ent r="7" t="240" w="198" /><ent r="64" t="241" w="48" /><ent r="64" t="242" w="36" /><ent r="7" t="242" w="138" /></phr><phr n="windows"><ent r="3" t="1" w="69" /><ent r="4" t="1" w="338" /><ent r="3" t="1" w="462" /><ent r="3" t="1" w="465" /><ent r="3" t="1" w="472" /><ent r="3" t="1" w="489" /><ent r="4" t="4" w="195" /><ent r="4" t="28" w="73" /><ent r="4" t="28" w="115" /><ent r="4" t="28" w="170" /><ent r="4" t="28" w="279" /><ent r="3" t="48" w="75" /><ent r="3" t="76" w="54" /><ent r="3" t="77" w="251" /><ent r="3" t="77" w="277" /><ent r="3" t="78" w="148" /><ent r="3" t="79" w="117" /><ent r="3" t="80" w="38" /><ent r="3" t="81" w="245" /><ent r="100" t="105" w="7" /><ent r="3" t="105" w="12" /><ent r="100" t="106" w="9" /><ent r="100" t="107" w="11" /><ent r="100" t="108" w="11" /><ent r="100" t="109" w="11" /><ent r="7" t="116" w="92" /><ent r="7" t="116" w="128" /><ent r="7" t="116" w="166" /><ent r="5" t="143" w="277" /><ent r="4" t="179" w="406" /><ent r="4" t="180" w="557" /><ent r="3" t="180" w="2210" /><ent r="4" t="180" w="2370" /><ent r="3" t="180" w="2525" /><ent r="4" t="181" w="268" /><ent r="4" t="182" w="231" /><ent r="4" t="182" w="1689" /><ent r="4" t="183" w="506" /><ent r="4" t="184" w="508" /><ent r="4" t="186" w="382" /><ent r="4" t="188" w="293" /><ent r="3" t="223" w="34" /></phr><phr n="Windows"><ent r="3" t="22" w="34" /><ent r="3" t="22" w="71" /><ent r="4" t="29" w="36" /><ent r="64" t="35" w="65" /><ent r="64" t="40" w="254" /><ent r="4" t="44" w="152" /><ent r="5" t="44" w="161" /><ent r="4" t="44" w="270" /><ent r="64" t="46" w="144" /><ent r="64" t="47" w="344" /><ent r="4" t="50" w="22" /><ent r="64" t="50" w="93" /><ent r="5" t="50" w="141" /><ent r="5" t="50" w="195" /><ent r="5" t="70" w="61" /><ent r="3" t="77" w="86" /><ent r="92" t="77" w="170" /><ent r="3" t="77" w="174" /><ent r="3" t="77" w="181" /><ent r="3" t="77" w="183" /><ent r="4" t="77" w="190" /><ent r="4" t="77" w="241" /><ent r="3" t="78" w="58" /><ent r="3" t="78" w="65" /><ent r="4" t="86" w="47" /><ent r="3" t="90" w="71" /><ent r="4" t="91" w="180" /><ent r="4" t="91" w="287" /><ent r="4" t="92" w="53" /><ent r="3" t="93" w="97" /><ent r="4" t="94" w="37" /><ent r="4" t="97" w="36" /><ent r="3" t="100" w="112" /><ent r="3" t="101" w="115" /><ent r="4" t="103" w="135" /><ent r="1000" t="105" w="1" /><ent r="102" t="105" w="4" /><ent r="1000" t="106" w="1" /><ent r="102" t="106" w="5" /><ent r="4" t="106" w="119" /><ent r="5" t="106" w="163" /><ent r="1000" t="107" w="1" /><ent r="102" t="107" w="6" /><ent r="3" t="107" w="17" /><ent r="4" t="107" w="60" /><ent r="5" t="107" w="105" /><ent r="1000" t="108" w="1" /><ent r="102" t="108" w="6" /><ent r="3" t="108" w="17" /><ent r="4" t="108" w="73" /><ent r="5" t="108" w="118" /><ent r="1000" t="109" w="1" /><ent r="102" t="109" w="6" /><ent r="3" t="109" w="17" /><ent r="4" t="109" w="74" /><ent r="5" t="109" w="119" /><ent r="1000" t="130" w="2" /><ent r="102" t="130" w="8" /><ent r="64" t="131" w="212" /><ent r="64" t="132" w="104" /><ent r="64" t="133" w="80" /><ent r="64" t="134" w="91" /><ent r="64" t="135" w="81" /><ent r="66" t="143" w="262" /><ent r="4" t="159" w="63" /><ent r="3" t="159" w="89" /><ent r="4" t="179" w="441" /><ent r="4" t="180" w="592" /><ent r="4" t="180" w="2201" /><ent r="5" t="180" w="2340" /><ent r="5" t="180" w="2681" /><ent r="5" t="180" w="2691" /><ent r="4" t="181" w="303" /><ent r="4" t="181" w="684" /><ent r="4" t="182" w="266" /><ent r="4" t="183" w="541" /><ent r="4" t="184" w="543" /><ent r="7" t="184" w="1004" /><ent r="4" t="184" w="1182" /><ent r="4" t="186" w="417" /><ent r="4" t="188" w="328" /><ent r="5" t="188" w="1414" /><ent r="4" t="188" w="1418" /><ent r="3" t="188" w="1474" /><ent r="5" t="188" w="1513" /><ent r="4" t="213" w="290" /></phr></stem></index>