﻿<?xml version="1.0" encoding="utf-8"?><index><stem n="text"><phr n="text"><ent r="3" t="1" w="250" /><ent r="3" t="4" w="48" /><ent r="7" t="8" w="239" /><ent r="7" t="11" w="208" /><ent r="7" t="11" w="222" /><ent r="7" t="11" w="234" /><ent r="7" t="11" w="245" /><ent r="7" t="11" w="256" /><ent r="7" t="11" w="270" /><ent r="7" t="14" w="355" /><ent r="6" t="14" w="375" /><ent r="6" t="14" w="412" /><ent r="4" t="25" w="204" /><ent r="4" t="26" w="77" /><ent r="3" t="32" w="71" /><ent r="3" t="63" w="44" /><ent r="3" t="65" w="146" /><ent r="100" t="67" w="7" /><ent r="3" t="67" w="25" /><ent r="4" t="67" w="94" /><ent r="4" t="67" w="107" /><ent r="4" t="67" w="113" /><ent r="4" t="67" w="120" /><ent r="3" t="67" w="130" /><ent r="4" t="67" w="135" /><ent r="4" t="67" w="143" /><ent r="4" t="67" w="154" /><ent r="4" t="67" w="176" /><ent r="4" t="67" w="223" /><ent r="3" t="67" w="260" /><ent r="4" t="67" w="269" /><ent r="100" t="68" w="17" /><ent r="3" t="68" w="39" /><ent r="3" t="81" w="190" /><ent r="3" t="101" w="41" /><ent r="4" t="147" w="189" /><ent r="4" t="151" w="191" /><ent r="4" t="156" w="664" /><ent r="4" t="157" w="637" /><ent r="4" t="158" w="634" /><ent r="3" t="158" w="778" /><ent r="4" t="158" w="826" /><ent r="4" t="158" w="841" /><ent r="3" t="160" w="182" /><ent r="3" t="169" w="628" /><ent r="3" t="179" w="1515" /><ent r="3" t="180" w="2873" /><ent r="3" t="180" w="2882" /><ent r="3" t="180" w="2896" /><ent r="3" t="180" w="2904" /><ent r="4" t="180" w="2917" /><ent r="4" t="180" w="2938" /><ent r="3" t="180" w="3080" /><ent r="3" t="183" w="1034" /><ent r="4" t="184" w="1066" /><ent r="3" t="186" w="613" /><ent r="3" t="186" w="654" /><ent r="3" t="186" w="1162" /><ent r="3" t="186" w="1178" /><ent r="3" t="189" w="28" /><ent r="7" t="190" w="180" /><ent r="5" t="190" w="261" /><ent r="3" t="194" w="35" /><ent r="3" t="195" w="258" /><ent r="3" t="195" w="265" /><ent r="4" t="195" w="568" /><ent r="3" t="195" w="652" /><ent r="3" t="199" w="27" /><ent r="7" t="199" w="496" /><ent r="3" t="209" w="76" /><ent r="3" t="209" w="83" /><ent r="4" t="213" w="764" /><ent r="3" t="218" w="260" /><ent r="6" t="230" w="261" /><ent r="6" t="230" w="560" /><ent r="6" t="230" w="593" /><ent r="6" t="230" w="596" /><ent r="6" t="243" w="41" /><ent r="6" t="243" w="54" /><ent r="6" t="243" w="66" /><ent r="6" t="243" w="79" /><ent r="6" t="243" w="91" /><ent r="6" t="243" w="104" /><ent r="6" t="243" w="116" /><ent r="6" t="243" w="129" /><ent r="5" t="243" w="142" /><ent r="5" t="243" w="154" /><ent r="5" t="243" w="166" /><ent r="5" t="243" w="179" /><ent r="6" t="243" w="191" /><ent r="6" t="243" w="203" /><ent r="6" t="243" w="226" /><ent r="6" t="243" w="235" /><ent r="6" t="243" w="375" /><ent r="6" t="243" w="394" /><ent r="6" t="243" w="412" /><ent r="6" t="243" w="431" /><ent r="6" t="243" w="449" /><ent r="6" t="243" w="468" /><ent r="6" t="243" w="486" /><ent r="6" t="243" w="505" /><ent r="5" t="243" w="524" /><ent r="5" t="243" w="542" /><ent r="5" t="243" w="560" /><ent r="5" t="243" w="579" /><ent r="6" t="243" w="597" /><ent r="6" t="243" w="615" /><ent r="6" t="243" w="633" /><ent r="6" t="243" w="639" /><ent r="6" t="243" w="651" /><ent r="6" t="243" w="666" /></phr><phr n="Text"><ent r="64" t="11" w="85" /><ent r="68" t="11" w="214" /><ent r="68" t="11" w="229" /><ent r="68" t="11" w="240" /><ent r="68" t="11" w="251" /><ent r="68" t="11" w="261" /><ent r="68" t="11" w="276" /><ent r="5" t="20" w="523" /><ent r="65" t="20" w="545" /><ent r="5" t="25" w="192" /><ent r="64" t="63" w="101" /><ent r="64" t="65" w="299" /><ent r="1000" t="67" w="4" /><ent r="102" t="67" w="14" /><ent r="100" t="67" w="18" /><ent r="64" t="67" w="61" /><ent r="3" t="67" w="68" /><ent r="4" t="67" w="235" /><ent r="1000" t="68" w="5" /><ent r="102" t="68" w="11" /><ent r="100" t="68" w="20" /><ent r="3" t="77" w="151" /><ent r="4" t="81" w="182" /><ent r="5" t="147" w="181" /><ent r="5" t="151" w="183" /><ent r="4" t="158" w="805" /><ent r="4" t="158" w="834" /><ent r="92" t="160" w="170" /><ent r="3" t="160" w="174" /><ent r="92" t="160" w="187" /><ent r="4" t="180" w="2857" /><ent r="4" t="180" w="2929" /><ent r="3" t="186" w="586" /><ent r="3" t="186" w="596" /><ent r="3" t="186" w="647" /><ent r="5" t="186" w="733" /><ent r="4" t="186" w="740" /><ent r="4" t="186" w="760" /><ent r="4" t="186" w="775" /><ent r="4" t="186" w="1148" /><ent r="68" t="190" w="187" /><ent r="1000" t="194" w="2" /><ent r="102" t="194" w="9" /><ent r="3" t="194" w="17" /><ent r="64" t="209" w="223" /><ent r="6" t="230" w="151" /><ent r="6" t="230" w="201" /><ent r="6" t="230" w="243" /><ent r="6" t="230" w="271" /><ent r="6" t="230" w="274" /><ent r="6" t="230" w="305" /><ent r="6" t="230" w="373" /><ent r="6" t="230" w="415" /><ent r="6" t="230" w="454" /><ent r="6" t="230" w="489" /><ent r="6" t="230" w="535" /><ent r="6" t="230" w="552" /><ent r="6" t="230" w="574" /><ent r="6" t="230" w="583" /><ent r="6" t="230" w="585" /><ent r="6" t="230" w="599" /><ent r="6" t="230" w="602" /><ent r="6" t="243" w="229" /><ent r="6" t="243" w="241" /><ent r="6" t="243" w="262" /><ent r="6" t="243" w="654" /><ent r="6" t="243" w="672" /></phr></stem><stem n="’s"><phr n="’s"><ent r="3" t="1" w="254" /><ent r="3" t="4" w="52" /><ent r="3" t="20" w="28" /><ent r="4" t="85" w="86" /><ent r="4" t="85" w="170" /><ent r="4" t="85" w="272" /><ent r="4" t="117" w="90" /><ent r="4" t="117" w="100" /><ent r="3" t="117" w="249" /><ent r="3" t="119" w="185" /><ent r="3" t="123" w="346" /><ent r="3" t="125" w="913" /><ent r="3" t="129" w="289" /><ent r="3" t="156" w="703" /><ent r="3" t="157" w="676" /><ent r="3" t="158" w="673" /><ent r="3" t="180" w="302" /><ent r="4" t="180" w="2445" /><ent r="3" t="183" w="156" /><ent r="3" t="183" w="1046" /><ent r="3" t="183" w="1050" /><ent r="3" t="184" w="146" /><ent r="7" t="199" w="488" /><ent r="3" t="213" w="808" /><ent r="6" t="230" w="86" /><ent r="6" t="230" w="117" /><ent r="6" t="230" w="327" /><ent r="3" t="238" w="372" /></phr></stem><stem n="s"><phr n="s"><ent r="3" t="1" w="254" /><ent r="3" t="4" w="52" /><ent r="3" t="20" w="28" /><ent r="3" t="37" w="111" /><ent r="4" t="70" w="114" /><ent r="4" t="85" w="86" /><ent r="4" t="85" w="170" /><ent r="4" t="85" w="272" /><ent r="3" t="96" w="292" /><ent r="4" t="99" w="76" /><ent r="4" t="104" w="177" /><ent r="4" t="104" w="225" /><ent r="4" t="109" w="465" /><ent r="7" t="116" w="80" /><ent r="7" t="116" w="119" /><ent r="7" t="116" w="153" /><ent r="5" t="116" w="229" /><ent r="4" t="117" w="90" /><ent r="4" t="117" w="100" /><ent r="3" t="117" w="249" /><ent r="3" t="119" w="185" /><ent r="3" t="122" w="193" /><ent r="3" t="123" w="346" /><ent r="3" t="125" w="550" /><ent r="3" t="125" w="913" /><ent r="4" t="126" w="278" /><ent r="3" t="129" w="289" /><ent r="3" t="156" w="703" /><ent r="3" t="157" w="676" /><ent r="3" t="157" w="951" /><ent r="3" t="158" w="673" /><ent r="6" t="169" w="521" /><ent r="6" t="169" w="528" /><ent r="4" t="177" w="105" /><ent r="3" t="180" w="302" /><ent r="4" t="180" w="1593" /><ent r="4" t="180" w="2445" /><ent r="3" t="180" w="2657" /><ent r="4" t="180" w="2947" /><ent r="4" t="182" w="1003" /><ent r="4" t="182" w="1218" /><ent r="3" t="183" w="156" /><ent r="3" t="183" w="1046" /><ent r="3" t="183" w="1050" /><ent r="3" t="184" w="146" /><ent r="5" t="184" w="651" /><ent r="3" t="185" w="352" /><ent r="3" t="187" w="1315" /><ent r="3" t="187" w="1336" /><ent r="3" t="188" w="1133" /><ent r="3" t="188" w="1154" /><ent r="5" t="199" w="58" /><ent r="7" t="199" w="488" /><ent r="3" t="213" w="808" /><ent r="5" t="226" w="69" /><ent r="6" t="230" w="86" /><ent r="6" t="230" w="117" /><ent r="6" t="230" w="327" /><ent r="3" t="233" w="8" /><ent r="3" t="238" w="372" /><ent r="7" t="239" w="70" /><ent r="7" t="239" w="109" /><ent r="7" t="239" w="144" /><ent r="5" t="241" w="120" /></phr><phr n="S"><ent r="7" t="14" w="156" /><ent r="5" t="29" w="27" /><ent r="4" t="101" w="162" /><ent r="4" t="120" w="46" /><ent r="4" t="142" w="211" /><ent r="5" t="195" w="697" /><ent r="5" t="226" w="185" /><ent r="7" t="240" w="157" /></phr></stem><stem n="layer"><phr n="layer"><ent r="3" t="1" w="256" /><ent r="3" t="4" w="54" /><ent r="3" t="4" w="79" /><ent r="3" t="4" w="95" /><ent r="7" t="5" w="86" /><ent r="7" t="5" w="122" /><ent r="7" t="5" w="150" /><ent r="7" t="5" w="159" /><ent r="7" t="5" w="182" /><ent r="7" t="5" w="231" /><ent r="5" t="6" w="141" /><ent r="5" t="6" w="155" /><ent r="7" t="6" w="170" /><ent r="5" t="7" w="265" /><ent r="3" t="8" w="26" /><ent r="3" t="8" w="31" /><ent r="7" t="8" w="132" /><ent r="7" t="8" w="141" /><ent r="6" t="9" w="50" /><ent r="4" t="10" w="22" /><ent r="4" t="10" w="44" /><ent r="7" t="10" w="121" /><ent r="4" t="11" w="25" /><ent r="4" t="11" w="30" /><ent r="6" t="11" w="117" /><ent r="6" t="11" w="124" /><ent r="7" t="12" w="58" /><ent r="6" t="12" w="80" /><ent r="4" t="20" w="138" /><ent r="4" t="20" w="436" /><ent r="4" t="21" w="301" /><ent r="4" t="21" w="311" /><ent r="4" t="29" w="43" /><ent r="3" t="37" w="172" /><ent r="64" t="41" w="23" /><ent r="3" t="43" w="24" /><ent r="4" t="44" w="174" /><ent r="4" t="44" w="280" /><ent r="4" t="48" w="149" /><ent r="4" t="48" w="151" /><ent r="4" t="48" w="164" /><ent r="4" t="48" w="168" /><ent r="100" t="53" w="5" /><ent r="3" t="53" w="34" /><ent r="4" t="53" w="58" /><ent r="4" t="53" w="65" /><ent r="4" t="53" w="70" /><ent r="4" t="53" w="75" /><ent r="4" t="53" w="91" /><ent r="4" t="53" w="99" /><ent r="4" t="53" w="108" /><ent r="4" t="53" w="112" /><ent r="4" t="53" w="117" /><ent r="4" t="53" w="124" /><ent r="4" t="53" w="131" /><ent r="4" t="53" w="157" /><ent r="4" t="53" w="166" /><ent r="4" t="53" w="175" /><ent r="4" t="53" w="181" /><ent r="100" t="54" w="11" /><ent r="100" t="54" w="13" /><ent r="3" t="54" w="19" /><ent r="4" t="54" w="34" /><ent r="4" t="54" w="57" /><ent r="4" t="54" w="64" /><ent r="4" t="54" w="66" /><ent r="4" t="54" w="82" /><ent r="100" t="55" w="13" /><ent r="100" t="55" w="15" /><ent r="3" t="55" w="23" /><ent r="4" t="55" w="47" /><ent r="4" t="55" w="75" /><ent r="4" t="55" w="100" /><ent r="4" t="55" w="107" /><ent r="3" t="55" w="111" /><ent r="3" t="55" w="125" /><ent r="3" t="56" w="24" /><ent r="3" t="56" w="34" /><ent r="3" t="56" w="38" /><ent r="3" t="56" w="50" /><ent r="3" t="57" w="26" /><ent r="4" t="57" w="38" /><ent r="4" t="57" w="48" /><ent r="4" t="57" w="56" /><ent r="4" t="57" w="65" /><ent r="3" t="57" w="75" /><ent r="3" t="57" w="85" /><ent r="3" t="57" w="92" /><ent r="3" t="57" w="110" /><ent r="100" t="58" w="3" /><ent r="100" t="58" w="117" /><ent r="3" t="58" w="130" /><ent r="3" t="58" w="135" /><ent r="3" t="58" w="147" /><ent r="4" t="58" w="168" /><ent r="4" t="58" w="193" /><ent r="4" t="58" w="220" /><ent r="100" t="62" w="6" /><ent r="100" t="62" w="11" /><ent r="4" t="62" w="55" /><ent r="3" t="62" w="157" /><ent r="3" t="62" w="162" /><ent r="100" t="63" w="5" /><ent r="100" t="63" w="7" /><ent r="3" t="63" w="15" /><ent r="3" t="63" w="55" /><ent r="3" t="63" w="60" /><ent r="3" t="63" w="76" /><ent r="3" t="64" w="35" /><ent r="5" t="64" w="46" /><ent r="4" t="65" w="23" /><ent r="3" t="66" w="33" /><ent r="4" t="66" w="91" /><ent r="3" t="67" w="31" /><ent r="3" t="69" w="27" /><ent r="3" t="69" w="154" /><ent r="100" t="71" w="7" /><ent r="100" t="71" w="10" /><ent r="64" t="71" w="24" /><ent r="3" t="71" w="39" /><ent r="3" t="71" w="52" /><ent r="4" t="71" w="83" /><ent r="3" t="71" w="102" /><ent r="3" t="71" w="117" /><ent r="65" t="72" w="38" /><ent r="3" t="77" w="166" /><ent r="3" t="77" w="213" /><ent r="3" t="83" w="27" /><ent r="4" t="86" w="58" /><ent r="4" t="86" w="71" /><ent r="3" t="87" w="92" /><ent r="3" t="87" w="142" /><ent r="3" t="87" w="158" /><ent r="3" t="87" w="214" /><ent r="3" t="89" w="35" /><ent r="3" t="89" w="51" /><ent r="4" t="89" w="103" /><ent r="3" t="89" w="143" /><ent r="3" t="89" w="278" /><ent r="3" t="90" w="82" /><ent r="3" t="90" w="95" /><ent r="5" t="90" w="401" /><ent r="6" t="90" w="433" /><ent r="6" t="90" w="505" /><ent r="4" t="91" w="102" /><ent r="4" t="91" w="109" /><ent r="4" t="91" w="192" /><ent r="4" t="91" w="299" /><ent r="4" t="92" w="64" /><ent r="4" t="92" w="77" /><ent r="3" t="93" w="108" /><ent r="3" t="93" w="121" /><ent r="4" t="94" w="48" /><ent r="4" t="94" w="61" /><ent r="3" t="95" w="27" /><ent r="5" t="95" w="64" /><ent r="4" t="95" w="143" /><ent r="5" t="95" w="188" /><ent r="5" t="96" w="65" /><ent r="4" t="97" w="47" /><ent r="4" t="97" w="60" /><ent r="4" t="99" w="35" /><ent r="3" t="101" w="73" /><ent r="3" t="101" w="75" /><ent r="4" t="109" w="380" /><ent r="5" t="109" w="397" /><ent r="4" t="109" w="415" /><ent r="4" t="109" w="434" /><ent r="3" t="125" w="647" /><ent r="3" t="130" w="62" /><ent r="3" t="130" w="66" /><ent r="3" t="130" w="70" /><ent r="3" t="130" w="91" /><ent r="3" t="133" w="27" /><ent r="3" t="134" w="24" /><ent r="3" t="134" w="38" /><ent r="3" t="134" w="53" /><ent r="3" t="135" w="28" /><ent r="3" t="137" w="171" /><ent r="4" t="145" w="252" /><ent r="3" t="145" w="258" /><ent r="100" t="148" w="10" /><ent r="100" t="148" w="15" /><ent r="4" t="148" w="72" /><ent r="3" t="148" w="178" /><ent r="3" t="148" w="202" /><ent r="3" t="148" w="217" /><ent r="4" t="149" w="85" /><ent r="100" t="150" w="13" /><ent r="3" t="150" w="34" /><ent r="4" t="150" w="80" /><ent r="100" t="152" w="10" /><ent r="3" t="152" w="29" /><ent r="4" t="152" w="71" /><ent r="100" t="153" w="10" /><ent r="3" t="153" w="26" /><ent r="4" t="153" w="68" /><ent r="5" t="153" w="684" /><ent r="5" t="153" w="1119" /><ent r="100" t="154" w="10" /><ent r="3" t="154" w="26" /><ent r="4" t="154" w="68" /><ent r="3" t="154" w="217" /><ent r="3" t="154" w="240" /><ent r="3" t="154" w="255" /><ent r="4" t="155" w="79" /><ent r="3" t="155" w="191" /><ent r="3" t="155" w="216" /><ent r="3" t="155" w="231" /><ent r="3" t="158" w="65" /><ent r="3" t="158" w="69" /><ent r="3" t="158" w="861" /><ent r="3" t="158" w="874" /><ent r="100" t="161" w="6" /><ent r="100" t="161" w="11" /><ent r="3" t="161" w="33" /><ent r="4" t="161" w="88" /><ent r="3" t="161" w="159" /><ent r="100" t="162" w="6" /><ent r="100" t="162" w="11" /><ent r="3" t="162" w="32" /><ent r="4" t="162" w="77" /><ent r="100" t="163" w="14" /><ent r="3" t="163" w="38" /><ent r="4" t="163" w="69" /><ent r="4" t="163" w="83" /><ent r="3" t="163" w="257" /><ent r="4" t="164" w="85" /><ent r="3" t="165" w="19" /><ent r="3" t="165" w="49" /><ent r="5" t="165" w="717" /><ent r="3" t="170" w="246" /><ent r="3" t="174" w="75" /><ent r="3" t="174" w="84" /><ent r="4" t="175" w="94" /><ent r="5" t="177" w="95" /><ent r="4" t="177" w="103" /><ent r="3" t="177" w="159" /><ent r="3" t="179" w="1257" /><ent r="3" t="179" w="1262" /><ent r="3" t="179" w="1276" /><ent r="100" t="180" w="15" /><ent r="4" t="180" w="120" /><ent r="3" t="180" w="396" /><ent r="3" t="180" w="2636" /><ent r="3" t="180" w="2644" /><ent r="3" t="180" w="2652" /><ent r="3" t="180" w="2656" /><ent r="4" t="180" w="2734" /><ent r="4" t="180" w="2999" /><ent r="4" t="181" w="776" /><ent r="4" t="181" w="878" /><ent r="4" t="181" w="993" /><ent r="3" t="183" w="736" /><ent r="3" t="183" w="955" /><ent r="4" t="184" w="770" /><ent r="4" t="184" w="914" /><ent r="4" t="184" w="924" /><ent r="3" t="184" w="1253" /><ent r="3" t="184" w="1264" /><ent r="4" t="186" w="114" /><ent r="4" t="186" w="118" /><ent r="4" t="186" w="121" /><ent r="4" t="186" w="133" /><ent r="4" t="186" w="145" /></phr><phr n="Layer"><ent r="64" t="4" w="108" /><ent r="68" t="5" w="95" /><ent r="68" t="5" w="131" /><ent r="68" t="5" w="168" /><ent r="5" t="6" w="149" /><ent r="66" t="6" w="160" /><ent r="64" t="8" w="39" /><ent r="64" t="8" w="45" /><ent r="7" t="8" w="116" /><ent r="64" t="11" w="38" /><ent r="64" t="11" w="44" /><ent r="7" t="13" w="87" /><ent r="6" t="13" w="96" /><ent r="64" t="16" w="33" /><ent r="5" t="20" w="376" /><ent r="5" t="20" w="425" /><ent r="5" t="20" w="457" /><ent r="5" t="21" w="293" /><ent r="6" t="38" w="109" /><ent r="67" t="38" w="116" /><ent r="3" t="53" w="42" /><ent r="4" t="53" w="46" /><ent r="65" t="53" w="80" /><ent r="64" t="53" w="196" /><ent r="1000" t="54" w="3" /><ent r="102" t="54" w="7" /><ent r="4" t="54" w="44" /><ent r="64" t="54" w="100" /><ent r="1000" t="55" w="4" /><ent r="102" t="55" w="9" /><ent r="5" t="55" w="63" /><ent r="4" t="55" w="68" /><ent r="64" t="55" w="141" /><ent r="1000" t="56" w="1" /><ent r="102" t="56" w="5" /><ent r="3" t="56" w="10" /><ent r="3" t="56" w="44" /><ent r="64" t="58" w="140" /><ent r="5" t="58" w="179" /><ent r="64" t="58" w="306" /><ent r="64" t="58" w="310" /><ent r="1000" t="62" w="2" /><ent r="102" t="62" w="14" /><ent r="3" t="62" w="20" /><ent r="4" t="62" w="37" /><ent r="4" t="62" w="62" /><ent r="1000" t="63" w="2" /><ent r="102" t="63" w="11" /><ent r="64" t="63" w="65" /><ent r="64" t="63" w="86" /><ent r="64" t="63" w="109" /><ent r="64" t="63" w="113" /><ent r="66" t="64" w="53" /><ent r="3" t="64" w="222" /><ent r="3" t="64" w="243" /><ent r="64" t="64" w="248" /><ent r="65" t="65" w="30" /><ent r="64" t="66" w="141" /><ent r="64" t="67" w="38" /><ent r="64" t="69" w="163" /><ent r="1000" t="71" w="3" /><ent r="102" t="71" w="15" /><ent r="3" t="71" w="19" /><ent r="5" t="71" w="70" /><ent r="64" t="73" w="68" /><ent r="64" t="74" w="311" /><ent r="3" t="89" w="155" /><ent r="4" t="92" w="164" /><ent r="5" t="109" w="422" /><ent r="3" t="125" w="630" /><ent r="3" t="125" w="713" /><ent r="64" t="130" w="83" /><ent r="3" t="131" w="203" /><ent r="64" t="137" w="182" /><ent r="64" t="146" w="26" /><ent r="64" t="146" w="30" /><ent r="64" t="146" w="34" /><ent r="64" t="146" w="39" /><ent r="64" t="146" w="43" /><ent r="64" t="146" w="47" /><ent r="64" t="146" w="51" /><ent r="64" t="146" w="55" /><ent r="64" t="146" w="60" /><ent r="1000" t="147" w="2" /><ent r="102" t="147" w="6" /><ent r="100" t="147" w="10" /><ent r="100" t="147" w="15" /><ent r="3" t="147" w="19" /><ent r="4" t="147" w="72" /><ent r="1000" t="148" w="2" /><ent r="102" t="148" w="6" /><ent r="3" t="148" w="19" /><ent r="1000" t="149" w="2" /><ent r="102" t="149" w="6" /><ent r="100" t="149" w="10" /><ent r="100" t="149" w="15" /><ent r="3" t="149" w="19" /><ent r="1000" t="150" w="3" /><ent r="102" t="150" w="8" /><ent r="3" t="150" w="19" /><ent r="1000" t="151" w="2" /><ent r="100" t="151" w="6" /><ent r="100" t="151" w="11" /><ent r="102" t="151" w="14" /><ent r="3" t="151" w="19" /><ent r="4" t="151" w="75" /><ent r="1000" t="152" w="2" /><ent r="102" t="152" w="6" /><ent r="3" t="152" w="15" /><ent r="1000" t="153" w="2" /><ent r="102" t="153" w="6" /><ent r="3" t="153" w="16" /><ent r="1000" t="154" w="2" /><ent r="102" t="154" w="6" /><ent r="3" t="154" w="16" /><ent r="1000" t="155" w="3" /><ent r="102" t="155" w="8" /><ent r="100" t="155" w="13" /><ent r="100" t="155" w="19" /><ent r="3" t="155" w="24" /><ent r="3" t="155" w="242" /><ent r="4" t="158" w="55" /><ent r="4" t="158" w="58" /><ent r="92" t="158" w="763" /><ent r="3" t="158" w="767" /><ent r="4" t="158" w="785" /><ent r="92" t="158" w="848" /><ent r="3" t="158" w="852" /><ent r="64" t="158" w="878" /><ent r="3" t="158" w="886" /><ent r="64" t="158" w="896" /><ent r="1000" t="161" w="2" /><ent r="102" t="161" w="14" /><ent r="3" t="161" w="20" /><ent r="4" t="161" w="71" /><ent r="4" t="161" w="95" /><ent r="1000" t="162" w="2" /><ent r="102" t="162" w="14" /><ent r="3" t="162" w="19" /><ent r="3" t="162" w="41" /><ent r="3" t="162" w="53" /><ent r="4" t="162" w="60" /><ent r="4" t="162" w="84" /><ent r="1000" t="163" w="3" /><ent r="100" t="163" w="8" /><ent r="102" t="163" w="18" /><ent r="4" t="163" w="51" /><ent r="4" t="163" w="76" /><ent r="1000" t="164" w="3" /><ent r="100" t="164" w="8" /><ent r="100" t="164" w="14" /><ent r="102" t="164" w="18" /><ent r="3" t="164" w="25" /><ent r="4" t="164" w="67" /><ent r="4" t="164" w="92" /><ent r="1000" t="165" w="2" /><ent r="100" t="165" w="6" /><ent r="100" t="165" w="11" /><ent r="102" t="165" w="14" /><ent r="3" t="165" w="87" /><ent r="64" t="178" w="332" /><ent r="102" t="180" w="28" /><ent r="5" t="180" w="2726" /><ent r="5" t="181" w="705" /><ent r="5" t="181" w="871" /><ent r="5" t="182" w="1149" /><ent r="5" t="184" w="860" /><ent r="4" t="184" w="937" /><ent r="5" t="186" w="569" /><ent r="4" t="186" w="993" /></phr><phr n="layers"><ent r="6" t="11" w="133" /><ent r="4" t="28" w="222" /><ent r="4" t="44" w="390" /><ent r="3" t="48" w="70" /><ent r="100" t="53" w="12" /><ent r="3" t="53" w="25" /><ent r="4" t="53" w="144" /><ent r="4" t="55" w="88" /><ent r="100" t="57" w="10" /><ent r="100" t="57" w="13" /><ent r="100" t="57" w="15" /><ent r="100" t="57" w="18" /><ent r="3" t="77" w="140" /><ent r="3" t="77" w="202" /><ent r="3" t="87" w="123" /><ent r="3" t="89" w="62" /><ent r="3" t="93" w="56" /><ent r="4" t="106" w="170" /><ent r="4" t="107" w="112" /><ent r="4" t="108" w="125" /><ent r="4" t="109" w="126" /><ent r="3" t="109" w="300" /><ent r="3" t="109" w="302" /><ent r="3" t="109" w="305" /><ent r="3" t="109" w="537" /><ent r="3" t="125" w="640" /><ent r="3" t="137" w="155" /><ent r="5" t="143" w="226" /><ent r="4" t="144" w="80" /><ent r="100" t="146" w="7" /><ent r="3" t="146" w="23" /><ent r="4" t="147" w="119" /><ent r="4" t="148" w="119" /><ent r="3" t="148" w="196" /><ent r="4" t="149" w="133" /><ent r="4" t="150" w="130" /><ent r="4" t="151" w="121" /><ent r="4" t="152" w="121" /><ent r="4" t="153" w="115" /><ent r="4" t="154" w="118" /><ent r="3" t="154" w="234" /><ent r="4" t="155" w="126" /><ent r="3" t="155" w="210" /><ent r="3" t="158" w="52" /><ent r="3" t="169" w="90" /><ent r="100" t="174" w="4" /><ent r="100" t="174" w="8" /><ent r="3" t="174" w="27" /><ent r="3" t="174" w="30" /><ent r="3" t="174" w="44" /><ent r="3" t="174" w="53" /><ent r="3" t="174" w="77" /><ent r="3" t="174" w="97" /><ent r="3" t="174" w="112" /><ent r="4" t="174" w="123" /><ent r="4" t="174" w="137" /><ent r="64" t="175" w="29" /><ent r="3" t="179" w="1268" /><ent r="3" t="180" w="370" /><ent r="3" t="180" w="379" /><ent r="3" t="180" w="381" /><ent r="3" t="180" w="386" /><ent r="3" t="180" w="389" /><ent r="3" t="180" w="404" /><ent r="4" t="182" w="1053" /><ent r="4" t="186" w="111" /><ent r="4" t="186" w="210" /><ent r="4" t="237" w="82" /><ent r="3" t="237" w="92" /></phr><phr n="Layers"><ent r="4" t="44" w="384" /><ent r="5" t="48" w="139" /><ent r="4" t="48" w="157" /><ent r="1000" t="53" w="3" /><ent r="102" t="53" w="10" /><ent r="64" t="53" w="200" /><ent r="64" t="54" w="95" /><ent r="64" t="54" w="104" /><ent r="64" t="55" w="137" /><ent r="1000" t="57" w="3" /><ent r="102" t="57" w="7" /><ent r="64" t="58" w="303" /><ent r="64" t="63" w="106" /><ent r="3" t="109" w="529" /><ent r="66" t="143" w="213" /><ent r="1000" t="146" w="1" /><ent r="102" t="146" w="4" /><ent r="3" t="146" w="11" /><ent r="4" t="147" w="113" /><ent r="4" t="148" w="113" /><ent r="4" t="149" w="127" /><ent r="5" t="150" w="123" /><ent r="4" t="151" w="115" /><ent r="5" t="152" w="114" /><ent r="4" t="153" w="109" /><ent r="5" t="154" w="111" /><ent r="4" t="155" w="120" /><ent r="64" t="172" w="325" /><ent r="65" t="173" w="299" /><ent r="64" t="173" w="306" /><ent r="1000" t="174" w="2" /><ent r="102" t="174" w="11" /><ent r="4" t="174" w="117" /><ent r="4" t="182" w="1039" /><ent r="4" t="182" w="1042" /></phr></stem><stem n="toggl"><phr n="toggled"><ent r="3" t="1" w="261" /><ent r="3" t="4" w="59" /><ent r="3" t="98" w="74" /></phr><phr n="toggle"><ent r="4" t="1" w="309" /><ent r="4" t="1" w="357" /><ent r="4" t="4" w="164" /><ent r="4" t="4" w="214" /><ent r="7" t="6" w="30" /><ent r="7" t="6" w="43" /><ent r="7" t="6" w="56" /><ent r="7" t="6" w="81" /><ent r="7" t="6" w="93" /><ent r="7" t="8" w="119" /><ent r="4" t="50" w="268" /><ent r="3" t="77" w="130" /><ent r="3" t="86" w="19" /><ent r="3" t="86" w="31" /><ent r="7" t="90" w="196" /><ent r="4" t="141" w="44" /><ent r="3" t="142" w="339" /><ent r="4" t="179" w="375" /><ent r="4" t="179" w="425" /><ent r="4" t="180" w="526" /><ent r="4" t="180" w="576" /><ent r="3" t="180" w="2634" /><ent r="4" t="180" w="3015" /><ent r="4" t="181" w="237" /><ent r="4" t="181" w="287" /><ent r="4" t="182" w="200" /><ent r="4" t="182" w="250" /><ent r="4" t="182" w="1522" /><ent r="4" t="183" w="475" /><ent r="4" t="183" w="525" /><ent r="4" t="184" w="477" /><ent r="4" t="184" w="527" /><ent r="4" t="186" w="351" /><ent r="4" t="186" w="401" /><ent r="3" t="187" w="353" /><ent r="4" t="188" w="262" /><ent r="4" t="188" w="312" /><ent r="3" t="220" w="93" /><ent r="4" t="221" w="61" /><ent r="3" t="222" w="98" /><ent r="4" t="223" w="79" /><ent r="4" t="224" w="91" /><ent r="4" t="225" w="64" /></phr><phr n="Toggles"><ent r="6" t="7" w="282" /><ent r="6" t="13" w="89" /><ent r="5" t="13" w="102" /><ent r="5" t="13" w="119" /><ent r="7" t="13" w="135" /><ent r="4" t="53" w="56" /><ent r="5" t="90" w="230" /><ent r="5" t="90" w="256" /><ent r="5" t="90" w="270" /><ent r="6" t="230" w="391" /><ent r="7" t="242" w="60" /><ent r="7" t="242" w="72" /></phr><phr n="Toggle"><ent r="7" t="8" w="68" /><ent r="7" t="8" w="171" /><ent r="5" t="176" w="231" /><ent r="5" t="182" w="1518" /><ent r="5" t="226" w="334" /></phr><phr n="toggles"><ent r="7" t="8" w="81" /><ent r="7" t="8" w="103" /><ent r="7" t="10" w="86" /><ent r="3" t="57" w="83" /><ent r="3" t="62" w="175" /><ent r="4" t="165" w="760" /></phr></stem><stem n="off"><phr n="off"><ent r="3" t="1" w="264" /><ent r="4" t="1" w="313" /><ent r="4" t="1" w="361" /><ent r="3" t="4" w="62" /><ent r="4" t="4" w="168" /><ent r="4" t="4" w="218" /><ent r="5" t="6" w="133" /><ent r="5" t="6" w="135" /><ent r="7" t="8" w="137" /><ent r="7" t="10" w="101" /><ent r="3" t="38" w="131" /><ent r="100" t="41" w="11" /><ent r="3" t="41" w="15" /><ent r="3" t="49" w="590" /><ent r="3" t="56" w="64" /><ent r="3" t="57" w="89" /><ent r="3" t="77" w="133" /><ent r="3" t="86" w="135" /><ent r="3" t="86" w="141" /><ent r="3" t="98" w="55" /><ent r="3" t="98" w="75" /><ent r="4" t="109" w="402" /><ent r="3" t="115" w="367" /><ent r="3" t="115" w="376" /><ent r="4" t="141" w="49" /><ent r="3" t="142" w="344" /><ent r="3" t="142" w="553" /><ent r="3" t="164" w="47" /><ent r="3" t="164" w="182" /><ent r="4" t="179" w="379" /><ent r="4" t="179" w="429" /><ent r="3" t="180" w="373" /><ent r="4" t="180" w="530" /><ent r="4" t="180" w="580" /><ent r="3" t="180" w="702" /><ent r="3" t="180" w="2639" /><ent r="4" t="180" w="3016" /><ent r="4" t="181" w="241" /><ent r="4" t="181" w="291" /><ent r="4" t="182" w="204" /><ent r="4" t="182" w="254" /><ent r="4" t="183" w="479" /><ent r="4" t="183" w="529" /><ent r="4" t="184" w="481" /><ent r="4" t="184" w="531" /><ent r="4" t="186" w="355" /><ent r="4" t="186" w="405" /><ent r="3" t="187" w="357" /><ent r="4" t="188" w="266" /><ent r="4" t="188" w="316" /><ent r="7" t="242" w="63" /><ent r="7" t="242" w="75" /></phr><phr n="Off"><ent r="66" t="6" w="147" /><ent r="3" t="38" w="139" /><ent r="1000" t="41" w="3" /><ent r="102" t="41" w="7" /><ent r="3" t="41" w="31" /><ent r="3" t="56" w="72" /><ent r="92" t="98" w="50" /><ent r="92" t="180" w="675" /></phr></stem></index>