﻿<?xml version="1.0" encoding="utf-8"?><index><stem n="chang"><phr n="change"><ent r="3" t="2" w="144" /><ent r="7" t="8" w="201" /><ent r="7" t="8" w="218" /><ent r="7" t="9" w="34" /><ent r="7" t="9" w="56" /><ent r="7" t="10" w="71" /><ent r="7" t="11" w="202" /><ent r="7" t="11" w="220" /><ent r="7" t="11" w="267" /><ent r="7" t="11" w="282" /><ent r="7" t="11" w="296" /><ent r="7" t="11" w="310" /><ent r="3" t="18" w="92" /><ent r="3" t="47" w="147" /><ent r="4" t="47" w="191" /><ent r="4" t="47" w="222" /><ent r="3" t="47" w="286" /><ent r="3" t="47" w="336" /><ent r="100" t="61" w="9" /><ent r="3" t="61" w="17" /><ent r="3" t="62" w="23" /><ent r="3" t="62" w="78" /><ent r="3" t="62" w="101" /><ent r="3" t="65" w="182" /><ent r="3" t="65" w="210" /><ent r="4" t="65" w="251" /><ent r="3" t="66" w="62" /><ent r="3" t="66" w="67" /><ent r="3" t="67" w="167" /><ent r="3" t="67" w="216" /><ent r="100" t="72" w="5" /><ent r="3" t="72" w="19" /><ent r="3" t="74" w="218" /><ent r="3" t="74" w="262" /><ent r="3" t="76" w="120" /><ent r="3" t="77" w="211" /><ent r="3" t="80" w="63" /><ent r="4" t="80" w="211" /><ent r="4" t="81" w="272" /><ent r="3" t="81" w="386" /><ent r="3" t="81" w="417" /><ent r="3" t="81" w="470" /><ent r="3" t="86" w="161" /><ent r="6" t="90" w="425" /><ent r="7" t="90" w="700" /><ent r="3" t="92" w="38" /><ent r="3" t="95" w="19" /><ent r="4" t="99" w="83" /><ent r="3" t="100" w="164" /><ent r="3" t="101" w="167" /><ent r="3" t="120" w="121" /><ent r="3" t="120" w="127" /><ent r="3" t="122" w="190" /><ent r="3" t="125" w="595" /><ent r="3" t="128" w="180" /><ent r="3" t="128" w="209" /><ent r="3" t="129" w="387" /><ent r="3" t="136" w="32" /><ent r="3" t="142" w="51" /><ent r="3" t="148" w="200" /><ent r="3" t="149" w="157" /><ent r="3" t="154" w="238" /><ent r="4" t="155" w="134" /><ent r="3" t="155" w="214" /><ent r="3" t="156" w="303" /><ent r="4" t="156" w="566" /><ent r="4" t="156" w="611" /><ent r="3" t="157" w="283" /><ent r="4" t="157" w="539" /><ent r="4" t="157" w="584" /><ent r="3" t="158" w="280" /><ent r="4" t="158" w="536" /><ent r="4" t="158" w="581" /><ent r="3" t="160" w="190" /><ent r="3" t="160" w="227" /><ent r="3" t="161" w="23" /><ent r="3" t="161" w="128" /><ent r="3" t="161" w="162" /><ent r="3" t="161" w="193" /><ent r="3" t="164" w="28" /><ent r="3" t="164" w="109" /><ent r="3" t="164" w="131" /><ent r="4" t="167" w="465" /><ent r="4" t="167" w="627" /><ent r="3" t="167" w="689" /><ent r="4" t="167" w="705" /><ent r="3" t="167" w="758" /><ent r="4" t="167" w="892" /><ent r="3" t="167" w="999" /><ent r="4" t="176" w="340" /><ent r="4" t="179" w="871" /><ent r="4" t="179" w="1412" /><ent r="4" t="179" w="1675" /><ent r="3" t="179" w="1742" /><ent r="4" t="179" w="1939" /><ent r="3" t="180" w="374" /><ent r="4" t="180" w="1895" /><ent r="4" t="180" w="3109" /><ent r="3" t="181" w="127" /><ent r="3" t="183" w="48" /><ent r="3" t="183" w="1028" /><ent r="4" t="184" w="685" /><ent r="4" t="184" w="1069" /><ent r="3" t="186" w="652" /><ent r="4" t="186" w="782" /><ent r="3" t="186" w="799" /><ent r="4" t="187" w="1120" /><ent r="7" t="187" w="1157" /><ent r="4" t="187" w="1349" /><ent r="3" t="188" w="736" /><ent r="3" t="188" w="997" /><ent r="4" t="188" w="1157" /><ent r="5" t="190" w="273" /><ent r="3" t="213" w="103" /><ent r="3" t="213" w="172" /><ent r="4" t="213" w="267" /><ent r="3" t="213" w="420" /><ent r="4" t="213" w="666" /><ent r="4" t="213" w="711" /><ent r="3" t="226" w="51" /><ent r="4" t="227" w="136" /></phr><phr n="changes"><ent r="7" t="5" w="184" /><ent r="7" t="5" w="233" /><ent r="7" t="8" w="225" /><ent r="3" t="62" w="221" /><ent r="4" t="74" w="119" /><ent r="3" t="74" w="338" /><ent r="4" t="81" w="113" /><ent r="3" t="81" w="122" /><ent r="5" t="90" w="380" /><ent r="3" t="106" w="266" /><ent r="3" t="107" w="144" /><ent r="3" t="108" w="163" /><ent r="3" t="109" w="163" /><ent r="3" t="121" w="68" /><ent r="3" t="123" w="86" /><ent r="3" t="125" w="605" /><ent r="3" t="143" w="309" /><ent r="3" t="144" w="117" /><ent r="3" t="145" w="282" /><ent r="3" t="147" w="254" /><ent r="3" t="148" w="238" /><ent r="3" t="149" w="218" /><ent r="3" t="150" w="209" /><ent r="3" t="151" w="218" /><ent r="3" t="152" w="168" /><ent r="3" t="153" w="166" /><ent r="3" t="154" w="158" /><ent r="3" t="155" w="275" /><ent r="3" t="156" w="186" /><ent r="3" t="157" w="162" /><ent r="4" t="158" w="156" /><ent r="3" t="158" w="196" /><ent r="3" t="159" w="200" /><ent r="3" t="160" w="99" /><ent r="3" t="161" w="272" /><ent r="3" t="162" w="201" /><ent r="3" t="163" w="135" /><ent r="3" t="164" w="231" /><ent r="3" t="165" w="166" /><ent r="3" t="169" w="633" /><ent r="3" t="173" w="162" /><ent r="3" t="173" w="174" /><ent r="4" t="179" w="1585" /><ent r="4" t="179" w="1828" /><ent r="4" t="179" w="1841" /><ent r="4" t="179" w="1872" /><ent r="3" t="179" w="2010" /><ent r="3" t="180" w="342" /><ent r="3" t="180" w="1453" /><ent r="3" t="180" w="2508" /><ent r="4" t="181" w="954" /><ent r="3" t="182" w="43" /><ent r="3" t="182" w="939" /><ent r="3" t="182" w="950" /><ent r="4" t="187" w="1249" /><ent r="4" t="188" w="1187" /><ent r="3" t="192" w="71" /><ent r="3" t="195" w="225" /><ent r="3" t="229" w="167" /></phr><phr n="Change"><ent r="68" t="8" w="207" /><ent r="6" t="14" w="252" /><ent r="64" t="16" w="35" /><ent r="4" t="47" w="205" /><ent r="5" t="47" w="235" /><ent r="5" t="47" w="300" /><ent r="1000" t="61" w="1" /><ent r="102" t="61" w="11" /><ent r="1000" t="66" w="1" /><ent r="100" t="66" w="10" /><ent r="102" t="66" w="15" /><ent r="4" t="70" w="204" /><ent r="1000" t="72" w="1" /><ent r="102" t="72" w="9" /><ent r="3" t="72" w="13" /><ent r="5" t="72" w="96" /><ent r="4" t="72" w="103" /><ent r="92" t="129" w="381" /><ent r="4" t="180" w="2912" /><ent r="4" t="180" w="2933" /><ent r="4" t="181" w="880" /><ent r="4" t="181" w="947" /><ent r="4" t="183" w="75" /><ent r="4" t="184" w="920" /><ent r="4" t="187" w="64" /><ent r="4" t="187" w="549" /><ent r="92" t="187" w="1224" /><ent r="4" t="188" w="93" /><ent r="92" t="188" w="1077" /><ent r="66" t="190" w="283" /></phr><phr n="changed"><ent r="3" t="21" w="398" /><ent r="3" t="73" w="63" /><ent r="3" t="110" w="268" /><ent r="3" t="125" w="304" /><ent r="3" t="237" w="115" /></phr><phr n="Changing"><ent r="6" t="106" w="50" /><ent r="6" t="108" w="46" /><ent r="6" t="109" w="47" /><ent r="6" t="143" w="57" /><ent r="6" t="147" w="44" /><ent r="6" t="148" w="44" /><ent r="6" t="149" w="44" /><ent r="6" t="150" w="51" /><ent r="6" t="151" w="47" /><ent r="6" t="152" w="43" /><ent r="6" t="153" w="40" /><ent r="6" t="154" w="40" /><ent r="6" t="155" w="50" /><ent r="4" t="181" w="1350" /><ent r="3" t="213" w="414" /><ent r="6" t="229" w="44" /></phr><phr n="changing"><ent r="3" t="106" w="198" /><ent r="3" t="179" w="1452" /><ent r="4" t="181" w="1513" /></phr></stem><stem n="instruct"><phr n="instructions"><ent r="3" t="2" w="149" /><ent r="3" t="142" w="320" /><ent r="3" t="226" w="56" /></phr></stem><stem n="what"><phr n="What"><ent r="6" t="3" w="13" /><ent r="7" t="5" w="15" /><ent r="7" t="6" w="15" /><ent r="6" t="7" w="16" /><ent r="7" t="8" w="50" /><ent r="7" t="9" w="15" /><ent r="7" t="10" w="60" /><ent r="7" t="11" w="92" /><ent r="7" t="12" w="20" /><ent r="7" t="13" w="48" /><ent r="6" t="39" w="69" /><ent r="6" t="59" w="63" /><ent r="6" t="90" w="125" /><ent r="6" t="116" w="19" /><ent r="6" t="169" w="480" /><ent r="6" t="239" w="54" /><ent r="6" t="240" w="57" /><ent r="6" t="241" w="54" /><ent r="6" t="242" w="42" /></phr><phr n="what"><ent r="3" t="44" w="72" /><ent r="3" t="47" w="135" /><ent r="4" t="105" w="45" /><ent r="3" t="106" w="91" /><ent r="3" t="107" w="22" /><ent r="4" t="109" w="452" /><ent r="4" t="110" w="354" /><ent r="4" t="110" w="360" /><ent r="3" t="179" w="1290" /><ent r="3" t="183" w="134" /><ent r="3" t="184" w="124" /><ent r="3" t="187" w="168" /><ent r="4" t="197" w="145" /><ent r="7" t="199" w="580" /><ent r="3" t="208" w="254" /><ent r="3" t="208" w="263" /></phr></stem><stem n="doe"><phr n="does"><ent r="6" t="3" w="15" /><ent r="7" t="5" w="17" /><ent r="7" t="6" w="17" /><ent r="6" t="7" w="18" /><ent r="7" t="8" w="52" /><ent r="7" t="9" w="17" /><ent r="7" t="10" w="62" /><ent r="7" t="11" w="94" /><ent r="7" t="12" w="22" /><ent r="7" t="13" w="50" /><ent r="3" t="22" w="25" /><ent r="6" t="39" w="71" /><ent r="6" t="59" w="65" /><ent r="3" t="63" w="71" /><ent r="4" t="86" w="64" /><ent r="3" t="90" w="88" /><ent r="6" t="90" w="127" /><ent r="4" t="91" w="198" /><ent r="4" t="91" w="305" /><ent r="4" t="92" w="70" /><ent r="3" t="93" w="52" /><ent r="3" t="93" w="114" /><ent r="4" t="94" w="54" /><ent r="4" t="97" w="53" /><ent r="3" t="100" w="67" /><ent r="6" t="106" w="53" /><ent r="6" t="108" w="49" /><ent r="4" t="108" w="232" /><ent r="6" t="109" w="50" /><ent r="6" t="116" w="21" /><ent r="3" t="123" w="484" /><ent r="6" t="143" w="60" /><ent r="6" t="147" w="47" /><ent r="6" t="148" w="47" /><ent r="6" t="149" w="47" /><ent r="6" t="150" w="54" /><ent r="6" t="151" w="50" /><ent r="6" t="152" w="46" /><ent r="6" t="153" w="43" /><ent r="6" t="154" w="43" /><ent r="6" t="155" w="53" /><ent r="3" t="156" w="518" /><ent r="3" t="157" w="491" /><ent r="3" t="157" w="990" /><ent r="3" t="158" w="488" /><ent r="6" t="169" w="482" /><ent r="3" t="178" w="129" /><ent r="3" t="179" w="109" /><ent r="3" t="179" w="1739" /><ent r="3" t="183" w="332" /><ent r="3" t="184" w="319" /><ent r="4" t="187" w="1347" /><ent r="3" t="187" w="1508" /><ent r="3" t="187" w="1527" /><ent r="3" t="187" w="1696" /><ent r="3" t="192" w="107" /><ent r="3" t="193" w="91" /><ent r="3" t="195" w="596" /><ent r="3" t="197" w="58" /><ent r="3" t="213" w="418" /><ent r="3" t="213" w="618" /><ent r="3" t="217" w="218" /><ent r="6" t="229" w="47" /></phr><phr n="Does"><ent r="6" t="239" w="56" /><ent r="6" t="240" w="59" /><ent r="6" t="241" w="56" /><ent r="6" t="242" w="44" /></phr></stem><stem n="middl"><phr n="Middle"><ent r="6" t="3" w="17" /><ent r="5" t="3" w="35" /><ent r="3" t="64" w="184" /></phr><phr n="middle"><ent r="3" t="37" w="21" /><ent r="4" t="37" w="66" /><ent r="3" t="64" w="186" /><ent r="3" t="179" w="891" /><ent r="3" t="179" w="1623" /><ent r="4" t="180" w="3033" /><ent r="4" t="181" w="618" /><ent r="4" t="181" w="660" /><ent r="4" t="184" w="898" /></phr></stem><stem n="press"><phr n="pressed"><ent r="5" t="3" w="20" /></phr><phr n="press"><ent r="3" t="18" w="70" /><ent r="3" t="32" w="135" /><ent r="3" t="70" w="95" /><ent r="3" t="70" w="280" /><ent r="3" t="74" w="332" /><ent r="3" t="94" w="127" /><ent r="3" t="100" w="143" /><ent r="3" t="101" w="146" /><ent r="3" t="103" w="66" /><ent r="4" t="176" w="221" /><ent r="3" t="213" w="150" /><ent r="4" t="227" w="232" /><ent r="4" t="228" w="151" /><ent r="3" t="228" w="165" /><ent r="3" t="228" w="174" /></phr><phr n="Press"><ent r="4" t="44" w="516" /><ent r="3" t="51" w="64" /><ent r="3" t="120" w="40" /><ent r="4" t="128" w="153" /><ent r="4" t="180" w="1505" /><ent r="4" t="180" w="1640" /><ent r="3" t="181" w="1431" /><ent r="3" t="188" w="1500" /><ent r="3" t="188" w="1538" /></phr><phr n="pressing"><ent r="4" t="180" w="1944" /><ent r="3" t="228" w="171" /></phr></stem><stem n="(pressed)"><phr n="(pressed)"><ent r="5" t="3" w="21" /></phr></stem><stem n="zoom"><phr n="Zooms"><ent r="6" t="3" w="22" /><ent r="6" t="3" w="59" /><ent r="6" t="3" w="87" /><ent r="7" t="242" w="97" /><ent r="7" t="242" w="112" /></phr><phr n="Zoom"><ent r="5" t="3" w="75" /><ent r="5" t="3" w="103" /><ent r="6" t="7" w="23" /><ent r="67" t="7" w="26" /><ent r="6" t="7" w="28" /><ent r="67" t="7" w="31" /><ent r="6" t="7" w="33" /><ent r="67" t="7" w="46" /><ent r="6" t="7" w="48" /><ent r="67" t="7" w="61" /><ent r="6" t="7" w="63" /><ent r="67" t="7" w="79" /><ent r="7" t="7" w="81" /><ent r="68" t="7" w="107" /><ent r="6" t="7" w="109" /><ent r="67" t="7" w="113" /><ent r="6" t="7" w="115" /><ent r="67" t="7" w="121" /><ent r="6" t="38" w="66" /><ent r="67" t="38" w="74" /><ent r="6" t="38" w="76" /><ent r="67" t="38" w="84" /><ent r="6" t="38" w="86" /><ent r="67" t="38" w="92" /><ent r="1000" t="40" w="1" /><ent r="102" t="40" w="5" /><ent r="3" t="40" w="8" /><ent r="3" t="40" w="36" /><ent r="4" t="40" w="54" /><ent r="5" t="40" w="203" /><ent r="4" t="47" w="308" /><ent r="3" t="49" w="490" /><ent r="4" t="81" w="539" /><ent r="7" t="90" w="297" /><ent r="67" t="90" w="308" /><ent r="5" t="90" w="367" /><ent r="5" t="90" w="396" /><ent r="5" t="91" w="72" /><ent r="1000" t="97" w="2" /><ent r="102" t="97" w="5" /><ent r="5" t="97" w="69" /><ent r="4" t="97" w="74" /><ent r="4" t="106" w="245" /><ent r="92" t="108" w="243" /><ent r="4" t="108" w="249" /><ent r="5" t="108" w="259" /><ent r="5" t="109" w="198" /><ent r="5" t="109" w="211" /><ent r="4" t="109" w="219" /><ent r="5" t="116" w="189" /><ent r="5" t="116" w="192" /><ent r="5" t="116" w="195" /><ent r="4" t="173" w="84" /><ent r="4" t="173" w="234" /><ent r="4" t="176" w="318" /><ent r="4" t="176" w="320" /><ent r="5" t="179" w="625" /><ent r="3" t="179" w="634" /><ent r="3" t="179" w="784" /><ent r="4" t="179" w="806" /><ent r="3" t="179" w="839" /><ent r="4" t="179" w="861" /><ent r="4" t="179" w="866" /><ent r="4" t="179" w="904" /><ent r="4" t="179" w="911" /><ent r="4" t="179" w="1574" /><ent r="4" t="179" w="1608" /><ent r="3" t="179" w="1753" /><ent r="4" t="180" w="825" /><ent r="4" t="180" w="1237" /><ent r="4" t="180" w="1803" /><ent r="4" t="180" w="1836" /><ent r="4" t="180" w="2354" /><ent r="4" t="180" w="2600" /><ent r="4" t="180" w="3040" /><ent r="3" t="180" w="3059" /><ent r="4" t="181" w="628" /><ent r="4" t="181" w="647" /><ent r="4" t="181" w="656" /><ent r="4" t="182" w="391" /><ent r="4" t="182" w="450" /><ent r="4" t="182" w="1126" /><ent r="3" t="184" w="779" /><ent r="4" t="184" w="884" /><ent r="4" t="186" w="691" /><ent r="5" t="226" w="341" /><ent r="5" t="226" w="343" /><ent r="5" t="226" w="349" /><ent r="5" t="226" w="351" /><ent r="5" t="226" w="358" /><ent r="5" t="226" w="360" /><ent r="5" t="226" w="368" /><ent r="5" t="226" w="370" /><ent r="5" t="226" w="377" /><ent r="5" t="226" w="379" /><ent r="7" t="242" w="94" /><ent r="7" t="242" w="109" /><ent r="7" t="242" w="123" /></phr><phr n="zoomed"><ent r="6" t="3" w="122" /><ent r="4" t="49" w="478" /><ent r="3" t="49" w="523" /><ent r="4" t="108" w="267" /><ent r="4" t="108" w="285" /><ent r="4" t="156" w="849" /><ent r="3" t="177" w="132" /><ent r="3" t="179" w="711" /><ent r="3" t="179" w="726" /><ent r="3" t="179" w="1652" /><ent r="4" t="179" w="1681" /><ent r="4" t="179" w="1704" /><ent r="3" t="183" w="747" /></phr><phr n="zoom"><ent r="6" t="7" w="44" /><ent r="6" t="7" w="59" /><ent r="6" t="7" w="70" /><ent r="7" t="7" w="90" /><ent r="6" t="11" w="347" /><ent r="100" t="40" w="3" /><ent r="3" t="40" w="17" /><ent r="3" t="40" w="26" /><ent r="3" t="40" w="59" /><ent r="3" t="40" w="82" /><ent r="4" t="40" w="91" /><ent r="4" t="40" w="116" /><ent r="4" t="40" w="224" /><ent r="3" t="40" w="229" /><ent r="3" t="40" w="234" /><ent r="3" t="40" w="244" /><ent r="3" t="40" w="249" /><ent r="3" t="47" w="152" /><ent r="3" t="47" w="288" /><ent r="5" t="47" w="301" /><ent r="3" t="47" w="328" /><ent r="3" t="48" w="56" /><ent r="3" t="48" w="188" /><ent r="4" t="48" w="296" /><ent r="64" t="49" w="64" /><ent r="3" t="49" w="558" /><ent r="3" t="49" w="584" /><ent r="3" t="49" w="615" /><ent r="3" t="58" w="268" /><ent r="3" t="81" w="548" /><ent r="4" t="81" w="554" /><ent r="4" t="81" w="589" /><ent r="64" t="82" w="63" /><ent r="64" t="87" w="189" /><ent r="7" t="90" w="304" /><ent r="5" t="90" w="374" /><ent r="5" t="90" w="383" /><ent r="5" t="90" w="408" /><ent r="5" t="90" w="413" /><ent r="4" t="91" w="79" /><ent r="100" t="97" w="8" /><ent r="100" t="97" w="10" /><ent r="3" t="97" w="20" /><ent r="4" t="105" w="35" /><ent r="3" t="106" w="32" /><ent r="3" t="106" w="110" /><ent r="3" t="108" w="256" /><ent r="4" t="108" w="291" /><ent r="4" t="109" w="209" /><ent r="4" t="109" w="225" /><ent r="4" t="109" w="229" /><ent r="4" t="109" w="458" /><ent r="4" t="109" w="549" /><ent r="4" t="109" w="564" /><ent r="3" t="134" w="41" /><ent r="4" t="173" w="230" /><ent r="4" t="173" w="256" /><ent r="4" t="173" w="273" /><ent r="4" t="175" w="70" /><ent r="4" t="175" w="73" /><ent r="4" t="179" w="63" /><ent r="3" t="179" w="121" /><ent r="3" t="179" w="847" /><ent r="4" t="179" w="872" /><ent r="4" t="179" w="878" /><ent r="3" t="179" w="896" /><ent r="4" t="179" w="918" /><ent r="4" t="179" w="932" /><ent r="3" t="179" w="1611" /><ent r="3" t="179" w="2386" /><ent r="3" t="180" w="345" /><ent r="3" t="180" w="1073" /><ent r="4" t="180" w="1851" /><ent r="4" t="180" w="2575" /><ent r="4" t="180" w="2751" /><ent r="4" t="182" w="1682" /><ent r="4" t="182" w="1690" /><ent r="3" t="183" w="1017" /></phr><phr n="zooms"><ent r="3" t="81" w="565" /><ent r="3" t="81" w="577" /><ent r="3" t="81" w="601" /><ent r="3" t="81" w="610" /><ent r="3" t="179" w="673" /><ent r="4" t="180" w="2595" /><ent r="4" t="181" w="582" /></phr><phr n="Zoomed"><ent r="5" t="109" w="446" /></phr><phr n="Zooming"><ent r="92" t="109" w="488" /><ent r="5" t="109" w="543" /><ent r="5" t="109" w="558" /><ent r="5" t="156" w="814" /><ent r="5" t="156" w="828" /></phr></stem><stem n="point"><phr n="point"><ent r="6" t="3" w="24" /><ent r="5" t="3" w="49" /><ent r="6" t="3" w="64" /><ent r="6" t="3" w="92" /><ent r="6" t="7" w="119" /><ent r="7" t="8" w="108" /><ent r="7" t="10" w="74" /><ent r="7" t="10" w="92" /><ent r="7" t="13" w="141" /><ent r="3" t="21" w="185" /><ent r="4" t="40" w="122" /><ent r="4" t="40" w="142" /><ent r="7" t="59" w="108" /><ent r="7" t="59" w="171" /><ent r="3" t="82" w="12" /><ent r="3" t="83" w="26" /><ent r="4" t="83" w="194" /><ent r="3" t="83" w="200" /><ent r="3" t="83" w="222" /><ent r="4" t="83" w="246" /><ent r="4" t="83" w="284" /><ent r="4" t="83" w="301" /><ent r="4" t="83" w="318" /><ent r="3" t="84" w="61" /><ent r="3" t="110" w="72" /><ent r="3" t="155" w="209" /><ent r="3" t="164" w="36" /><ent r="3" t="167" w="648" /><ent r="3" t="167" w="717" /><ent r="4" t="172" w="269" /><ent r="4" t="172" w="302" /><ent r="3" t="173" w="31" /><ent r="3" t="173" w="36" /><ent r="3" t="173" w="62" /><ent r="3" t="173" w="80" /><ent r="4" t="173" w="194" /><ent r="3" t="173" w="208" /><ent r="4" t="173" w="226" /><ent r="4" t="173" w="250" /><ent r="4" t="173" w="263" /><ent r="3" t="180" w="157" /><ent r="4" t="180" w="2789" /><ent r="3" t="182" w="676" /><ent r="3" t="182" w="723" /><ent r="3" t="182" w="731" /><ent r="3" t="182" w="760" /><ent r="4" t="182" w="804" /><ent r="4" t="182" w="812" /><ent r="3" t="182" w="832" /><ent r="3" t="182" w="835" /><ent r="3" t="182" w="866" /><ent r="3" t="182" w="976" /><ent r="3" t="182" w="1073" /><ent r="4" t="182" w="1665" /><ent r="3" t="183" w="205" /><ent r="3" t="183" w="212" /><ent r="3" t="183" w="215" /><ent r="3" t="184" w="194" /><ent r="3" t="184" w="201" /><ent r="3" t="184" w="204" /><ent r="4" t="184" w="954" /><ent r="4" t="184" w="967" /><ent r="4" t="184" w="986" /><ent r="3" t="184" w="1291" /><ent r="3" t="184" w="1294" /><ent r="7" t="190" w="104" /><ent r="7" t="190" w="140" /><ent r="4" t="197" w="98" /><ent r="4" t="197" w="103" /><ent r="3" t="197" w="171" /><ent r="3" t="197" w="190" /><ent r="7" t="199" w="213" /><ent r="7" t="199" w="221" /><ent r="7" t="199" w="349" /><ent r="100" t="238" w="152" /><ent r="3" t="238" w="159" /><ent r="3" t="238" w="446" /><ent r="6" t="243" w="48" /><ent r="6" t="243" w="61" /><ent r="6" t="243" w="73" /><ent r="6" t="243" w="86" /><ent r="6" t="243" w="98" /><ent r="6" t="243" w="111" /><ent r="6" t="243" w="123" /><ent r="6" t="243" w="136" /><ent r="5" t="243" w="149" /><ent r="5" t="243" w="161" /><ent r="5" t="243" w="173" /><ent r="5" t="243" w="186" /><ent r="6" t="243" w="197" /><ent r="6" t="243" w="209" /><ent r="6" t="243" w="382" /><ent r="6" t="243" w="401" /><ent r="6" t="243" w="419" /><ent r="6" t="243" w="438" /><ent r="6" t="243" w="456" /><ent r="6" t="243" w="475" /><ent r="6" t="243" w="493" /><ent r="6" t="243" w="512" /><ent r="5" t="243" w="531" /><ent r="5" t="243" w="549" /><ent r="5" t="243" w="567" /><ent r="5" t="243" w="586" /><ent r="6" t="243" w="604" /><ent r="6" t="243" w="622" /></phr><phr n="Point"><ent r="3" t="4" w="103" /><ent r="64" t="4" w="239" /><ent r="7" t="8" w="90" /><ent r="1000" t="10" w="2" /><ent r="100" t="10" w="6" /><ent r="100" t="10" w="11" /><ent r="102" t="10" w="14" /><ent r="4" t="10" w="21" /><ent r="4" t="10" w="30" /><ent r="3" t="10" w="48" /><ent r="7" t="10" w="65" /><ent r="7" t="10" w="112" /><ent r="7" t="10" w="120" /><ent r="68" t="10" w="125" /><ent r="7" t="13" w="133" /><ent r="4" t="21" w="141" /><ent r="4" t="21" w="143" /><ent r="5" t="40" w="111" /><ent r="5" t="40" w="207" /><ent r="4" t="55" w="95" /><ent r="3" t="73" w="10" /><ent r="3" t="74" w="14" /><ent r="64" t="82" w="80" /><ent r="64" t="82" w="84" /><ent r="1000" t="83" w="2" /><ent r="100" t="83" w="6" /><ent r="102" t="83" w="10" /><ent r="3" t="83" w="15" /><ent r="3" t="83" w="56" /><ent r="3" t="83" w="98" /><ent r="64" t="83" w="105" /><ent r="3" t="83" w="111" /><ent r="4" t="83" w="126" /><ent r="3" t="83" w="132" /><ent r="3" t="84" w="20" /><ent r="65" t="84" w="69" /><ent r="64" t="146" w="59" /><ent r="1000" t="155" w="2" /><ent r="102" t="155" w="7" /><ent r="100" t="155" w="12" /><ent r="100" t="155" w="18" /><ent r="3" t="155" w="23" /><ent r="4" t="155" w="78" /><ent r="5" t="155" w="130" /><ent r="3" t="155" w="241" /><ent r="1000" t="164" w="2" /><ent r="100" t="164" w="7" /><ent r="100" t="164" w="13" /><ent r="102" t="164" w="17" /><ent r="3" t="164" w="24" /><ent r="4" t="164" w="66" /><ent r="4" t="164" w="84" /><ent r="3" t="164" w="101" /><ent r="4" t="171" w="164" /><ent r="5" t="172" w="223" /><ent r="3" t="172" w="235" /><ent r="3" t="172" w="256" /><ent r="3" t="172" w="318" /><ent r="3" t="172" w="336" /><ent r="3" t="181" w="741" /><ent r="4" t="182" w="669" /><ent r="4" t="182" w="772" /><ent r="92" t="182" w="817" /><ent r="4" t="182" w="985" /><ent r="4" t="182" w="999" /><ent r="3" t="184" w="1190" /><ent r="3" t="184" w="1205" /><ent r="3" t="184" w="1208" /></phr><phr n="points"><ent r="7" t="8" w="101" /><ent r="3" t="13" w="24" /><ent r="3" t="21" w="191" /><ent r="7" t="59" w="77" /><ent r="7" t="59" w="87" /><ent r="7" t="59" w="140" /><ent r="7" t="59" w="153" /><ent r="4" t="72" w="73" /><ent r="100" t="82" w="5" /><ent r="3" t="82" w="35" /><ent r="3" t="82" w="51" /><ent r="3" t="82" w="56" /><ent r="3" t="82" w="73" /><ent r="3" t="83" w="22" /><ent r="3" t="83" w="35" /><ent r="3" t="83" w="42" /><ent r="3" t="83" w="47" /><ent r="3" t="83" w="257" /><ent r="3" t="83" w="290" /><ent r="100" t="84" w="6" /><ent r="100" t="84" w="11" /><ent r="3" t="84" w="31" /><ent r="3" t="84" w="50" /><ent r="4" t="84" w="92" /><ent r="4" t="84" w="101" /><ent r="4" t="104" w="189" /><ent r="3" t="155" w="36" /><ent r="4" t="172" w="206" /><ent r="100" t="173" w="7" /><ent r="3" t="173" w="26" /><ent r="3" t="173" w="50" /><ent r="100" t="173" w="73" /><ent r="4" t="173" w="278" /><ent r="3" t="177" w="20" /><ent r="3" t="177" w="32" /><ent r="3" t="179" w="742" /><ent r="3" t="180" w="152" /><ent r="3" t="180" w="973" /><ent r="3" t="180" w="983" /><ent r="4" t="180" w="2992" /><ent r="3" t="182" w="849" /><ent r="3" t="183" w="191" /><ent r="3" t="183" w="193" /><ent r="3" t="183" w="222" /><ent r="3" t="183" w="304" /><ent r="3" t="184" w="181" /><ent r="3" t="184" w="183" /><ent r="3" t="184" w="211" /><ent r="3" t="184" w="291" /><ent r="3" t="184" w="811" /><ent r="3" t="184" w="823" /><ent r="3" t="184" w="835" /><ent r="7" t="190" w="73" /><ent r="7" t="190" w="86" /><ent r="7" t="190" w="119" /><ent r="7" t="190" w="155" /><ent r="5" t="190" w="225" /><ent r="5" t="190" w="240" /><ent r="4" t="197" w="127" /><ent r="4" t="197" w="136" /><ent r="4" t="197" w="157" /><ent r="4" t="197" w="165" /><ent r="3" t="197" w="176" /></phr><phr n="Points"><ent r="4" t="22" w="189" /><ent r="4" t="22" w="195" /><ent r="1000" t="82" w="2" /><ent r="102" t="82" w="8" /><ent r="64" t="82" w="89" /><ent r="1000" t="84" w="3" /><ent r="102" t="84" w="15" /><ent r="3" t="110" w="32" /><ent r="64" t="172" w="344" /><ent r="1000" t="173" w="3" /><ent r="102" t="173" w="11" /><ent r="3" t="180" w="950" /><ent r="4" t="180" w="1274" /><ent r="3" t="180" w="2973" /><ent r="4" t="182" w="91" /><ent r="4" t="182" w="652" /><ent r="3" t="183" w="197" /><ent r="3" t="184" w="187" /><ent r="93" t="238" w="148" /></phr><phr n="pointing"><ent r="3" t="72" w="132" /><ent r="4" t="180" w="2798" /></phr></stem><stem n="drag"><phr n="dragging"><ent r="6" t="3" w="26" /><ent r="6" t="7" w="229" /><ent r="7" t="11" w="167" /><ent r="3" t="49" w="549" /><ent r="3" t="87" w="167" /><ent r="3" t="89" w="71" /><ent r="4" t="183" w="980" /><ent r="4" t="184" w="1177" /><ent r="3" t="187" w="1080" /><ent r="3" t="188" w="882" /></phr><phr n="drag"><ent r="6" t="14" w="334" /><ent r="3" t="19" w="114" /><ent r="3" t="47" w="89" /><ent r="3" t="69" w="102" /><ent r="3" t="77" w="216" /><ent r="3" t="77" w="234" /><ent r="3" t="115" w="364" /><ent r="3" t="115" w="373" /><ent r="3" t="125" w="172" /><ent r="3" t="125" w="209" /><ent r="3" t="125" w="248" /><ent r="3" t="126" w="36" /><ent r="4" t="126" w="69" /><ent r="4" t="126" w="322" /><ent r="4" t="128" w="66" /><ent r="3" t="179" w="651" /><ent r="3" t="179" w="984" /><ent r="4" t="179" w="1398" /><ent r="4" t="179" w="2179" /><ent r="4" t="180" w="1905" /><ent r="4" t="180" w="2785" /><ent r="4" t="181" w="559" /><ent r="4" t="181" w="899" /><ent r="3" t="186" w="1043" /><ent r="4" t="186" w="1129" /><ent r="4" t="187" w="468" /><ent r="4" t="187" w="515" /><ent r="4" t="187" w="617" /><ent r="4" t="187" w="706" /><ent r="4" t="188" w="562" /><ent r="4" t="188" w="598" /><ent r="4" t="188" w="648" /></phr><phr n="Drag"><ent r="4" t="37" w="72" /><ent r="4" t="126" w="330" /><ent r="4" t="179" w="597" /><ent r="4" t="224" w="93" /></phr></stem><stem n="independ"><phr n="independent"><ent r="6" t="3" w="29" /><ent r="5" t="3" w="50" /></phr><phr n="independently"><ent r="3" t="164" w="53" /><ent r="3" t="168" w="116" /><ent r="3" t="195" w="178" /></phr></stem></index>