﻿<?xml version="1.0" encoding="utf-8"?><index><stem n="/reload"><phr n="/reload"><ent r="3" t="181" w="147" /></phr></stem><stem n="load/reload"><phr n="load/reload"><ent r="3" t="181" w="147" /><ent r="3" t="181" w="146" /></phr></stem><stem n="_r03_sc01.a.hdr"><phr n="_r03_sc01.a.hdr"><ent r="5" t="181" w="419" /><ent r="5" t="185" w="278" /></phr></stem><stem n="f970620t01p02_r03_sc01.a.hdr"><phr n="f970620t01p02_r03_sc01.a.hdr"><ent r="5" t="181" w="419" /><ent r="5" t="181" w="415" /><ent r="5" t="185" w="278" /><ent r="5" t="185" w="274" /></phr></stem><stem n="…"><phr n="…"><ent r="4" t="181" w="426" /><ent r="4" t="188" w="1431" /></phr></stem><stem n="(refer"><phr n="(referred"><ent r="4" t="181" w="440" /></phr></stem><stem n="&quot;bad"><phr n="&quot;bad"><ent r="4" t="181" w="443" /></phr><phr n="&quot;Bad"><ent r="3" t="208" w="99" /></phr></stem><stem n="&quot;)"><phr n="&quot;)"><ent r="4" t="181" w="445" /></phr></stem><stem n="&quot;subset&quot;"><phr n="&quot;Subset&quot;"><ent r="4" t="181" w="477" /></phr></stem><stem n="longer"><phr n="longer"><ent r="3" t="181" w="505" /><ent r="4" t="208" w="423" /><ent r="4" t="208" w="610" /><ent r="4" t="219" w="216" /></phr></stem><stem n="“point.”"><phr n="“Point.”"><ent r="3" t="181" w="742" /></phr></stem><stem n="“rectangle.”"><phr n="“Rectangle.”"><ent r="4" t="181" w="891" /></phr></stem><stem n="“swath"><phr n="“Swath"><ent r="4" t="181" w="907" /></phr></stem><stem n="swath"><phr n="Swath"><ent r="4" t="181" w="907" /><ent r="4" t="181" w="967" /><ent r="5" t="187" w="1813" /><ent r="4" t="188" w="697" /><ent r="4" t="188" w="722" /><ent r="4" t="188" w="751" /></phr></stem><stem n="hint"><phr n="hint"><ent r="5" t="181" w="914" /></phr></stem><stem n="adjac"><phr n="adjacent"><ent r="4" t="181" w="1254" /><ent r="3" t="193" w="17" /></phr></stem><stem n="coarser"><phr n="coarser"><ent r="4" t="181" w="1360" /></phr></stem><stem n="dictat"><phr n="dictate"><ent r="4" t="181" w="1400" /></phr><phr n="dictates"><ent r="3" t="187" w="1435" /></phr></stem><stem n="old"><phr n="old"><ent r="4" t="181" w="1467" /></phr></stem><stem n="&quot;princip"><phr n="&quot;Principal"><ent r="4" t="181" w="1476" /></phr></stem><stem n="few"><phr n="few"><ent r="4" t="181" w="1524" /></phr></stem><stem n="greatest"><phr n="greatest"><ent r="4" t="181" w="1532" /></phr></stem><stem n="varianc"><phr n="variance"><ent r="4" t="181" w="1535" /></phr></stem><stem n="543"><phr n="543"><ent r="3" t="181" w="1546" /></phr></stem><stem n="gun"><phr n="gun"><ent r="3" t="181" w="1558" /><ent r="3" t="181" w="1567" /><ent r="3" t="181" w="1577" /></phr></stem><stem n="hot"><phr n="hot"><ent r="3" t="181" w="1586" /></phr></stem><stem n="r5g4b3t"><phr n="r5g4b3t"><ent r="3" t="181" w="1590" /></phr></stem><stem n="examin"><phr n="examine"><ent r="3" t="182" w="41" /></phr></stem><stem n="construct"><phr n="construction"><ent r="3" t="182" w="42" /></phr></stem><stem n="site"><phr n="site"><ent r="3" t="182" w="50" /></phr></stem><stem n="-month"><phr n="-month"><ent r="3" t="182" w="53" /><ent r="3" t="182" w="53" /></phr></stem><stem n="18"><phr n="18"><ent r="3" t="182" w="53" /></phr></stem><stem n="18-month"><phr n="18-month"><ent r="3" t="182" w="53" /></phr></stem><stem n="ir_bushehr"><phr n="ir_bushehr"><ent r="5" t="182" w="361" /><ent r="5" t="182" w="360" /><ent r="5" t="182" w="369" /><ent r="5" t="182" w="368" /><ent r="5" t="182" w="380" /><ent r="5" t="182" w="379" /><ent r="5" t="182" w="430" /><ent r="5" t="182" w="429" /><ent r="5" t="182" w="533" /><ent r="5" t="182" w="532" /><ent r="5" t="182" w="550" /><ent r="5" t="182" w="549" /></phr></stem><stem n="bushehr"><phr n="bushehr"><ent r="5" t="182" w="361" /><ent r="5" t="182" w="369" /><ent r="5" t="182" w="380" /><ent r="5" t="182" w="430" /><ent r="5" t="182" w="533" /><ent r="5" t="182" w="550" /></phr></stem><stem n="ir_bushehr_06jun02"><phr n="ir_bushehr_06jun02"><ent r="5" t="182" w="362" /><ent r="5" t="182" w="360" /><ent r="5" t="182" w="381" /><ent r="5" t="182" w="379" /><ent r="5" t="182" w="534" /><ent r="5" t="182" w="532" /></phr></stem><stem n="06jun02"><phr n="06jun02"><ent r="5" t="182" w="362" /><ent r="5" t="182" w="381" /><ent r="5" t="182" w="534" /></phr></stem><stem n="ir_bushehr_06jun02_p"><phr n="ir_bushehr_06jun02_ps"><ent r="5" t="182" w="363" /><ent r="5" t="182" w="360" /><ent r="5" t="182" w="382" /><ent r="5" t="182" w="379" /><ent r="5" t="182" w="535" /><ent r="5" t="182" w="532" /></phr></stem><stem n="ps"><phr n="ps"><ent r="5" t="182" w="363" /><ent r="5" t="182" w="371" /><ent r="5" t="182" w="382" /><ent r="5" t="182" w="432" /><ent r="5" t="182" w="535" /><ent r="5" t="182" w="552" /></phr></stem><stem n="_bushehr_06jun02_ps.tif"><phr n="_bushehr_06jun02_ps.tif"><ent r="5" t="182" w="364" /><ent r="5" t="182" w="383" /><ent r="5" t="182" w="536" /></phr></stem><stem n="ir_bushehr_06jun02_ps.tif"><phr n="ir_bushehr_06jun02_ps.tif"><ent r="5" t="182" w="364" /><ent r="5" t="182" w="360" /><ent r="5" t="182" w="383" /><ent r="5" t="182" w="379" /><ent r="5" t="182" w="536" /><ent r="5" t="182" w="532" /></phr></stem><stem n="ir_bushehr_28feb04"><phr n="ir_bushehr_28feb04"><ent r="5" t="182" w="370" /><ent r="5" t="182" w="368" /><ent r="5" t="182" w="431" /><ent r="5" t="182" w="429" /><ent r="5" t="182" w="551" /><ent r="5" t="182" w="549" /></phr></stem><stem n="28feb04"><phr n="28feb04"><ent r="5" t="182" w="370" /><ent r="5" t="182" w="431" /><ent r="5" t="182" w="551" /></phr></stem><stem n="ir_bushehr_28feb04_p"><phr n="ir_bushehr_28feb04_ps"><ent r="5" t="182" w="371" /><ent r="5" t="182" w="368" /><ent r="5" t="182" w="432" /><ent r="5" t="182" w="429" /><ent r="5" t="182" w="552" /><ent r="5" t="182" w="549" /></phr></stem><stem n="_bushehr_28feb04_ps.tif"><phr n="_bushehr_28feb04_ps.tif"><ent r="5" t="182" w="372" /><ent r="5" t="182" w="433" /><ent r="5" t="182" w="553" /></phr></stem><stem n="ir_bushehr_28feb04_ps.tif"><phr n="ir_bushehr_28feb04_ps.tif"><ent r="5" t="182" w="372" /><ent r="5" t="182" w="368" /><ent r="5" t="182" w="433" /><ent r="5" t="182" w="429" /><ent r="5" t="182" w="553" /><ent r="5" t="182" w="549" /></phr></stem><stem n="repeat"><phr n="Repeat"><ent r="4" t="182" w="420" /><ent r="4" t="184" w="973" /><ent r="7" t="191" w="72" /></phr><phr n="repeated"><ent r="5" t="188" w="159" /></phr></stem><stem n="round"><phr n="round"><ent r="4" t="182" w="455" /></phr><phr n="rounded"><ent r="7" t="190" w="50" /></phr><phr n="Rounded"><ent r="6" t="230" w="149" /><ent r="6" t="230" w="199" /><ent r="6" t="230" w="241" /><ent r="6" t="230" w="303" /><ent r="6" t="230" w="371" /><ent r="6" t="230" w="413" /><ent r="6" t="230" w="452" /><ent r="6" t="230" w="487" /><ent r="6" t="230" w="533" /></phr></stem><stem n="diagon"><phr n="diagonal"><ent r="4" t="182" w="464" /></phr></stem><stem n="degrad"><phr n="degraded"><ent r="3" t="182" w="628" /></phr></stem><stem n="(typic"><phr n="(typically"><ent r="3" t="182" w="703" /></phr></stem><stem n="somewher"><phr n="somewhere"><ent r="4" t="182" w="1133" /></phr></stem><stem n="60"><phr n="60"><ent r="4" t="182" w="1135" /></phr></stem><stem n="70"><phr n="70"><ent r="4" t="182" w="1137" /></phr></stem><stem n="%."><phr n="%."><ent r="4" t="182" w="1138" /></phr></stem><stem n="(frame"><phr n="(frames"><ent r="4" t="182" w="1454" /></phr></stem><stem n="finer"><phr n="finer"><ent r="3" t="182" w="1597" /></phr></stem><stem n="-run"><phr n="-run"><ent r="4" t="182" w="1639" /><ent r="4" t="182" w="1639" /></phr></stem><stem n="re-run"><phr n="Re-run"><ent r="4" t="182" w="1639" /></phr></stem><stem n="(gis)"><phr n="(GIS)"><ent r="3" t="183" w="105" /><ent r="3" t="184" w="95" /></phr></stem><stem n="arcview"><phr n="ArcView"><ent r="3" t="183" w="157" /><ent r="3" t="184" w="147" /></phr></stem><stem n="vendor"><phr n="vendors"><ent r="3" t="183" w="170" /><ent r="3" t="184" w="160" /></phr></stem><stem n="-base"><phr n="-based"><ent r="3" t="183" w="184" /><ent r="3" t="183" w="184" /><ent r="3" t="184" w="174" /><ent r="3" t="184" w="174" /></phr></stem><stem n="vector-bas"><phr n="vector-based"><ent r="3" t="183" w="184" /><ent r="3" t="184" w="174" /></phr></stem><stem n="multi-point"><phr n="multi-points"><ent r="3" t="183" w="192" /><ent r="3" t="184" w="182" /></phr><phr n="multi-point"><ent r="3" t="183" w="204" /><ent r="3" t="184" w="193" /><ent r="3" t="184" w="1293" /></phr><phr n="Multi-point"><ent r="3" t="183" w="214" /><ent r="3" t="184" w="203" /></phr><phr n="Multi-Point"><ent r="3" t="184" w="1207" /></phr></stem><stem n="-points,"><phr n="-points,"><ent r="3" t="183" w="194" /><ent r="3" t="183" w="194" /><ent r="3" t="184" w="184" /><ent r="3" t="184" w="184" /></phr></stem><stem n="-point"><phr n="-point"><ent r="3" t="183" w="204" /><ent r="3" t="183" w="204" /><ent r="3" t="183" w="214" /><ent r="3" t="183" w="214" /><ent r="3" t="184" w="193" /><ent r="3" t="184" w="193" /><ent r="3" t="184" w="203" /><ent r="3" t="184" w="203" /><ent r="3" t="184" w="1293" /><ent r="3" t="184" w="1293" /></phr></stem><stem n="unord"><phr n="unordered"><ent r="3" t="183" w="219" /><ent r="3" t="184" w="208" /></phr></stem><stem n="entiti"><phr n="entity"><ent r="3" t="183" w="227" /><ent r="3" t="184" w="216" /></phr></stem><stem n="railroad"><phr n="railroads"><ent r="3" t="183" w="255" /><ent r="3" t="184" w="244" /></phr></stem><stem n="could"><phr n="could"><ent r="3" t="183" w="305" /><ent r="3" t="184" w="292" /></phr></stem><stem n="trim"><phr n="trims"><ent r="3" t="183" w="350" /></phr><phr n="trim"><ent r="3" t="184" w="335" /></phr></stem><stem n="plan"><phr n="plan"><ent r="3" t="183" w="409" /><ent r="3" t="184" w="412" /></phr></stem><stem n="pyramid"><phr n="pyramids"><ent r="5" t="183" w="647" /><ent r="4" t="183" w="913" /><ent r="4" t="183" w="965" /><ent r="3" t="183" w="1008" /><ent r="5" t="184" w="657" /><ent r="4" t="184" w="851" /><ent r="5" t="186" w="521" /><ent r="5" t="186" w="560" /><ent r="5" t="186" w="726" /><ent r="5" t="186" w="849" /><ent r="5" t="186" w="1076" /></phr><phr n="Pyramids"><ent r="5" t="183" w="824" /><ent r="4" t="183" w="952" /></phr><phr n="pyramid"><ent r="5" t="184" w="1081" /></phr></stem><stem n="pyramids_psh"><phr n="pyramids_psh"><ent r="5" t="183" w="648" /><ent r="5" t="183" w="647" /><ent r="5" t="184" w="658" /><ent r="5" t="184" w="657" /><ent r="5" t="186" w="522" /><ent r="5" t="186" w="521" /><ent r="5" t="186" w="561" /><ent r="5" t="186" w="560" /><ent r="5" t="186" w="850" /><ent r="5" t="186" w="849" /><ent r="5" t="186" w="1077" /><ent r="5" t="186" w="1076" /></phr></stem><stem n="psh"><phr n="psh"><ent r="5" t="183" w="648" /><ent r="5" t="184" w="658" /><ent r="5" t="186" w="522" /><ent r="5" t="186" w="561" /><ent r="5" t="186" w="727" /><ent r="5" t="186" w="850" /><ent r="5" t="186" w="1077" /></phr></stem><stem n="pyramids_psh_2feb2002"><phr n="pyramids_psh_2feb2002"><ent r="5" t="183" w="649" /><ent r="5" t="183" w="647" /><ent r="5" t="184" w="659" /><ent r="5" t="184" w="657" /><ent r="5" t="186" w="523" /><ent r="5" t="186" w="521" /><ent r="5" t="186" w="562" /><ent r="5" t="186" w="560" /><ent r="5" t="186" w="851" /><ent r="5" t="186" w="849" /><ent r="5" t="186" w="1078" /><ent r="5" t="186" w="1076" /></phr></stem><stem n="2feb2002"><phr n="2feb2002"><ent r="5" t="183" w="649" /><ent r="5" t="184" w="659" /><ent r="5" t="186" w="523" /><ent r="5" t="186" w="562" /><ent r="5" t="186" w="728" /><ent r="5" t="186" w="851" /><ent r="5" t="186" w="1078" /></phr></stem><stem n="pyramids_psh_2feb2002_8bitgeotiff"><phr n="pyramids_psh_2feb2002_8bitgeotiff"><ent r="5" t="183" w="650" /><ent r="5" t="183" w="647" /><ent r="5" t="184" w="660" /><ent r="5" t="184" w="657" /><ent r="5" t="186" w="524" /><ent r="5" t="186" w="521" /><ent r="5" t="186" w="563" /><ent r="5" t="186" w="560" /><ent r="5" t="186" w="852" /><ent r="5" t="186" w="849" /><ent r="5" t="186" w="1079" /><ent r="5" t="186" w="1076" /></phr></stem><stem n="8bitgeotiff"><phr n="8bitgeotiff"><ent r="5" t="183" w="650" /><ent r="5" t="184" w="660" /><ent r="5" t="186" w="524" /><ent r="5" t="186" w="563" /><ent r="5" t="186" w="729" /><ent r="5" t="186" w="852" /><ent r="5" t="186" w="1079" /></phr></stem><stem n="_psh_2feb2002_8bitgeotiff.tif"><phr n="_psh_2feb2002_8bitgeotiff.tif"><ent r="5" t="183" w="651" /><ent r="5" t="184" w="661" /><ent r="5" t="186" w="525" /><ent r="5" t="186" w="564" /><ent r="5" t="186" w="853" /><ent r="5" t="186" w="1080" /></phr></stem><stem n="pyramids_psh_2feb2002_8bitgeotiff.tif"><phr n="pyramids_psh_2feb2002_8bitgeotiff.tif"><ent r="5" t="183" w="651" /><ent r="5" t="183" w="647" /><ent r="5" t="184" w="661" /><ent r="5" t="184" w="657" /><ent r="5" t="186" w="525" /><ent r="5" t="186" w="521" /><ent r="5" t="186" w="564" /><ent r="5" t="186" w="560" /><ent r="5" t="186" w="853" /><ent r="5" t="186" w="849" /><ent r="5" t="186" w="1080" /><ent r="5" t="186" w="1076" /></phr></stem><stem n=".shp"><phr n=".shp"><ent r="5" t="183" w="825" /><ent r="4" t="183" w="953" /></phr></stem><stem n="pyramids.shp"><phr n="Pyramids.shp"><ent r="5" t="183" w="825" /><ent r="5" t="183" w="824" /><ent r="4" t="183" w="953" /><ent r="4" t="183" w="952" /></phr></stem><stem n="shp"><phr n="shp"><ent r="5" t="183" w="825" /><ent r="4" t="183" w="953" /><ent r="5" t="184" w="1083" /></phr></stem><stem n="clearli"><phr n="clearly"><ent r="3" t="183" w="1023" /><ent r="4" t="188" w="613" /></phr></stem><stem n="thick"><phr n="thickness"><ent r="3" t="183" w="1030" /></phr></stem><stem n="arcmap"><phr n="ArcMap"><ent r="4" t="184" w="72" /><ent r="92" t="184" w="1155" /><ent r="4" t="184" w="1168" /><ent r="4" t="184" w="1187" /><ent r="3" t="184" w="1322" /></phr></stem><stem n="compos"><phr n="composed"><ent r="3" t="184" w="286" /></phr></stem><stem n="3r2g1bt"><phr n="3r2g1bt"><ent r="4" t="184" w="700" /></phr></stem><stem n="3r"><phr n="3r"><ent r="3" t="184" w="703" /></phr></stem><stem n="“3r”"><phr n="“3r”"><ent r="3" t="184" w="704" /></phr></stem><stem n="2g"><phr n="2g"><ent r="3" t="184" w="709" /></phr></stem><stem n="“2g”"><phr n="“2g”"><ent r="3" t="184" w="710" /></phr></stem><stem n="1b"><phr n="1b"><ent r="3" t="184" w="715" /></phr></stem><stem n="“1b”"><phr n="“1b”"><ent r="3" t="184" w="716" /></phr></stem><stem n="“t”"><phr n="“t”"><ent r="3" t="184" w="722" /></phr></stem><stem n="(try"><phr n="(Try"><ent r="3" t="184" w="788" /></phr></stem><stem n="%.)"><phr n="%.)"><ent r="3" t="184" w="793" /></phr></stem><stem n="maneuv"><phr n="maneuver"><ent r="4" t="184" w="889" /></phr></stem><stem n="gcp5"><phr n="GCP5"><ent r="4" t="184" w="895" /></phr></stem><stem n="“roads.”"><phr n="“Roads.”"><ent r="4" t="184" w="928" /></phr></stem><stem n="-activ"><phr n="-activate"><ent r="4" t="184" w="929" /><ent r="4" t="184" w="929" /></phr></stem><stem n="re-activ"><phr n="Re-activate"><ent r="4" t="184" w="929" /></phr></stem><stem n="pyramid_road"><phr n="pyramid_roads"><ent r="5" t="184" w="1082" /><ent r="5" t="184" w="1081" /></phr></stem><stem n="_roads.shp"><phr n="_roads.shp"><ent r="5" t="184" w="1083" /></phr></stem><stem n="pyramid_roads.shp"><phr n="pyramid_roads.shp"><ent r="5" t="184" w="1083" /><ent r="5" t="184" w="1081" /></phr></stem><stem n="“point”"><phr n="“Point”"><ent r="3" t="184" w="1206" /></phr></stem><stem n="“multi-point”"><phr n="“Multi-Point”"><ent r="3" t="184" w="1209" /></phr></stem><stem n="“shape:”"><phr n="“Shape:”"><ent r="3" t="184" w="1212" /></phr></stem><stem n="“add"><phr n="“Add"><ent r="3" t="184" w="1230" /></phr></stem><stem n="“name”"><phr n="“Name”"><ent r="3" t="184" w="1240" /></phr></stem><stem n="hyperspectr"><phr n="hyperspectral"><ent r="4" t="185" w="66" /><ent r="4" t="185" w="107" /><ent r="3" t="185" w="168" /><ent r="3" t="185" w="573" /><ent r="3" t="193" w="77" /></phr></stem><stem n="fwhm"><phr n="FWHM"><ent r="4" t="185" w="96" /><ent r="4" t="185" w="308" /><ent r="4" t="185" w="326" /><ent r="3" t="185" w="347" /><ent r="3" t="185" w="357" /><ent r="3" t="185" w="369" /><ent r="3" t="193" w="63" /><ent r="3" t="193" w="81" /><ent r="3" t="193" w="96" /><ent r="3" t="193" w="140" /><ent r="3" t="193" w="165" /><ent r="3" t="193" w="201" /><ent r="82" t="195" w="363" /><ent r="3" t="195" w="366" /><ent r="3" t="195" w="374" /><ent r="3" t="195" w="632" /><ent r="4" t="195" w="638" /><ent r="4" t="195" w="649" /><ent r="7" t="199" w="637" /><ent r="82" t="209" w="181" /><ent r="3" t="209" w="184" /><ent r="3" t="209" w="192" /></phr><phr n="fwhm"><ent r="7" t="199" w="639" /><ent r="3" t="199" w="859" /></phr></stem><stem n="(fwhm)."><phr n="(FWHM)."><ent r="4" t="185" w="97" /></phr></stem><stem n=".00"><phr n=".00"><ent r="5" t="185" w="322" /></phr></stem><stem n="1.00"><phr n="1.00"><ent r="5" t="185" w="322" /><ent r="5" t="185" w="321" /></phr></stem><stem n="00"><phr n="00"><ent r="5" t="185" w="322" /><ent r="3" t="199" w="773" /><ent r="3" t="199" w="775" /></phr></stem><stem n="constant"><phr n="Constant"><ent r="4" t="185" w="327" /><ent r="3" t="185" w="370" /><ent r="3" t="193" w="166" /><ent r="4" t="195" w="650" /></phr><phr n="constant"><ent r="3" t="185" w="362" /><ent r="3" t="193" w="141" /><ent r="3" t="193" w="202" /><ent r="3" t="195" w="613" /><ent r="3" t="195" w="633" /></phr><phr n="constants"><ent r="3" t="195" w="375" /><ent r="3" t="209" w="193" /></phr></stem><stem n="sensor'"><phr n="sensor's"><ent r="3" t="185" w="352" /><ent r="3" t="185" w="351" /></phr></stem><stem n="estim"><phr n="estimates"><ent r="3" t="185" w="355" /></phr><phr n="estimated"><ent r="3" t="193" w="101" /></phr></stem><stem n="popul"><phr n="populated"><ent r="3" t="185" w="390" /></phr><phr n="populate"><ent r="3" t="186" w="937" /></phr></stem><stem n="&quot;wavelength"><phr n="&quot;Wavelength"><ent r="4" t="185" w="460" /></phr></stem><stem n="improv"><phr n="improve"><ent r="3" t="185" w="508" /></phr></stem><stem n="exploit"><phr n="exploitation"><ent r="3" t="185" w="511" /></phr></stem><stem n="_r03_sc01.a.bip"><phr n="_r03_sc01.a.bip"><ent r="6" t="185" w="536" /></phr></stem><stem n="/review:"><phr n="/Review:"><ent r="4" t="185" w="564" /></phr></stem><stem n="blank"><phr n="blank"><ent r="4" t="186" w="71" /><ent r="4" t="186" w="229" /><ent r="4" t="186" w="891" /><ent r="4" t="186" w="900" /><ent r="3" t="186" w="939" /><ent r="3" t="186" w="1038" /></phr><phr n="Blank"><ent r="92" t="186" w="926" /></phr></stem><stem n="scratch"><phr n="scratch"><ent r="4" t="186" w="224" /></phr></stem><stem n="whatev"><phr n="whatever"><ent r="4" t="186" w="234" /></phr></stem><stem n="seen"><phr n="seen"><ent r="4" t="186" w="238" /></phr></stem><stem n="whichev"><phr n="Whichever"><ent r="4" t="186" w="249" /></phr></stem><stem n="“exercise”"><phr n="“Exercise”"><ent r="3" t="186" w="605" /></phr></stem><stem n="48"><phr n="48"><ent r="5" t="186" w="637" /></phr></stem><stem n="1/layout"><phr n="1/Layout"><ent r="5" t="186" w="723" /><ent r="5" t="186" w="722" /></phr></stem><stem n="/layout/view"><phr n="/Layout/View"><ent r="5" t="186" w="724" /></phr></stem><stem n="1/layout/view"><phr n="1/Layout/View"><ent r="5" t="186" w="724" /><ent r="5" t="186" w="722" /></phr></stem><stem n="1/pyramid"><phr n="1/pyramids"><ent r="5" t="186" w="726" /><ent r="5" t="186" w="725" /></phr></stem><stem n="1/pyramids_psh"><phr n="1/pyramids_psh"><ent r="5" t="186" w="727" /><ent r="5" t="186" w="725" /></phr></stem><stem n="1/pyramids_psh_2feb2002"><phr n="1/pyramids_psh_2feb2002"><ent r="5" t="186" w="728" /><ent r="5" t="186" w="725" /></phr></stem><stem n="1/pyramids_psh_2feb2002_8bitgeotiff"><phr n="1/pyramids_psh_2feb2002_8bitgeotiff"><ent r="5" t="186" w="729" /><ent r="5" t="186" w="725" /></phr></stem><stem n="1/pyramids_psh_2feb2002_8bitgeotiff.tif"><phr n="1/pyramids_psh_2feb2002_8bitgeotiff.tif"><ent r="5" t="186" w="730" /><ent r="5" t="186" w="725" /></phr></stem><stem n="/pyramids_psh_2feb2002_8bitgeotiff.tif/annot"><phr n="/pyramids_psh_2feb2002_8bitgeotiff.tif/Annotation"><ent r="5" t="186" w="731" /></phr></stem><stem n="1/pyramids_psh_2feb2002_8bitgeotiff.tif/annot"><phr n="1/pyramids_psh_2feb2002_8bitgeotiff.tif/Annotation"><ent r="5" t="186" w="731" /><ent r="5" t="186" w="725" /></phr></stem><stem n="/text"><phr n="/Text"><ent r="5" t="186" w="733" /></phr></stem><stem n="1/text"><phr n="1/Text"><ent r="5" t="186" w="733" /><ent r="5" t="186" w="732" /></phr></stem><stem n="“color”"><phr n="“Color”"><ent r="4" t="186" w="773" /></phr></stem><stem n="“text”"><phr n="“Text”"><ent r="4" t="186" w="776" /></phr></stem><stem n="/past"><phr n="/pasting"><ent r="3" t="186" w="963" /></phr></stem><stem n="copying/past"><phr n="copying/pasting"><ent r="3" t="186" w="963" /><ent r="3" t="186" w="962" /></phr></stem><stem n="(paint"><phr n="(paint"><ent r="3" t="186" w="1034" /></phr></stem><stem n="paint"><phr n="paint"><ent r="3" t="186" w="1034" /><ent r="3" t="186" w="1153" /></phr></stem><stem n="brush"><phr n="brush"><ent r="3" t="186" w="1035" /><ent r="3" t="186" w="1154" /></phr></stem><stem n="&quot;exercise&quot;"><phr n="&quot;Exercise&quot;"><ent r="3" t="186" w="1170" /></phr></stem><stem n="-autom"><phr n="-automated"><ent r="3" t="187" w="36" /><ent r="3" t="187" w="36" /><ent r="3" t="187" w="1887" /><ent r="3" t="187" w="1887" /></phr></stem><stem n="semi"><phr n="semi"><ent r="3" t="187" w="36" /><ent r="3" t="187" w="1887" /></phr></stem><stem n="semi-autom"><phr n="semi-automated"><ent r="3" t="187" w="36" /><ent r="3" t="187" w="1887" /></phr></stem><stem n="togeth"><phr n="together"><ent r="3" t="187" w="90" /><ent r="3" t="187" w="268" /></phr></stem><stem n="partial"><phr n="partially"><ent r="3" t="187" w="105" /></phr><phr n="partial"><ent r="3" t="232" w="77" /></phr></stem><stem n="-to-us"><phr n="-to-use"><ent r="3" t="187" w="115" /><ent r="3" t="187" w="116" /></phr></stem><stem n="easi"><phr n="easy"><ent r="3" t="187" w="115" /></phr></stem><stem n="easy-to"><phr n="easy-to"><ent r="3" t="187" w="115" /></phr></stem><stem n="easy-to-us"><phr n="easy-to-use"><ent r="3" t="187" w="115" /></phr></stem><stem n="to-us"><phr n="to-use"><ent r="3" t="187" w="116" /></phr></stem><stem n="rememb"><phr n="remember"><ent r="3" t="187" w="129" /></phr></stem><stem n="concept"><phr n="concept"><ent r="3" t="187" w="140" /></phr></stem><stem n="&quot;wizard&quot;"><phr n="&quot;Wizard&quot;"><ent r="4" t="187" w="190" /></phr></stem><stem n="boolean"><phr n="Boolean"><ent r="3" t="187" w="242" /></phr></stem><stem n="(true"><phr n="(true"><ent r="3" t="187" w="243" /></phr></stem><stem n="fals"><phr n="false"><ent r="3" t="187" w="245" /><ent r="6" t="243" w="638" /></phr><phr n="False"><ent r="3" t="188" w="672" /><ent r="6" t="243" w="220" /></phr></stem><stem n="block"><phr n="block"><ent r="3" t="187" w="258" /><ent r="4" t="208" w="373" /></phr></stem><stem n="doc"><phr n="doc"><ent r="4" t="187" w="456" /><ent r="4" t="187" w="506" /></phr></stem><stem n="&quot;string&quot;"><phr n="&quot;string&quot;"><ent r="4" t="187" w="620" /><ent r="4" t="187" w="654" /></phr></stem><stem n="-express"><phr n="-expression"><ent r="3" t="187" w="677" /><ent r="3" t="187" w="677" /><ent r="7" t="187" w="1172" /><ent r="7" t="187" w="1172" /><ent r="4" t="187" w="1231" /><ent r="4" t="187" w="1231" /><ent r="3" t="187" w="1376" /><ent r="3" t="187" w="1376" /><ent r="7" t="188" w="924" /><ent r="7" t="188" w="924" /><ent r="3" t="188" w="1221" /><ent r="3" t="188" w="1221" /></phr><phr n="-Expression"><ent r="4" t="187" w="1115" /><ent r="4" t="187" w="1115" /></phr></stem><stem n="value-express"><phr n="Value-expression"><ent r="3" t="187" w="677" /><ent r="7" t="187" w="1172" /><ent r="4" t="187" w="1231" /><ent r="3" t="187" w="1376" /><ent r="7" t="188" w="924" /><ent r="3" t="188" w="1221" /></phr><phr n="Value-Expression"><ent r="4" t="187" w="1115" /></phr></stem><stem n="bool"><phr n="bool"><ent r="4" t="187" w="708" /><ent r="4" t="187" w="742" /><ent r="3" t="188" w="666" /><ent r="6" t="243" w="212" /></phr></stem><stem n="&quot;bool&quot;"><phr n="&quot;bool&quot;"><ent r="4" t="187" w="709" /><ent r="4" t="187" w="743" /></phr></stem><stem n="-displai"><phr n="-display"><ent r="4" t="187" w="764" /><ent r="4" t="187" w="764" /><ent r="3" t="187" w="1380" /><ent r="3" t="187" w="1380" /><ent r="7" t="188" w="947" /><ent r="7" t="188" w="947" /><ent r="3" t="188" w="1225" /><ent r="3" t="188" w="1225" /></phr></stem><stem n="value-displai"><phr n="Value-display"><ent r="4" t="187" w="764" /><ent r="3" t="187" w="1380" /><ent r="7" t="188" w="947" /><ent r="3" t="188" w="1225" /></phr></stem><stem n="explan"><phr n="explanation"><ent r="3" t="187" w="788" /><ent r="3" t="187" w="803" /><ent r="3" t="232" w="91" /></phr></stem><stem n="unlik"><phr n="unlike"><ent r="3" t="187" w="904" /></phr></stem><stem n="let"><phr n="let"><ent r="3" t="187" w="1010" /></phr><phr n="Let"><ent r="3" t="233" w="7" /></phr></stem><stem n="exactli"><phr n="exactly"><ent r="3" t="187" w="1025" /></phr></stem><stem n="(note:"><phr n="(Note:"><ent r="7" t="187" w="1147" /></phr></stem><stem n="(first"><phr n="(first"><ent r="7" t="187" w="1182" /><ent r="7" t="188" w="934" /></phr></stem><stem n="incorrect"><phr n="incorrect"><ent r="6" t="187" w="1192" /><ent r="3" t="188" w="1041" /></phr></stem><stem n="misconnect"><phr n="misconnection"><ent r="6" t="187" w="1202" /></phr><phr n="misconnected"><ent r="3" t="188" w="1051" /></phr></stem><stem n="hit"><phr n="hitting"><ent r="6" t="187" w="1217" /><ent r="3" t="188" w="1067" /></phr></stem><stem n="(lower"><phr n="(lower"><ent r="3" t="187" w="1274" /><ent r="3" t="188" w="1091" /></phr></stem><stem n="(s)."><phr n="(s)."><ent r="3" t="187" w="1337" /><ent r="3" t="188" w="1155" /></phr></stem><stem n="twice"><phr n="twice"><ent r="4" t="187" w="1343" /></phr></stem><stem n="charact"><phr n="characters"><ent r="4" t="187" w="1448" /><ent r="4" t="219" w="219" /><ent r="3" t="232" w="87" /><ent r="3" t="232" w="94" /><ent r="3" t="233" w="36" /><ent r="3" t="233" w="110" /></phr><phr n="character"><ent r="7" t="199" w="81" /><ent r="3" t="233" w="31" /><ent r="3" t="233" w="67" /><ent r="3" t="233" w="117" /></phr><phr n="Characters"><ent r="1000" t="233" w="2" /><ent r="102" t="233" w="5" /></phr></stem><stem n="([,])"><phr n="([,])"><ent r="4" t="187" w="1449" /></phr></stem><stem n="slash"><phr n="slash"><ent r="4" t="187" w="1454" /><ent r="3" t="187" w="1477" /><ent r="3" t="187" w="1507" /><ent r="3" t="187" w="1550" /><ent r="3" t="187" w="1557" /></phr><phr n="Slashes"><ent r="6" t="243" w="243" /><ent r="6" t="243" w="674" /></phr></stem><stem n="(/)"><phr n="(/)"><ent r="4" t="187" w="1455" /></phr></stem><stem n="submenu"><phr n="submenu"><ent r="4" t="187" w="1456" /></phr><phr n="submenus"><ent r="3" t="187" w="1486" /></phr></stem><stem n="[wizards]/mywizard"><phr n="[Wizards]/MyWizard"><ent r="4" t="187" w="1621" /></phr></stem><stem n="&amp;help/mywizard"><phr n="&amp;Help/MyWizard"><ent r="4" t="187" w="1642" /></phr></stem><stem n="help/mywizard"><phr n="Help/MyWizard"><ent r="4" t="187" w="1642" /><ent r="4" t="187" w="1641" /></phr></stem><stem n="[geo]/mywizard"><phr n="[Geo]/MyWizard"><ent r="4" t="187" w="1662" /></phr></stem><stem n="mywizard.wiz"><phr n="MyWizard.wiz"><ent r="4" t="187" w="1742" /><ent r="4" t="187" w="1741" /><ent r="5" t="188" w="461" /><ent r="5" t="188" w="460" /><ent r="5" t="188" w="482" /><ent r="5" t="188" w="481" /></phr></stem><stem n="(mywizard.wiz)"><phr n="(MyWizard.wiz)"><ent r="4" t="187" w="1743" /></phr></stem><stem n="ast"><phr n="AST"><ent r="5" t="187" w="1808" /><ent r="4" t="188" w="692" /><ent r="4" t="188" w="717" /><ent r="4" t="188" w="746" /></phr></stem><stem n="ast_lib"><phr n="AST_LIB"><ent r="5" t="187" w="1809" /><ent r="5" t="187" w="1808" /><ent r="4" t="188" w="693" /><ent r="4" t="188" w="692" /><ent r="4" t="188" w="718" /><ent r="4" t="188" w="717" /></phr></stem></index>