﻿<?xml version="1.0" encoding="utf-8"?><index><stem n="number"><phr n="number"><ent r="3" t="0" w="87" /><ent r="3" t="2" w="16" /><ent r="6" t="7" w="187" /><ent r="6" t="14" w="373" /><ent r="6" t="14" w="390" /><ent r="6" t="14" w="397" /><ent r="7" t="39" w="133" /><ent r="3" t="44" w="434" /><ent r="3" t="44" w="470" /><ent r="3" t="44" w="475" /><ent r="3" t="46" w="135" /><ent r="4" t="49" w="228" /><ent r="7" t="59" w="147" /><ent r="4" t="70" w="206" /><ent r="3" t="81" w="369" /><ent r="3" t="81" w="388" /><ent r="3" t="81" w="394" /><ent r="3" t="81" w="445" /><ent r="3" t="81" w="458" /><ent r="3" t="81" w="472" /><ent r="3" t="81" w="482" /><ent r="3" t="81" w="487" /><ent r="3" t="81" w="502" /><ent r="4" t="83" w="242" /><ent r="3" t="87" w="15" /><ent r="3" t="87" w="29" /><ent r="4" t="94" w="110" /><ent r="4" t="96" w="128" /><ent r="3" t="96" w="154" /><ent r="4" t="109" w="202" /><ent r="3" t="109" w="343" /><ent r="4" t="109" w="469" /><ent r="7" t="116" w="238" /><ent r="7" t="116" w="272" /><ent r="100" t="125" w="91" /><ent r="3" t="125" w="113" /><ent r="3" t="125" w="126" /><ent r="3" t="125" w="463" /><ent r="3" t="125" w="908" /><ent r="3" t="140" w="38" /><ent r="4" t="142" w="442" /><ent r="3" t="144" w="417" /><ent r="3" t="149" w="163" /><ent r="3" t="149" w="176" /><ent r="5" t="153" w="699" /><ent r="5" t="153" w="1134" /><ent r="4" t="155" w="140" /><ent r="4" t="155" w="153" /><ent r="4" t="156" w="819" /><ent r="3" t="157" w="204" /><ent r="3" t="160" w="158" /><ent r="3" t="164" w="115" /><ent r="3" t="164" w="128" /><ent r="5" t="165" w="732" /><ent r="3" t="166" w="109" /><ent r="4" t="167" w="467" /><ent r="4" t="167" w="473" /><ent r="3" t="167" w="530" /><ent r="3" t="167" w="535" /><ent r="3" t="167" w="546" /><ent r="4" t="167" w="629" /><ent r="4" t="167" w="707" /><ent r="3" t="167" w="830" /><ent r="3" t="167" w="1047" /><ent r="4" t="167" w="1088" /><ent r="4" t="167" w="1119" /><ent r="3" t="168" w="100" /><ent r="3" t="168" w="129" /><ent r="4" t="169" w="358" /><ent r="3" t="170" w="132" /><ent r="3" t="170" w="181" /><ent r="3" t="179" w="145" /><ent r="3" t="179" w="167" /><ent r="4" t="179" w="1130" /><ent r="3" t="180" w="1539" /><ent r="3" t="180" w="1550" /><ent r="3" t="180" w="1564" /><ent r="4" t="181" w="1178" /><ent r="3" t="181" w="1205" /><ent r="4" t="187" w="67" /><ent r="3" t="187" w="248" /><ent r="3" t="187" w="276" /><ent r="3" t="187" w="287" /><ent r="4" t="187" w="812" /><ent r="4" t="187" w="1248" /><ent r="4" t="187" w="1260" /><ent r="3" t="187" w="1273" /><ent r="3" t="187" w="1275" /><ent r="3" t="187" w="1291" /><ent r="3" t="187" w="1331" /><ent r="4" t="187" w="1346" /><ent r="4" t="187" w="1357" /><ent r="3" t="188" w="778" /><ent r="3" t="188" w="1090" /><ent r="3" t="188" w="1092" /><ent r="3" t="188" w="1109" /><ent r="3" t="188" w="1149" /><ent r="7" t="190" w="80" /><ent r="3" t="192" w="68" /><ent r="3" t="192" w="80" /><ent r="4" t="194" w="67" /><ent r="4" t="194" w="86" /><ent r="4" t="194" w="159" /><ent r="4" t="194" w="178" /><ent r="3" t="195" w="337" /><ent r="3" t="195" w="480" /><ent r="3" t="197" w="63" /><ent r="4" t="197" w="155" /><ent r="7" t="199" w="129" /><ent r="7" t="199" w="528" /><ent r="3" t="200" w="128" /><ent r="3" t="208" w="48" /><ent r="3" t="209" w="155" /><ent r="4" t="216" w="249" /><ent r="3" t="220" w="161" /><ent r="3" t="222" w="166" /><ent r="4" t="223" w="94" /><ent r="4" t="224" w="106" /><ent r="4" t="224" w="115" /><ent r="7" t="241" w="140" /><ent r="7" t="241" w="178" /></phr><phr n="numbers"><ent r="4" t="74" w="204" /><ent r="6" t="90" w="482" /><ent r="4" t="109" w="454" /><ent r="4" t="140" w="52" /><ent r="4" t="153" w="353" /><ent r="5" t="153" w="384" /><ent r="4" t="153" w="788" /><ent r="5" t="153" w="819" /><ent r="4" t="154" w="388" /><ent r="4" t="165" w="405" /><ent r="5" t="165" w="422" /><ent r="4" t="169" w="354" /><ent r="4" t="170" w="149" /><ent r="4" t="187" w="1109" /><ent r="4" t="188" w="96" /><ent r="4" t="188" w="1209" /><ent r="4" t="194" w="74" /><ent r="4" t="194" w="94" /><ent r="4" t="194" w="166" /><ent r="4" t="194" w="186" /><ent r="7" t="199" w="479" /><ent r="4" t="236" w="20" /></phr><phr n="Number"><ent r="82" t="125" w="900" /><ent r="5" t="156" w="670" /><ent r="5" t="156" w="675" /><ent r="5" t="157" w="643" /><ent r="5" t="157" w="648" /><ent r="5" t="158" w="640" /><ent r="5" t="158" w="645" /><ent r="5" t="167" w="459" /><ent r="5" t="167" w="1063" /><ent r="5" t="181" w="1171" /><ent r="5" t="181" w="1393" /><ent r="4" t="181" w="1415" /><ent r="92" t="187" w="1227" /><ent r="92" t="188" w="1080" /><ent r="7" t="199" w="92" /><ent r="7" t="199" w="105" /><ent r="7" t="199" w="116" /><ent r="5" t="213" w="770" /><ent r="5" t="213" w="775" /></phr><phr n="numbered"><ent r="3" t="125" w="925" /><ent r="3" t="125" w="935" /><ent r="3" t="167" w="500" /><ent r="3" t="167" w="505" /><ent r="3" t="167" w="520" /><ent r="3" t="187" w="1366" /><ent r="3" t="233" w="20" /></phr><phr n="Numbers"><ent r="6" t="243" w="44" /><ent r="6" t="243" w="57" /><ent r="6" t="243" w="69" /><ent r="6" t="243" w="82" /><ent r="6" t="243" w="94" /><ent r="6" t="243" w="107" /><ent r="6" t="243" w="119" /><ent r="6" t="243" w="132" /><ent r="5" t="243" w="145" /><ent r="5" t="243" w="157" /><ent r="5" t="243" w="169" /><ent r="5" t="243" w="182" /><ent r="6" t="243" w="194" /><ent r="6" t="243" w="206" /><ent r="6" t="243" w="378" /><ent r="6" t="243" w="397" /><ent r="6" t="243" w="415" /><ent r="6" t="243" w="434" /><ent r="6" t="243" w="452" /><ent r="6" t="243" w="471" /><ent r="6" t="243" w="489" /><ent r="6" t="243" w="508" /><ent r="5" t="243" w="527" /><ent r="5" t="243" w="545" /><ent r="5" t="243" w="563" /><ent r="5" t="243" w="582" /><ent r="6" t="243" w="600" /><ent r="6" t="243" w="618" /></phr></stem><stem n="plug"><phr n="plug"><ent r="3" t="0" w="89" /><ent r="3" t="1" w="43" /><ent r="3" t="1" w="161" /><ent r="3" t="1" w="588" /><ent r="3" t="1" w="592" /><ent r="7" t="6" w="171" /><ent r="3" t="20" w="561" /><ent r="3" t="22" w="28" /><ent r="3" t="77" w="364" /><ent r="3" t="77" w="384" /><ent r="3" t="77" w="396" /><ent r="3" t="102" w="35" /><ent r="3" t="103" w="50" /><ent r="3" t="104" w="24" /><ent r="3" t="104" w="36" /><ent r="3" t="104" w="54" /><ent r="3" t="104" w="80" /><ent r="3" t="104" w="95" /><ent r="3" t="104" w="101" /><ent r="3" t="104" w="170" /><ent r="4" t="104" w="193" /><ent r="4" t="104" w="211" /><ent r="3" t="110" w="59" /><ent r="3" t="110" w="324" /><ent r="4" t="110" w="345" /><ent r="4" t="110" w="355" /><ent r="4" t="110" w="361" /><ent r="4" t="110" w="371" /><ent r="3" t="110" w="391" /><ent r="3" t="110" w="405" /><ent r="3" t="110" w="433" /><ent r="3" t="110" w="449" /><ent r="3" t="110" w="456" /><ent r="3" t="125" w="312" /><ent r="3" t="125" w="319" /><ent r="8" t="125" w="368" /><ent r="8" t="125" w="380" /><ent r="7" t="125" w="393" /><ent r="8" t="125" w="409" /><ent r="8" t="125" w="425" /><ent r="3" t="143" w="22" /><ent r="3" t="143" w="42" /><ent r="4" t="145" w="100" /><ent r="4" t="145" w="112" /><ent r="4" t="145" w="123" /><ent r="3" t="145" w="131" /><ent r="3" t="145" w="135" /><ent r="3" t="145" w="165" /><ent r="3" t="145" w="191" /><ent r="3" t="145" w="198" /><ent r="3" t="145" w="225" /><ent r="3" t="145" w="235" /><ent r="3" t="156" w="21" /><ent r="3" t="156" w="32" /><ent r="3" t="156" w="309" /><ent r="3" t="157" w="872" /><ent r="3" t="165" w="58" /><ent r="3" t="166" w="25" /><ent r="3" t="166" w="44" /><ent r="4" t="166" w="70" /><ent r="3" t="166" w="95" /><ent r="3" t="166" w="104" /><ent r="3" t="166" w="115" /><ent r="3" t="166" w="126" /><ent r="3" t="166" w="135" /><ent r="4" t="166" w="145" /><ent r="3" t="166" w="167" /><ent r="3" t="166" w="179" /><ent r="3" t="170" w="13" /><ent r="3" t="170" w="61" /><ent r="100" t="171" w="17" /><ent r="3" t="171" w="112" /><ent r="3" t="176" w="87" /><ent r="3" t="178" w="119" /><ent r="3" t="178" w="127" /><ent r="3" t="178" w="137" /><ent r="3" t="178" w="224" /><ent r="3" t="187" w="524" /><ent r="3" t="187" w="1003" /><ent r="3" t="187" w="1281" /><ent r="3" t="188" w="1095" /><ent r="3" t="195" w="106" /><ent r="3" t="208" w="296" /></phr><phr n="Plug"><ent r="92" t="1" w="580" /><ent r="7" t="6" w="65" /><ent r="68" t="6" w="70" /><ent r="3" t="38" w="38" /><ent r="3" t="77" w="90" /><ent r="92" t="77" w="350" /><ent r="3" t="77" w="355" /><ent r="65" t="85" w="38" /><ent r="1000" t="104" w="2" /><ent r="100" t="104" w="7" /><ent r="102" t="104" w="12" /><ent r="3" t="104" w="18" /><ent r="3" t="104" w="120" /><ent r="4" t="104" w="157" /><ent r="4" t="104" w="181" /><ent r="4" t="104" w="229" /><ent r="3" t="110" w="319" /><ent r="4" t="110" w="339" /><ent r="3" t="121" w="23" /><ent r="4" t="145" w="141" /><ent r="4" t="145" w="160" /><ent r="3" t="145" w="179" /><ent r="3" t="145" w="230" /><ent r="64" t="156" w="878" /><ent r="1000" t="166" w="1" /><ent r="100" t="166" w="5" /><ent r="100" t="166" w="10" /><ent r="102" t="166" w="13" /><ent r="3" t="166" w="17" /><ent r="3" t="166" w="35" /><ent r="4" t="166" w="57" /><ent r="4" t="166" w="62" /><ent r="3" t="166" w="155" /><ent r="3" t="167" w="208" /><ent r="3" t="167" w="229" /><ent r="3" t="167" w="259" /><ent r="3" t="167" w="265" /><ent r="3" t="167" w="294" /><ent r="3" t="167" w="305" /><ent r="1000" t="171" w="7" /><ent r="100" t="171" w="14" /><ent r="102" t="171" w="30" /><ent r="3" t="171" w="39" /><ent r="4" t="171" w="174" /><ent r="64" t="171" w="319" /><ent r="1000" t="172" w="7" /><ent r="100" t="172" w="14" /><ent r="3" t="172" w="32" /><ent r="3" t="172" w="122" /><ent r="4" t="172" w="153" /><ent r="4" t="172" w="280" /><ent r="3" t="174" w="18" /><ent r="82" t="178" w="210" /><ent r="64" t="178" w="357" /><ent r="3" t="180" w="896" /><ent r="1000" t="182" w="6" /><ent r="100" t="182" w="13" /><ent r="102" t="182" w="23" /><ent r="3" t="182" w="62" /><ent r="4" t="182" w="83" /><ent r="4" t="182" w="112" /><ent r="4" t="182" w="499" /><ent r="3" t="182" w="742" /><ent r="4" t="182" w="1646" /><ent r="4" t="187" w="207" /><ent r="92" t="187" w="493" /><ent r="4" t="188" w="81" /><ent r="92" t="188" w="572" /></phr></stem><stem n="plug-in"><phr n="plug-ins"><ent r="3" t="0" w="89" /><ent r="3" t="1" w="43" /><ent r="3" t="1" w="161" /><ent r="3" t="1" w="588" /><ent r="3" t="1" w="592" /><ent r="3" t="20" w="561" /><ent r="3" t="77" w="364" /><ent r="3" t="77" w="384" /><ent r="3" t="77" w="396" /><ent r="3" t="102" w="35" /><ent r="3" t="104" w="24" /><ent r="4" t="104" w="211" /><ent r="3" t="110" w="59" /><ent r="3" t="110" w="324" /><ent r="4" t="110" w="345" /><ent r="4" t="110" w="355" /><ent r="4" t="110" w="361" /><ent r="3" t="125" w="312" /><ent r="3" t="125" w="319" /><ent r="7" t="125" w="393" /><ent r="3" t="143" w="22" /><ent r="3" t="143" w="42" /><ent r="3" t="145" w="131" /><ent r="3" t="145" w="165" /><ent r="4" t="166" w="70" /><ent r="3" t="166" w="95" /><ent r="3" t="166" w="179" /><ent r="3" t="178" w="119" /><ent r="3" t="178" w="224" /><ent r="3" t="187" w="1281" /><ent r="3" t="188" w="1095" /><ent r="3" t="208" w="296" /></phr><phr n="Plug-Ins"><ent r="92" t="1" w="580" /><ent r="92" t="77" w="350" /><ent r="3" t="77" w="355" /><ent r="3" t="110" w="319" /><ent r="4" t="145" w="141" /><ent r="4" t="145" w="160" /><ent r="3" t="145" w="179" /><ent r="3" t="145" w="230" /><ent r="4" t="166" w="57" /><ent r="4" t="166" w="62" /></phr><phr n="Plug-In"><ent r="7" t="6" w="65" /><ent r="68" t="6" w="70" /><ent r="65" t="85" w="38" /><ent r="1000" t="104" w="2" /><ent r="100" t="104" w="7" /><ent r="102" t="104" w="12" /><ent r="3" t="104" w="18" /><ent r="3" t="104" w="120" /><ent r="4" t="104" w="157" /><ent r="4" t="104" w="181" /><ent r="4" t="104" w="229" /><ent r="4" t="110" w="339" /><ent r="3" t="121" w="23" /><ent r="64" t="156" w="878" /><ent r="1000" t="166" w="1" /><ent r="100" t="166" w="5" /><ent r="100" t="166" w="10" /><ent r="102" t="166" w="13" /><ent r="3" t="166" w="155" /><ent r="3" t="167" w="208" /><ent r="3" t="167" w="229" /><ent r="3" t="167" w="259" /><ent r="3" t="167" w="265" /><ent r="3" t="167" w="294" /><ent r="3" t="167" w="305" /><ent r="1000" t="171" w="7" /><ent r="102" t="171" w="30" /><ent r="3" t="171" w="39" /><ent r="64" t="171" w="319" /><ent r="1000" t="172" w="7" /><ent r="3" t="172" w="122" /><ent r="4" t="172" w="153" /><ent r="3" t="174" w="18" /><ent r="64" t="178" w="357" /><ent r="3" t="180" w="896" /><ent r="1000" t="182" w="6" /><ent r="102" t="182" w="23" /><ent r="3" t="182" w="62" /><ent r="4" t="182" w="83" /><ent r="4" t="182" w="112" /><ent r="4" t="182" w="499" /><ent r="3" t="182" w="742" /><ent r="4" t="182" w="1646" /><ent r="4" t="188" w="81" /><ent r="92" t="188" w="572" /></phr><phr n="plug-in"><ent r="7" t="6" w="171" /><ent r="3" t="22" w="28" /><ent r="3" t="103" w="50" /><ent r="3" t="104" w="36" /><ent r="3" t="104" w="54" /><ent r="3" t="104" w="80" /><ent r="3" t="104" w="95" /><ent r="3" t="104" w="101" /><ent r="3" t="104" w="170" /><ent r="4" t="104" w="193" /><ent r="4" t="110" w="371" /><ent r="3" t="110" w="391" /><ent r="3" t="110" w="405" /><ent r="3" t="110" w="433" /><ent r="3" t="110" w="449" /><ent r="3" t="110" w="456" /><ent r="8" t="125" w="368" /><ent r="8" t="125" w="380" /><ent r="8" t="125" w="409" /><ent r="8" t="125" w="425" /><ent r="4" t="145" w="100" /><ent r="4" t="145" w="112" /><ent r="4" t="145" w="123" /><ent r="3" t="145" w="135" /><ent r="3" t="145" w="191" /><ent r="3" t="145" w="198" /><ent r="3" t="145" w="225" /><ent r="3" t="145" w="235" /><ent r="3" t="156" w="21" /><ent r="3" t="156" w="32" /><ent r="3" t="156" w="309" /><ent r="3" t="157" w="872" /><ent r="3" t="165" w="58" /><ent r="3" t="166" w="25" /><ent r="3" t="166" w="44" /><ent r="3" t="166" w="104" /><ent r="3" t="166" w="115" /><ent r="3" t="166" w="126" /><ent r="3" t="166" w="135" /><ent r="4" t="166" w="145" /><ent r="3" t="166" w="167" /><ent r="3" t="170" w="13" /><ent r="3" t="170" w="61" /><ent r="100" t="171" w="17" /><ent r="3" t="171" w="112" /><ent r="3" t="176" w="87" /><ent r="3" t="178" w="127" /><ent r="3" t="178" w="137" /><ent r="3" t="187" w="524" /><ent r="3" t="187" w="1003" /><ent r="3" t="195" w="106" /></phr><phr n="Plug-ins"><ent r="3" t="38" w="38" /><ent r="3" t="77" w="90" /><ent r="82" t="178" w="210" /></phr><phr n="Plug-in"><ent r="3" t="166" w="17" /><ent r="3" t="166" w="35" /><ent r="100" t="171" w="14" /><ent r="4" t="171" w="174" /><ent r="100" t="172" w="14" /><ent r="3" t="172" w="32" /><ent r="4" t="172" w="280" /><ent r="100" t="182" w="13" /><ent r="4" t="187" w="207" /><ent r="92" t="187" w="493" /></phr></stem><stem n="in"><phr n="ins"><ent r="3" t="0" w="90" /><ent r="3" t="1" w="44" /><ent r="3" t="1" w="162" /><ent r="3" t="1" w="589" /><ent r="3" t="1" w="593" /><ent r="3" t="20" w="562" /><ent r="3" t="38" w="39" /><ent r="3" t="77" w="91" /><ent r="3" t="77" w="365" /><ent r="3" t="77" w="385" /><ent r="3" t="77" w="397" /><ent r="3" t="102" w="36" /><ent r="3" t="104" w="25" /><ent r="4" t="104" w="212" /><ent r="3" t="110" w="60" /><ent r="3" t="110" w="325" /><ent r="4" t="110" w="346" /><ent r="4" t="110" w="356" /><ent r="4" t="110" w="362" /><ent r="3" t="125" w="313" /><ent r="3" t="125" w="320" /><ent r="7" t="125" w="394" /><ent r="3" t="143" w="23" /><ent r="3" t="143" w="43" /><ent r="3" t="145" w="132" /><ent r="3" t="145" w="166" /><ent r="4" t="166" w="71" /><ent r="3" t="166" w="96" /><ent r="3" t="166" w="180" /><ent r="3" t="178" w="120" /><ent r="82" t="178" w="211" /><ent r="3" t="178" w="225" /><ent r="3" t="187" w="1282" /><ent r="3" t="188" w="1096" /><ent r="3" t="208" w="297" /></phr><phr n="Ins"><ent r="92" t="1" w="581" /><ent r="92" t="77" w="351" /><ent r="3" t="77" w="356" /><ent r="3" t="110" w="320" /><ent r="4" t="145" w="142" /><ent r="4" t="145" w="161" /><ent r="3" t="145" w="180" /><ent r="3" t="145" w="231" /><ent r="4" t="166" w="58" /><ent r="4" t="166" w="63" /></phr></stem><stem n="-ins."><phr n="-ins."><ent r="3" t="0" w="91" /><ent r="3" t="0" w="91" /><ent r="3" t="1" w="45" /><ent r="3" t="1" w="45" /><ent r="3" t="1" w="590" /><ent r="3" t="1" w="590" /><ent r="3" t="77" w="92" /><ent r="3" t="77" w="92" /><ent r="3" t="77" w="386" /><ent r="3" t="77" w="386" /><ent r="3" t="77" w="398" /><ent r="3" t="77" w="398" /><ent r="4" t="104" w="213" /><ent r="4" t="104" w="213" /><ent r="3" t="110" w="61" /><ent r="3" t="110" w="61" /><ent r="4" t="110" w="347" /><ent r="4" t="110" w="347" /><ent r="3" t="143" w="44" /><ent r="3" t="143" w="44" /><ent r="3" t="145" w="133" /><ent r="3" t="145" w="133" /><ent r="3" t="178" w="121" /><ent r="3" t="178" w="121" /></phr></stem><stem n="get"><phr n="get"><ent r="3" t="0" w="93" /><ent r="4" t="177" w="90" /><ent r="4" t="179" w="1898" /><ent r="3" t="183" w="131" /><ent r="3" t="184" w="121" /><ent r="3" t="232" w="189" /></phr><phr n="Get"><ent r="82" t="125" w="612" /><ent r="3" t="125" w="615" /><ent r="3" t="125" w="629" /><ent r="3" t="125" w="669" /><ent r="3" t="125" w="682" /><ent r="3" t="125" w="703" /><ent r="3" t="125" w="712" /></phr></stem><stem n="start"><phr n="started"><ent r="3" t="0" w="94" /></phr><phr n="Starts"><ent r="64" t="18" w="265" /><ent r="1000" t="19" w="5" /><ent r="102" t="19" w="17" /></phr><phr n="start"><ent r="3" t="19" w="26" /><ent r="3" t="49" w="252" /><ent r="3" t="49" w="258" /><ent r="7" t="59" w="101" /><ent r="7" t="59" w="164" /><ent r="3" t="137" w="130" /><ent r="3" t="142" w="24" /><ent r="3" t="142" w="39" /><ent r="3" t="142" w="58" /><ent r="4" t="142" w="430" /><ent r="4" t="147" w="204" /><ent r="3" t="157" w="907" /><ent r="3" t="172" w="27" /><ent r="3" t="172" w="120" /><ent r="4" t="172" w="147" /><ent r="4" t="180" w="1039" /><ent r="4" t="180" w="2787" /><ent r="4" t="182" w="493" /><ent r="3" t="185" w="49" /><ent r="4" t="185" w="80" /><ent r="3" t="185" w="146" /><ent r="4" t="185" w="313" /><ent r="3" t="185" w="338" /><ent r="3" t="185" w="381" /><ent r="4" t="185" w="551" /><ent r="4" t="186" w="226" /><ent r="4" t="188" w="1552" /><ent r="7" t="190" w="97" /><ent r="7" t="190" w="133" /><ent r="3" t="194" w="20" /><ent r="3" t="194" w="240" /><ent r="3" t="194" w="258" /><ent r="3" t="195" w="139" /><ent r="3" t="199" w="24" /><ent r="7" t="199" w="392" /><ent r="7" t="199" w="395" /><ent r="6" t="230" w="632" /></phr><phr n="starting"><ent r="3" t="19" w="147" /><ent r="100" t="172" w="16" /><ent r="4" t="194" w="125" /><ent r="4" t="194" w="200" /><ent r="7" t="199" w="400" /></phr><phr n="Start"><ent r="4" t="26" w="223" /><ent r="4" t="26" w="240" /><ent r="4" t="26" w="307" /><ent r="7" t="49" w="308" /><ent r="7" t="49" w="324" /><ent r="6" t="49" w="390" /><ent r="5" t="142" w="418" /><ent r="5" t="176" w="165" /><ent r="5" t="181" w="482" /><ent r="4" t="182" w="77" /><ent r="92" t="182" w="348" /><ent r="5" t="182" w="1461" /><ent r="4" t="187" w="51" /><ent r="92" t="187" w="420" /><ent r="4" t="188" w="1424" /><ent r="4" t="212" w="80" /><ent r="4" t="215" w="154" /><ent r="4" t="215" w="171" /><ent r="4" t="215" w="238" /><ent r="4" t="216" w="85" /><ent r="4" t="216" w="102" /><ent r="4" t="216" w="169" /><ent r="4" t="217" w="44" /><ent r="4" t="217" w="61" /><ent r="4" t="217" w="128" /><ent r="4" t="218" w="83" /><ent r="4" t="218" w="100" /><ent r="4" t="218" w="167" /><ent r="4" t="220" w="115" /><ent r="3" t="220" w="143" /><ent r="4" t="222" w="120" /><ent r="3" t="222" w="148" /></phr><phr n="starts"><ent r="3" t="104" w="56" /><ent r="4" t="180" w="1044" /></phr><phr n="Starting"><ent r="64" t="171" w="313" /><ent r="1000" t="172" w="1" /><ent r="102" t="172" w="18" /></phr></stem><stem n=","><phr n=","><ent r="3" t="0" w="99" /><ent r="3" t="1" w="28" /><ent r="3" t="1" w="42" /><ent r="3" t="1" w="58" /><ent r="3" t="1" w="61" /><ent r="3" t="1" w="102" /><ent r="3" t="1" w="235" /><ent r="3" t="1" w="248" /><ent r="3" t="1" w="249" /><ent r="4" t="1" w="320" /><ent r="3" t="1" w="390" /><ent r="3" t="1" w="438" /><ent r="3" t="1" w="508" /><ent r="4" t="2" w="67" /><ent r="4" t="2" w="85" /><ent r="3" t="2" w="135" /><ent r="6" t="3" w="29" /><ent r="5" t="3" w="50" /><ent r="6" t="3" w="65" /><ent r="6" t="3" w="93" /><ent r="3" t="4" w="32" /><ent r="3" t="4" w="46" /><ent r="3" t="4" w="47" /><ent r="3" t="4" w="99" /><ent r="3" t="4" w="100" /><ent r="3" t="4" w="101" /><ent r="4" t="4" w="175" /><ent r="7" t="5" w="192" /><ent r="7" t="5" w="241" /><ent r="7" t="6" w="171" /><ent r="7" t="6" w="174" /><ent r="6" t="7" w="197" /><ent r="7" t="8" w="123" /><ent r="7" t="8" w="138" /><ent r="4" t="10" w="36" /><ent r="7" t="10" w="102" /><ent r="3" t="11" w="73" /><ent r="6" t="11" w="149" /><ent r="5" t="13" w="67" /><ent r="5" t="13" w="80" /><ent r="3" t="14" w="65" /><ent r="6" t="14" w="211" /><ent r="6" t="14" w="374" /><ent r="6" t="14" w="411" /><ent r="4" t="18" w="35" /><ent r="3" t="18" w="57" /><ent r="3" t="18" w="70" /><ent r="3" t="18" w="116" /><ent r="4" t="18" w="141" /><ent r="4" t="18" w="156" /><ent r="3" t="18" w="163" /><ent r="3" t="18" w="236" /><ent r="3" t="19" w="52" /><ent r="3" t="19" w="77" /><ent r="3" t="19" w="149" /><ent r="3" t="19" w="169" /><ent r="3" t="19" w="187" /><ent r="3" t="20" w="40" /><ent r="4" t="20" w="110" /><ent r="4" t="20" w="122" /><ent r="4" t="20" w="180" /><ent r="4" t="20" w="198" /><ent r="4" t="20" w="253" /><ent r="4" t="20" w="285" /><ent r="4" t="20" w="519" /><ent r="3" t="20" w="558" /><ent r="3" t="21" w="46" /><ent r="3" t="21" w="47" /><ent r="3" t="21" w="48" /><ent r="3" t="21" w="49" /><ent r="3" t="21" w="99" /><ent r="3" t="21" w="114" /><ent r="3" t="21" w="124" /><ent r="3" t="21" w="176" /><ent r="3" t="21" w="190" /><ent r="3" t="21" w="209" /><ent r="4" t="21" w="255" /><ent r="4" t="21" w="267" /><ent r="3" t="21" w="347" /><ent r="3" t="21" w="374" /><ent r="4" t="21" w="423" /><ent r="4" t="21" w="434" /><ent r="4" t="21" w="496" /><ent r="4" t="23" w="35" /><ent r="4" t="23" w="45" /><ent r="4" t="23" w="85" /><ent r="3" t="23" w="107" /><ent r="3" t="23" w="119" /><ent r="3" t="24" w="65" /><ent r="3" t="24" w="83" /><ent r="3" t="24" w="95" /><ent r="4" t="25" w="54" /><ent r="4" t="25" w="72" /><ent r="4" t="25" w="110" /><ent r="4" t="25" w="158" /><ent r="4" t="25" w="184" /><ent r="4" t="26" w="62" /><ent r="4" t="26" w="101" /><ent r="4" t="26" w="130" /><ent r="3" t="26" w="200" /><ent r="3" t="26" w="211" /><ent r="3" t="26" w="212" /><ent r="4" t="26" w="221" /><ent r="4" t="26" w="225" /><ent r="4" t="26" w="228" /><ent r="4" t="26" w="238" /><ent r="4" t="26" w="242" /><ent r="4" t="26" w="245" /><ent r="4" t="26" w="256" /><ent r="4" t="26" w="270" /><ent r="3" t="26" w="304" /><ent r="4" t="26" w="341" /><ent r="4" t="26" w="357" /><ent r="3" t="26" w="371" /><ent r="4" t="26" w="393" /><ent r="5" t="26" w="473" /><ent r="5" t="26" w="514" /><ent r="4" t="26" w="532" /><ent r="4" t="26" w="547" /><ent r="5" t="27" w="32" /><ent r="4" t="27" w="74" /><ent r="4" t="27" w="92" /><ent r="3" t="27" w="106" /><ent r="4" t="28" w="42" /><ent r="4" t="28" w="74" /><ent r="4" t="28" w="89" /><ent r="4" t="28" w="116" /><ent r="4" t="28" w="131" /><ent r="4" t="28" w="171" /><ent r="4" t="28" w="190" /><ent r="4" t="28" w="243" /><ent r="4" t="28" w="280" /><ent r="4" t="28" w="295" /><ent r="4" t="28" w="309" /><ent r="4" t="29" w="38" /><ent r="3" t="29" w="59" /><ent r="3" t="30" w="58" /><ent r="3" t="30" w="80" /><ent r="3" t="31" w="71" /><ent r="4" t="31" w="101" /><ent r="3" t="32" w="80" /><ent r="4" t="32" w="102" /><ent r="3" t="32" w="123" /><ent r="3" t="32" w="135" /><ent r="4" t="32" w="157" /><ent r="3" t="33" w="19" /><ent r="3" t="35" w="29" /><ent r="3" t="35" w="49" /><ent r="4" t="36" w="38" /><ent r="3" t="37" w="126" /><ent r="3" t="37" w="153" /><ent r="3" t="38" w="26" /><ent r="3" t="38" w="135" /><ent r="3" t="39" w="33" /><ent r="7" t="39" w="143" /><ent r="3" t="40" w="45" /><ent r="4" t="40" w="135" /><ent r="3" t="40" w="242" /><ent r="3" t="41" w="27" /><ent r="4" t="43" w="46" /><ent r="4" t="43" w="52" /><ent r="4" t="43" w="68" /><ent r="4" t="43" w="111" /><ent r="4" t="43" w="170" /><ent r="3" t="43" w="216" /><ent r="3" t="44" w="23" /><ent r="3" t="44" w="26" /><ent r="4" t="44" w="134" /><ent r="4" t="44" w="185" /><ent r="4" t="44" w="202" /><ent r="4" t="44" w="212" /><ent r="4" t="44" w="252" /><ent r="4" t="44" w="291" /><ent r="4" t="44" w="352" /><ent r="4" t="44" w="377" /><ent r="3" t="44" w="430" /><ent r="3" t="44" w="432" /><ent r="3" t="44" w="437" /><ent r="3" t="44" w="438" /><ent r="3" t="44" w="440" /><ent r="3" t="44" w="473" /><ent r="3" t="44" w="593" /><ent r="3" t="44" w="674" /><ent r="3" t="44" w="679" /><ent r="3" t="46" w="13" /><ent r="3" t="46" w="29" /><ent r="3" t="46" w="100" /><ent r="3" t="46" w="101" /><ent r="3" t="46" w="121" /><ent r="3" t="46" w="142" /><ent r="3" t="46" w="155" /><ent r="3" t="46" w="169" /><ent r="4" t="47" w="40" /><ent r="3" t="47" w="62" /><ent r="3" t="47" w="128" /><ent r="3" t="47" w="150" /><ent r="3" t="47" w="151" /><ent r="3" t="47" w="215" /><ent r="3" t="47" w="342" /><ent r="3" t="48" w="56" /><ent r="3" t="48" w="57" /><ent r="3" t="48" w="67" /><ent r="3" t="48" w="68" /><ent r="4" t="48" w="83" /><ent r="3" t="48" w="105" /><ent r="4" t="48" w="146" /><ent r="4" t="48" w="147" /><ent r="3" t="48" w="188" /><ent r="3" t="48" w="189" /><ent r="4" t="48" w="271" /><ent r="4" t="48" w="311" /><ent r="3" t="49" w="27" /><ent r="3" t="49" w="29" /><ent r="3" t="49" w="39" /><ent r="3" t="49" w="87" /><ent r="4" t="49" w="129" /><ent r="3" t="49" w="152" /><ent r="3" t="49" w="245" /><ent r="3" t="49" w="254" /><ent r="3" t="49" w="257" /><ent r="3" t="49" w="260" /><ent r="3" t="49" w="262" /><ent r="3" t="49" w="277" /><ent r="3" t="49" w="278" /><ent r="5" t="49" w="302" /><ent r="6" t="49" w="311" /><ent r="6" t="49" w="315" /><ent r="6" t="49" w="327" /><ent r="6" t="49" w="331" /><ent r="5" t="49" w="387" /><ent r="5" t="49" w="424" /><ent r="4" t="49" w="475" /><ent r="3" t="49" w="529" /><ent r="3" t="49" w="585" /><ent r="3" t="50" w="71" /><ent r="4" t="50" w="137" /><ent r="4" t="50" w="191" /><ent r="4" t="50" w="235" /><ent r="4" t="50" w="257" /><ent r="3" t="51" w="17" /><ent r="3" t="51" w="34" /><ent r="3" t="51" w="81" /><ent r="4" t="51" w="98" /><ent r="3" t="51" w="127" /><ent r="4" t="52" w="30" /><ent r="4" t="52" w="47" /><ent r="3" t="52" w="68" /><ent r="3" t="52" w="100" /><ent r="4" t="53" w="141" /><ent r="4" t="53" w="142" /><ent r="4" t="54" w="46" /><ent r="4" t="55" w="60" /><ent r="4" t="55" w="90" /><ent r="4" t="55" w="91" /><ent r="4" t="55" w="93" /><ent r="4" t="55" w="102" /><ent r="3" t="56" w="31" /><ent r="3" t="56" w="39" /><ent r="3" t="56" w="48" /><ent r="3" t="56" w="68" /><ent r="4" t="57" w="35" /><ent r="4" t="57" w="55" /><ent r="4" t="57" w="64" /><ent r="3" t="57" w="96" /><ent r="3" t="57" w="113" /><ent r="3" t="58" w="123" /><ent r="3" t="58" w="136" /><ent r="4" t="58" w="156" /><ent r="4" t="58" w="200" /><ent r="4" t="58" w="217" /><ent r="4" t="58" w="237" /><ent r="3" t="58" w="279" /><ent r="3" t="59" w="49" /><ent r="7" t="59" w="95" /><ent r="7" t="59" w="111" /><ent r="7" t="59" w="158" /><ent r="7" t="59" w="174" /><ent r="4" t="60" w="36" /><ent r="4" t="60" w="58" /><ent r="4" t="60" w="129" /><ent r="4" t="61" w="32" /><ent r="3" t="62" w="21" /><ent r="4" t="62" w="64" /><ent r="3" t="62" w="85" /><ent r="3" t="62" w="104" /><ent r="3" t="62" w="124" /><ent r="3" t="62" w="142" /><ent r="4" t="62" w="193" /><ent r="3" t="62" w="211" /><ent r="3" t="62" w="227" /><ent r="3" t="63" w="36" /><ent r="3" t="63" w="42" /><ent r="3" t="63" w="43" /><ent r="3" t="63" w="56" /><ent r="3" t="63" w="77" /><ent r="5" t="64" w="42" /><ent r="3" t="64" w="69" /><ent r="3" t="64" w="147" /><ent r="3" t="64" w="148" /><ent r="3" t="64" w="149" /><ent r="3" t="64" w="179" /><ent r="3" t="64" w="183" /><ent r="3" t="64" w="184" /><ent r="4" t="65" w="19" /><ent r="4" t="65" w="45" /><ent r="4" t="65" w="67" /><ent r="4" t="65" w="197" /><ent r="4" t="65" w="225" /><ent r="4" t="65" w="244" /><ent r="4" t="65" w="267" /><ent r="4" t="65" w="286" /><ent r="3" t="66" w="34" /><ent r="3" t="66" w="36" /><ent r="4" t="66" w="79" /><ent r="4" t="66" w="103" /><ent r="4" t="66" w="116" /><ent r="3" t="67" w="27" /><ent r="4" t="67" w="77" /><ent r="4" t="67" w="89" /><ent r="4" t="67" w="185" /><ent r="4" t="67" w="202" /><ent r="4" t="67" w="232" /><ent r="4" t="67" w="251" /><ent r="4" t="67" w="278" /><ent r="4" t="67" w="283" /><ent r="4" t="67" w="287" /><ent r="3" t="68" w="166" /><ent r="3" t="69" w="100" /><ent r="3" t="69" w="122" /><ent r="3" t="69" w="137" /><ent r="4" t="70" w="43" /><ent r="4" t="70" w="50" /><ent r="4" t="70" w="77" /><ent r="3" t="70" w="95" /><ent r="4" t="70" w="117" /><ent r="4" t="70" w="140" /><ent r="4" t="70" w="157" /><ent r="4" t="70" w="175" /><ent r="4" t="70" w="187" /><ent r="4" t="70" w="225" /><ent r="4" t="70" w="232" /><ent r="4" t="70" w="254" /><ent r="3" t="70" w="280" /><ent r="4" t="72" w="52" /><ent r="4" t="72" w="67" /><ent r="4" t="72" w="114" /><ent r="3" t="73" w="33" /><ent r="3" t="73" w="88" /><ent r="3" t="74" w="22" /><ent r="3" t="74" w="23" /><ent r="3" t="74" w="56" /><ent r="3" t="74" w="78" /><ent r="3" t="74" w="266" /><ent r="3" t="74" w="327" /><ent r="4" t="75" w="62" /><ent r="3" t="76" w="25" /><ent r="3" t="76" w="109" /><ent r="4" t="77" w="45" /><ent r="3" t="77" w="87" /><ent r="3" t="77" w="88" /><ent r="3" t="77" w="89" /><ent r="3" t="77" w="166" /><ent r="3" t="77" w="167" /><ent r="3" t="77" w="168" /><ent r="3" t="77" w="182" /><ent r="3" t="77" w="184" /><ent r="3" t="77" w="268" /><ent r="3" t="77" w="318" /><ent r="3" t="78" w="38" /><ent r="3" t="78" w="52" /><ent r="4" t="78" w="78" /><ent r="4" t="79" w="49" /><ent r="4" t="79" w="76" /><ent r="3" t="79" w="107" /><ent r="3" t="80" w="52" /><ent r="4" t="80" w="90" /><ent r="4" t="80" w="112" /><ent r="4" t="80" w="134" /><ent r="4" t="80" w="166" /><ent r="4" t="80" w="208" /><ent r="4" t="80" w="230" /><ent r="4" t="81" w="36" /><ent r="4" t="81" w="106" /><ent r="3" t="81" w="227" /><ent r="3" t="81" w="246" /><ent r="4" t="81" w="310" /><ent r="3" t="81" w="351" /><ent r="3" t="81" w="384" /><ent r="3" t="81" w="499" /><ent r="3" t="81" w="520" /><ent r="3" t="81" w="559" /><ent r="3" t="81" w="595" /><ent r="4" t="81" w="661" /><ent r="3" t="82" w="24" /><ent r="3" t="82" w="26" /><ent r="3" t="82" w="28" /><ent r="3" t="83" w="36" /><ent r="3" t="83" w="43" /><ent r="3" t="83" w="108" /><ent r="3" t="83" w="123" /><ent r="4" t="83" w="239" /><ent r="3" t="84" w="24" /><ent r="4" t="84" w="99" /><ent r="3" t="86" w="92" /><ent r="4" t="86" w="126" /><ent r="4" t="86" w="128" /><ent r="4" t="86" w="130" /><ent r="3" t="86" w="164" /><ent r="3" t="86" w="165" /><ent r="3" t="86" w="170" /><ent r="3" t="87" w="60" /><ent r="3" t="87" w="82" /><ent r="3" t="87" w="95" /><ent r="3" t="87" w="96" /><ent r="3" t="87" w="97" /><ent r="4" t="88" w="55" /><ent r="3" t="88" w="84" /><ent r="4" t="89" w="98" /><ent r="4" t="89" w="120" /><ent r="3" t="89" w="157" /><ent r="5" t="90" w="381" /><ent r="5" t="90" w="406" /><ent r="6" t="90" w="507" /><ent r="6" t="90" w="539" /><ent r="5" t="90" w="578" /><ent r="5" t="90" w="613" /><ent r="5" t="90" w="614" /><ent r="7" t="90" w="690" /><ent r="7" t="90" w="691" /><ent r="4" t="91" w="116" /><ent r="5" t="91" w="321" /><ent r="3" t="92" w="100" /><ent r="4" t="92" w="137" /><ent r="4" t="92" w="155" /><ent r="4" t="92" w="179" /><ent r="4" t="93" w="70" /><ent r="3" t="94" w="80" /><ent r="3" t="94" w="81" /><ent r="3" t="94" w="94" /><ent r="3" t="94" w="127" /><ent r="5" t="95" w="56" /><ent r="3" t="95" w="81" /><ent r="4" t="95" w="100" /><ent r="5" t="95" w="180" /><ent r="3" t="95" w="206" /><ent r="4" t="95" w="225" /><ent r="5" t="96" w="57" /><ent r="3" t="96" w="83" /><ent r="4" t="96" w="102" /><ent r="3" t="96" w="163" /><ent r="4" t="96" w="238" /><ent r="3" t="96" w="254" /><ent r="3" t="96" w="266" /><ent r="3" t="96" w="308" /><ent r="3" t="96" w="320" /><ent r="3" t="98" w="59" /><ent r="3" t="99" w="95" /><ent r="3" t="99" w="111" /><ent r="3" t="99" w="159" /><ent r="4" t="99" w="174" /><ent r="3" t="100" w="29" /><ent r="3" t="100" w="46" /><ent r="3" t="100" w="63" /><ent r="4" t="100" w="89" /><ent r="3" t="100" w="143" /><ent r="3" t="101" w="68" /><ent r="3" t="101" w="69" /><ent r="4" t="101" w="92" /><ent r="3" t="101" w="146" /><ent r="3" t="102" w="31" /><ent r="3" t="102" w="39" /><ent r="3" t="102" w="40" /><ent r="3" t="102" w="44" /><ent r="3" t="102" w="71" /><ent r="3" t="102" w="72" /><ent r="3" t="102" w="98" /><ent r="3" t="102" w="113" /><ent r="3" t="102" w="120" /><ent r="3" t="102" w="160" /><ent r="3" t="102" w="183" /><ent r="3" t="103" w="68" /><ent r="3" t="103" w="94" /><ent r="3" t="103" w="116" /><ent r="3" t="104" w="57" /><ent r="3" t="104" w="85" /><ent r="3" t="104" w="104" /><ent r="3" t="104" w="217" /><ent r="4" t="104" w="242" /><ent r="3" t="106" w="84" /><ent r="3" t="106" w="108" /><ent r="3" t="106" w="109" /><ent r="4" t="106" w="130" /><ent r="4" t="106" w="155" /><ent r="3" t="106" w="201" /><ent r="4" t="107" w="72" /><ent r="4" t="107" w="97" /><ent r="4" t="108" w="85" /><ent r="4" t="108" w="110" /><ent r="3" t="108" w="325" /><ent r="3" t="108" w="344" /><ent r="3" t="108" w="368" /><ent r="4" t="108" w="453" /><ent r="4" t="108" w="474" /><ent r="4" t="108" w="497" /><ent r="4" t="108" w="510" /><ent r="4" t="109" w="86" /><ent r="4" t="109" w="111" /><ent r="3" t="109" w="301" /><ent r="3" t="109" w="303" /><ent r="3" t="109" w="344" /><ent r="4" t="109" w="403" /><ent r="4" t="109" w="432" /><ent r="4" t="109" w="468" /><ent r="4" t="109" w="479" /><ent r="3" t="110" w="146" /><ent r="3" t="110" w="195" /><ent r="3" t="110" w="231" /><ent r="3" t="110" w="256" /><ent r="4" t="110" w="293" /><ent r="3" t="110" w="419" /><ent r="4" t="110" w="463" /><ent r="3" t="110" w="503" /><ent r="6" t="111" w="12" /><ent r="3" t="111" w="86" /><ent r="3" t="111" w="107" /><ent r="3" t="112" w="32" /><ent r="3" t="112" w="44" /><ent r="3" t="112" w="45" /><ent r="3" t="112" w="46" /><ent r="3" t="112" w="51" /><ent r="3" t="113" w="19" /><ent r="3" t="113" w="22" /><ent r="3" t="113" w="33" /><ent r="3" t="115" w="47" /><ent r="3" t="115" w="48" /><ent r="3" t="115" w="49" /><ent r="3" t="115" w="92" /><ent r="3" t="115" w="122" /><ent r="3" t="115" w="123" /><ent r="3" t="115" w="157" /><ent r="3" t="115" w="165" /><ent r="3" t="115" w="179" /><ent r="3" t="115" w="193" /><ent r="3" t="115" w="207" /><ent r="3" t="115" w="221" /><ent r="3" t="115" w="255" /><ent r="100" t="115" w="271" /><ent r="3" t="115" w="297" /><ent r="3" t="115" w="309" /><ent r="3" t="115" w="457" /><ent r="3" t="115" w="480" /><ent r="3" t="115" w="482" /><ent r="3" t="115" w="488" /><ent r="3" t="115" w="494" /><ent r="3" t="115" w="499" /><ent r="3" t="115" w="551" /><ent r="7" t="116" w="26" /><ent r="7" t="116" w="41" /><ent r="7" t="116" w="244" /><ent r="7" t="116" w="278" /><ent r="4" t="117" w="25" /><ent r="3" t="117" w="51" /><ent r="4" t="117" w="82" /><ent r="4" t="117" w="128" /><ent r="4" t="117" w="137" /><ent r="4" t="117" w="154" /><ent r="4" t="117" w="184" /><ent r="3" t="118" w="23" /><ent r="3" t="118" w="24" /><ent r="4" t="118" w="39" /><ent r="4" t="118" w="64" /><ent r="3" t="118" w="97" /><ent r="4" t="118" w="107" /><ent r="4" t="119" w="75" /><ent r="3" t="119" w="125" /><ent r="3" t="119" w="150" /><ent r="3" t="119" w="176" /><ent r="4" t="120" w="25" /><ent r="3" t="120" w="58" /><ent r="4" t="120" w="69" /><ent r="3" t="121" w="35" /><ent r="3" t="121" w="41" /><ent r="3" t="121" w="52" /><ent r="3" t="121" w="103" /><ent r="3" t="122" w="137" /><ent r="3" t="122" w="163" /><ent r="4" t="122" w="202" /><ent r="4" t="122" w="205" /><ent r="3" t="123" w="181" /><ent r="4" t="123" w="231" /><ent r="4" t="123" w="235" /><ent r="4" t="123" w="280" /><ent r="5" t="123" w="283" /><ent r="4" t="123" w="288" /><ent r="4" t="123" w="372" /><ent r="4" t="123" w="376" /><ent r="4" t="123" w="421" /><ent r="3" t="123" w="496" /><ent r="4" t="123" w="511" /><ent r="4" t="123" w="515" /><ent r="4" t="123" w="558" /><ent r="5" t="123" w="561" /><ent r="4" t="123" w="566" /><ent r="3" t="124" w="31" /><ent r="3" t="125" w="86" /><ent r="3" t="125" w="87" /><ent r="3" t="125" w="110" /><ent r="3" t="125" w="111" /><ent r="3" t="125" w="119" /><ent r="3" t="125" w="122" /><ent r="3" t="125" w="146" /><ent r="3" t="125" w="171" /><ent r="3" t="125" w="205" /><ent r="3" t="125" w="208" /><ent r="3" t="125" w="229" /><ent r="3" t="125" w="255" /><ent r="3" t="125" w="281" /><ent r="3" t="125" w="330" /><ent r="3" t="125" w="598" /><ent r="3" t="125" w="607" /><ent r="3" t="125" w="628" /><ent r="3" t="125" w="667" /><ent r="3" t="125" w="686" /><ent r="3" t="125" w="854" /><ent r="3" t="125" w="875" /><ent r="3" t="125" w="889" /><ent r="3" t="125" w="933" /><ent r="3" t="125" w="942" /><ent r="4" t="126" w="45" /><ent r="3" t="126" w="129" /><ent r="4" t="126" w="180" /><ent r="4" t="126" w="224" /><ent r="4" t="126" w="271" /><ent r="4" t="126" w="286" /><ent r="4" t="126" w="345" /><ent r="4" t="126" w="390" /><ent r="4" t="126" w="410" /><ent r="4" t="127" w="30" /><ent r="4" t="127" w="44" /><ent r="3" t="127" w="66" /><ent r="3" t="128" w="105" /><ent r="3" t="128" w="172" /><ent r="3" t="128" w="191" /><ent r="3" t="128" w="228" /><ent r="3" t="129" w="127" /><ent r="3" t="129" w="153" /><ent r="3" t="129" w="258" /><ent r="3" t="129" w="273" /><ent r="3" t="129" w="286" /><ent r="3" t="129" w="302" /><ent r="3" t="130" w="19" /><ent r="3" t="131" w="46" /><ent r="3" t="131" w="79" /><ent r="4" t="131" w="97" /><ent r="4" t="131" w="114" /><ent r="3" t="131" w="178" /><ent r="3" t="131" w="199" /><ent r="3" t="132" w="53" /><ent r="3" t="132" w="79" /><ent r="3" t="132" w="93" /><ent r="3" t="133" w="20" /><ent r="4" t="133" w="44" /><ent r="4" t="133" w="56" /><ent r="3" t="134" w="47" /><ent r="3" t="134" w="50" /><ent r="3" t="134" w="59" /><ent r="3" t="134" w="62" /><ent r="4" t="134" w="79" /><ent r="4" t="135" w="49" /><ent r="4" t="135" w="62" /><ent r="4" t="136" w="46" /><ent r="4" t="136" w="58" /><ent r="3" t="136" w="87" /><ent r="3" t="137" w="15" /><ent r="4" t="137" w="50" /><ent r="3" t="137" w="156" /><ent r="3" t="138" w="26" /><ent r="3" t="138" w="74" /><ent r="3" t="140" w="54" /><ent r="3" t="140" w="115" /><ent r="3" t="140" w="212" /><ent r="3" t="141" w="33" /><ent r="3" t="141" w="38" /><ent r="4" t="141" w="55" /><ent r="3" t="141" w="84" /><ent r="3" t="142" w="34" /><ent r="3" t="142" w="57" /><ent r="4" t="142" w="103" /><ent r="4" t="142" w="147" /><ent r="4" t="142" w="206" /><ent r="6" t="142" w="220" /><ent r="4" t="142" w="259" /><ent r="3" t="142" w="321" /><ent r="3" t="142" w="333" /><ent r="3" t="142" w="355" /><ent r="3" t="142" w="392" /><ent r="3" t="142" w="511" /><ent r="3" t="142" w="611" /><ent r="3" t="142" w="685" /><ent r="4" t="143" w="117" /><ent r="5" t="143" w="190" /><ent r="5" t="143" w="191" /><ent r="5" t="143" w="273" /><ent r="5" t="143" w="275" /><ent r="4" t="143" w="282" /><ent r="4" t="143" w="288" /><ent r="3" t="143" w="310" /><ent r="3" t="144" w="24" /><ent r="3" t="144" w="25" /><ent r="4" t="144" w="42" /><ent r="4" t="144" w="67" /><ent r="4" t="144" w="87" /><ent r="4" t="144" w="88" /><ent r="4" t="144" w="89" /><ent r="4" t="144" w="90" /><ent r="4" t="144" w="92" /><ent r="4" t="144" w="100" /><ent r="3" t="144" w="131" /><ent r="3" t="144" w="149" /><ent r="3" t="144" w="178" /><ent r="3" t="144" w="183" /><ent r="3" t="144" w="202" /><ent r="3" t="144" w="234" /><ent r="3" t="144" w="252" /><ent r="3" t="144" w="281" /><ent r="3" t="144" w="286" /><ent r="3" t="144" w="305" /><ent r="3" t="144" w="330" /><ent r="3" t="144" w="358" /><ent r="3" t="144" w="366" /><ent r="3" t="144" w="402" /><ent r="3" t="144" w="438" /><ent r="3" t="144" w="456" /><ent r="3" t="144" w="485" /><ent r="3" t="144" w="490" /><ent r="3" t="144" w="509" /><ent r="3" t="144" w="532" /><ent r="3" t="144" w="602" /><ent r="3" t="144" w="620" /><ent r="3" t="144" w="649" /><ent r="3" t="144" w="654" /><ent r="3" t="144" w="673" /><ent r="4" t="145" w="42" /><ent r="4" t="145" w="67" /><ent r="4" t="145" w="86" /><ent r="3" t="145" w="126" /><ent r="3" t="145" w="196" /><ent r="3" t="145" w="210" /><ent r="3" t="145" w="233" /><ent r="4" t="145" w="265" /><ent r="4" t="147" w="81" /><ent r="4" t="147" w="106" /><ent r="4" t="147" w="158" /><ent r="4" t="147" w="159" /><ent r="4" t="147" w="161" /><ent r="4" t="147" w="166" /><ent r="4" t="147" w="168" /><ent r="4" t="147" w="169" /><ent r="4" t="147" w="192" /><ent r="4" t="147" w="193" /><ent r="3" t="147" w="239" /><ent r="4" t="148" w="81" /><ent r="4" t="148" w="106" /><ent r="3" t="148" w="159" /><ent r="3" t="148" w="211" /><ent r="3" t="149" w="74" /><ent r="3" t="149" w="75" /><ent r="4" t="149" w="95" /><ent r="4" t="149" w="120" /><ent r="3" t="149" w="161" /><ent r="3" t="149" w="195" /><ent r="4" t="150" w="90" /><ent r="4" t="150" w="115" /><ent r="3" t="150" w="166" /><ent r="3" t="150" w="188" /><ent r="3" t="150" w="189" /><ent r="4" t="151" w="84" /><ent r="4" t="151" w="108" /><ent r="4" t="151" w="156" /><ent r="4" t="151" w="159" /><ent r="4" t="151" w="162" /><ent r="4" t="151" w="178" /><ent r="4" t="151" w="179" /><ent r="4" t="151" w="194" /><ent r="4" t="151" w="195" /><ent r="3" t="151" w="201" /><ent r="4" t="152" w="81" /><ent r="4" t="152" w="106" /><ent r="4" t="152" w="134" /><ent r="4" t="153" w="77" /><ent r="4" t="153" w="102" /><ent r="4" t="153" w="139" /><ent r="4" t="153" w="142" /><ent r="4" t="153" w="145" /><ent r="4" t="153" w="151" /><ent r="5" t="153" w="190" /><ent r="5" t="153" w="191" /><ent r="4" t="153" w="373" /><ent r="4" t="153" w="376" /><ent r="5" t="153" w="395" /><ent r="5" t="153" w="463" /><ent r="4" t="153" w="706" /><ent r="4" t="153" w="707" /><ent r="4" t="153" w="808" /><ent r="4" t="153" w="811" /><ent r="5" t="153" w="830" /><ent r="5" t="153" w="898" /><ent r="4" t="153" w="1141" /><ent r="4" t="153" w="1142" /><ent r="3" t="153" w="1165" /><ent r="3" t="153" w="1168" /><ent r="3" t="153" w="1186" /><ent r="4" t="154" w="78" /><ent r="4" t="154" w="103" /><ent r="3" t="154" w="198" /><ent r="3" t="154" w="249" /><ent r="4" t="154" w="441" /><ent r="4" t="155" w="88" /><ent r="4" t="155" w="113" /><ent r="4" t="155" w="138" /><ent r="3" t="155" w="172" /><ent r="3" t="155" w="225" /><ent r="3" t="155" w="243" /><ent r="3" t="156" w="21" /><ent r="3" t="156" w="32" /><ent r="4" t="156" w="68" /><ent r="3" t="156" w="87" /><ent r="3" t="156" w="137" /><ent r="3" t="156" w="144" /><ent r="3" t="156" w="145" /><ent r="4" t="156" w="163" /><ent r="3" t="156" w="217" /><ent r="4" t="156" w="282" /><ent r="3" t="156" w="301" /><ent r="3" t="156" w="309" /><ent r="4" t="156" w="442" /><ent r="4" t="156" w="461" /><ent r="4" t="156" w="572" /><ent r="4" t="156" w="575" /><ent r="4" t="156" w="576" /><ent r="4" t="156" w="617" /><ent r="4" t="156" w="620" /><ent r="4" t="156" w="621" /><ent r="3" t="156" w="709" /><ent r="3" t="156" w="726" /><ent r="3" t="156" w="756" /><ent r="3" t="156" w="785" /><ent r="4" t="156" w="851" /><ent r="4" t="156" w="863" /><ent r="3" t="157" w="25" /><ent r="3" t="157" w="27" /><ent r="3" t="157" w="58" /><ent r="3" t="157" w="119" /><ent r="3" t="157" w="120" /><ent r="5" t="157" w="133" /><ent r="3" t="157" w="152" /><ent r="3" t="157" w="168" /><ent r="3" t="157" w="195" /><ent r="3" t="157" w="209" /><ent r="3" t="157" w="211" /><ent r="3" t="157" w="257" /><ent r="3" t="157" w="281" /><ent r="4" t="157" w="415" /><ent r="4" t="157" w="434" /><ent r="4" t="157" w="545" /><ent r="4" t="157" w="548" /><ent r="4" t="157" w="549" /><ent r="4" t="157" w="590" /><ent r="4" t="157" w="593" /><ent r="4" t="157" w="594" /><ent r="3" t="157" w="682" /><ent r="3" t="157" w="699" /><ent r="3" t="157" w="729" /><ent r="3" t="157" w="765" /><ent r="3" t="157" w="766" /><ent r="3" t="157" w="832" /><ent r="3" t="157" w="909" /><ent r="3" t="157" w="923" /><ent r="3" t="157" w="939" /><ent r="3" t="157" w="979" /><ent r="3" t="157" w="980" /><ent r="3" t="158" w="63" /><ent r="3" t="158" w="66" /><ent r="4" t="158" w="168" /><ent r="3" t="158" w="186" /><ent r="3" t="158" w="202" /><ent r="3" t="158" w="265" /><ent r="3" t="158" w="278" /><ent r="4" t="158" w="412" /><ent r="4" t="158" w="431" /><ent r="4" t="158" w="542" /><ent r="4" t="158" w="545" /><ent r="4" t="158" w="546" /><ent r="4" t="158" w="587" /><ent r="4" t="158" w="590" /><ent r="4" t="158" w="591" /><ent r="3" t="158" w="679" /><ent r="3" t="158" w="696" /><ent r="3" t="158" w="726" /><ent r="3" t="158" w="875" /><ent r="3" t="159" w="25" /><ent r="3" t="159" w="30" /><ent r="3" t="159" w="31" /><ent r="4" t="159" w="82" /><ent r="4" t="159" w="120" /><ent r="4" t="159" w="121" /><ent r="3" t="159" w="156" /><ent r="5" t="159" w="172" /><ent r="3" t="159" w="190" /><ent r="3" t="159" w="206" /><ent r="6" t="160" w="70" /><ent r="3" t="160" w="89" /><ent r="3" t="160" w="105" /><ent r="3" t="160" w="204" /><ent r="3" t="160" w="220" /><ent r="3" t="160" w="241" /><ent r="3" t="161" w="21" /><ent r="3" t="161" w="26" /><ent r="3" t="161" w="27" /><ent r="4" t="161" w="97" /><ent r="3" t="161" w="131" /><ent r="3" t="161" w="168" /><ent r="3" t="161" w="196" /><ent r="3" t="161" w="228" /><ent r="4" t="161" w="244" /><ent r="3" t="161" w="262" /><ent r="3" t="161" w="278" /><ent r="4" t="162" w="86" /><ent r="4" t="162" w="112" /><ent r="3" t="162" w="155" /><ent r="3" t="162" w="173" /><ent r="3" t="162" w="191" /><ent r="3" t="162" w="207" /><ent r="4" t="163" w="78" /><ent r="4" t="163" w="107" /><ent r="3" t="163" w="125" /><ent r="3" t="163" w="141" /><ent r="3" t="163" w="230" /><ent r="3" t="163" w="233" /><ent r="3" t="163" w="280" /><ent r="3" t="163" w="317" /><ent r="3" t="164" w="26" /><ent r="4" t="164" w="94" /><ent r="3" t="164" w="113" /><ent r="3" t="164" w="135" /><ent r="3" t="164" w="169" /><ent r="3" t="164" w="183" /><ent r="4" t="164" w="203" /><ent r="3" t="164" w="221" /><ent r="3" t="164" w="237" /><ent r="4" t="165" w="110" /><ent r="4" t="165" w="138" /><ent r="3" t="165" w="156" /><ent r="3" t="165" w="172" /><ent r="5" t="165" w="275" /><ent r="5" t="165" w="276" /><ent r="3" t="165" w="317" /><ent r="3" t="165" w="320" /><ent r="3" t="165" w="342" /><ent r="3" t="165" w="360" /><ent r="5" t="165" w="433" /><ent r="5" t="165" w="501" /><ent r="4" t="165" w="742" /><ent r="4" t="165" w="743" /><ent r="3" t="166" w="31" /><ent r="3" t="166" w="32" /><ent r="3" t="166" w="33" /><ent r="4" t="166" w="55" /><ent r="3" t="166" w="92" /><ent r="3" t="167" w="23" /><ent r="3" t="167" w="45" /><ent r="3" t="167" w="96" /><ent r="3" t="167" w="97" /><ent r="4" t="167" w="153" /><ent r="5" t="167" w="181" /><ent r="3" t="167" w="227" /><ent r="3" t="167" w="247" /><ent r="3" t="167" w="257" /><ent r="5" t="167" w="352" /><ent r="5" t="167" w="355" /><ent r="3" t="167" w="423" /><ent r="3" t="167" w="441" /><ent r="4" t="167" w="578" /><ent r="4" t="167" w="596" /><ent r="3" t="167" w="652" /><ent r="3" t="167" w="686" /><ent r="3" t="167" w="721" /><ent r="3" t="167" w="755" /><ent r="3" t="167" w="826" /><ent r="3" t="167" w="850" /><ent r="4" t="167" w="878" /><ent r="3" t="167" w="907" /><ent r="3" t="167" w="953" /><ent r="3" t="167" w="993" /><ent r="3" t="167" w="999" /><ent r="3" t="167" w="1002" /><ent r="3" t="167" w="1054" /><ent r="4" t="167" w="1098" /><ent r="3" t="168" w="90" /><ent r="3" t="168" w="111" /><ent r="3" t="168" w="123" /><ent r="6" t="168" w="197" /><ent r="3" t="169" w="103" /><ent r="3" t="169" w="154" /><ent r="3" t="169" w="203" /><ent r="3" t="169" w="204" /><ent r="3" t="169" w="272" /><ent r="3" t="169" w="290" /><ent r="4" t="169" w="387" /><ent r="3" t="169" w="563" /><ent r="3" t="169" w="570" /><ent r="3" t="170" w="24" /><ent r="3" t="170" w="27" /><ent r="4" t="170" w="71" /><ent r="3" t="170" w="101" /><ent r="3" t="170" w="123" /><ent r="3" t="170" w="135" /><ent r="3" t="170" w="136" /><ent r="4" t="170" w="149" /><ent r="4" t="170" w="150" /><ent r="3" t="170" w="192" /><ent r="4" t="170" w="221" /><ent r="3" t="170" w="235" /><ent r="3" t="170" w="254" /><ent r="3" t="170" w="282" /><ent r="3" t="170" w="295" /><ent r="3" t="170" w="309" /><ent r="3" t="171" w="52" /><ent r="3" t="171" w="60" /><ent r="3" t="171" w="61" /><ent r="3" t="171" w="62" /><ent r="3" t="171" w="94" /><ent r="3" t="171" w="122" /><ent r="4" t="171" w="169" /><ent r="4" t="171" w="252" /><ent r="4" t="172" w="211" /><ent r="3" t="172" w="238" /><ent r="3" t="172" w="321" /><ent r="3" t="172" w="339" /><ent r="3" t="173" w="19" /><ent r="3" t="173" w="66" /><ent r="4" t="173" w="179" /><ent r="4" t="173" w="183" /><ent r="3" t="173" w="209" /><ent r="4" t="173" w="270" /><ent r="3" t="174" w="98" /><ent r="4" t="174" w="121" /><ent r="3" t="175" w="31" /><ent r="4" t="175" w="105" /><ent r="4" t="175" w="179" /><ent r="5" t="175" w="183" /><ent r="5" t="175" w="185" /><ent r="4" t="175" w="199" /><ent r="4" t="175" w="269" /><ent r="3" t="176" w="20" /><ent r="3" t="176" w="28" /><ent r="3" t="176" w="59" /><ent r="3" t="176" w="67" /><ent r="3" t="176" w="70" /><ent r="3" t="176" w="92" /><ent r="4" t="176" w="342" /><ent r="4" t="176" w="359" /><ent r="4" t="176" w="400" /><ent r="4" t="177" w="78" /><ent r="4" t="177" w="80" /><ent r="4" t="177" w="84" /><ent r="3" t="177" w="151" /><ent r="3" t="178" w="40" /><ent r="3" t="178" w="49" /><ent r="3" t="178" w="53" /><ent r="3" t="178" w="57" /><ent r="3" t="178" w="62" /><ent r="3" t="178" w="85" /><ent r="3" t="178" w="97" /><ent r="3" t="178" w="195" /><ent r="7" t="178" w="277" /><ent r="64" t="178" w="326" /><ent r="64" t="178" w="328" /><ent r="64" t="178" w="330" /><ent r="64" t="178" w="332" /><ent r="64" t="178" w="342" /><ent r="64" t="178" w="348" /><ent r="64" t="178" w="349" /><ent r="3" t="179" w="28" /><ent r="3" t="179" w="35" /><ent r="3" t="179" w="38" /><ent r="3" t="179" w="45" /><ent r="4" t="179" w="63" /><ent r="4" t="179" w="64" /><ent r="4" t="179" w="65" /><ent r="4" t="179" w="66" /><ent r="3" t="179" w="107" /><ent r="3" t="179" w="118" /><ent r="3" t="179" w="121" /><ent r="3" t="179" w="125" /><ent r="3" t="179" w="235" /><ent r="3" t="179" w="237" /><ent r="3" t="179" w="267" /><ent r="3" t="179" w="268" /><ent r="3" t="179" w="280" /><ent r="4" t="179" w="386" /><ent r="4" t="179" w="438" /><ent r="7" t="179" w="494" /><ent r="4" t="179" w="531" /><ent r="4" t="179" w="535" /><ent r="4" t="179" w="585" /><ent r="4" t="179" w="620" /><ent r="4" t="179" w="624" /><ent r="4" t="179" w="627" /><ent r="3" t="179" w="649" /><ent r="4" t="179" w="698" /><ent r="3" t="179" w="782" /><ent r="3" t="179" w="801" /><ent r="3" t="179" w="805" /><ent r="4" t="179" w="859" /><ent r="4" t="179" w="902" /><ent r="4" t="179" w="956" /><ent r="3" t="179" w="969" /><ent r="3" t="179" w="973" /><ent r="4" t="179" w="998" /><ent r="4" t="179" w="1019" /><ent r="3" t="179" w="1063" /><ent r="4" t="179" w="1077" /><ent r="4" t="179" w="1149" /><ent r="5" t="179" w="1159" /><ent r="3" t="179" w="1186" /><ent r="3" t="179" w="1210" /><ent r="3" t="179" w="1220" /><ent r="3" t="179" w="1221" /><ent r="3" t="179" w="1232" /><ent r="3" t="179" w="1277" /><ent r="3" t="179" w="1353" /><ent r="3" t="179" w="1364" /><ent r="3" t="179" w="1369" /><ent r="3" t="179" w="1376" /><ent r="4" t="179" w="1387" /><ent r="3" t="179" w="1433" /><ent r="3" t="179" w="1442" /><ent r="3" t="179" w="1460" /><ent r="3" t="179" w="1470" /><ent r="4" t="179" w="1574" /><ent r="4" t="179" w="1575" /><ent r="4" t="179" w="1576" /><ent r="3" t="179" w="1602" /><ent r="3" t="179" w="1607" /><ent r="4" t="179" w="1661" /><ent r="4" t="179" w="1666" /><ent r="4" t="179" w="1694" /><ent r="4" t="179" w="1695" /><ent r="4" t="179" w="1696" /><ent r="4" t="179" w="1711" /><ent r="4" t="179" w="1716" /><ent r="4" t="179" w="1801" /><ent r="5" t="179" w="1811" /><ent r="5" t="179" w="1812" /><ent r="4" t="179" w="1909" /><ent r="4" t="179" w="1960" /><ent r="4" t="179" w="1961" /><ent r="4" t="179" w="2080" /><ent r="4" t="179" w="2084" /><ent r="4" t="179" w="2126" /><ent r="5" t="179" w="2129" /><ent r="4" t="179" w="2172" /><ent r="4" t="179" w="2212" /><ent r="4" t="179" w="2253" /><ent r="4" t="179" w="2293" /><ent r="4" t="179" w="2298" /><ent r="4" t="179" w="2308" /><ent r="4" t="179" w="2322" /><ent r="5" t="179" w="2325" /><ent r="3" t="179" w="2370" /><ent r="3" t="179" w="2371" /><ent r="3" t="179" w="2386" /><ent r="3" t="179" w="2387" /><ent r="3" t="179" w="2388" /><ent r="1000" t="180" w="3" /><ent r="1000" t="180" w="5" /><ent r="102" t="180" w="22" /><ent r="102" t="180" w="24" /><ent r="102" t="180" w="26" /><ent r="102" t="180" w="28" /><ent r="3" t="180" w="48" /><ent r="3" t="180" w="56" /><ent r="3" t="180" w="63" /><ent r="3" t="180" w="68" /><ent r="3" t="180" w="71" /><ent r="3" t="180" w="74" /><ent r="3" t="180" w="85" /><ent r="3" t="180" w="191" /><ent r="3" t="180" w="214" /><ent r="3" t="180" w="253" /><ent r="3" t="180" w="265" /><ent r="3" t="180" w="374" /><ent r="3" t="180" w="380" /><ent r="3" t="180" w="382" /><ent r="3" t="180" w="432" /><ent r="3" t="180" w="434" /><ent r="4" t="180" w="537" /><ent r="4" t="180" w="589" /><ent r="7" t="180" w="645" /><ent r="4" t="180" w="712" /><ent r="4" t="180" w="737" /><ent r="4" t="180" w="769" /><ent r="4" t="180" w="823" /><ent r="4" t="180" w="868" /><ent r="3" t="180" w="965" /><ent r="3" t="180" w="992" /><ent r="3" t="180" w="1021" /><ent r="4" t="180" w="1055" /><ent r="3" t="180" w="1071" /><ent r="4" t="180" w="1110" /><ent r="4" t="180" w="1121" /><ent r="4" t="180" w="1151" /><ent r="4" t="180" w="1247" /><ent r="4" t="180" w="1251" /><ent r="4" t="180" w="1270" /><ent r="4" t="180" w="1276" /><ent r="4" t="180" w="1281" /><ent r="4" t="180" w="1286" /><ent r="3" t="180" w="1330" /><ent r="4" t="180" w="1352" /><ent r="4" t="180" w="1356" /><ent r="4" t="180" w="1387" /><ent r="4" t="180" w="1406" /><ent r="3" t="180" w="1454" /><ent r="3" t="180" w="1524" /><ent r="3" t="180" w="1544" /><ent r="3" t="180" w="1574" /><ent r="3" t="180" w="1575" /><ent r="3" t="180" w="1588" /><ent r="3" t="180" w="1591" /><ent r="3" t="180" w="1611" /><ent r="4" t="180" w="1763" /><ent r="4" t="180" w="1816" /><ent r="5" t="180" w="1825" /><ent r="4" t="180" w="1853" /><ent r="4" t="180" w="1864" /><ent r="4" t="180" w="1886" /><ent r="4" t="180" w="1932" /><ent r="4" t="180" w="1964" /><ent r="4" t="180" w="1975" /><ent r="4" t="180" w="1978" /><ent r="4" t="180" w="1990" /><ent r="3" t="180" w="2018" /><ent r="3" t="180" w="2028" /><ent r="4" t="180" w="2182" /><ent r="3" t="180" w="2198" /><ent r="4" t="180" w="2202" /><ent r="3" t="180" w="2222" /><ent r="3" t="180" w="2247" /><ent r="4" t="180" w="2268" /><ent r="3" t="180" w="2281" /><ent r="3" t="180" w="2302" /><ent r="4" t="180" w="2391" /><ent r="4" t="180" w="2422" /><ent r="3" t="180" w="2496" /><ent r="4" t="180" w="2543" /><ent r="4" t="180" w="2575" /><ent r="3" t="180" w="2640" /><ent r="3" t="180" w="2648" /><ent r="3" t="180" w="2653" /><ent r="4" t="180" w="2666" /><ent r="5" t="180" w="2727" /><ent r="4" t="180" w="2824" /><ent r="3" t="180" w="2880" /><ent r="3" t="180" w="2964" /><ent r="4" t="180" w="3028" /><ent r="4" t="180" w="3109" /><ent r="3" t="180" w="3158" /><ent r="3" t="180" w="3170" /><ent r="3" t="180" w="3173" /><ent r="1000" t="181" w="3" /><ent r="1000" t="181" w="4" /><ent r="102" t="181" w="14" /><ent r="102" t="181" w="20" /><ent r="102" t="181" w="21" /><ent r="3" t="181" w="38" /><ent r="3" t="181" w="70" /><ent r="3" t="181" w="127" /><ent r="3" t="181" w="135" /><ent r="3" t="181" w="143" /><ent r="3" t="181" w="145" /><ent r="4" t="181" w="248" /><ent r="4" t="181" w="300" /><ent r="7" t="181" w="356" /><ent r="4" t="181" w="393" /><ent r="5" t="181" w="397" /><ent r="4" t="181" w="406" /><ent r="4" t="181" w="448" /><ent r="4" t="181" w="467" /><ent r="4" t="181" w="557" /><ent r="4" t="181" w="579" /><ent r="4" t="181" w="602" /><ent r="5" t="181" w="706" /><ent r="3" t="181" w="786" /><ent r="4" t="181" w="825" /><ent r="5" t="181" w="872" /><ent r="4" t="181" w="964" /><ent r="4" t="181" w="1012" /><ent r="4" t="181" w="1031" /><ent r="5" t="181" w="1034" /><ent r="5" t="181" w="1035" /><ent r="4" t="181" w="1069" /><ent r="3" t="181" w="1154" /><ent r="3" t="181" w="1192" /><ent r="4" t="181" w="1224" /><ent r="4" t="181" w="1231" /><ent r="4" t="181" w="1239" /><ent r="4" t="181" w="1282" /><ent r="4" t="181" w="1338" /><ent r="4" t="181" w="1384" /><ent r="3" t="181" w="1420" /><ent r="4" t="181" w="1460" /><ent r="3" t="181" w="1494" /><ent r="3" t="181" w="1559" /><ent r="3" t="181" w="1583" /><ent r="3" t="181" w="1610" /><ent r="3" t="181" w="1612" /><ent r="3" t="182" w="36" /><ent r="3" t="182" w="68" /><ent r="3" t="182" w="133" /><ent r="3" t="182" w="134" /><ent r="3" t="182" w="135" /><ent r="4" t="182" w="211" /><ent r="4" t="182" w="263" /><ent r="7" t="182" w="319" /><ent r="4" t="182" w="389" /><ent r="4" t="182" w="400" /><ent r="4" t="182" w="409" /><ent r="4" t="182" w="518" /><ent r="4" t="182" w="658" /><ent r="3" t="182" w="766" /><ent r="3" t="182" w="825" /><ent r="3" t="182" w="860" /><ent r="4" t="182" w="996" /><ent r="4" t="182" w="1013" /><ent r="3" t="182" w="1074" /><ent r="4" t="182" w="1112" /><ent r="5" t="182" w="1116" /><ent r="5" t="182" w="1150" /><ent r="4" t="182" w="1171" /><ent r="4" t="182" w="1179" /><ent r="4" t="182" w="1213" /><ent r="3" t="182" w="1327" /><ent r="3" t="182" w="1337" /><ent r="3" t="182" w="1347" /><ent r="3" t="182" w="1363" /><ent r="3" t="182" w="1385" /><ent r="3" t="182" w="1393" /><ent r="3" t="182" w="1396" /><ent r="3" t="182" w="1408" /><ent r="3" t="182" w="1436" /><ent r="3" t="182" w="1568" /><ent r="4" t="182" w="1655" /><ent r="4" t="182" w="1668" /><ent r="4" t="182" w="1683" /><ent r="3" t="183" w="26" /><ent r="3" t="183" w="40" /><ent r="3" t="183" w="116" /><ent r="3" t="183" w="117" /><ent r="3" t="183" w="118" /><ent r="3" t="183" w="119" /><ent r="3" t="183" w="168" /><ent r="3" t="183" w="187" /><ent r="3" t="183" w="192" /><ent r="3" t="183" w="195" /><ent r="3" t="183" w="228" /><ent r="3" t="183" w="246" /><ent r="3" t="183" w="255" /><ent r="3" t="183" w="256" /><ent r="3" t="183" w="257" /><ent r="3" t="183" w="268" /><ent r="3" t="183" w="289" /><ent r="3" t="183" w="302" /><ent r="3" t="183" w="303" /><ent r="3" t="183" w="376" /><ent r="4" t="183" w="486" /><ent r="4" t="183" w="538" /><ent r="7" t="183" w="594" /><ent r="4" t="183" w="631" /><ent r="4" t="183" w="635" /><ent r="4" t="183" w="684" /><ent r="4" t="183" w="700" /><ent r="4" t="183" w="704" /><ent r="4" t="183" w="713" /><ent r="3" t="183" w="727" /><ent r="4" t="183" w="767" /><ent r="4" t="183" w="785" /><ent r="4" t="183" w="805" /><ent r="4" t="183" w="866" /><ent r="4" t="183" w="887" /><ent r="4" t="183" w="900" /><ent r="4" t="183" w="911" /><ent r="4" t="183" w="926" /><ent r="3" t="183" w="942" /><ent r="4" t="183" w="992" /><ent r="3" t="183" w="1015" /><ent r="3" t="183" w="1065" /><ent r="3" t="183" w="1075" /><ent r="3" t="184" w="29" /><ent r="3" t="184" w="43" /><ent r="3" t="184" w="106" /><ent r="3" t="184" w="107" /><ent r="3" t="184" w="108" /><ent r="3" t="184" w="109" /><ent r="3" t="184" w="158" /><ent r="3" t="184" w="177" /><ent r="3" t="184" w="182" /><ent r="3" t="184" w="185" /><ent r="3" t="184" w="217" /><ent r="3" t="184" w="235" /><ent r="3" t="184" w="244" /><ent r="3" t="184" w="245" /><ent r="3" t="184" w="246" /><ent r="3" t="184" w="257" /><ent r="3" t="184" w="278" /><ent r="3" t="184" w="363" /><ent r="3" t="184" w="378" /><ent r="4" t="184" w="488" /><ent r="4" t="184" w="540" /><ent r="7" t="184" w="596" /><ent r="4" t="184" w="633" /><ent r="4" t="184" w="637" /><ent r="4" t="184" w="647" /><ent r="4" t="184" w="675" /><ent r="4" t="184" w="685" /><ent r="3" t="184" w="709" /><ent r="3" t="184" w="715" /><ent r="3" t="184" w="742" /><ent r="3" t="184" w="746" /><ent r="3" t="184" w="777" /><ent r="3" t="184" w="811" /><ent r="3" t="184" w="812" /><ent r="3" t="184" w="815" /><ent r="3" t="184" w="831" /><ent r="5" t="184" w="861" /><ent r="4" t="184" w="874" /><ent r="4" t="184" w="889" /><ent r="4" t="184" w="908" /><ent r="4" t="184" w="952" /><ent r="4" t="184" w="982" /><ent r="6" t="184" w="1001" /><ent r="4" t="184" w="1027" /><ent r="4" t="184" w="1061" /><ent r="3" t="184" w="1092" /><ent r="4" t="184" w="1110" /><ent r="4" t="184" w="1134" /><ent r="4" t="184" w="1146" /><ent r="4" t="184" w="1164" /><ent r="3" t="184" w="1235" /><ent r="3" t="184" w="1263" /><ent r="3" t="184" w="1273" /><ent r="3" t="184" w="1311" /><ent r="3" t="184" w="1312" /><ent r="3" t="185" w="33" /><ent r="3" t="185" w="57" /><ent r="7" t="185" w="203" /><ent r="4" t="185" w="240" /><ent r="5" t="185" w="243" /><ent r="4" t="185" w="253" /><ent r="3" t="185" w="354" /><ent r="3" t="185" w="373" /><ent r="4" t="185" w="421" /><ent r="4" t="185" w="476" /><ent r="4" t="185" w="487" /><ent r="5" t="185" w="522" /><ent r="4" t="185" w="552" /><ent r="4" t="185" w="553" /><ent r="3" t="186" w="26" /><ent r="3" t="186" w="42" /><ent r="4" t="186" w="179" /><ent r="4" t="186" w="205" /><ent r="4" t="186" w="206" /><ent r="4" t="186" w="207" /><ent r="4" t="186" w="225" /><ent r="4" t="186" w="253" /><ent r="4" t="186" w="362" /><ent r="4" t="186" w="414" /><ent r="7" t="186" w="470" /><ent r="4" t="186" w="508" /><ent r="5" t="186" w="511" /><ent r="5" t="186" w="570" /><ent r="3" t="186" w="577" /><ent r="4" t="186" w="626" /><ent r="3" t="186" w="644" /><ent r="4" t="186" w="669" /><ent r="4" t="186" w="719" /><ent r="5" t="186" w="811" /><ent r="5" t="186" w="839" /><ent r="5" t="186" w="882" /><ent r="5" t="186" w="911" /><ent r="3" t="186" w="935" /><ent r="3" t="186" w="944" /><ent r="3" t="186" w="946" /><ent r="3" t="186" w="947" /><ent r="3" t="186" w="948" /><ent r="4" t="186" w="991" /><ent r="3" t="186" w="1007" /><ent r="3" t="186" w="1059" /><ent r="4" t="186" w="1073" /><ent r="3" t="186" w="1094" /><ent r="4" t="186" w="1139" /><ent r="4" t="186" w="1192" /><ent r="3" t="187" w="24" /><ent r="3" t="187" w="45" /><ent r="3" t="187" w="104" /><ent r="3" t="187" w="108" /><ent r="3" t="187" w="165" /><ent r="3" t="187" w="247" /><ent r="3" t="187" w="290" /><ent r="3" t="187" w="315" /><ent r="7" t="187" w="391" /><ent r="4" t="187" w="427" /><ent r="4" t="187" w="431" /><ent r="4" t="187" w="458" /><ent r="4" t="187" w="508" /><ent r="4" t="187" w="615" /><ent r="4" t="187" w="640" /><ent r="4" t="187" w="650" /><ent r="4" t="187" w="663" /><ent r="4" t="187" w="704" /><ent r="4" t="187" w="729" /><ent r="4" t="187" w="739" /><ent r="4" t="187" w="752" /><ent r="3" t="187" w="804" /><ent r="3" t="187" w="867" /><ent r="3" t="187" w="956" /><ent r="3" t="187" w="979" /><ent r="3" t="187" w="1021" /><ent r="3" t="187" w="1027" /><ent r="3" t="187" w="1034" /><ent r="3" t="187" w="1038" /><ent r="3" t="187" w="1042" /><ent r="3" t="187" w="1070" /><ent r="6" t="187" w="1194" /><ent r="3" t="187" w="1497" /><ent r="3" t="187" w="1514" /><ent r="3" t="187" w="1533" /><ent r="3" t="187" w="1551" /><ent r="3" t="187" w="1684" /><ent r="3" t="187" w="1715" /><ent r="4" t="187" w="1719" /><ent r="4" t="187" w="1735" /><ent r="4" t="187" w="1758" /><ent r="4" t="187" w="1797" /><ent r="4" t="187" w="1827" /><ent r="4" t="187" w="1851" /><ent r="3" t="188" w="32" /><ent r="3" t="188" w="64" /><ent r="3" t="188" w="121" /><ent r="5" t="188" w="180" /><ent r="4" t="188" w="199" /><ent r="4" t="188" w="273" /><ent r="4" t="188" w="325" /><ent r="7" t="188" w="381" /><ent r="4" t="188" w="419" /><ent r="4" t="188" w="423" /><ent r="4" t="188" w="463" /><ent r="4" t="188" w="506" /><ent r="4" t="188" w="551" /><ent r="4" t="188" w="589" /><ent r="4" t="188" w="640" /><ent r="3" t="188" w="736" /><ent r="4" t="188" w="761" /><ent r="3" t="188" w="845" /><ent r="3" t="188" w="1012" /><ent r="3" t="188" w="1043" /><ent r="3" t="188" w="1126" /><ent r="4" t="188" w="1171" /><ent r="4" t="188" w="1265" /><ent r="4" t="188" w="1328" /><ent r="3" t="188" w="1349" /><ent r="3" t="188" w="1361" /><ent r="4" t="188" w="1387" /><ent r="4" t="188" w="1410" /><ent r="3" t="188" w="1420" /><ent r="3" t="188" w="1462" /><ent r="3" t="188" w="1475" /><ent r="3" t="188" w="1489" /><ent r="4" t="188" w="1517" /><ent r="3" t="188" w="1530" /><ent r="3" t="189" w="17" /><ent r="3" t="189" w="29" /><ent r="3" t="189" w="31" /><ent r="4" t="189" w="125" /><ent r="4" t="189" w="147" /><ent r="3" t="190" w="16" /><ent r="3" t="190" w="34" /><ent r="7" t="190" w="91" /><ent r="7" t="190" w="107" /><ent r="7" t="190" w="127" /><ent r="7" t="190" w="143" /><ent r="5" t="190" w="281" /><ent r="3" t="192" w="36" /><ent r="3" t="192" w="65" /><ent r="3" t="193" w="79" /><ent r="3" t="193" w="98" /><ent r="3" t="193" w="129" /><ent r="3" t="194" w="21" /><ent r="3" t="194" w="22" /><ent r="4" t="194" w="53" /><ent r="4" t="194" w="92" /><ent r="4" t="194" w="122" /><ent r="4" t="194" w="131" /><ent r="4" t="194" w="184" /><ent r="4" t="194" w="197" /><ent r="4" t="194" w="206" /><ent r="3" t="194" w="233" /><ent r="3" t="194" w="241" /><ent r="3" t="194" w="242" /><ent r="3" t="194" w="255" /><ent r="3" t="194" w="266" /><ent r="3" t="195" w="66" /><ent r="3" t="195" w="141" /><ent r="3" t="195" w="190" /><ent r="3" t="195" w="210" /><ent r="4" t="195" w="501" /><ent r="4" t="195" w="559" /><ent r="3" t="195" w="605" /><ent r="3" t="195" w="630" /><ent r="3" t="195" w="641" /><ent r="3" t="195" w="642" /><ent r="4" t="195" w="728" /><ent r="3" t="195" w="773" /><ent r="3" t="197" w="36" /><ent r="3" t="197" w="37" /><ent r="3" t="197" w="45" /><ent r="3" t="197" w="68" /><ent r="4" t="197" w="110" /><ent r="4" t="197" w="133" /><ent r="3" t="197" w="182" /><ent r="3" t="198" w="50" /><ent r="3" t="198" w="108" /><ent r="3" t="198" w="109" /><ent r="3" t="198" w="183" /><ent r="3" t="198" w="228" /><ent r="3" t="198" w="229" /><ent r="3" t="198" w="230" /><ent r="4" t="198" w="248" /><ent r="4" t="198" w="318" /><ent r="4" t="198" w="356" /><ent r="3" t="199" w="21" /><ent r="5" t="199" w="66" /><ent r="5" t="199" w="71" /><ent r="7" t="199" w="142" /><ent r="6" t="199" w="227" /><ent r="6" t="199" w="240" /><ent r="7" t="199" w="331" /><ent r="7" t="199" w="332" /><ent r="7" t="199" w="333" /><ent r="7" t="199" w="346" /><ent r="7" t="199" w="348" /><ent r="7" t="199" w="350" /><ent r="7" t="199" w="352" /><ent r="7" t="199" w="386" /><ent r="7" t="199" w="387" /><ent r="7" t="199" w="388" /><ent r="7" t="199" w="389" /><ent r="7" t="199" w="434" /><ent r="7" t="199" w="438" /><ent r="7" t="199" w="441" /><ent r="7" t="199" w="444" /><ent r="7" t="199" w="447" /><ent r="7" t="199" w="450" /><ent r="7" t="199" w="452" /><ent r="7" t="199" w="476" /><ent r="7" t="199" w="493" /><ent r="7" t="199" w="494" /><ent r="7" t="199" w="585" /><ent r="7" t="199" w="587" /><ent r="7" t="199" w="588" /><ent r="7" t="199" w="589" /><ent r="7" t="199" w="678" /><ent r="3" t="199" w="757" /><ent r="3" t="199" w="758" /><ent r="3" t="199" w="767" /><ent r="4" t="200" w="66" /><ent r="4" t="200" w="85" /><ent r="3" t="200" w="159" /><ent r="3" t="200" w="160" /><ent r="3" t="208" w="39" /><ent r="3" t="208" w="53" /><ent r="3" t="208" w="55" /><ent r="3" t="208" w="88" /><ent r="3" t="208" w="102" /><ent r="3" t="208" w="106" /><ent r="3" t="208" w="109" /><ent r="3" t="208" w="120" /><ent r="3" t="208" w="140" /><ent r="3" t="208" w="161" /><ent r="3" t="208" w="189" /><ent r="3" t="208" w="192" /><ent r="3" t="208" w="209" /><ent r="3" t="208" w="234" /><ent r="3" t="208" w="235" /><ent r="3" t="208" w="348" /><ent r="4" t="208" w="411" /><ent r="4" t="208" w="427" /><ent r="4" t="208" w="463" /><ent r="4" t="208" w="484" /><ent r="4" t="208" w="517" /><ent r="4" t="208" w="599" /><ent r="4" t="208" w="603" /><ent r="4" t="208" w="604" /><ent r="4" t="208" w="625" /><ent r="3" t="210" w="21" /><ent r="3" t="211" w="25" /><ent r="3" t="211" w="26" /><ent r="3" t="211" w="37" /><ent r="3" t="211" w="38" /><ent r="3" t="211" w="44" /><ent r="3" t="212" w="35" /><ent r="3" t="212" w="36" /><ent r="3" t="212" w="43" /><ent r="3" t="212" w="77" /><ent r="3" t="212" w="114" /><ent r="3" t="213" w="17" /><ent r="3" t="213" w="44" /><ent r="3" t="213" w="49" /><ent r="3" t="213" w="63" /><ent r="3" t="213" w="89" /><ent r="4" t="213" w="115" /><ent r="3" t="213" w="137" /><ent r="3" t="213" w="150" /><ent r="4" t="213" w="245" /><ent r="4" t="213" w="314" /><ent r="4" t="213" w="360" /><ent r="3" t="213" w="389" /><ent r="3" t="213" w="404" /><ent r="3" t="213" w="425" /><ent r="4" t="213" w="543" /><ent r="4" t="213" w="562" /><ent r="4" t="213" w="672" /><ent r="4" t="213" w="675" /><ent r="4" t="213" w="676" /><ent r="4" t="213" w="717" /><ent r="4" t="213" w="720" /><ent r="4" t="213" w="721" /><ent r="3" t="213" w="814" /><ent r="3" t="213" w="831" /><ent r="3" t="213" w="861" /><ent r="3" t="214" w="64" /><ent r="3" t="214" w="84" /><ent r="3" t="215" w="26" /><ent r="3" t="215" w="121" /><ent r="3" t="215" w="135" /><ent r="4" t="215" w="152" /><ent r="4" t="215" w="156" /><ent r="4" t="215" w="159" /><ent r="4" t="215" w="169" /><ent r="4" t="215" w="173" /><ent r="4" t="215" w="176" /><ent r="4" t="215" w="187" /><ent r="4" t="215" w="201" /><ent r="3" t="215" w="235" /><ent r="4" t="215" w="272" /><ent r="4" t="215" w="288" /><ent r="4" t="215" w="335" /><ent r="3" t="216" w="52" /><ent r="3" t="216" w="66" /><ent r="4" t="216" w="83" /><ent r="4" t="216" w="87" /><ent r="4" t="216" w="90" /><ent r="4" t="216" w="100" /><ent r="4" t="216" w="104" /><ent r="4" t="216" w="107" /><ent r="4" t="216" w="118" /><ent r="4" t="216" w="132" /><ent r="3" t="216" w="166" /><ent r="4" t="216" w="203" /><ent r="4" t="216" w="219" /><ent r="4" t="216" w="247" /><ent r="3" t="217" w="19" /><ent r="4" t="217" w="42" /><ent r="4" t="217" w="46" /><ent r="4" t="217" w="49" /><ent r="4" t="217" w="59" /><ent r="4" t="217" w="63" /><ent r="4" t="217" w="66" /><ent r="4" t="217" w="77" /><ent r="4" t="217" w="91" /><ent r="3" t="217" w="125" /><ent r="4" t="217" w="162" /><ent r="4" t="217" w="178" /><ent r="4" t="217" w="240" /><ent r="4" t="217" w="244" /><ent r="3" t="217" w="287" /><ent r="3" t="218" w="50" /><ent r="3" t="218" w="64" /><ent r="4" t="218" w="81" /><ent r="4" t="218" w="85" /><ent r="4" t="218" w="88" /><ent r="4" t="218" w="98" /><ent r="4" t="218" w="102" /><ent r="4" t="218" w="105" /><ent r="4" t="218" w="116" /><ent r="4" t="218" w="130" /><ent r="3" t="218" w="164" /><ent r="4" t="218" w="201" /><ent r="4" t="218" w="217" /><ent r="4" t="219" w="48" /><ent r="4" t="219" w="91" /><ent r="3" t="219" w="136" /><ent r="3" t="219" w="158" /><ent r="4" t="219" w="184" /><ent r="4" t="219" w="264" /><ent r="3" t="220" w="33" /><ent r="3" t="220" w="51" /><ent r="3" t="220" w="82" /><ent r="3" t="220" w="138" /><ent r="3" t="220" w="149" /><ent r="4" t="221" w="50" /><ent r="3" t="222" w="38" /><ent r="3" t="222" w="56" /><ent r="3" t="222" w="87" /><ent r="3" t="222" w="143" /><ent r="3" t="222" w="154" /><ent r="3" t="223" w="35" /><ent r="4" t="223" w="53" /><ent r="4" t="223" w="68" /><ent r="4" t="223" w="84" /><ent r="4" t="223" w="92" /><ent r="4" t="224" w="61" /><ent r="4" t="224" w="80" /><ent r="5" t="224" w="142" /><ent r="5" t="224" w="150" /><ent r="5" t="224" w="157" /><ent r="3" t="224" w="202" /><ent r="3" t="224" w="203" /><ent r="4" t="225" w="53" /><ent r="3" t="226" w="33" /><ent r="4" t="227" w="83" /><ent r="4" t="227" w="108" /><ent r="3" t="227" w="167" /><ent r="3" t="228" w="20" /><ent r="3" t="228" w="36" /><ent r="3" t="228" w="54" /><ent r="4" t="228" w="71" /><ent r="4" t="228" w="94" /><ent r="4" t="228" w="120" /><ent r="4" t="228" w="151" /><ent r="3" t="228" w="165" /><ent r="3" t="228" w="170" /><ent r="3" t="228" w="174" /><ent r="4" t="229" w="82" /><ent r="4" t="229" w="107" /><ent r="4" t="229" w="127" /><ent r="6" t="230" w="50" /><ent r="6" t="230" w="59" /><ent r="6" t="230" w="142" /><ent r="6" t="230" w="143" /><ent r="6" t="230" w="144" /><ent r="6" t="230" w="145" /><ent r="6" t="230" w="146" /><ent r="6" t="230" w="147" /><ent r="6" t="230" w="148" /><ent r="6" t="230" w="149" /><ent r="6" t="230" w="151" /><ent r="6" t="230" w="153" /><ent r="6" t="230" w="154" /><ent r="6" t="230" w="157" /><ent r="6" t="230" w="159" /><ent r="6" t="230" w="161" /><ent r="6" t="230" w="162" /><ent r="6" t="230" w="188" /><ent r="6" t="230" w="195" /><ent r="6" t="230" w="196" /><ent r="6" t="230" w="197" /><ent r="6" t="230" w="198" /><ent r="6" t="230" w="199" /><ent r="6" t="230" w="201" /><ent r="6" t="230" w="203" /><ent r="6" t="230" w="204" /><ent r="6" t="230" w="205" /><ent r="6" t="230" w="207" /><ent r="6" t="230" w="211" /><ent r="6" t="230" w="237" /><ent r="6" t="230" w="238" /><ent r="6" t="230" w="239" /><ent r="6" t="230" w="240" /><ent r="6" t="230" w="241" /><ent r="6" t="230" w="243" /><ent r="6" t="230" w="245" /><ent r="6" t="230" w="246" /><ent r="6" t="230" w="247" /><ent r="6" t="230" w="249" /><ent r="6" t="230" w="263" /><ent r="6" t="230" w="264" /><ent r="6" t="230" w="265" /><ent r="6" t="230" w="269" /><ent r="6" t="230" w="299" /><ent r="6" t="230" w="300" /><ent r="6" t="230" w="301" /><ent r="6" t="230" w="302" /><ent r="6" t="230" w="303" /><ent r="6" t="230" w="305" /><ent r="6" t="230" w="307" /><ent r="6" t="230" w="308" /><ent r="6" t="230" w="309" /><ent r="6" t="230" w="311" /><ent r="6" t="230" w="357" /><ent r="6" t="230" w="364" /><ent r="6" t="230" w="365" /><ent r="6" t="230" w="366" /><ent r="6" t="230" w="367" /><ent r="6" t="230" w="368" /><ent r="6" t="230" w="369" /><ent r="6" t="230" w="370" /><ent r="6" t="230" w="371" /><ent r="6" t="230" w="373" /><ent r="6" t="230" w="375" /><ent r="6" t="230" w="376" /><ent r="6" t="230" w="377" /><ent r="6" t="230" w="379" /><ent r="6" t="230" w="383" /><ent r="6" t="230" w="409" /><ent r="6" t="230" w="410" /><ent r="6" t="230" w="411" /><ent r="6" t="230" w="412" /><ent r="6" t="230" w="413" /><ent r="6" t="230" w="415" /><ent r="6" t="230" w="417" /><ent r="6" t="230" w="418" /><ent r="6" t="230" w="419" /><ent r="6" t="230" w="441" /><ent r="6" t="230" w="442" /><ent r="6" t="230" w="445" /><ent r="6" t="230" w="446" /><ent r="6" t="230" w="447" /><ent r="6" t="230" w="448" /><ent r="6" t="230" w="449" /><ent r="6" t="230" w="450" /><ent r="6" t="230" w="451" /><ent r="6" t="230" w="452" /><ent r="6" t="230" w="454" /><ent r="6" t="230" w="456" /><ent r="6" t="230" w="457" /><ent r="6" t="230" w="458" /><ent r="6" t="230" w="460" /><ent r="6" t="230" w="480" /><ent r="6" t="230" w="481" /><ent r="6" t="230" w="482" /><ent r="6" t="230" w="483" /><ent r="6" t="230" w="484" /><ent r="6" t="230" w="485" /><ent r="6" t="230" w="486" /><ent r="6" t="230" w="487" /><ent r="6" t="230" w="489" /><ent r="6" t="230" w="491" /><ent r="6" t="230" w="492" /><ent r="6" t="230" w="493" /><ent r="6" t="230" w="495" /><ent r="6" t="230" w="499" /><ent r="6" t="230" w="526" /><ent r="6" t="230" w="527" /><ent r="6" t="230" w="528" /><ent r="6" t="230" w="529" /><ent r="6" t="230" w="530" /><ent r="6" t="230" w="531" /><ent r="6" t="230" w="532" /><ent r="6" t="230" w="533" /><ent r="6" t="230" w="535" /><ent r="6" t="230" w="537" /><ent r="6" t="230" w="538" /><ent r="6" t="230" w="545" /><ent r="6" t="230" w="547" /><ent r="6" t="230" w="568" /><ent r="6" t="230" w="576" /><ent r="6" t="230" w="580" /><ent r="3" t="231" w="19" /><ent r="3" t="231" w="22" /><ent r="3" t="231" w="23" /><ent r="3" t="231" w="24" /><ent r="4" t="231" w="50" /><ent r="3" t="231" w="74" /><ent r="4" t="231" w="126" /><ent r="4" t="231" w="147" /><ent r="4" t="231" w="160" /><ent r="4" t="231" w="183" /><ent r="3" t="231" w="238" /><ent r="3" t="231" w="239" /><ent r="4" t="231" w="265" /><ent r="4" t="231" w="333" /><ent r="3" t="232" w="10" /><ent r="3" t="232" w="11" /><ent r="3" t="232" w="24" /><ent r="3" t="232" w="59" /><ent r="3" t="232" w="95" /><ent r="3" t="232" w="168" /><ent r="4" t="233" w="24" /><ent r="3" t="233" w="26" /><ent r="3" t="233" w="55" /><ent r="3" t="234" w="16" /><ent r="3" t="235" w="16" /><ent r="7" t="235" w="66" /><ent r="7" t="235" w="67" /><ent r="7" t="235" w="74" /><ent r="7" t="235" w="75" /><ent r="4" t="236" w="31" /><ent r="4" t="236" w="99" /><ent r="3" t="237" w="22" /><ent r="3" t="237" w="93" /><ent r="3" t="237" w="118" /><ent r="3" t="238" w="51" /><ent r="3" t="238" w="67" /><ent r="3" t="238" w="85" /><ent r="3" t="238" w="132" /><ent r="3" t="238" w="167" /><ent r="3" t="238" w="239" /><ent r="3" t="238" w="242" /><ent r="3" t="238" w="245" /><ent r="3" t="238" w="249" /><ent r="3" t="238" w="278" /><ent r="3" t="238" w="282" /><ent r="3" t="238" w="303" /><ent r="3" t="238" w="330" /><ent r="3" t="238" w="415" /><ent r="3" t="238" w="431" /><ent r="3" t="238" w="485" /><ent r="3" t="238" w="526" /><ent r="3" t="238" w="535" /><ent r="7" t="240" w="78" /><ent r="7" t="240" w="93" /><ent r="7" t="240" w="129" /><ent r="7" t="240" w="206" /><ent r="7" t="241" w="104" /><ent r="7" t="241" w="146" /><ent r="7" t="241" w="184" /><ent r="7" t="242" w="86" /><ent r="7" t="242" w="88" /></phr></stem></index>