﻿<?xml version="1.0" encoding="utf-8"?><index><stem n="within"><phr n="within"><ent r="5" t="13" w="74" /><ent r="3" t="21" w="224" /><ent r="3" t="21" w="361" /><ent r="4" t="40" w="197" /><ent r="4" t="58" w="60" /><ent r="3" t="76" w="16" /><ent r="3" t="76" w="76" /><ent r="3" t="81" w="237" /><ent r="5" t="116" w="206" /><ent r="5" t="153" w="457" /><ent r="5" t="153" w="892" /><ent r="4" t="154" w="435" /><ent r="5" t="165" w="495" /><ent r="3" t="179" w="729" /><ent r="3" t="179" w="824" /><ent r="3" t="179" w="989" /><ent r="4" t="179" w="1493" /><ent r="4" t="179" w="1562" /><ent r="3" t="180" w="294" /><ent r="4" t="180" w="2368" /><ent r="3" t="180" w="3166" /><ent r="3" t="181" w="80" /><ent r="4" t="181" w="969" /><ent r="3" t="183" w="368" /><ent r="3" t="184" w="355" /><ent r="3" t="187" w="259" /><ent r="4" t="189" w="57" /><ent r="3" t="194" w="235" /><ent r="4" t="236" w="93" /><ent r="3" t="238" w="227" /><ent r="3" t="238" w="259" /><ent r="3" t="238" w="451" /><ent r="7" t="242" w="135" /></phr><phr n="Within"><ent r="3" t="179" w="116" /></phr></stem><stem n="unselect"><phr n="unselected"><ent r="5" t="13" w="79" /></phr></stem><stem n="exist"><phr n="existing"><ent r="5" t="13" w="82" /><ent r="3" t="26" w="36" /><ent r="3" t="26" w="46" /><ent r="4" t="26" w="177" /><ent r="4" t="26" w="596" /><ent r="4" t="53" w="123" /><ent r="3" t="58" w="134" /><ent r="4" t="60" w="133" /><ent r="65" t="72" w="44" /><ent r="3" t="78" w="125" /><ent r="4" t="80" w="80" /><ent r="3" t="83" w="40" /><ent r="3" t="83" w="288" /><ent r="3" t="96" w="24" /><ent r="3" t="112" w="22" /><ent r="7" t="116" w="58" /><ent r="100" t="118" w="13" /><ent r="3" t="118" w="19" /><ent r="4" t="123" w="56" /><ent r="4" t="123" w="327" /><ent r="3" t="133" w="21" /><ent r="3" t="135" w="40" /><ent r="3" t="167" w="237" /><ent r="5" t="167" w="318" /><ent r="3" t="167" w="997" /><ent r="4" t="187" w="1463" /><ent r="3" t="187" w="1635" /><ent r="3" t="187" w="1656" /><ent r="3" t="194" w="287" /><ent r="4" t="198" w="358" /><ent r="3" t="215" w="23" /><ent r="6" t="230" w="659" /><ent r="3" t="238" w="247" /><ent r="100" t="240" w="115" /><ent r="7" t="240" w="120" /></phr><phr n="exist"><ent r="4" t="20" w="414" /><ent r="3" t="44" w="60" /><ent r="3" t="123" w="487" /><ent r="4" t="181" w="1287" /><ent r="3" t="183" w="138" /><ent r="3" t="184" w="128" /></phr><phr n="exists"><ent r="3" t="167" w="992" /><ent r="3" t="181" w="1126" /><ent r="4" t="181" w="1459" /></phr></stem><stem n="/hide"><phr n="/Hide"><ent r="7" t="13" w="86" /><ent r="5" t="13" w="99" /><ent r="5" t="13" w="116" /><ent r="7" t="13" w="131" /><ent r="64" t="53" w="199" /><ent r="64" t="54" w="103" /><ent r="1000" t="57" w="2" /><ent r="102" t="57" w="6" /></phr></stem><stem n="show/hid"><phr n="Show/Hide"><ent r="7" t="13" w="86" /><ent r="7" t="13" w="85" /><ent r="5" t="13" w="99" /><ent r="5" t="13" w="98" /><ent r="5" t="13" w="116" /><ent r="5" t="13" w="115" /><ent r="7" t="13" w="131" /><ent r="7" t="13" w="130" /><ent r="64" t="53" w="199" /><ent r="64" t="53" w="198" /><ent r="64" t="54" w="103" /><ent r="64" t="54" w="102" /><ent r="1000" t="57" w="2" /><ent r="1000" t="57" w="1" /><ent r="102" t="57" w="6" /><ent r="102" t="57" w="5" /></phr></stem><stem n="next"><phr n="next"><ent r="5" t="13" w="109" /><ent r="5" t="13" w="124" /><ent r="3" t="19" w="193" /><ent r="4" t="44" w="382" /><ent r="3" t="94" w="141" /><ent r="3" t="96" w="191" /><ent r="4" t="106" w="160" /><ent r="4" t="107" w="102" /><ent r="4" t="108" w="115" /><ent r="4" t="108" w="131" /><ent r="4" t="109" w="116" /><ent r="4" t="109" w="132" /><ent r="3" t="123" w="99" /><ent r="4" t="123" w="295" /><ent r="4" t="123" w="416" /><ent r="4" t="123" w="573" /><ent r="3" t="125" w="577" /><ent r="3" t="125" w="653" /><ent r="4" t="142" w="107" /><ent r="4" t="142" w="151" /><ent r="4" t="142" w="369" /><ent r="3" t="142" w="488" /><ent r="3" t="142" w="588" /><ent r="3" t="142" w="662" /><ent r="4" t="144" w="72" /><ent r="4" t="145" w="72" /><ent r="4" t="147" w="111" /><ent r="4" t="148" w="111" /><ent r="4" t="149" w="125" /><ent r="4" t="150" w="120" /><ent r="4" t="151" w="113" /><ent r="4" t="152" w="111" /><ent r="4" t="153" w="107" /><ent r="4" t="154" w="108" /><ent r="4" t="155" w="118" /><ent r="3" t="171" w="65" /><ent r="4" t="173" w="295" /><ent r="3" t="174" w="67" /><ent r="4" t="180" w="742" /><ent r="4" t="180" w="1872" /><ent r="4" t="180" w="2439" /><ent r="4" t="182" w="1031" /><ent r="3" t="187" w="926" /><ent r="3" t="187" w="1046" /><ent r="3" t="188" w="814" /><ent r="3" t="188" w="1016" /><ent r="4" t="189" w="93" /><ent r="3" t="208" w="126" /><ent r="3" t="214" w="31" /><ent r="3" t="214" w="108" /><ent r="3" t="214" w="127" /><ent r="4" t="228" w="126" /><ent r="4" t="228" w="143" /><ent r="4" t="229" w="112" /></phr><phr n="Next"><ent r="3" t="94" w="132" /><ent r="5" t="174" w="142" /><ent r="5" t="226" w="244" /></phr></stem><stem n="endpoint"><phr n="endpoints"><ent r="7" t="13" w="159" /><ent r="7" t="59" w="123" /><ent r="7" t="190" w="66" /><ent r="3" t="235" w="27" /></phr><phr n="endpoint"><ent r="7" t="190" w="172" /></phr></stem><stem n="effect"><phr n="effects"><ent r="7" t="13" w="161" /><ent r="7" t="13" w="190" /><ent r="3" t="234" w="32" /><ent r="3" t="235" w="29" /></phr><phr n="effect"><ent r="3" t="109" w="186" /><ent r="4" t="109" w="289" /><ent r="3" t="123" w="97" /><ent r="5" t="153" w="633" /><ent r="5" t="153" w="667" /><ent r="5" t="153" w="1068" /><ent r="5" t="153" w="1102" /><ent r="5" t="165" w="667" /><ent r="5" t="165" w="696" /><ent r="3" t="179" w="1759" /><ent r="3" t="187" w="1700" /></phr></stem><stem n="(right"><phr n="(right"><ent r="6" t="13" w="203" /><ent r="3" t="179" w="1316" /></phr></stem><stem n="time"><phr n="time"><ent r="6" t="13" w="221" /><ent r="6" t="14" w="409" /><ent r="6" t="14" w="471" /><ent r="3" t="32" w="54" /><ent r="3" t="46" w="33" /><ent r="3" t="48" w="259" /><ent r="4" t="58" w="112" /><ent r="3" t="76" w="57" /><ent r="3" t="80" w="41" /><ent r="3" t="81" w="453" /><ent r="3" t="102" w="124" /><ent r="3" t="110" w="263" /><ent r="3" t="111" w="45" /><ent r="3" t="115" w="66" /><ent r="3" t="123" w="100" /><ent r="4" t="123" w="296" /><ent r="4" t="123" w="417" /><ent r="4" t="123" w="574" /><ent r="3" t="125" w="190" /><ent r="4" t="140" w="112" /><ent r="3" t="140" w="128" /><ent r="3" t="140" w="135" /><ent r="6" t="140" w="148" /><ent r="6" t="140" w="154" /><ent r="6" t="140" w="162" /><ent r="6" t="140" w="168" /><ent r="6" t="140" w="178" /><ent r="6" t="140" w="184" /><ent r="3" t="142" w="31" /><ent r="3" t="142" w="573" /><ent r="4" t="153" w="214" /><ent r="3" t="167" w="41" /><ent r="4" t="172" w="272" /><ent r="3" t="182" w="734" /><ent r="4" t="182" w="1667" /><ent r="7" t="199" w="499" /><ent r="4" t="208" w="472" /></phr><phr n="times"><ent r="3" t="48" w="44" /><ent r="4" t="184" w="977" /><ent r="5" t="188" w="161" /><ent r="3" t="197" w="77" /></phr><phr n="Time"><ent r="6" t="140" w="137" /></phr></stem><stem n=":anim"><phr n=":Animation"><ent r="100" t="14" w="13" /></phr><phr n=":animation"><ent r="100" t="137" w="8" /><ent r="100" t="139" w="11" /></phr></stem><stem n="how"><phr n="how"><ent r="3" t="14" w="27" /><ent r="3" t="21" w="412" /><ent r="4" t="47" w="252" /><ent r="3" t="96" w="197" /><ent r="3" t="104" w="91" /><ent r="3" t="106" w="212" /><ent r="3" t="109" w="242" /><ent r="3" t="109" w="331" /><ent r="3" t="140" w="17" /><ent r="4" t="147" w="149" /><ent r="4" t="151" w="151" /><ent r="5" t="153" w="179" /><ent r="5" t="153" w="519" /><ent r="5" t="153" w="954" /><ent r="4" t="154" w="496" /><ent r="3" t="160" w="121" /><ent r="3" t="160" w="180" /><ent r="3" t="165" w="239" /><ent r="5" t="165" w="557" /><ent r="4" t="177" w="67" /><ent r="4" t="177" w="114" /><ent r="3" t="179" w="838" /><ent r="4" t="180" w="2588" /><ent r="4" t="181" w="1401" /><ent r="3" t="184" w="371" /><ent r="3" t="187" w="292" /><ent r="3" t="187" w="1572" /><ent r="3" t="217" w="210" /><ent r="3" t="219" w="25" /><ent r="3" t="227" w="57" /><ent r="4" t="236" w="155" /></phr><phr n="How"><ent r="3" t="183" w="1082" /></phr></stem><stem n="plai"><phr n="played"><ent r="3" t="14" w="32" /><ent r="3" t="181" w="1572" /></phr><phr n="play"><ent r="7" t="14" w="98" /><ent r="7" t="14" w="107" /><ent r="64" t="77" w="325" /><ent r="100" t="138" w="8" /><ent r="100" t="138" w="10" /><ent r="6" t="191" w="48" /></phr><phr n="Play"><ent r="7" t="14" w="122" /><ent r="6" t="14" w="126" /><ent r="3" t="137" w="103" /><ent r="64" t="137" w="189" /><ent r="1000" t="138" w="1" /><ent r="102" t="138" w="4" /><ent r="3" t="138" w="28" /><ent r="4" t="138" w="60" /><ent r="64" t="139" w="58" /><ent r="7" t="191" w="32" /><ent r="5" t="226" w="73" /></phr><phr n="Plays"><ent r="7" t="14" w="129" /></phr><phr n="playing"><ent r="7" t="14" w="154" /><ent r="5" t="190" w="210" /></phr><phr n="plays"><ent r="6" t="14" w="329" /><ent r="3" t="141" w="35" /><ent r="6" t="191" w="37" /><ent r="6" t="191" w="55" /><ent r="6" t="191" w="61" /></phr></stem><stem n="/control"><phr n="/Control"><ent r="6" t="14" w="78" /></phr></stem><stem n="button/control"><phr n="Button/Control"><ent r="6" t="14" w="78" /><ent r="6" t="14" w="77" /></phr></stem><stem n="stop"><phr n="Stop"><ent r="6" t="14" w="82" /><ent r="3" t="137" w="95" /><ent r="5" t="142" w="423" /><ent r="5" t="176" w="177" /><ent r="5" t="176" w="224" /><ent r="5" t="182" w="1475" /><ent r="5" t="182" w="1500" /><ent r="4" t="220" w="120" /><ent r="3" t="220" w="146" /><ent r="4" t="222" w="125" /><ent r="3" t="222" w="151" /></phr><phr n="Stops"><ent r="7" t="14" w="84" /></phr><phr n="stop"><ent r="3" t="49" w="255" /><ent r="3" t="49" w="260" /><ent r="3" t="79" w="27" /><ent r="3" t="104" w="34" /><ent r="3" t="104" w="168" /><ent r="4" t="104" w="208" /><ent r="3" t="137" w="132" /><ent r="3" t="142" w="26" /><ent r="4" t="142" w="432" /><ent r="4" t="147" w="206" /><ent r="4" t="176" w="345" /><ent r="6" t="230" w="634" /></phr></stem><stem n="frame"><phr n="frame"><ent r="7" t="14" w="91" /><ent r="7" t="14" w="95" /><ent r="7" t="14" w="104" /><ent r="6" t="14" w="166" /><ent r="6" t="14" w="176" /><ent r="6" t="14" w="184" /><ent r="6" t="14" w="191" /><ent r="6" t="14" w="206" /><ent r="5" t="14" w="241" /><ent r="5" t="14" w="248" /><ent r="6" t="14" w="275" /><ent r="6" t="14" w="348" /><ent r="6" t="14" w="359" /><ent r="6" t="14" w="372" /><ent r="6" t="14" w="389" /><ent r="6" t="14" w="396" /><ent r="6" t="14" w="401" /><ent r="3" t="137" w="115" /><ent r="4" t="138" w="69" /><ent r="100" t="140" w="7" /><ent r="3" t="140" w="11" /><ent r="3" t="140" w="33" /><ent r="4" t="140" w="51" /><ent r="3" t="140" w="55" /><ent r="3" t="140" w="64" /><ent r="3" t="140" w="71" /><ent r="6" t="140" w="92" /><ent r="6" t="140" w="100" /><ent r="3" t="140" w="116" /><ent r="3" t="140" w="202" /><ent r="3" t="141" w="24" /><ent r="3" t="142" w="27" /><ent r="3" t="142" w="30" /><ent r="3" t="142" w="40" /><ent r="3" t="142" w="48" /><ent r="4" t="142" w="84" /><ent r="5" t="142" w="121" /><ent r="4" t="142" w="130" /><ent r="5" t="142" w="167" /><ent r="3" t="142" w="189" /><ent r="4" t="142" w="239" /><ent r="5" t="143" w="169" /><ent r="5" t="190" w="204" /><ent r="3" t="191" w="23" /><ent r="6" t="191" w="44" /><ent r="6" t="191" w="70" /><ent r="6" t="191" w="85" /><ent r="3" t="220" w="102" /><ent r="3" t="220" w="160" /><ent r="3" t="222" w="107" /><ent r="3" t="222" w="165" /><ent r="3" t="227" w="25" /><ent r="3" t="227" w="47" /><ent r="3" t="227" w="51" /><ent r="3" t="227" w="177" /><ent r="3" t="227" w="182" /><ent r="3" t="227" w="192" /><ent r="3" t="227" w="206" /><ent r="3" t="227" w="246" /></phr><phr n="Frame"><ent r="7" t="14" w="195" /><ent r="67" t="14" w="213" /><ent r="7" t="14" w="354" /><ent r="6" t="14" w="380" /><ent r="3" t="137" w="97" /><ent r="1000" t="140" w="1" /><ent r="102" t="140" w="4" /><ent r="6" t="140" w="77" /><ent r="5" t="142" w="230" /><ent r="5" t="142" w="268" /><ent r="4" t="142" w="307" /><ent r="4" t="142" w="314" /><ent r="5" t="142" w="419" /><ent r="5" t="142" w="424" /><ent r="5" t="190" w="191" /><ent r="4" t="220" w="116" /><ent r="4" t="220" w="121" /><ent r="3" t="220" w="144" /><ent r="3" t="220" w="147" /><ent r="4" t="222" w="121" /><ent r="4" t="222" w="126" /><ent r="3" t="222" w="149" /><ent r="3" t="222" w="152" /></phr><phr n="frames"><ent r="3" t="137" w="136" /><ent r="3" t="137" w="143" /><ent r="3" t="140" w="25" /><ent r="3" t="140" w="41" /><ent r="6" t="140" w="85" /><ent r="3" t="140" w="212" /><ent r="3" t="141" w="19" /><ent r="3" t="141" w="37" /><ent r="3" t="142" w="61" /><ent r="4" t="142" w="433" /><ent r="3" t="142" w="474" /><ent r="3" t="142" w="531" /><ent r="3" t="142" w="646" /><ent r="4" t="182" w="1454" /><ent r="3" t="220" w="134" /><ent r="3" t="222" w="139" /><ent r="3" t="227" w="65" /><ent r="4" t="227" w="126" /></phr><phr n="Frames"><ent r="64" t="140" w="193" /><ent r="1000" t="141" w="3" /><ent r="102" t="141" w="7" /><ent r="3" t="141" w="12" /><ent r="3" t="141" w="29" /><ent r="5" t="141" w="76" /><ent r="3" t="141" w="94" /><ent r="3" t="227" w="132" /></phr></stem><stem n="first"><phr n="first"><ent r="7" t="14" w="94" /><ent r="5" t="26" w="452" /><ent r="5" t="26" w="493" /><ent r="3" t="32" w="53" /><ent r="4" t="48" w="112" /><ent r="3" t="49" w="79" /><ent r="4" t="50" w="164" /><ent r="3" t="77" w="374" /><ent r="3" t="101" w="43" /><ent r="3" t="119" w="128" /><ent r="3" t="125" w="929" /><ent r="3" t="137" w="140" /><ent r="3" t="142" w="471" /><ent r="3" t="142" w="528" /><ent r="3" t="145" w="190" /><ent r="3" t="145" w="197" /><ent r="3" t="145" w="204" /><ent r="4" t="154" w="301" /><ent r="4" t="154" w="321" /><ent r="4" t="154" w="340" /><ent r="4" t="154" w="360" /><ent r="3" t="154" w="380" /><ent r="3" t="167" w="425" /><ent r="3" t="169" w="177" /><ent r="4" t="169" w="349" /><ent r="4" t="171" w="129" /><ent r="3" t="172" w="36" /><ent r="3" t="180" w="695" /><ent r="3" t="181" w="500" /><ent r="4" t="181" w="1523" /><ent r="4" t="182" w="1223" /><ent r="7" t="187" w="1182" /><ent r="3" t="187" w="1296" /><ent r="3" t="187" w="1472" /><ent r="7" t="188" w="934" /><ent r="3" t="188" w="1114" /><ent r="6" t="191" w="43" /><ent r="6" t="191" w="84" /><ent r="4" t="194" w="70" /><ent r="4" t="194" w="120" /><ent r="4" t="194" w="162" /><ent r="3" t="194" w="251" /><ent r="4" t="197" w="130" /><ent r="4" t="198" w="265" /><ent r="3" t="238" w="309" /></phr><phr n="First"><ent r="5" t="26" w="389" /><ent r="4" t="154" w="536" /><ent r="7" t="199" w="364" /><ent r="7" t="199" w="380" /></phr></stem><stem n="forward"><phr n="forward"><ent r="7" t="14" w="99" /><ent r="7" t="14" w="169" /><ent r="6" t="14" w="174" /><ent r="4" t="138" w="65" /></phr><phr n="Forward"><ent r="3" t="138" w="77" /><ent r="4" t="138" w="116" /></phr></stem><stem n="last"><phr n="last"><ent r="7" t="14" w="103" /><ent r="6" t="14" w="400" /><ent r="3" t="121" w="85" /><ent r="3" t="137" w="142" /><ent r="3" t="142" w="473" /><ent r="3" t="142" w="530" /><ent r="3" t="169" w="181" /><ent r="4" t="169" w="351" /><ent r="3" t="170" w="290" /><ent r="4" t="184" w="985" /><ent r="3" t="187" w="1556" /></phr></stem><stem n="backward"><phr n="backward"><ent r="7" t="14" w="108" /><ent r="7" t="14" w="159" /></phr><phr n="Backward"><ent r="3" t="138" w="83" /><ent r="4" t="138" w="121" /></phr></stem><stem n="remain"><phr n="remains"><ent r="7" t="14" w="112" /><ent r="7" t="14" w="136" /><ent r="3" t="104" w="107" /><ent r="5" t="224" w="156" /></phr><phr n="remaining"><ent r="3" t="233" w="89" /></phr></stem><stem n="depress"><phr n="depressed"><ent r="7" t="14" w="113" /><ent r="7" t="14" w="137" /></phr></stem><stem n="indic"><phr n="indicate"><ent r="7" t="14" w="115" /><ent r="7" t="14" w="139" /><ent r="4" t="49" w="176" /><ent r="4" t="49" w="226" /><ent r="4" t="180" w="2170" /><ent r="3" t="180" w="2233" /><ent r="3" t="187" w="1393" /><ent r="3" t="199" w="31" /><ent r="7" t="199" w="526" /></phr><phr n="indicates"><ent r="4" t="54" w="76" /><ent r="4" t="72" w="108" /><ent r="3" t="77" w="162" /><ent r="3" t="82" w="13" /><ent r="3" t="104" w="90" /><ent r="4" t="122" w="29" /><ent r="4" t="125" w="741" /><ent r="4" t="129" w="44" /><ent r="5" t="153" w="536" /><ent r="5" t="153" w="550" /><ent r="5" t="153" w="971" /><ent r="5" t="153" w="985" /><ent r="4" t="154" w="513" /><ent r="4" t="154" w="526" /><ent r="3" t="161" w="149" /><ent r="5" t="165" w="574" /><ent r="5" t="165" w="588" /><ent r="3" t="187" w="575" /><ent r="4" t="187" w="1455" /><ent r="4" t="187" w="1461" /><ent r="3" t="187" w="1558" /><ent r="7" t="199" w="476" /><ent r="4" t="224" w="107" /><ent r="4" t="224" w="116" /><ent r="4" t="236" w="172" /><ent r="4" t="236" w="186" /></phr><phr n="indicating"><ent r="3" t="88" w="84" /><ent r="3" t="125" w="607" /><ent r="3" t="129" w="286" /><ent r="7" t="199" w="510" /></phr><phr n="indication"><ent r="3" t="192" w="97" /></phr><phr n="Indicates"><ent r="7" t="199" w="563" /></phr></stem><stem n="(play)"><phr n="(Play)"><ent r="7" t="14" w="123" /></phr></stem><stem n="paus"><phr n="Pause"><ent r="6" t="14" w="124" /><ent r="6" t="14" w="127" /><ent r="7" t="14" w="148" /><ent r="5" t="226" w="74" /></phr><phr n="pauses"><ent r="7" t="14" w="131" /></phr></stem><stem n="(pause)"><phr n="(Pause)"><ent r="6" t="14" w="125" /></phr></stem><stem n="play/paus"><phr n="Play/Pause"><ent r="6" t="14" w="127" /><ent r="6" t="14" w="126" /><ent r="5" t="226" w="74" /><ent r="5" t="226" w="73" /></phr></stem><stem n="play/pause."><phr n="Play/Pause."><ent r="6" t="14" w="127" /><ent r="6" t="14" w="126" /></phr></stem><stem n="/pause."><phr n="/Pause."><ent r="6" t="14" w="128" /></phr></stem><stem n="switch"><phr n="switches"><ent r="7" t="14" w="145" /><ent r="3" t="74" w="269" /><ent r="3" t="184" w="724" /></phr><phr n="switch"><ent r="3" t="37" w="158" /><ent r="3" t="37" w="168" /><ent r="3" t="44" w="78" /><ent r="5" t="90" w="163" /></phr><phr n="Switching"><ent r="3" t="129" w="184" /></phr></stem><stem n="tep"><phr n="tep"><ent r="7" t="14" w="158" /></phr></stem><stem n="step"><phr n="Steps"><ent r="6" t="14" w="161" /><ent r="6" t="14" w="171" /><ent r="4" t="21" w="507" /><ent r="4" t="96" w="146" /><ent r="3" t="102" w="64" /><ent r="3" t="110" w="395" /><ent r="4" t="182" w="421" /></phr><phr n="Step"><ent r="7" t="14" w="168" /><ent r="3" t="102" w="104" /><ent r="3" t="138" w="76" /><ent r="3" t="138" w="82" /><ent r="4" t="138" w="115" /><ent r="4" t="138" w="120" /><ent r="5" t="172" w="224" /><ent r="3" t="172" w="236" /><ent r="3" t="172" w="319" /><ent r="3" t="172" w="337" /><ent r="4" t="180" w="2385" /><ent r="4" t="180" w="2416" /><ent r="4" t="180" w="2537" /><ent r="4" t="182" w="670" /><ent r="4" t="182" w="773" /></phr><phr n="steps"><ent r="3" t="30" w="18" /><ent r="3" t="78" w="17" /><ent r="3" t="79" w="25" /><ent r="3" t="80" w="17" /><ent r="3" t="85" w="17" /><ent r="3" t="86" w="17" /><ent r="3" t="96" w="157" /><ent r="3" t="102" w="52" /><ent r="3" t="102" w="56" /><ent r="3" t="102" w="69" /><ent r="3" t="102" w="85" /><ent r="3" t="102" w="119" /><ent r="3" t="102" w="133" /><ent r="3" t="123" w="168" /><ent r="3" t="123" w="335" /><ent r="3" t="181" w="845" /><ent r="4" t="184" w="975" /><ent r="3" t="187" w="152" /></phr><phr n="step"><ent r="6" t="90" w="353" /><ent r="3" t="93" w="24" /><ent r="4" t="93" w="143" /><ent r="3" t="102" w="112" /><ent r="3" t="125" w="654" /><ent r="4" t="172" w="202" /><ent r="4" t="172" w="210" /><ent r="3" t="172" w="257" /><ent r="4" t="172" w="270" /><ent r="4" t="172" w="303" /><ent r="3" t="173" w="32" /><ent r="4" t="173" w="296" /><ent r="3" t="174" w="68" /><ent r="4" t="182" w="653" /><ent r="4" t="182" w="657" /><ent r="3" t="182" w="687" /><ent r="3" t="182" w="732" /><ent r="3" t="182" w="761" /><ent r="3" t="238" w="192" /></phr></stem><stem n="back"><phr n="back"><ent r="6" t="14" w="164" /><ent r="3" t="85" w="149" /><ent r="3" t="85" w="217" /><ent r="4" t="138" w="67" /><ent r="3" t="179" w="1743" /><ent r="4" t="179" w="1953" /><ent r="3" t="180" w="2252" /><ent r="4" t="182" w="953" /><ent r="4" t="182" w="1197" /><ent r="3" t="195" w="230" /></phr><phr n="Back"><ent r="3" t="64" w="135" /><ent r="92" t="85" w="139" /></phr></stem><stem n="slow"><phr n="Slow"><ent r="7" t="14" w="178" /><ent r="5" t="109" w="281" /></phr><phr n="Slows"><ent r="6" t="14" w="181" /></phr><phr n="slow"><ent r="3" t="109" w="308" /></phr><phr n="slowing"><ent r="3" t="141" w="38" /></phr></stem><stem n="reflect"><phr n="reflected"><ent r="6" t="14" w="188" /><ent r="5" t="14" w="245" /><ent r="3" t="84" w="41" /></phr><phr n="reflects"><ent r="3" t="87" w="135" /><ent r="3" t="89" w="28" /></phr><phr n="reflect"><ent r="3" t="94" w="160" /><ent r="5" t="153" w="385" /><ent r="5" t="153" w="820" /><ent r="4" t="154" w="389" /><ent r="5" t="165" w="423" /><ent r="4" t="236" w="21" /></phr><phr n="reflectance"><ent r="5" t="153" w="401" /><ent r="5" t="153" w="836" /><ent r="5" t="165" w="439" /><ent r="3" t="180" w="304" /><ent r="3" t="180" w="311" /><ent r="4" t="236" w="37" /></phr><phr n="Reflectance"><ent r="3" t="199" w="781" /></phr></stem><stem n="field"><phr n="field"><ent r="6" t="14" w="193" /><ent r="5" t="14" w="250" /><ent r="4" t="21" w="321" /><ent r="5" t="21" w="351" /><ent r="4" t="23" w="51" /><ent r="5" t="26" w="478" /><ent r="5" t="26" w="519" /><ent r="3" t="29" w="58" /><ent r="4" t="49" w="187" /><ent r="3" t="68" w="54" /><ent r="3" t="81" w="207" /><ent r="3" t="81" w="254" /><ent r="3" t="81" w="383" /><ent r="3" t="81" w="429" /><ent r="6" t="90" w="488" /><ent r="4" t="92" w="130" /><ent r="4" t="99" w="61" /><ent r="3" t="99" w="94" /><ent r="4" t="110" w="475" /><ent r="4" t="117" w="81" /><ent r="4" t="122" w="210" /><ent r="4" t="123" w="245" /><ent r="4" t="123" w="386" /><ent r="4" t="123" w="525" /><ent r="4" t="126" w="102" /><ent r="4" t="126" w="145" /><ent r="4" t="126" w="213" /><ent r="4" t="129" w="374" /><ent r="4" t="129" w="440" /><ent r="4" t="153" w="359" /><ent r="4" t="153" w="794" /><ent r="4" t="156" w="660" /><ent r="3" t="157" w="227" /><ent r="4" t="157" w="633" /><ent r="4" t="158" w="630" /><ent r="4" t="165" w="411" /><ent r="3" t="168" w="146" /><ent r="4" t="168" w="230" /><ent r="4" t="168" w="266" /><ent r="4" t="168" w="313" /><ent r="5" t="177" w="64" /><ent r="3" t="178" w="97" /><ent r="3" t="180" w="999" /><ent r="3" t="181" w="1419" /><ent r="4" t="184" w="1032" /><ent r="3" t="184" w="1231" /><ent r="3" t="184" w="1237" /><ent r="4" t="185" w="257" /><ent r="4" t="185" w="328" /><ent r="4" t="187" w="639" /><ent r="4" t="187" w="662" /><ent r="4" t="187" w="728" /><ent r="4" t="187" w="751" /><ent r="3" t="187" w="1406" /><ent r="3" t="188" w="742" /><ent r="3" t="195" w="538" /><ent r="3" t="195" w="653" /><ent r="4" t="200" w="91" /><ent r="3" t="208" w="71" /><ent r="3" t="208" w="90" /><ent r="3" t="208" w="101" /><ent r="3" t="208" w="108" /><ent r="3" t="208" w="119" /><ent r="4" t="213" w="760" /><ent r="4" t="216" w="246" /><ent r="3" t="219" w="157" /><ent r="3" t="219" w="176" /><ent r="4" t="219" w="202" /><ent r="4" t="219" w="209" /><ent r="4" t="219" w="212" /><ent r="4" t="219" w="234" /><ent r="3" t="219" w="256" /><ent r="4" t="219" w="281" /><ent r="3" t="220" w="148" /><ent r="3" t="222" w="153" /><ent r="4" t="223" w="91" /><ent r="3" t="227" w="148" /><ent r="4" t="231" w="125" /></phr><phr n="Fields"><ent r="4" t="21" w="344" /><ent r="92" t="68" w="43" /><ent r="5" t="107" w="123" /><ent r="3" t="219" w="147" /></phr><phr n="fields"><ent r="4" t="26" w="392" /><ent r="3" t="68" w="46" /><ent r="4" t="105" w="46" /><ent r="3" t="107" w="23" /><ent r="3" t="108" w="389" /><ent r="4" t="126" w="414" /><ent r="3" t="144" w="161" /><ent r="3" t="144" w="195" /><ent r="3" t="144" w="264" /><ent r="3" t="144" w="298" /><ent r="3" t="144" w="468" /><ent r="3" t="144" w="502" /><ent r="3" t="144" w="632" /><ent r="3" t="144" w="666" /><ent r="3" t="168" w="172" /><ent r="3" t="184" w="1220" /><ent r="3" t="198" w="87" /><ent r="3" t="208" w="79" /><ent r="3" t="208" w="95" /><ent r="3" t="208" w="105" /><ent r="3" t="208" w="112" /><ent r="4" t="213" w="218" /><ent r="4" t="213" w="235" /><ent r="4" t="213" w="333" /><ent r="4" t="213" w="350" /><ent r="3" t="218" w="258" /><ent r="3" t="220" w="63" /><ent r="3" t="222" w="68" /></phr><phr n="Field"><ent r="92" t="219" w="145" /><ent r="5" t="219" w="188" /><ent r="3" t="219" w="194" /><ent r="92" t="219" w="251" /><ent r="5" t="219" w="268" /><ent r="3" t="219" w="274" /><ent r="5" t="219" w="290" /></phr></stem><stem n="increas"><phr n="Increases"><ent r="5" t="14" w="239" /><ent r="7" t="116" w="234" /><ent r="7" t="241" w="136" /></phr><phr n="increase"><ent r="4" t="49" w="481" /><ent r="3" t="179" w="1447" /><ent r="100" t="241" w="6" /></phr><phr n="increases"><ent r="3" t="179" w="843" /><ent r="3" t="182" w="677" /></phr><phr n="Increase"><ent r="7" t="241" w="129" /></phr></stem><stem n="revers"><phr n="Reverses"><ent r="5" t="14" w="255" /></phr><phr n="reversed"><ent r="3" t="142" w="63" /></phr></stem><stem n="playback"><phr n="playback"><ent r="5" t="14" w="260" /><ent r="5" t="14" w="307" /><ent r="3" t="137" w="164" /><ent r="3" t="142" w="17" /></phr><phr n="Playback"><ent r="92" t="220" w="95" /><ent r="92" t="222" w="100" /></phr></stem><stem n="cycl"><phr n="Cycle"><ent r="7" t="14" w="263" /><ent r="67" t="14" w="281" /><ent r="1000" t="191" w="2" /><ent r="102" t="191" w="5" /><ent r="6" t="191" w="30" /><ent r="3" t="227" w="147" /><ent r="64" t="227" w="170" /></phr><phr n="cycles"><ent r="3" t="137" w="17" /><ent r="3" t="187" w="934" /><ent r="3" t="188" w="823" /><ent r="3" t="227" w="166" /></phr><phr n="cycle"><ent r="3" t="137" w="102" /><ent r="3" t="137" w="112" /><ent r="4" t="138" w="14" /><ent r="5" t="143" w="166" /><ent r="100" t="191" w="8" /><ent r="3" t="191" w="12" /><ent r="3" t="227" w="22" /><ent r="3" t="227" w="36" /><ent r="4" t="227" w="140" /><ent r="3" t="227" w="158" /></phr></stem><stem n="determin"><phr n="Determines"><ent r="6" t="14" w="265" /><ent r="4" t="105" w="21" /><ent r="4" t="105" w="44" /><ent r="4" t="158" w="823" /><ent r="7" t="199" w="579" /></phr><phr n="determine"><ent r="3" t="20" w="19" /><ent r="3" t="36" w="16" /><ent r="3" t="106" w="16" /><ent r="3" t="107" w="21" /><ent r="3" t="109" w="170" /><ent r="4" t="109" w="206" /><ent r="4" t="147" w="148" /><ent r="4" t="147" w="186" /><ent r="4" t="147" w="202" /><ent r="4" t="151" w="150" /><ent r="4" t="151" w="173" /><ent r="4" t="151" w="188" /><ent r="3" t="154" w="375" /><ent r="3" t="217" w="207" /></phr><phr n="determined"><ent r="3" t="37" w="107" /><ent r="4" t="145" w="102" /><ent r="3" t="194" w="246" /></phr><phr n="determines"><ent r="4" t="47" w="251" /><ent r="3" t="81" w="443" /><ent r="3" t="81" w="542" /><ent r="4" t="81" w="645" /><ent r="6" t="90" w="477" /><ent r="3" t="106" w="211" /><ent r="3" t="109" w="330" /><ent r="4" t="110" w="376" /><ent r="4" t="153" w="348" /><ent r="4" t="153" w="783" /><ent r="3" t="154" w="279" /><ent r="3" t="158" w="225" /><ent r="4" t="165" w="400" /><ent r="4" t="170" w="206" /><ent r="3" t="191" w="13" /><ent r="3" t="227" w="37" /><ent r="6" t="230" w="80" /></phr></stem></index>