﻿<?xml version="1.0" encoding="utf-8"?><index><stem n="mode"><phr n="mode"><ent r="6" t="3" w="33" /><ent r="5" t="3" w="54" /><ent r="7" t="3" w="149" /><ent r="7" t="3" w="164" /><ent r="5" t="6" w="132" /><ent r="5" t="6" w="139" /><ent r="5" t="6" w="143" /><ent r="5" t="6" w="158" /><ent r="6" t="7" w="285" /><ent r="6" t="13" w="211" /><ent r="6" t="13" w="215" /><ent r="7" t="14" w="100" /><ent r="7" t="14" w="109" /><ent r="7" t="14" w="119" /><ent r="7" t="14" w="143" /><ent r="100" t="36" w="5" /><ent r="3" t="36" w="30" /><ent r="4" t="36" w="53" /><ent r="100" t="37" w="7" /><ent r="100" t="37" w="10" /><ent r="3" t="37" w="31" /><ent r="3" t="37" w="34" /><ent r="3" t="37" w="62" /><ent r="3" t="37" w="102" /><ent r="3" t="37" w="137" /><ent r="3" t="37" w="152" /><ent r="3" t="37" w="175" /><ent r="100" t="38" w="8" /><ent r="3" t="38" w="11" /><ent r="3" t="38" w="45" /><ent r="3" t="38" w="52" /><ent r="3" t="38" w="134" /><ent r="100" t="41" w="10" /><ent r="64" t="41" w="19" /><ent r="64" t="41" w="25" /><ent r="3" t="56" w="27" /><ent r="3" t="56" w="54" /><ent r="3" t="56" w="67" /><ent r="3" t="58" w="284" /><ent r="3" t="81" w="615" /><ent r="3" t="87" w="177" /><ent r="5" t="90" w="405" /><ent r="6" t="90" w="446" /><ent r="100" t="91" w="7" /><ent r="100" t="91" w="19" /><ent r="3" t="91" w="31" /><ent r="4" t="91" w="95" /><ent r="4" t="91" w="118" /><ent r="3" t="91" w="262" /><ent r="3" t="95" w="40" /><ent r="3" t="108" w="257" /><ent r="3" t="115" w="484" /><ent r="3" t="115" w="541" /><ent r="4" t="117" w="146" /><ent r="4" t="117" w="153" /><ent r="4" t="117" w="174" /><ent r="100" t="122" w="7" /><ent r="5" t="122" w="25" /><ent r="4" t="122" w="28" /><ent r="4" t="122" w="51" /><ent r="5" t="122" w="63" /><ent r="100" t="122" w="66" /><ent r="4" t="122" w="70" /><ent r="4" t="122" w="80" /><ent r="3" t="122" w="105" /><ent r="3" t="122" w="117" /><ent r="3" t="122" w="136" /><ent r="3" t="122" w="146" /><ent r="3" t="122" w="162" /><ent r="3" t="122" w="172" /><ent r="3" t="122" w="195" /><ent r="4" t="122" w="221" /><ent r="100" t="125" w="5" /><ent r="100" t="125" w="103" /><ent r="3" t="125" w="121" /><ent r="100" t="125" w="730" /><ent r="5" t="125" w="734" /><ent r="100" t="125" w="737" /><ent r="4" t="125" w="740" /><ent r="4" t="125" w="764" /><ent r="100" t="125" w="775" /><ent r="5" t="125" w="779" /><ent r="100" t="125" w="782" /><ent r="4" t="125" w="785" /><ent r="3" t="125" w="807" /><ent r="3" t="125" w="818" /><ent r="3" t="125" w="830" /><ent r="3" t="125" w="839" /><ent r="3" t="125" w="853" /><ent r="3" t="125" w="863" /><ent r="3" t="125" w="874" /><ent r="3" t="125" w="884" /><ent r="4" t="126" w="223" /><ent r="3" t="128" w="183" /><ent r="3" t="128" w="190" /><ent r="3" t="128" w="212" /><ent r="3" t="128" w="221" /><ent r="3" t="128" w="227" /><ent r="100" t="129" w="7" /><ent r="100" t="129" w="10" /><ent r="100" t="129" w="15" /><ent r="100" t="129" w="24" /><ent r="5" t="129" w="40" /><ent r="4" t="129" w="43" /><ent r="4" t="129" w="67" /><ent r="5" t="129" w="79" /><ent r="4" t="129" w="82" /><ent r="3" t="129" w="95" /><ent r="3" t="129" w="107" /><ent r="3" t="129" w="126" /><ent r="3" t="129" w="136" /><ent r="3" t="129" w="152" /><ent r="3" t="129" w="162" /><ent r="3" t="129" w="165" /><ent r="3" t="129" w="213" /><ent r="3" t="129" w="224" /><ent r="3" t="129" w="227" /><ent r="3" t="129" w="239" /><ent r="3" t="129" w="255" /><ent r="3" t="129" w="267" /><ent r="3" t="129" w="270" /><ent r="3" t="129" w="311" /><ent r="3" t="129" w="320" /><ent r="3" t="129" w="328" /><ent r="3" t="129" w="342" /><ent r="3" t="129" w="390" /><ent r="3" t="129" w="408" /><ent r="4" t="129" w="444" /><ent r="3" t="137" w="29" /><ent r="3" t="137" w="94" /><ent r="3" t="157" w="213" /><ent r="3" t="169" w="320" /><ent r="3" t="169" w="562" /><ent r="3" t="169" w="569" /><ent r="3" t="179" w="1209" /><ent r="3" t="179" w="1231" /><ent r="3" t="179" w="1754" /><ent r="3" t="184" w="729" /><ent r="100" t="186" w="6" /><ent r="3" t="187" w="598" /><ent r="100" t="188" w="10" /><ent r="3" t="188" w="42" /><ent r="5" t="188" w="179" /><ent r="4" t="188" w="534" /><ent r="3" t="208" w="57" /><ent r="5" t="226" w="286" /><ent r="5" t="226" w="306" /></phr><phr n="Mode"><ent r="66" t="6" w="146" /><ent r="5" t="6" w="151" /><ent r="66" t="6" w="162" /><ent r="7" t="8" w="59" /><ent r="7" t="8" w="64" /><ent r="7" t="8" w="69" /><ent r="64" t="11" w="63" /><ent r="5" t="13" w="64" /><ent r="64" t="35" w="59" /><ent r="64" t="35" w="63" /><ent r="1000" t="36" w="2" /><ent r="102" t="36" w="8" /><ent r="3" t="36" w="12" /><ent r="5" t="36" w="48" /><ent r="64" t="36" w="98" /><ent r="1000" t="37" w="3" /><ent r="102" t="37" w="15" /><ent r="64" t="37" w="190" /><ent r="1000" t="38" w="2" /><ent r="102" t="38" w="5" /><ent r="6" t="38" w="111" /><ent r="67" t="38" w="118" /><ent r="6" t="38" w="121" /><ent r="3" t="38" w="138" /><ent r="1000" t="41" w="2" /><ent r="102" t="41" w="6" /><ent r="3" t="41" w="30" /><ent r="5" t="49" w="439" /><ent r="1000" t="56" w="3" /><ent r="102" t="56" w="7" /><ent r="3" t="56" w="12" /><ent r="3" t="56" w="46" /><ent r="3" t="56" w="71" /><ent r="100" t="58" w="235" /><ent r="4" t="58" w="242" /><ent r="64" t="58" w="294" /><ent r="7" t="90" w="210" /><ent r="68" t="90" w="226" /><ent r="5" t="90" w="238" /><ent r="66" t="90" w="252" /><ent r="1000" t="91" w="4" /><ent r="102" t="91" w="14" /><ent r="3" t="91" w="51" /><ent r="5" t="91" w="214" /><ent r="4" t="91" w="241" /><ent r="3" t="91" w="249" /><ent r="4" t="91" w="273" /><ent r="5" t="91" w="322" /><ent r="3" t="91" w="327" /><ent r="64" t="115" w="503" /><ent r="4" t="117" w="160" /><ent r="65" t="117" w="188" /><ent r="1000" t="122" w="3" /><ent r="102" t="122" w="11" /><ent r="64" t="122" w="178" /><ent r="92" t="122" w="187" /><ent r="4" t="122" w="209" /><ent r="3" t="124" w="23" /><ent r="82" t="125" w="717" /><ent r="64" t="125" w="892" /><ent r="64" t="128" w="201" /><ent r="64" t="128" w="239" /><ent r="1000" t="129" w="2" /><ent r="102" t="129" w="18" /><ent r="92" t="129" w="295" /><ent r="5" t="129" w="372" /><ent r="92" t="129" w="384" /><ent r="5" t="129" w="438" /><ent r="64" t="129" w="463" /><ent r="5" t="165" w="183" /><ent r="64" t="178" w="382" /><ent r="64" t="178" w="390" /><ent r="5" t="179" w="1545" /><ent r="4" t="179" w="1605" /><ent r="5" t="179" w="1664" /><ent r="3" t="179" w="1738" /><ent r="5" t="179" w="2210" /><ent r="4" t="180" w="1889" /><ent r="4" t="181" w="720" /><ent r="4" t="184" w="939" /><ent r="1000" t="186" w="3" /><ent r="103" t="186" w="12" /><ent r="4" t="186" w="995" /><ent r="5" t="187" w="553" /><ent r="1000" t="188" w="7" /><ent r="103" t="188" w="20" /><ent r="4" t="188" w="108" /><ent r="5" t="188" w="512" /><ent r="4" t="188" w="1327" /><ent r="92" t="188" w="1371" /></phr><phr n="modes"><ent r="3" t="36" w="61" /><ent r="3" t="37" w="160" /><ent r="3" t="91" w="59" /><ent r="4" t="117" w="183" /><ent r="3" t="122" w="22" /><ent r="3" t="125" w="728" /><ent r="3" t="129" w="37" /><ent r="3" t="129" w="185" /></phr></stem><stem n="(clicked)"><phr n="(clicked)"><ent r="5" t="3" w="38" /></phr></stem><stem n="pan"><phr n="Pans"><ent r="5" t="3" w="39" /></phr><phr n="pan"><ent r="6" t="7" w="117" /><ent r="100" t="35" w="3" /><ent r="3" t="35" w="21" /><ent r="100" t="36" w="4" /><ent r="3" t="36" w="24" /><ent r="3" t="36" w="29" /><ent r="4" t="36" w="52" /><ent r="3" t="36" w="60" /><ent r="4" t="36" w="82" /><ent r="100" t="37" w="9" /><ent r="3" t="37" w="90" /><ent r="3" t="37" w="104" /><ent r="3" t="37" w="115" /><ent r="3" t="37" w="124" /><ent r="3" t="37" w="129" /><ent r="64" t="37" w="182" /><ent r="3" t="46" w="39" /><ent r="3" t="46" w="104" /><ent r="3" t="46" w="154" /><ent r="3" t="46" w="167" /><ent r="64" t="47" w="110" /><ent r="3" t="47" w="125" /><ent r="3" t="48" w="55" /><ent r="3" t="48" w="187" /><ent r="4" t="48" w="221" /><ent r="4" t="48" w="298" /><ent r="64" t="49" w="68" /><ent r="3" t="49" w="532" /><ent r="3" t="49" w="582" /><ent r="64" t="87" w="185" /><ent r="4" t="91" w="67" /><ent r="3" t="106" w="81" /><ent r="3" t="109" w="246" /><ent r="3" t="109" w="251" /><ent r="4" t="109" w="270" /><ent r="4" t="109" w="283" /><ent r="3" t="109" w="335" /><ent r="3" t="109" w="347" /><ent r="3" t="134" w="43" /><ent r="4" t="173" w="258" /><ent r="4" t="173" w="275" /><ent r="4" t="179" w="62" /><ent r="3" t="179" w="126" /><ent r="3" t="179" w="2385" /><ent r="3" t="180" w="348" /><ent r="4" t="182" w="1683" /></phr><phr n="Pan"><ent r="6" t="7" w="123" /><ent r="67" t="7" w="135" /><ent r="1000" t="35" w="1" /><ent r="102" t="35" w="5" /><ent r="3" t="35" w="7" /><ent r="4" t="35" w="38" /><ent r="3" t="35" w="51" /><ent r="64" t="35" w="58" /><ent r="1000" t="36" w="1" /><ent r="102" t="36" w="7" /><ent r="3" t="36" w="11" /><ent r="5" t="36" w="47" /><ent r="4" t="36" w="64" /><ent r="4" t="36" w="75" /><ent r="64" t="36" w="94" /><ent r="6" t="38" w="94" /><ent r="67" t="38" w="99" /><ent r="5" t="40" w="205" /><ent r="5" t="91" w="62" /><ent r="92" t="109" w="232" /><ent r="3" t="109" w="236" /><ent r="4" t="109" w="327" /><ent r="5" t="109" w="491" /><ent r="5" t="156" w="797" /><ent r="4" t="176" w="334" /><ent r="4" t="179" w="958" /><ent r="4" t="179" w="974" /><ent r="4" t="179" w="1575" /><ent r="5" t="179" w="1667" /><ent r="4" t="179" w="1670" /><ent r="4" t="180" w="2749" /><ent r="4" t="184" w="881" /></phr><phr n="Panning"><ent r="64" t="35" w="62" /><ent r="64" t="36" w="97" /><ent r="1000" t="37" w="2" /><ent r="102" t="37" w="14" /><ent r="64" t="58" w="293" /><ent r="92" t="109" w="486" /></phr><phr n="panning"><ent r="100" t="37" w="6" /><ent r="3" t="37" w="30" /><ent r="3" t="37" w="33" /><ent r="3" t="37" w="61" /><ent r="3" t="37" w="136" /><ent r="3" t="37" w="151" /><ent r="3" t="37" w="174" /><ent r="3" t="46" w="120" /><ent r="3" t="58" w="283" /><ent r="3" t="109" w="317" /><ent r="4" t="109" w="498" /><ent r="3" t="109" w="510" /><ent r="3" t="109" w="531" /></phr><phr n="panned"><ent r="4" t="37" w="81" /><ent r="4" t="156" w="808" /></phr></stem><stem n="speed"><phr n="speed"><ent r="5" t="3" w="44" /><ent r="6" t="14" w="185" /><ent r="6" t="14" w="192" /><ent r="7" t="14" w="196" /><ent r="6" t="14" w="207" /><ent r="5" t="14" w="242" /><ent r="5" t="14" w="249" /><ent r="3" t="37" w="105" /><ent r="3" t="37" w="130" /><ent r="64" t="37" w="183" /><ent r="3" t="46" w="105" /><ent r="3" t="46" w="109" /><ent r="3" t="109" w="252" /><ent r="3" t="109" w="318" /><ent r="3" t="137" w="98" /><ent r="3" t="137" w="116" /><ent r="100" t="140" w="8" /><ent r="3" t="140" w="12" /><ent r="3" t="140" w="56" /><ent r="3" t="140" w="117" /><ent r="3" t="140" w="203" /><ent r="3" t="140" w="223" /><ent r="3" t="141" w="25" /><ent r="3" t="217" w="255" /><ent r="3" t="217" w="281" /><ent r="3" t="227" w="193" /><ent r="3" t="227" w="207" /><ent r="4" t="227" w="230" /><ent r="3" t="227" w="247" /><ent r="4" t="227" w="251" /></phr><phr n="Speed"><ent r="67" t="14" w="214" /><ent r="6" t="14" w="236" /><ent r="92" t="109" w="233" /><ent r="3" t="109" w="237" /><ent r="1000" t="140" w="2" /><ent r="102" t="140" w="5" /><ent r="6" t="140" w="78" /></phr><phr n="speeds"><ent r="3" t="140" w="72" /><ent r="5" t="143" w="170" /><ent r="3" t="227" w="26" /><ent r="3" t="227" w="52" /><ent r="3" t="227" w="178" /><ent r="3" t="227" w="183" /><ent r="3" t="227" w="186" /></phr></stem><stem n="rel"><phr n="relative"><ent r="5" t="3" w="45" /><ent r="4" t="109" w="208" /><ent r="5" t="153" w="432" /><ent r="5" t="153" w="867" /><ent r="4" t="154" w="410" /><ent r="5" t="165" w="470" /><ent r="3" t="192" w="100" /><ent r="4" t="236" w="68" /></phr><phr n="Relative"><ent r="4" t="109" w="222" /></phr></stem><stem n="wheel"><phr n="Wheel"><ent r="6" t="3" w="56" /><ent r="5" t="3" w="74" /><ent r="6" t="3" w="84" /><ent r="5" t="3" w="102" /><ent r="4" t="81" w="538" /></phr><phr n="wheel"><ent r="3" t="49" w="565" /><ent r="4" t="81" w="553" /><ent r="3" t="81" w="562" /><ent r="3" t="81" w="573" /><ent r="4" t="81" w="588" /><ent r="3" t="81" w="598" /><ent r="3" t="81" w="606" /><ent r="3" t="179" w="889" /></phr></stem><stem n="up"><phr n="up"><ent r="6" t="3" w="57" /><ent r="100" t="72" w="6" /><ent r="4" t="72" w="84" /><ent r="4" t="96" w="139" /><ent r="3" t="111" w="30" /><ent r="4" t="142" w="447" /><ent r="6" t="169" w="522" /><ent r="4" t="179" w="1695" /><ent r="4" t="179" w="2033" /><ent r="3" t="180" w="2965" /><ent r="3" t="182" w="1559" /><ent r="3" t="183" w="299" /><ent r="4" t="183" w="929" /><ent r="4" t="188" w="1177" /><ent r="4" t="208" w="616" /><ent r="4" t="208" w="642" /><ent r="3" t="220" w="153" /><ent r="3" t="222" w="158" /><ent r="5" t="226" w="114" /></phr><phr n="Up"><ent r="66" t="7" w="251" /><ent r="66" t="7" w="269" /><ent r="6" t="14" w="237" /><ent r="64" t="16" w="36" /><ent r="1000" t="42" w="2" /><ent r="102" t="42" w="5" /><ent r="100" t="42" w="8" /><ent r="3" t="42" w="12" /><ent r="4" t="42" w="44" /><ent r="1000" t="43" w="2" /><ent r="102" t="43" w="5" /><ent r="100" t="43" w="8" /><ent r="3" t="43" w="11" /><ent r="3" t="43" w="183" /><ent r="3" t="43" w="205" /><ent r="3" t="64" w="146" /><ent r="1000" t="72" w="2" /><ent r="102" t="72" w="10" /><ent r="3" t="72" w="14" /><ent r="5" t="72" w="97" /><ent r="4" t="72" w="104" /><ent r="3" t="83" w="74" /><ent r="4" t="187" w="1255" /><ent r="4" t="187" w="1340" /></phr></stem><stem n="out"><phr n="out"><ent r="6" t="3" w="62" /><ent r="6" t="3" w="90" /><ent r="6" t="7" w="29" /><ent r="6" t="7" w="49" /><ent r="6" t="38" w="77" /><ent r="3" t="40" w="20" /><ent r="4" t="40" w="94" /><ent r="4" t="40" w="119" /><ent r="3" t="49" w="561" /><ent r="3" t="58" w="271" /><ent r="3" t="81" w="578" /><ent r="3" t="81" w="602" /><ent r="3" t="104" w="114" /><ent r="4" t="109" w="565" /><ent r="5" t="116" w="193" /><ent r="3" t="179" w="124" /><ent r="4" t="179" w="921" /><ent r="4" t="180" w="2601" /><ent r="4" t="182" w="1127" /><ent r="3" t="183" w="748" /><ent r="4" t="188" w="1559" /><ent r="3" t="226" w="32" /><ent r="5" t="226" w="361" /><ent r="7" t="242" w="113" /></phr><phr n="Out"><ent r="4" t="40" w="109" /><ent r="4" t="40" w="134" /><ent r="5" t="109" w="559" /><ent r="5" t="156" w="829" /><ent r="4" t="176" w="321" /><ent r="4" t="179" w="867" /><ent r="4" t="179" w="912" /><ent r="3" t="180" w="3060" /><ent r="7" t="242" w="110" /></phr></stem><stem n="base"><phr n="based"><ent r="6" t="3" w="65" /><ent r="6" t="3" w="93" /><ent r="5" t="7" w="257" /><ent r="3" t="43" w="16" /><ent r="4" t="49" w="206" /><ent r="3" t="72" w="25" /><ent r="3" t="81" w="264" /><ent r="3" t="81" w="478" /><ent r="4" t="81" w="668" /><ent r="4" t="109" w="375" /><ent r="3" t="110" w="20" /><ent r="3" t="115" w="282" /><ent r="3" t="115" w="401" /><ent r="3" t="129" w="252" /><ent r="3" t="132" w="64" /><ent r="3" t="140" w="61" /><ent r="3" t="140" w="122" /><ent r="4" t="153" w="710" /><ent r="4" t="153" w="1145" /><ent r="3" t="154" w="283" /><ent r="3" t="163" w="266" /><ent r="3" t="165" w="38" /><ent r="4" t="165" w="746" /><ent r="3" t="167" w="82" /><ent r="4" t="179" w="922" /><ent r="3" t="180" w="147" /><ent r="4" t="180" w="2472" /><ent r="3" t="183" w="185" /><ent r="3" t="184" w="175" /><ent r="4" t="185" w="84" /><ent r="3" t="185" w="344" /><ent r="3" t="185" w="358" /><ent r="6" t="191" w="45" /><ent r="3" t="192" w="72" /><ent r="3" t="195" w="609" /><ent r="4" t="195" w="753" /><ent r="3" t="208" w="174" /><ent r="3" t="213" w="22" /><ent r="3" t="218" w="231" /><ent r="3" t="238" w="394" /></phr><phr n="Based"><ent r="4" t="20" w="104" /></phr><phr n="Base"><ent r="4" t="184" w="1064" /></phr></stem><stem n="valu"><phr n="value"><ent r="6" t="3" w="67" /><ent r="6" t="3" w="95" /><ent r="6" t="14" w="337" /><ent r="6" t="14" w="360" /><ent r="6" t="14" w="410" /><ent r="5" t="26" w="415" /><ent r="5" t="26" w="420" /><ent r="5" t="26" w="432" /><ent r="5" t="26" w="437" /><ent r="5" t="26" w="448" /><ent r="5" t="26" w="489" /><ent r="4" t="43" w="96" /><ent r="3" t="43" w="150" /><ent r="3" t="43" w="155" /><ent r="3" t="44" w="453" /><ent r="3" t="44" w="481" /><ent r="4" t="44" w="505" /><ent r="4" t="44" w="514" /><ent r="4" t="44" w="530" /><ent r="3" t="81" w="168" /><ent r="4" t="83" w="216" /><ent r="5" t="89" w="185" /><ent r="5" t="89" w="187" /><ent r="5" t="89" w="195" /><ent r="5" t="89" w="217" /><ent r="5" t="89" w="248" /><ent r="4" t="109" w="474" /><ent r="3" t="110" w="222" /><ent r="3" t="115" w="433" /><ent r="3" t="124" w="45" /><ent r="3" t="125" w="250" /><ent r="3" t="125" w="271" /><ent r="3" t="125" w="279" /><ent r="3" t="125" w="486" /><ent r="100" t="126" w="15" /><ent r="100" t="126" w="17" /><ent r="100" t="126" w="22" /><ent r="4" t="126" w="95" /><ent r="3" t="126" w="105" /><ent r="4" t="126" w="139" /><ent r="3" t="126" w="164" /><ent r="4" t="126" w="207" /><ent r="4" t="126" w="229" /><ent r="3" t="126" w="263" /><ent r="4" t="126" w="299" /><ent r="4" t="126" w="341" /><ent r="4" t="126" w="356" /><ent r="3" t="126" w="370" /><ent r="4" t="126" w="375" /><ent r="4" t="126" w="412" /><ent r="3" t="127" w="12" /><ent r="3" t="140" w="57" /><ent r="3" t="140" w="118" /><ent r="5" t="153" w="465" /><ent r="5" t="153" w="488" /><ent r="5" t="153" w="529" /><ent r="5" t="153" w="535" /><ent r="5" t="153" w="539" /><ent r="5" t="153" w="549" /><ent r="5" t="153" w="553" /><ent r="5" t="153" w="588" /><ent r="5" t="153" w="594" /><ent r="5" t="153" w="629" /><ent r="5" t="153" w="663" /><ent r="5" t="153" w="693" /><ent r="5" t="153" w="900" /><ent r="5" t="153" w="923" /><ent r="5" t="153" w="964" /><ent r="5" t="153" w="970" /><ent r="5" t="153" w="974" /><ent r="5" t="153" w="984" /><ent r="5" t="153" w="988" /><ent r="5" t="153" w="1023" /><ent r="5" t="153" w="1029" /><ent r="5" t="153" w="1064" /><ent r="5" t="153" w="1098" /><ent r="5" t="153" w="1128" /><ent r="4" t="154" w="297" /><ent r="4" t="154" w="302" /><ent r="4" t="154" w="305" /><ent r="4" t="154" w="317" /><ent r="4" t="154" w="322" /><ent r="4" t="154" w="325" /><ent r="4" t="154" w="336" /><ent r="4" t="154" w="341" /><ent r="4" t="154" w="347" /><ent r="4" t="154" w="356" /><ent r="4" t="154" w="361" /><ent r="4" t="154" w="367" /><ent r="4" t="154" w="443" /><ent r="4" t="154" w="466" /><ent r="4" t="154" w="506" /><ent r="4" t="154" w="512" /><ent r="4" t="154" w="515" /><ent r="4" t="154" w="525" /><ent r="4" t="154" w="528" /><ent r="3" t="163" w="291" /><ent r="3" t="165" w="29" /><ent r="4" t="165" w="224" /><ent r="5" t="165" w="503" /><ent r="5" t="165" w="526" /><ent r="5" t="165" w="567" /><ent r="5" t="165" w="573" /><ent r="5" t="165" w="577" /><ent r="5" t="165" w="587" /><ent r="5" t="165" w="591" /><ent r="5" t="165" w="621" /><ent r="5" t="165" w="627" /><ent r="5" t="165" w="663" /><ent r="5" t="165" w="692" /><ent r="5" t="165" w="726" /><ent r="3" t="167" w="663" /><ent r="3" t="167" w="667" /><ent r="3" t="167" w="675" /><ent r="3" t="167" w="680" /><ent r="3" t="167" w="691" /><ent r="3" t="167" w="732" /><ent r="3" t="167" w="736" /><ent r="3" t="167" w="744" /><ent r="3" t="167" w="749" /><ent r="3" t="167" w="760" /><ent r="4" t="167" w="1072" /><ent r="4" t="167" w="1094" /><ent r="3" t="168" w="140" /><ent r="3" t="168" w="151" /><ent r="4" t="179" w="1118" /><ent r="4" t="179" w="1136" /><ent r="4" t="179" w="1142" /><ent r="3" t="179" w="1307" /><ent r="3" t="179" w="1346" /><ent r="4" t="180" w="1408" /><ent r="4" t="180" w="1467" /><ent r="4" t="180" w="1630" /><ent r="4" t="181" w="1175" /><ent r="4" t="181" w="1389" /><ent r="3" t="185" w="363" /><ent r="3" t="187" w="238" /><ent r="3" t="187" w="1266" /><ent r="3" t="187" w="1301" /><ent r="3" t="187" w="1323" /><ent r="3" t="188" w="626" /><ent r="4" t="188" w="643" /><ent r="3" t="188" w="1083" /><ent r="3" t="188" w="1119" /><ent r="3" t="188" w="1141" /><ent r="4" t="188" w="1162" /><ent r="4" t="188" w="1189" /><ent r="4" t="189" w="121" /><ent r="3" t="195" w="291" /><ent r="3" t="195" w="293" /><ent r="3" t="195" w="604" /><ent r="3" t="195" w="656" /><ent r="7" t="196" w="99" /><ent r="7" t="199" w="433" /><ent r="7" t="199" w="437" /><ent r="3" t="208" w="136" /><ent r="3" t="208" w="247" /><ent r="3" t="208" w="675" /><ent r="3" t="209" w="109" /><ent r="3" t="209" w="111" /><ent r="3" t="224" w="172" /><ent r="3" t="224" w="182" /><ent r="6" t="230" w="32" /><ent r="6" t="230" w="47" /><ent r="6" t="230" w="56" /><ent r="6" t="230" w="332" /><ent r="4" t="231" w="145" /><ent r="4" t="231" w="163" /><ent r="4" t="231" w="222" /><ent r="3" t="232" w="66" /><ent r="4" t="236" w="101" /><ent r="4" t="236" w="124" /><ent r="4" t="236" w="165" /><ent r="4" t="236" w="171" /><ent r="4" t="236" w="175" /><ent r="4" t="236" w="185" /><ent r="4" t="236" w="189" /><ent r="3" t="238" w="114" /><ent r="100" t="243" w="5" /></phr><phr n="Values"><ent r="7" t="12" w="30" /><ent r="7" t="12" w="43" /><ent r="4" t="43" w="78" /><ent r="1000" t="45" w="4" /><ent r="102" t="45" w="9" /><ent r="7" t="90" w="324" /><ent r="68" t="90" w="342" /><ent r="1000" t="92" w="3" /><ent r="102" t="92" w="14" /><ent r="3" t="92" w="18" /><ent r="5" t="92" w="86" /><ent r="4" t="92" w="110" /><ent r="4" t="92" w="116" /><ent r="5" t="92" w="128" /><ent r="4" t="92" w="159" /><ent r="1000" t="124" w="3" /><ent r="102" t="124" w="11" /><ent r="65" t="126" w="239" /><ent r="64" t="129" w="467" /><ent r="5" t="153" w="298" /><ent r="5" t="153" w="733" /><ent r="5" t="165" w="367" /><ent r="7" t="199" w="509" /><ent r="7" t="199" w="525" /><ent r="3" t="208" w="100" /><ent r="4" t="231" w="53" /><ent r="5" t="231" w="187" /><ent r="5" t="231" w="269" /><ent r="5" t="231" w="337" /><ent r="5" t="236" w="17" /></phr><phr n="values"><ent r="7" t="12" w="67" /><ent r="6" t="12" w="94" /><ent r="3" t="13" w="44" /><ent r="6" t="14" w="221" /><ent r="4" t="20" w="290" /><ent r="4" t="20" w="317" /><ent r="4" t="20" w="528" /><ent r="4" t="26" w="84" /><ent r="3" t="44" w="419" /><ent r="3" t="44" w="445" /><ent r="3" t="44" w="459" /><ent r="4" t="44" w="610" /><ent r="3" t="44" w="690" /><ent r="3" t="45" w="19" /><ent r="3" t="67" w="51" /><ent r="3" t="68" w="33" /><ent r="3" t="81" w="256" /><ent r="3" t="82" w="70" /><ent r="3" t="83" w="38" /><ent r="4" t="83" w="180" /><ent r="3" t="83" w="201" /><ent r="4" t="83" w="279" /><ent r="7" t="90" w="305" /><ent r="7" t="90" w="334" /><ent r="6" t="90" w="487" /><ent r="100" t="92" w="6" /><ent r="100" t="92" w="10" /><ent r="3" t="92" w="25" /><ent r="3" t="92" w="40" /><ent r="4" t="92" w="123" /><ent r="4" t="92" w="136" /><ent r="4" t="92" w="151" /><ent r="4" t="92" w="174" /><ent r="4" t="92" w="182" /><ent r="4" t="97" w="84" /><ent r="3" t="115" w="443" /><ent r="3" t="124" w="42" /><ent r="3" t="125" w="329" /><ent r="3" t="125" w="494" /><ent r="3" t="125" w="519" /><ent r="3" t="137" w="117" /><ent r="4" t="140" w="113" /><ent r="3" t="142" w="546" /><ent r="3" t="142" w="568" /><ent r="4" t="143" w="296" /><ent r="3" t="144" w="148" /><ent r="3" t="144" w="251" /><ent r="3" t="144" w="455" /><ent r="3" t="144" w="619" /><ent r="6" t="153" w="290" /><ent r="4" t="153" w="302" /><ent r="4" t="153" w="307" /><ent r="4" t="153" w="320" /><ent r="4" t="153" w="358" /><ent r="5" t="153" w="409" /><ent r="5" t="153" w="418" /><ent r="5" t="153" w="424" /><ent r="5" t="153" w="439" /><ent r="5" t="153" w="449" /><ent r="5" t="153" w="473" /><ent r="5" t="153" w="513" /><ent r="5" t="153" w="608" /><ent r="4" t="153" w="713" /><ent r="6" t="153" w="725" /><ent r="4" t="153" w="737" /><ent r="4" t="153" w="742" /><ent r="4" t="153" w="755" /><ent r="4" t="153" w="793" /><ent r="5" t="153" w="844" /><ent r="5" t="153" w="853" /><ent r="5" t="153" w="859" /><ent r="5" t="153" w="874" /><ent r="5" t="153" w="884" /><ent r="5" t="153" w="908" /><ent r="5" t="153" w="948" /><ent r="5" t="153" w="1043" /><ent r="4" t="153" w="1148" /><ent r="3" t="154" w="287" /><ent r="3" t="154" w="383" /><ent r="4" t="154" w="402" /><ent r="4" t="154" w="417" /><ent r="4" t="154" w="427" /><ent r="4" t="154" w="451" /><ent r="4" t="154" w="490" /><ent r="3" t="163" w="299" /><ent r="3" t="165" w="41" /><ent r="3" t="165" w="62" /><ent r="3" t="165" w="71" /><ent r="4" t="165" w="371" /><ent r="4" t="165" w="376" /><ent r="4" t="165" w="389" /><ent r="4" t="165" w="410" /><ent r="5" t="165" w="447" /><ent r="5" t="165" w="456" /><ent r="5" t="165" w="462" /><ent r="5" t="165" w="477" /><ent r="5" t="165" w="487" /><ent r="5" t="165" w="511" /><ent r="5" t="165" w="551" /><ent r="5" t="165" w="641" /><ent r="4" t="165" w="749" /><ent r="3" t="167" w="18" /><ent r="4" t="167" w="480" /><ent r="4" t="167" w="590" /><ent r="3" t="167" w="634" /><ent r="3" t="167" w="654" /><ent r="3" t="167" w="723" /><ent r="6" t="168" w="204" /><ent r="3" t="169" w="57" /><ent r="3" t="169" w="72" /><ent r="3" t="169" w="85" /><ent r="4" t="169" w="417" /><ent r="4" t="169" w="437" /><ent r="4" t="169" w="457" /><ent r="6" t="169" w="515" /><ent r="3" t="169" w="585" /><ent r="3" t="169" w="619" /><ent r="3" t="179" w="2014" /><ent r="3" t="180" w="1424" /><ent r="3" t="180" w="2226" /><ent r="4" t="183" w="670" /><ent r="3" t="185" w="348" /><ent r="3" t="187" w="193" /><ent r="3" t="187" w="914" /><ent r="5" t="188" w="166" /><ent r="4" t="188" w="657" /><ent r="3" t="188" w="802" /><ent r="3" t="193" w="64" /><ent r="3" t="193" w="82" /><ent r="3" t="193" w="97" /><ent r="3" t="194" w="25" /><ent r="3" t="195" w="279" /><ent r="3" t="195" w="386" /><ent r="4" t="195" w="554" /><ent r="4" t="195" w="584" /><ent r="4" t="195" w="590" /><ent r="3" t="195" w="682" /><ent r="3" t="195" w="768" /><ent r="7" t="199" w="516" /><ent r="7" t="199" w="620" /><ent r="7" t="199" w="646" /><ent r="7" t="199" w="671" /><ent r="3" t="208" w="229" /><ent r="3" t="208" w="342" /><ent r="3" t="209" w="97" /><ent r="3" t="209" w="204" /><ent r="3" t="220" w="50" /><ent r="3" t="222" w="55" /><ent r="4" t="227" w="257" /><ent r="6" t="230" w="89" /><ent r="6" t="230" w="641" /><ent r="3" t="236" w="13" /><ent r="4" t="236" w="45" /><ent r="4" t="236" w="54" /><ent r="4" t="236" w="60" /><ent r="4" t="236" w="75" /><ent r="4" t="236" w="85" /><ent r="4" t="236" w="109" /><ent r="4" t="236" w="149" /><ent r="3" t="238" w="425" /><ent r="3" t="243" w="14" /><ent r="6" t="243" w="384" /><ent r="6" t="243" w="403" /><ent r="6" t="243" w="421" /><ent r="6" t="243" w="440" /><ent r="6" t="243" w="458" /><ent r="6" t="243" w="477" /><ent r="6" t="243" w="495" /><ent r="6" t="243" w="514" /><ent r="5" t="243" w="533" /><ent r="5" t="243" w="551" /><ent r="5" t="243" w="569" /><ent r="5" t="243" w="588" /><ent r="6" t="243" w="606" /><ent r="6" t="243" w="624" /><ent r="6" t="243" w="642" /><ent r="6" t="243" w="657" /></phr><phr n="Value"><ent r="4" t="43" w="109" /><ent r="4" t="43" w="125" /><ent r="3" t="81" w="203" /><ent r="7" t="116" w="215" /><ent r="68" t="116" w="222" /><ent r="3" t="125" w="241" /><ent r="3" t="125" w="257" /><ent r="64" t="125" w="286" /><ent r="6" t="125" w="446" /><ent r="3" t="125" w="470" /><ent r="1000" t="126" w="4" /><ent r="100" t="126" w="8" /><ent r="100" t="126" w="11" /><ent r="102" t="126" w="27" /><ent r="3" t="126" w="33" /><ent r="4" t="126" w="57" /><ent r="4" t="126" w="62" /><ent r="3" t="126" w="83" /><ent r="64" t="126" w="131" /><ent r="5" t="126" w="143" /><ent r="3" t="126" w="188" /><ent r="5" t="126" w="211" /><ent r="4" t="126" w="284" /><ent r="4" t="126" w="347" /><ent r="4" t="126" w="406" /><ent r="64" t="126" w="425" /><ent r="1000" t="127" w="1" /><ent r="102" t="127" w="6" /><ent r="4" t="127" w="40" /><ent r="3" t="129" w="193" /><ent r="6" t="140" w="138" /><ent r="4" t="154" w="537" /><ent r="4" t="154" w="542" /><ent r="5" t="167" w="623" /><ent r="5" t="167" w="701" /><ent r="4" t="179" w="1573" /><ent r="4" t="179" w="1580" /><ent r="3" t="179" w="1746" /><ent r="5" t="181" w="1228" /><ent r="5" t="181" w="1236" /><ent r="4" t="181" w="1373" /><ent r="4" t="187" w="65" /><ent r="4" t="187" w="222" /><ent r="92" t="187" w="601" /><ent r="4" t="187" w="606" /><ent r="4" t="187" w="627" /><ent r="5" t="187" w="660" /><ent r="3" t="187" w="677" /><ent r="4" t="187" w="695" /><ent r="4" t="187" w="716" /><ent r="5" t="187" w="749" /><ent r="4" t="187" w="764" /><ent r="4" t="187" w="1115" /><ent r="7" t="187" w="1172" /><ent r="92" t="187" w="1225" /><ent r="4" t="187" w="1231" /><ent r="3" t="187" w="1376" /><ent r="3" t="187" w="1380" /><ent r="4" t="188" w="84" /><ent r="4" t="188" w="94" /><ent r="92" t="188" w="618" /><ent r="4" t="188" w="631" /><ent r="4" t="188" w="661" /><ent r="3" t="188" w="671" /><ent r="4" t="188" w="674" /><ent r="3" t="188" w="684" /><ent r="4" t="188" w="700" /><ent r="3" t="188" w="710" /><ent r="3" t="188" w="732" /><ent r="3" t="188" w="741" /><ent r="4" t="188" w="763" /><ent r="7" t="188" w="913" /><ent r="7" t="188" w="924" /><ent r="7" t="188" w="937" /><ent r="7" t="188" w="947" /><ent r="7" t="188" w="958" /><ent r="92" t="188" w="1078" /><ent r="3" t="188" w="1212" /><ent r="3" t="188" w="1221" /><ent r="3" t="188" w="1225" /><ent r="3" t="188" w="1229" /><ent r="3" t="188" w="1237" /><ent r="3" t="193" w="192" /><ent r="3" t="193" w="215" /><ent r="3" t="193" w="228" /><ent r="3" t="208" w="124" /><ent r="3" t="231" w="114" /><ent r="65" t="231" w="149" /><ent r="5" t="231" w="157" /><ent r="3" t="231" w="213" /><ent r="7" t="241" w="91" /><ent r="7" t="241" w="96" /><ent r="68" t="241" w="109" /><ent r="1000" t="243" w="1" /><ent r="102" t="243" w="9" /><ent r="64" t="243" w="25" /><ent r="6" t="243" w="29" /></phr></stem></index>