﻿<?xml version="1.0" encoding="utf-8"?><index><stem n="pointer"><phr n="pointer"><ent r="4" t="1" w="322" /><ent r="4" t="4" w="177" /><ent r="4" t="179" w="388" /><ent r="4" t="179" w="929" /><ent r="4" t="179" w="937" /><ent r="4" t="180" w="539" /><ent r="4" t="181" w="250" /><ent r="4" t="181" w="1378" /><ent r="4" t="182" w="213" /><ent r="4" t="183" w="488" /><ent r="4" t="184" w="490" /><ent r="4" t="186" w="364" /><ent r="3" t="187" w="860" /><ent r="3" t="187" w="949" /><ent r="4" t="188" w="275" /><ent r="3" t="188" w="838" /></phr></stem><stem n="-click"><phr n="-click"><ent r="4" t="1" w="331" /><ent r="4" t="1" w="331" /><ent r="4" t="4" w="188" /><ent r="4" t="4" w="188" /><ent r="3" t="14" w="65" /><ent r="3" t="14" w="65" /><ent r="4" t="24" w="38" /><ent r="4" t="24" w="38" /><ent r="4" t="26" w="101" /><ent r="4" t="26" w="101" /><ent r="3" t="27" w="37" /><ent r="3" t="27" w="37" /><ent r="3" t="27" w="47" /><ent r="3" t="27" w="47" /><ent r="4" t="29" w="38" /><ent r="4" t="29" w="38" /><ent r="4" t="44" w="114" /><ent r="4" t="44" w="114" /><ent r="4" t="44" w="169" /><ent r="4" t="44" w="169" /><ent r="4" t="44" w="275" /><ent r="4" t="44" w="275" /><ent r="4" t="44" w="498" /><ent r="4" t="44" w="498" /><ent r="4" t="44" w="557" /><ent r="4" t="44" w="557" /><ent r="4" t="44" w="602" /><ent r="4" t="44" w="602" /><ent r="3" t="47" w="86" /><ent r="3" t="47" w="86" /><ent r="3" t="47" w="98" /><ent r="3" t="47" w="98" /><ent r="3" t="47" w="176" /><ent r="3" t="47" w="176" /><ent r="3" t="47" w="196" /><ent r="3" t="47" w="196" /><ent r="4" t="47" w="226" /><ent r="4" t="47" w="226" /><ent r="4" t="47" w="291" /><ent r="4" t="47" w="291" /><ent r="4" t="50" w="147" /><ent r="4" t="50" w="147" /><ent r="4" t="50" w="201" /><ent r="4" t="50" w="201" /><ent r="3" t="53" w="30" /><ent r="3" t="53" w="30" /><ent r="4" t="55" w="50" /><ent r="4" t="55" w="50" /><ent r="3" t="57" w="71" /><ent r="3" t="57" w="71" /><ent r="4" t="58" w="170" /><ent r="4" t="58" w="170" /><ent r="7" t="59" w="111" /><ent r="7" t="59" w="111" /><ent r="7" t="59" w="174" /><ent r="7" t="59" w="174" /><ent r="4" t="70" w="77" /><ent r="4" t="70" w="77" /><ent r="4" t="70" w="254" /><ent r="4" t="70" w="254" /><ent r="3" t="77" w="284" /><ent r="3" t="77" w="284" /><ent r="4" t="81" w="277" /><ent r="4" t="81" w="277" /><ent r="4" t="85" w="75" /><ent r="4" t="85" w="75" /><ent r="4" t="85" w="113" /><ent r="4" t="85" w="113" /><ent r="4" t="85" w="159" /><ent r="4" t="85" w="159" /><ent r="4" t="85" w="197" /><ent r="4" t="85" w="197" /><ent r="4" t="85" w="261" /><ent r="4" t="85" w="261" /><ent r="4" t="86" w="54" /><ent r="4" t="86" w="54" /><ent r="3" t="86" w="92" /><ent r="3" t="86" w="92" /><ent r="4" t="89" w="120" /><ent r="4" t="89" w="120" /><ent r="3" t="90" w="78" /><ent r="3" t="90" w="78" /><ent r="4" t="91" w="188" /><ent r="4" t="91" w="188" /><ent r="4" t="91" w="295" /><ent r="4" t="91" w="295" /><ent r="4" t="92" w="60" /><ent r="4" t="92" w="60" /><ent r="3" t="92" w="100" /><ent r="3" t="92" w="100" /><ent r="4" t="93" w="70" /><ent r="4" t="93" w="70" /><ent r="3" t="93" w="104" /><ent r="3" t="93" w="104" /><ent r="4" t="94" w="44" /><ent r="4" t="94" w="44" /><ent r="3" t="94" w="94" /><ent r="3" t="94" w="94" /><ent r="5" t="95" w="65" /><ent r="5" t="95" w="65" /><ent r="3" t="95" w="81" /><ent r="3" t="95" w="81" /><ent r="5" t="95" w="189" /><ent r="5" t="95" w="189" /><ent r="3" t="95" w="206" /><ent r="3" t="95" w="206" /><ent r="5" t="96" w="66" /><ent r="5" t="96" w="66" /><ent r="3" t="96" w="83" /><ent r="3" t="96" w="83" /><ent r="4" t="97" w="43" /><ent r="4" t="97" w="43" /><ent r="4" t="98" w="27" /><ent r="4" t="98" w="27" /><ent r="3" t="98" w="59" /><ent r="3" t="98" w="59" /><ent r="4" t="99" w="27" /><ent r="4" t="99" w="27" /><ent r="4" t="99" w="165" /><ent r="4" t="99" w="165" /><ent r="3" t="100" w="119" /><ent r="3" t="100" w="119" /><ent r="4" t="101" w="92" /><ent r="4" t="101" w="92" /><ent r="3" t="101" w="122" /><ent r="3" t="101" w="122" /><ent r="3" t="102" w="208" /><ent r="3" t="102" w="208" /><ent r="3" t="103" w="142" /><ent r="3" t="103" w="142" /><ent r="3" t="104" w="141" /><ent r="3" t="104" w="141" /><ent r="3" t="125" w="657" /><ent r="3" t="125" w="657" /><ent r="4" t="126" w="180" /><ent r="4" t="126" w="180" /><ent r="3" t="126" w="398" /><ent r="3" t="126" w="398" /><ent r="3" t="129" w="330" /><ent r="3" t="129" w="330" /><ent r="3" t="129" w="396" /><ent r="3" t="129" w="396" /><ent r="4" t="131" w="136" /><ent r="4" t="131" w="136" /><ent r="4" t="141" w="62" /><ent r="4" t="141" w="62" /><ent r="3" t="142" w="511" /><ent r="3" t="142" w="511" /><ent r="3" t="142" w="611" /><ent r="3" t="142" w="611" /><ent r="3" t="142" w="685" /><ent r="3" t="142" w="685" /><ent r="3" t="156" w="106" /><ent r="3" t="156" w="106" /><ent r="3" t="156" w="116" /><ent r="3" t="156" w="116" /><ent r="4" t="158" w="96" /><ent r="4" t="158" w="96" /><ent r="3" t="158" w="124" /><ent r="3" t="158" w="124" /><ent r="4" t="158" w="808" /><ent r="4" t="158" w="808" /><ent r="4" t="160" w="42" /><ent r="4" t="160" w="42" /><ent r="4" t="166" w="141" /><ent r="4" t="166" w="141" /><ent r="4" t="179" w="399" /><ent r="4" t="179" w="399" /><ent r="4" t="179" w="1473" /><ent r="4" t="179" w="1473" /><ent r="4" t="180" w="550" /><ent r="4" t="180" w="550" /><ent r="3" t="180" w="1411" /><ent r="3" t="180" w="1411" /><ent r="4" t="180" w="1459" /><ent r="4" t="180" w="1459" /><ent r="4" t="180" w="1623" /><ent r="4" t="180" w="1623" /><ent r="4" t="180" w="1870" /><ent r="4" t="180" w="1870" /><ent r="3" t="180" w="2062" /><ent r="3" t="180" w="2062" /><ent r="3" t="180" w="2092" /><ent r="3" t="180" w="2092" /><ent r="3" t="180" w="2126" /><ent r="3" t="180" w="2126" /><ent r="3" t="180" w="2139" /><ent r="3" t="180" w="2139" /><ent r="4" t="180" w="2710" /><ent r="4" t="180" w="2710" /><ent r="4" t="180" w="3006" /><ent r="4" t="180" w="3006" /><ent r="4" t="180" w="3090" /><ent r="4" t="180" w="3090" /><ent r="4" t="181" w="261" /><ent r="4" t="181" w="261" /><ent r="4" t="181" w="697" /><ent r="4" t="181" w="697" /><ent r="4" t="181" w="771" /><ent r="4" t="181" w="771" /><ent r="4" t="181" w="790" /><ent r="4" t="181" w="790" /><ent r="4" t="181" w="862" /><ent r="4" t="181" w="862" /><ent r="5" t="181" w="921" /><ent r="5" t="181" w="921" /><ent r="4" t="181" w="989" /><ent r="4" t="181" w="989" /><ent r="4" t="182" w="224" /><ent r="4" t="182" w="224" /><ent r="4" t="182" w="1139" /><ent r="4" t="182" w="1139" /><ent r="4" t="183" w="499" /><ent r="4" t="183" w="499" /><ent r="4" t="183" w="684" /><ent r="4" t="183" w="684" /><ent r="4" t="183" w="767" /><ent r="4" t="183" w="767" /><ent r="3" t="183" w="947" /><ent r="3" t="183" w="947" /><ent r="4" t="184" w="501" /><ent r="4" t="184" w="501" /><ent r="4" t="184" w="854" /><ent r="4" t="184" w="854" /><ent r="4" t="184" w="908" /><ent r="4" t="184" w="908" /><ent r="4" t="184" w="982" /><ent r="4" t="184" w="982" /><ent r="6" t="184" w="1011" /><ent r="6" t="184" w="1011" /><ent r="5" t="185" w="528" /><ent r="5" t="185" w="528" /><ent r="4" t="186" w="375" /><ent r="4" t="186" w="375" /><ent r="4" t="186" w="556" /><ent r="4" t="186" w="556" /><ent r="4" t="186" w="736" /><ent r="4" t="186" w="736" /><ent r="4" t="188" w="286" /><ent r="4" t="188" w="286" /><ent r="7" t="190" w="107" /><ent r="7" t="190" w="107" /><ent r="7" t="190" w="143" /><ent r="7" t="190" w="143" /><ent r="4" t="195" w="429" /><ent r="4" t="195" w="429" /><ent r="3" t="208" w="120" /><ent r="3" t="208" w="120" /><ent r="4" t="213" w="301" /><ent r="4" t="213" w="301" /><ent r="4" t="237" w="40" /><ent r="4" t="237" w="40" /></phr><phr n="-clicking"><ent r="3" t="77" w="258" /><ent r="3" t="77" w="258" /><ent r="4" t="180" w="852" /><ent r="4" t="180" w="852" /><ent r="4" t="180" w="2994" /><ent r="4" t="180" w="2994" /></phr></stem><stem n="right"><phr n="Right"><ent r="4" t="1" w="331" /><ent r="6" t="3" w="112" /><ent r="5" t="3" w="129" /><ent r="4" t="4" w="188" /><ent r="4" t="24" w="38" /><ent r="3" t="27" w="37" /><ent r="3" t="27" w="47" /><ent r="7" t="39" w="87" /><ent r="4" t="44" w="114" /><ent r="4" t="44" w="169" /><ent r="4" t="44" w="275" /><ent r="3" t="47" w="176" /><ent r="3" t="47" w="196" /><ent r="4" t="47" w="226" /><ent r="4" t="47" w="291" /><ent r="4" t="50" w="147" /><ent r="4" t="50" w="201" /><ent r="3" t="53" w="30" /><ent r="4" t="54" w="40" /><ent r="4" t="55" w="50" /><ent r="3" t="57" w="71" /><ent r="4" t="58" w="170" /><ent r="4" t="62" w="58" /><ent r="3" t="64" w="150" /><ent r="3" t="64" w="178" /><ent r="4" t="66" w="86" /><ent r="3" t="69" w="51" /><ent r="4" t="85" w="75" /><ent r="4" t="85" w="113" /><ent r="4" t="85" w="159" /><ent r="4" t="85" w="197" /><ent r="4" t="85" w="261" /><ent r="4" t="86" w="54" /><ent r="3" t="89" w="151" /><ent r="3" t="90" w="78" /><ent r="4" t="91" w="188" /><ent r="4" t="91" w="295" /><ent r="4" t="92" w="60" /><ent r="3" t="93" w="104" /><ent r="4" t="94" w="44" /><ent r="5" t="95" w="65" /><ent r="5" t="95" w="189" /><ent r="5" t="96" w="66" /><ent r="4" t="97" w="43" /><ent r="4" t="98" w="27" /><ent r="4" t="99" w="27" /><ent r="4" t="99" w="165" /><ent r="3" t="100" w="119" /><ent r="3" t="101" w="122" /><ent r="3" t="102" w="208" /><ent r="3" t="103" w="142" /><ent r="3" t="104" w="141" /><ent r="3" t="129" w="330" /><ent r="3" t="129" w="396" /><ent r="4" t="141" w="62" /><ent r="5" t="142" w="163" /><ent r="5" t="142" w="264" /><ent r="4" t="142" w="310" /><ent r="3" t="156" w="106" /><ent r="3" t="156" w="116" /><ent r="4" t="158" w="96" /><ent r="3" t="158" w="124" /><ent r="4" t="158" w="808" /><ent r="4" t="159" w="75" /><ent r="4" t="160" w="42" /><ent r="4" t="161" w="91" /><ent r="4" t="162" w="80" /><ent r="4" t="163" w="72" /><ent r="4" t="164" w="88" /><ent r="4" t="165" w="104" /><ent r="4" t="166" w="141" /><ent r="3" t="168" w="36" /><ent r="4" t="176" w="120" /><ent r="4" t="176" w="329" /><ent r="4" t="179" w="399" /><ent r="4" t="179" w="1473" /><ent r="4" t="180" w="550" /><ent r="4" t="180" w="2710" /><ent r="4" t="180" w="3006" /><ent r="4" t="180" w="3090" /><ent r="4" t="181" w="261" /><ent r="4" t="181" w="697" /><ent r="4" t="181" w="771" /><ent r="4" t="181" w="790" /><ent r="4" t="181" w="862" /><ent r="5" t="181" w="921" /><ent r="4" t="181" w="989" /><ent r="4" t="182" w="224" /><ent r="4" t="182" w="1139" /><ent r="4" t="183" w="499" /><ent r="3" t="183" w="947" /><ent r="4" t="184" w="501" /><ent r="4" t="184" w="854" /><ent r="5" t="185" w="528" /><ent r="4" t="186" w="375" /><ent r="4" t="186" w="556" /><ent r="4" t="186" w="736" /><ent r="4" t="188" w="286" /><ent r="4" t="195" w="429" /><ent r="4" t="213" w="301" /><ent r="4" t="237" w="40" /></phr><phr n="right"><ent r="3" t="2" w="101" /><ent r="6" t="7" w="165" /><ent r="6" t="13" w="203" /><ent r="3" t="14" w="65" /><ent r="4" t="26" w="101" /><ent r="4" t="29" w="38" /><ent r="7" t="39" w="109" /><ent r="4" t="43" w="57" /><ent r="3" t="52" w="84" /><ent r="4" t="70" w="77" /><ent r="4" t="70" w="254" /><ent r="3" t="77" w="258" /><ent r="3" t="77" w="284" /><ent r="3" t="86" w="92" /><ent r="4" t="88" w="49" /><ent r="4" t="89" w="120" /><ent r="3" t="90" w="52" /><ent r="3" t="91" w="231" /><ent r="3" t="92" w="100" /><ent r="4" t="93" w="70" /><ent r="3" t="94" w="94" /><ent r="3" t="95" w="81" /><ent r="3" t="95" w="206" /><ent r="3" t="96" w="83" /><ent r="3" t="96" w="169" /><ent r="3" t="98" w="59" /><ent r="4" t="100" w="89" /><ent r="4" t="101" w="92" /><ent r="3" t="109" w="178" /><ent r="3" t="115" w="359" /><ent r="3" t="125" w="531" /><ent r="4" t="131" w="134" /><ent r="4" t="131" w="163" /><ent r="3" t="138" w="56" /><ent r="3" t="138" w="111" /><ent r="4" t="139" w="39" /><ent r="3" t="142" w="43" /><ent r="4" t="142" w="138" /><ent r="4" t="142" w="221" /><ent r="4" t="142" w="247" /><ent r="4" t="142" w="259" /><ent r="3" t="142" w="392" /><ent r="3" t="142" w="511" /><ent r="3" t="142" w="611" /><ent r="3" t="142" w="640" /><ent r="3" t="142" w="685" /><ent r="3" t="142" w="702" /><ent r="4" t="156" w="404" /><ent r="4" t="157" w="102" /><ent r="4" t="157" w="380" /><ent r="4" t="158" w="377" /><ent r="3" t="170" w="105" /><ent r="4" t="179" w="600" /><ent r="4" t="179" w="767" /><ent r="3" t="179" w="1316" /><ent r="3" t="179" w="1641" /><ent r="4" t="179" w="1694" /><ent r="4" t="179" w="1732" /><ent r="4" t="179" w="1929" /><ent r="4" t="180" w="852" /><ent r="3" t="180" w="1087" /><ent r="4" t="180" w="1845" /><ent r="4" t="180" w="1870" /><ent r="4" t="180" w="2758" /><ent r="4" t="180" w="2994" /><ent r="4" t="181" w="527" /><ent r="4" t="181" w="624" /><ent r="4" t="183" w="684" /><ent r="4" t="183" w="767" /><ent r="4" t="184" w="908" /><ent r="6" t="184" w="1011" /><ent r="4" t="186" w="1203" /><ent r="3" t="187" w="840" /><ent r="4" t="213" w="505" /><ent r="5" t="226" w="104" /><ent r="6" t="230" w="133" /></phr></stem><stem n="right-click"><phr n="Right-click"><ent r="4" t="1" w="331" /><ent r="4" t="4" w="188" /><ent r="4" t="24" w="38" /><ent r="3" t="27" w="37" /><ent r="3" t="27" w="47" /><ent r="4" t="44" w="114" /><ent r="4" t="44" w="169" /><ent r="4" t="44" w="275" /><ent r="3" t="47" w="176" /><ent r="3" t="47" w="196" /><ent r="4" t="47" w="226" /><ent r="4" t="47" w="291" /><ent r="4" t="50" w="147" /><ent r="4" t="50" w="201" /><ent r="3" t="53" w="30" /><ent r="4" t="54" w="40" /><ent r="4" t="55" w="50" /><ent r="3" t="57" w="71" /><ent r="4" t="58" w="170" /><ent r="4" t="85" w="75" /><ent r="4" t="85" w="113" /><ent r="4" t="85" w="159" /><ent r="4" t="85" w="197" /><ent r="4" t="85" w="261" /><ent r="4" t="86" w="54" /><ent r="3" t="89" w="151" /><ent r="3" t="90" w="78" /><ent r="4" t="91" w="188" /><ent r="4" t="91" w="295" /><ent r="4" t="92" w="60" /><ent r="3" t="93" w="104" /><ent r="4" t="94" w="44" /><ent r="5" t="95" w="65" /><ent r="5" t="95" w="189" /><ent r="5" t="96" w="66" /><ent r="4" t="97" w="43" /><ent r="4" t="98" w="27" /><ent r="4" t="99" w="27" /><ent r="4" t="99" w="165" /><ent r="3" t="100" w="119" /><ent r="3" t="101" w="122" /><ent r="3" t="102" w="208" /><ent r="3" t="103" w="142" /><ent r="3" t="104" w="141" /><ent r="3" t="129" w="330" /><ent r="3" t="129" w="396" /><ent r="4" t="141" w="62" /><ent r="3" t="156" w="106" /><ent r="3" t="156" w="116" /><ent r="4" t="158" w="96" /><ent r="3" t="158" w="124" /><ent r="4" t="158" w="808" /><ent r="4" t="159" w="75" /><ent r="4" t="160" w="42" /><ent r="4" t="166" w="141" /><ent r="4" t="179" w="399" /><ent r="4" t="179" w="1473" /><ent r="4" t="180" w="550" /><ent r="4" t="180" w="2710" /><ent r="4" t="180" w="3006" /><ent r="4" t="180" w="3090" /><ent r="4" t="181" w="261" /><ent r="4" t="181" w="697" /><ent r="4" t="181" w="771" /><ent r="4" t="181" w="790" /><ent r="4" t="181" w="862" /><ent r="5" t="181" w="921" /><ent r="4" t="181" w="989" /><ent r="4" t="182" w="224" /><ent r="4" t="182" w="1139" /><ent r="4" t="183" w="499" /><ent r="3" t="183" w="947" /><ent r="4" t="184" w="501" /><ent r="4" t="184" w="854" /><ent r="5" t="185" w="528" /><ent r="4" t="186" w="375" /><ent r="4" t="186" w="556" /><ent r="4" t="186" w="736" /><ent r="4" t="188" w="286" /><ent r="4" t="195" w="429" /><ent r="4" t="213" w="301" /><ent r="4" t="237" w="40" /></phr><phr n="right-click"><ent r="3" t="14" w="65" /><ent r="4" t="26" w="101" /><ent r="4" t="29" w="38" /><ent r="4" t="43" w="57" /><ent r="4" t="70" w="77" /><ent r="4" t="70" w="254" /><ent r="3" t="77" w="284" /><ent r="3" t="86" w="92" /><ent r="4" t="88" w="49" /><ent r="4" t="89" w="120" /><ent r="3" t="90" w="52" /><ent r="3" t="91" w="231" /><ent r="3" t="92" w="100" /><ent r="4" t="93" w="70" /><ent r="3" t="94" w="94" /><ent r="3" t="95" w="81" /><ent r="3" t="95" w="206" /><ent r="3" t="96" w="83" /><ent r="3" t="98" w="59" /><ent r="4" t="101" w="92" /><ent r="3" t="138" w="56" /><ent r="3" t="138" w="111" /><ent r="4" t="139" w="39" /><ent r="4" t="142" w="221" /><ent r="4" t="142" w="259" /><ent r="3" t="142" w="511" /><ent r="3" t="142" w="611" /><ent r="3" t="142" w="685" /><ent r="4" t="157" w="102" /><ent r="4" t="180" w="1870" /><ent r="4" t="183" w="684" /><ent r="4" t="183" w="767" /><ent r="4" t="184" w="908" /><ent r="6" t="184" w="1011" /></phr><phr n="right-clicking"><ent r="3" t="77" w="258" /><ent r="4" t="180" w="852" /><ent r="4" t="180" w="2994" /></phr></stem><stem n="click"><phr n="click"><ent r="4" t="1" w="332" /><ent r="4" t="4" w="189" /><ent r="7" t="5" w="187" /><ent r="7" t="5" w="236" /><ent r="6" t="7" w="39" /><ent r="6" t="7" w="54" /><ent r="6" t="7" w="194" /><ent r="5" t="13" w="73" /><ent r="3" t="14" w="66" /><ent r="6" t="14" w="332" /><ent r="6" t="14" w="339" /><ent r="3" t="18" w="57" /><ent r="3" t="18" w="163" /><ent r="3" t="19" w="187" /><ent r="4" t="21" w="267" /><ent r="4" t="21" w="423" /><ent r="4" t="21" w="434" /><ent r="3" t="23" w="107" /><ent r="4" t="24" w="39" /><ent r="3" t="24" w="95" /><ent r="4" t="26" w="102" /><ent r="4" t="26" w="270" /><ent r="4" t="26" w="357" /><ent r="3" t="27" w="38" /><ent r="3" t="27" w="48" /><ent r="3" t="27" w="106" /><ent r="4" t="29" w="39" /><ent r="3" t="30" w="80" /><ent r="3" t="32" w="123" /><ent r="3" t="35" w="49" /><ent r="3" t="38" w="135" /><ent r="3" t="41" w="27" /><ent r="4" t="43" w="58" /><ent r="4" t="43" w="99" /><ent r="4" t="43" w="170" /><ent r="4" t="44" w="115" /><ent r="4" t="44" w="170" /><ent r="4" t="44" w="252" /><ent r="4" t="44" w="276" /><ent r="4" t="44" w="377" /><ent r="4" t="44" w="499" /><ent r="4" t="44" w="558" /><ent r="4" t="44" w="603" /><ent r="3" t="47" w="62" /><ent r="3" t="47" w="87" /><ent r="3" t="47" w="99" /><ent r="3" t="47" w="177" /><ent r="3" t="47" w="197" /><ent r="4" t="47" w="227" /><ent r="3" t="47" w="280" /><ent r="4" t="47" w="292" /><ent r="3" t="47" w="332" /><ent r="3" t="48" w="105" /><ent r="4" t="48" w="311" /><ent r="3" t="49" w="152" /><ent r="4" t="50" w="148" /><ent r="4" t="50" w="202" /><ent r="4" t="50" w="257" /><ent r="3" t="51" w="34" /><ent r="4" t="51" w="110" /><ent r="3" t="52" w="68" /><ent r="3" t="53" w="31" /><ent r="4" t="54" w="41" /><ent r="4" t="55" w="51" /><ent r="3" t="56" w="41" /><ent r="3" t="56" w="68" /><ent r="3" t="57" w="72" /><ent r="4" t="58" w="171" /><ent r="7" t="59" w="95" /><ent r="7" t="59" w="112" /><ent r="7" t="59" w="158" /><ent r="7" t="59" w="175" /><ent r="4" t="60" w="36" /><ent r="4" t="62" w="59" /><ent r="3" t="62" w="129" /><ent r="4" t="62" w="193" /><ent r="3" t="62" w="211" /><ent r="3" t="62" w="227" /><ent r="3" t="64" w="69" /><ent r="3" t="64" w="101" /><ent r="4" t="66" w="87" /><ent r="4" t="67" w="77" /><ent r="4" t="67" w="122" /><ent r="4" t="67" w="278" /><ent r="3" t="69" w="52" /><ent r="4" t="70" w="78" /><ent r="4" t="70" w="85" /><ent r="4" t="70" w="117" /><ent r="4" t="70" w="157" /><ent r="4" t="70" w="187" /><ent r="4" t="70" w="255" /><ent r="4" t="72" w="114" /><ent r="3" t="74" w="78" /><ent r="4" t="77" w="69" /><ent r="3" t="77" w="285" /><ent r="4" t="78" w="117" /><ent r="4" t="81" w="106" /><ent r="4" t="81" w="278" /><ent r="4" t="81" w="299" /><ent r="4" t="81" w="306" /><ent r="3" t="81" w="324" /><ent r="3" t="83" w="108" /><ent r="4" t="85" w="76" /><ent r="4" t="85" w="114" /><ent r="4" t="85" w="160" /><ent r="4" t="85" w="198" /><ent r="4" t="85" w="262" /><ent r="4" t="86" w="55" /><ent r="3" t="86" w="93" /><ent r="3" t="87" w="82" /><ent r="4" t="88" w="50" /><ent r="4" t="89" w="121" /><ent r="3" t="89" w="152" /><ent r="3" t="90" w="53" /><ent r="3" t="90" w="79" /><ent r="7" t="90" w="219" /><ent r="5" t="90" w="651" /><ent r="4" t="91" w="189" /><ent r="3" t="91" w="232" /><ent r="3" t="91" w="255" /><ent r="4" t="91" w="296" /><ent r="4" t="92" w="61" /><ent r="3" t="92" w="101" /><ent r="4" t="93" w="71" /><ent r="3" t="93" w="105" /><ent r="4" t="94" w="45" /><ent r="3" t="94" w="95" /><ent r="5" t="95" w="66" /><ent r="3" t="95" w="82" /><ent r="4" t="95" w="134" /><ent r="5" t="95" w="190" /><ent r="3" t="95" w="207" /><ent r="4" t="95" w="258" /><ent r="5" t="96" w="67" /><ent r="3" t="96" w="84" /><ent r="3" t="96" w="163" /><ent r="3" t="96" w="205" /><ent r="4" t="96" w="238" /><ent r="3" t="96" w="254" /><ent r="3" t="96" w="266" /><ent r="3" t="96" w="308" /><ent r="3" t="96" w="320" /><ent r="4" t="97" w="44" /><ent r="4" t="98" w="28" /><ent r="3" t="98" w="60" /><ent r="4" t="99" w="28" /><ent r="4" t="99" w="166" /><ent r="3" t="100" w="46" /><ent r="4" t="100" w="90" /><ent r="3" t="100" w="120" /><ent r="4" t="100" w="179" /><ent r="4" t="101" w="93" /><ent r="3" t="101" w="123" /><ent r="4" t="101" w="186" /><ent r="3" t="102" w="134" /><ent r="3" t="102" w="183" /><ent r="3" t="102" w="209" /><ent r="3" t="103" w="143" /><ent r="3" t="104" w="142" /><ent r="4" t="106" w="155" /><ent r="4" t="107" w="97" /><ent r="4" t="108" w="110" /><ent r="4" t="109" w="111" /><ent r="4" t="110" w="293" /><ent r="3" t="115" w="179" /><ent r="3" t="115" w="193" /><ent r="3" t="115" w="207" /><ent r="3" t="115" w="221" /><ent r="3" t="118" w="97" /><ent r="3" t="120" w="58" /><ent r="3" t="125" w="598" /><ent r="3" t="125" w="658" /><ent r="4" t="126" w="181" /><ent r="4" t="126" w="307" /><ent r="4" t="126" w="360" /><ent r="4" t="126" w="390" /><ent r="3" t="126" w="399" /><ent r="4" t="127" w="44" /><ent r="3" t="128" w="172" /><ent r="3" t="129" w="331" /><ent r="3" t="129" w="397" /><ent r="4" t="131" w="137" /><ent r="4" t="131" w="156" /><ent r="4" t="133" w="70" /><ent r="3" t="138" w="57" /><ent r="3" t="138" w="112" /><ent r="4" t="139" w="40" /><ent r="4" t="141" w="63" /><ent r="4" t="142" w="103" /><ent r="4" t="142" w="147" /><ent r="4" t="142" w="222" /><ent r="4" t="142" w="260" /><ent r="3" t="142" w="333" /><ent r="3" t="142" w="393" /><ent r="3" t="142" w="512" /><ent r="3" t="142" w="612" /><ent r="3" t="142" w="686" /><ent r="4" t="143" w="288" /><ent r="3" t="143" w="310" /><ent r="4" t="144" w="67" /><ent r="4" t="144" w="100" /><ent r="4" t="145" w="67" /><ent r="3" t="145" w="146" /><ent r="3" t="145" w="238" /><ent r="4" t="145" w="265" /><ent r="4" t="147" w="106" /><ent r="3" t="147" w="239" /><ent r="4" t="148" w="106" /><ent r="4" t="149" w="120" /><ent r="4" t="150" w="115" /><ent r="4" t="151" w="108" /><ent r="3" t="151" w="201" /><ent r="4" t="152" w="106" /><ent r="4" t="153" w="102" /><ent r="4" t="153" w="151" /><ent r="4" t="154" w="103" /><ent r="4" t="155" w="113" /><ent r="3" t="156" w="87" /><ent r="3" t="156" w="107" /><ent r="3" t="156" w="117" /><ent r="4" t="156" w="163" /><ent r="3" t="156" w="709" /><ent r="3" t="156" w="765" /><ent r="4" t="157" w="103" /><ent r="5" t="157" w="133" /><ent r="3" t="157" w="152" /><ent r="3" t="157" w="168" /><ent r="3" t="157" w="682" /><ent r="3" t="157" w="738" /><ent r="4" t="158" w="97" /><ent r="3" t="158" w="125" /><ent r="4" t="158" w="168" /><ent r="3" t="158" w="186" /><ent r="3" t="158" w="202" /><ent r="3" t="158" w="679" /><ent r="3" t="158" w="735" /><ent r="4" t="158" w="809" /><ent r="4" t="159" w="76" /><ent r="5" t="159" w="172" /><ent r="3" t="159" w="190" /><ent r="3" t="159" w="206" /><ent r="4" t="160" w="43" /><ent r="6" t="160" w="70" /><ent r="3" t="160" w="89" /><ent r="3" t="160" w="105" /><ent r="3" t="160" w="204" /><ent r="3" t="160" w="241" /><ent r="4" t="161" w="92" /><ent r="3" t="161" w="210" /><ent r="4" t="161" w="244" /><ent r="3" t="161" w="262" /><ent r="3" t="161" w="278" /><ent r="4" t="162" w="81" /><ent r="3" t="162" w="173" /><ent r="3" t="162" w="191" /><ent r="3" t="162" w="207" /><ent r="4" t="163" w="73" /><ent r="4" t="163" w="107" /><ent r="3" t="163" w="125" /><ent r="3" t="163" w="141" /><ent r="4" t="164" w="89" /><ent r="3" t="164" w="151" /><ent r="4" t="164" w="203" /><ent r="3" t="164" w="221" /><ent r="3" t="164" w="237" /><ent r="4" t="165" w="105" /><ent r="4" t="165" w="138" /><ent r="3" t="165" w="156" /><ent r="3" t="165" w="172" /><ent r="3" t="165" w="342" /><ent r="4" t="166" w="142" /><ent r="3" t="167" w="908" /><ent r="3" t="168" w="37" /><ent r="4" t="169" w="387" /><ent r="3" t="170" w="39" /><ent r="3" t="170" w="192" /><ent r="3" t="170" w="282" /><ent r="3" t="170" w="295" /><ent r="3" t="170" w="309" /><ent r="4" t="173" w="184" /><ent r="4" t="173" w="238" /><ent r="3" t="174" w="99" /><ent r="4" t="176" w="121" /><ent r="4" t="179" w="400" /><ent r="4" t="179" w="585" /><ent r="3" t="179" w="649" /><ent r="3" t="179" w="1277" /><ent r="4" t="179" w="1387" /><ent r="4" t="179" w="1474" /><ent r="4" t="179" w="1726" /><ent r="4" t="179" w="2293" /><ent r="4" t="179" w="2308" /><ent r="4" t="180" w="551" /><ent r="4" t="180" w="737" /><ent r="4" t="180" w="823" /><ent r="4" t="180" w="1055" /><ent r="4" t="180" w="1235" /><ent r="3" t="180" w="1330" /><ent r="4" t="180" w="1387" /><ent r="3" t="180" w="1412" /><ent r="3" t="180" w="1454" /><ent r="4" t="180" w="1460" /><ent r="4" t="180" w="1624" /><ent r="4" t="180" w="1763" /><ent r="4" t="180" w="1801" /><ent r="4" t="180" w="1831" /><ent r="4" t="180" w="1871" /><ent r="3" t="180" w="2063" /><ent r="3" t="180" w="2093" /><ent r="3" t="180" w="2127" /><ent r="3" t="180" w="2140" /><ent r="3" t="180" w="2293" /><ent r="3" t="180" w="2302" /><ent r="4" t="180" w="2352" /><ent r="4" t="180" w="2711" /><ent r="3" t="180" w="2899" /><ent r="4" t="180" w="3007" /><ent r="4" t="180" w="3091" /><ent r="4" t="180" w="3133" /><ent r="4" t="181" w="262" /><ent r="4" t="181" w="448" /><ent r="4" t="181" w="467" /><ent r="4" t="181" w="557" /><ent r="4" t="181" w="602" /><ent r="4" t="181" w="698" /><ent r="4" t="181" w="772" /><ent r="4" t="181" w="791" /><ent r="4" t="181" w="825" /><ent r="4" t="181" w="863" /><ent r="4" t="181" w="897" /><ent r="5" t="181" w="922" /><ent r="4" t="181" w="990" /><ent r="4" t="181" w="1003" /><ent r="4" t="181" w="1012" /><ent r="4" t="181" w="1460" /><ent r="4" t="181" w="1480" /><ent r="4" t="182" w="225" /><ent r="4" t="182" w="389" /><ent r="4" t="182" w="413" /><ent r="3" t="182" w="966" /><ent r="4" t="182" w="1013" /><ent r="4" t="182" w="1056" /><ent r="4" t="182" w="1140" /><ent r="4" t="182" w="1497" /><ent r="4" t="183" w="500" /><ent r="4" t="183" w="685" /><ent r="4" t="183" w="717" /><ent r="3" t="183" w="727" /><ent r="4" t="183" w="768" /><ent r="4" t="183" w="811" /><ent r="4" t="183" w="887" /><ent r="4" t="183" w="900" /><ent r="3" t="183" w="948" /><ent r="4" t="183" w="992" /><ent r="4" t="184" w="502" /><ent r="4" t="184" w="760" /><ent r="4" t="184" w="855" /><ent r="4" t="184" w="909" /><ent r="4" t="184" w="983" /><ent r="6" t="184" w="1012" /><ent r="4" t="184" w="1117" /><ent r="4" t="184" w="1134" /><ent r="4" t="184" w="1146" /><ent r="4" t="185" w="330" /><ent r="4" t="185" w="477" /><ent r="4" t="185" w="487" /><ent r="5" t="185" w="529" /><ent r="4" t="186" w="376" /><ent r="4" t="186" w="557" /><ent r="3" t="186" w="577" /><ent r="3" t="186" w="606" /><ent r="4" t="186" w="689" /><ent r="4" t="186" w="737" /><ent r="3" t="186" w="1041" /><ent r="4" t="186" w="1139" /><ent r="3" t="186" w="1171" /><ent r="4" t="187" w="615" /><ent r="4" t="187" w="704" /><ent r="3" t="187" w="1043" /><ent r="4" t="188" w="287" /><ent r="4" t="188" w="485" /><ent r="4" t="188" w="506" /><ent r="3" t="188" w="1012" /><ent r="4" t="188" w="1175" /><ent r="4" t="188" w="1410" /><ent r="4" t="189" w="147" /><ent r="7" t="190" w="91" /><ent r="7" t="190" w="108" /><ent r="7" t="190" w="127" /><ent r="7" t="190" w="144" /><ent r="4" t="195" w="430" /><ent r="4" t="195" w="501" /><ent r="4" t="195" w="559" /><ent r="3" t="195" w="773" /><ent r="4" t="198" w="280" /><ent r="3" t="208" w="121" /><ent r="3" t="208" w="153" /><ent r="3" t="212" w="43" /><ent r="3" t="213" w="137" /><ent r="4" t="213" w="302" /><ent r="3" t="213" w="814" /><ent r="3" t="213" w="870" /><ent r="3" t="214" w="64" /><ent r="3" t="214" w="84" /><ent r="3" t="215" w="121" /><ent r="4" t="215" w="201" /><ent r="4" t="215" w="288" /><ent r="3" t="216" w="52" /><ent r="4" t="216" w="132" /><ent r="4" t="216" w="219" /><ent r="4" t="217" w="91" /><ent r="4" t="217" w="178" /><ent r="3" t="218" w="50" /><ent r="4" t="218" w="130" /><ent r="4" t="218" w="217" /><ent r="4" t="219" w="48" /><ent r="3" t="219" w="136" /><ent r="4" t="219" w="184" /><ent r="4" t="219" w="264" /><ent r="3" t="220" w="82" /><ent r="4" t="221" w="50" /><ent r="3" t="222" w="87" /><ent r="4" t="223" w="68" /><ent r="4" t="224" w="80" /><ent r="4" t="225" w="53" /><ent r="3" t="226" w="33" /><ent r="4" t="227" w="108" /><ent r="4" t="228" w="120" /><ent r="4" t="229" w="107" /><ent r="4" t="231" w="50" /><ent r="4" t="231" w="183" /><ent r="4" t="231" w="265" /><ent r="4" t="231" w="333" /><ent r="3" t="232" w="95" /><ent r="3" t="232" w="180" /><ent r="4" t="237" w="41" /><ent r="3" t="237" w="93" /></phr><phr n="Click"><ent r="4" t="1" w="402" /><ent r="4" t="18" w="181" /><ent r="4" t="20" w="298" /><ent r="4" t="21" w="478" /><ent r="4" t="21" w="517" /><ent r="4" t="24" w="122" /><ent r="4" t="26" w="180" /><ent r="4" t="26" w="599" /><ent r="4" t="27" w="146" /><ent r="4" t="29" w="93" /><ent r="4" t="29" w="110" /><ent r="4" t="30" w="87" /><ent r="4" t="32" w="185" /><ent r="4" t="37" w="64" /><ent r="3" t="37" w="139" /><ent r="3" t="39" w="56" /><ent r="3" t="40" w="68" /><ent r="4" t="42" w="41" /><ent r="4" t="43" w="75" /><ent r="3" t="43" w="88" /><ent r="3" t="43" w="161" /><ent r="3" t="43" w="180" /><ent r="4" t="44" w="222" /><ent r="4" t="44" w="241" /><ent r="4" t="44" w="391" /><ent r="4" t="44" w="539" /><ent r="4" t="44" w="617" /><ent r="4" t="44" w="651" /><ent r="3" t="44" w="683" /><ent r="3" t="46" w="57" /><ent r="4" t="48" w="131" /><ent r="3" t="48" w="261" /><ent r="4" t="48" w="283" /><ent r="3" t="49" w="288" /><ent r="4" t="49" w="626" /><ent r="4" t="50" w="270" /><ent r="3" t="52" w="77" /><ent r="4" t="60" w="149" /><ent r="3" t="64" w="80" /><ent r="4" t="67" w="97" /><ent r="4" t="70" w="102" /><ent r="4" t="70" w="166" /><ent r="4" t="70" w="208" /><ent r="4" t="70" w="287" /><ent r="3" t="71" w="94" /><ent r="3" t="71" w="108" /><ent r="4" t="74" w="109" /><ent r="4" t="74" w="121" /><ent r="4" t="74" w="134" /><ent r="4" t="74" w="167" /><ent r="4" t="74" w="190" /><ent r="4" t="74" w="210" /><ent r="3" t="74" w="302" /><ent r="3" t="77" w="92" /><ent r="4" t="80" w="141" /><ent r="4" t="80" w="218" /><ent r="4" t="80" w="237" /><ent r="3" t="81" w="115" /><ent r="4" t="83" w="203" /><ent r="4" t="83" w="224" /><ent r="4" t="83" w="248" /><ent r="4" t="83" w="259" /><ent r="4" t="83" w="292" /><ent r="4" t="83" w="307" /><ent r="4" t="92" w="195" /><ent r="4" t="93" w="150" /><ent r="4" t="97" w="94" /><ent r="4" t="99" w="122" /><ent r="3" t="102" w="223" /><ent r="3" t="102" w="240" /><ent r="4" t="104" w="201" /><ent r="4" t="104" w="248" /><ent r="4" t="106" w="171" /><ent r="4" t="106" w="249" /><ent r="3" t="106" w="259" /><ent r="4" t="107" w="113" /><ent r="4" t="107" w="127" /><ent r="3" t="107" w="137" /><ent r="4" t="108" w="126" /><ent r="4" t="108" w="136" /><ent r="4" t="108" w="146" /><ent r="3" t="108" w="156" /><ent r="4" t="109" w="127" /><ent r="4" t="109" w="137" /><ent r="4" t="109" w="146" /><ent r="3" t="109" w="156" /><ent r="3" t="110" w="440" /><ent r="4" t="110" w="490" /><ent r="3" t="111" w="113" /><ent r="4" t="118" w="115" /><ent r="4" t="119" w="100" /><ent r="4" t="120" w="132" /><ent r="4" t="126" w="147" /><ent r="4" t="126" w="246" /><ent r="4" t="126" w="416" /><ent r="4" t="128" w="59" /><ent r="4" t="128" w="134" /><ent r="4" t="135" w="71" /><ent r="4" t="136" w="80" /><ent r="4" t="142" w="365" /><ent r="4" t="142" w="452" /><ent r="3" t="142" w="484" /><ent r="3" t="142" w="584" /><ent r="3" t="142" w="658" /><ent r="3" t="144" w="110" /><ent r="3" t="145" w="275" /><ent r="4" t="147" w="120" /><ent r="3" t="147" w="249" /><ent r="4" t="148" w="120" /><ent r="4" t="148" w="221" /><ent r="3" t="148" w="231" /><ent r="4" t="149" w="134" /><ent r="4" t="149" w="201" /><ent r="3" t="149" w="211" /><ent r="4" t="150" w="131" /><ent r="4" t="150" w="192" /><ent r="3" t="150" w="202" /><ent r="4" t="151" w="122" /><ent r="3" t="151" w="211" /><ent r="4" t="152" w="122" /><ent r="4" t="152" w="151" /><ent r="3" t="152" w="161" /><ent r="4" t="153" w="116" /><ent r="3" t="153" w="161" /><ent r="4" t="154" w="119" /><ent r="4" t="154" w="141" /><ent r="3" t="154" w="151" /><ent r="4" t="155" w="127" /><ent r="4" t="155" w="258" /><ent r="3" t="155" w="268" /><ent r="3" t="156" w="149" /><ent r="3" t="156" w="179" /><ent r="3" t="156" w="194" /><ent r="3" t="156" w="419" /><ent r="4" t="156" w="447" /><ent r="4" t="156" w="467" /><ent r="4" t="156" w="497" /><ent r="3" t="157" w="395" /><ent r="4" t="157" w="420" /><ent r="4" t="157" w="440" /><ent r="4" t="157" w="470" /><ent r="3" t="158" w="392" /><ent r="4" t="158" w="417" /><ent r="4" t="158" w="437" /><ent r="4" t="158" w="467" /><ent r="4" t="161" w="112" /><ent r="4" t="167" w="762" /><ent r="3" t="167" w="861" /><ent r="3" t="167" w="895" /><ent r="4" t="167" w="1015" /><ent r="4" t="167" w="1112" /><ent r="4" t="168" w="224" /><ent r="4" t="168" w="239" /><ent r="4" t="168" w="257" /><ent r="4" t="168" w="286" /><ent r="4" t="168" w="304" /><ent r="4" t="168" w="333" /><ent r="4" t="170" w="267" /><ent r="4" t="172" w="135" /><ent r="4" t="172" w="305" /><ent r="4" t="173" w="133" /><ent r="4" t="173" w="285" /><ent r="4" t="174" w="139" /><ent r="4" t="175" w="300" /><ent r="4" t="175" w="326" /><ent r="4" t="176" w="163" /><ent r="4" t="176" w="175" /><ent r="4" t="176" w="228" /><ent r="4" t="176" w="241" /><ent r="4" t="176" w="264" /><ent r="4" t="176" w="299" /><ent r="4" t="177" w="120" /><ent r="3" t="178" w="308" /><ent r="4" t="179" w="445" /><ent r="4" t="179" w="449" /><ent r="4" t="179" w="573" /><ent r="3" t="179" w="632" /><ent r="3" t="179" w="1167" /><ent r="3" t="179" w="1619" /><ent r="4" t="179" w="1683" /><ent r="4" t="179" w="1922" /><ent r="3" t="179" w="1998" /><ent r="4" t="179" w="2109" /><ent r="3" t="179" w="2135" /><ent r="4" t="179" w="2219" /><ent r="4" t="179" w="2238" /><ent r="4" t="179" w="2257" /><ent r="4" t="179" w="2278" /><ent r="4" t="179" w="2339" /><ent r="4" t="180" w="596" /><ent r="4" t="180" w="600" /><ent r="4" t="180" w="800" /><ent r="3" t="180" w="1127" /><ent r="3" t="180" w="1300" /><ent r="3" t="180" w="1307" /><ent r="5" t="180" w="1315" /><ent r="3" t="180" w="1362" /><ent r="4" t="180" w="1698" /><ent r="4" t="180" w="1704" /><ent r="4" t="180" w="1903" /><ent r="4" t="180" w="2057" /><ent r="4" t="180" w="2086" /><ent r="4" t="180" w="2108" /><ent r="4" t="180" w="2114" /><ent r="4" t="180" w="2119" /><ent r="4" t="180" w="2133" /><ent r="4" t="180" w="2161" /><ent r="4" t="180" w="2264" /><ent r="4" t="180" w="2372" /><ent r="4" t="180" w="2407" /><ent r="3" t="180" w="2527" /><ent r="4" t="180" w="2555" /><ent r="4" t="180" w="2780" /><ent r="3" t="180" w="3057" /><ent r="4" t="181" w="307" /><ent r="4" t="181" w="311" /><ent r="3" t="181" w="422" /><ent r="4" t="181" w="490" /><ent r="4" t="181" w="508" /><ent r="4" t="181" w="515" /><ent r="4" t="181" w="590" /><ent r="4" t="181" w="753" /><ent r="3" t="181" w="910" /><ent r="4" t="181" w="936" /><ent r="4" t="181" w="1045" /><ent r="4" t="181" w="1267" /><ent r="4" t="182" w="270" /><ent r="4" t="182" w="274" /><ent r="4" t="182" w="479" /><ent r="4" t="182" w="785" /><ent r="4" t="182" w="1202" /><ent r="4" t="182" w="1259" /><ent r="4" t="182" w="1298" /><ent r="4" t="182" w="1458" /><ent r="4" t="182" w="1472" /><ent r="4" t="182" w="1515" /><ent r="3" t="182" w="1532" /><ent r="3" t="182" w="1571" /><ent r="4" t="183" w="545" /><ent r="4" t="183" w="549" /><ent r="4" t="183" w="653" /><ent r="4" t="183" w="827" /><ent r="4" t="183" w="840" /><ent r="4" t="183" w="877" /><ent r="4" t="184" w="547" /><ent r="4" t="184" w="551" /><ent r="4" t="184" w="663" /><ent r="3" t="184" w="693" /><ent r="4" t="184" w="1040" /><ent r="3" t="184" w="1096" /><ent r="4" t="185" w="286" /><ent r="4" t="185" w="306" /><ent r="4" t="185" w="409" /><ent r="4" t="185" w="447" /><ent r="4" t="185" w="464" /><ent r="4" t="186" w="421" /><ent r="4" t="186" w="425" /><ent r="4" t="186" w="544" /><ent r="3" t="186" w="589" /><ent r="4" t="186" w="766" /><ent r="3" t="186" w="788" /><ent r="4" t="186" w="872" /><ent r="4" t="186" w="1109" /><ent r="4" t="186" w="1123" /><ent r="3" t="186" w="1151" /><ent r="4" t="186" w="1187" /><ent r="4" t="187" w="466" /><ent r="4" t="187" w="513" /><ent r="4" t="187" w="669" /><ent r="4" t="187" w="757" /><ent r="4" t="187" w="1235" /><ent r="4" t="187" w="1253" /><ent r="4" t="187" w="1338" /><ent r="4" t="188" w="332" /><ent r="4" t="188" w="336" /><ent r="4" t="188" w="560" /><ent r="4" t="188" w="596" /><ent r="4" t="188" w="646" /><ent r="3" t="188" w="711" /><ent r="3" t="188" w="725" /><ent r="3" t="188" w="1442" /><ent r="4" t="189" w="71" /><ent r="4" t="189" w="85" /><ent r="4" t="195" w="694" /><ent r="3" t="198" w="116" /><ent r="4" t="198" w="259" /><ent r="4" t="198" w="292" /><ent r="4" t="198" w="380" /><ent r="4" t="200" w="116" /><ent r="4" t="213" w="192" /><ent r="4" t="213" w="251" /><ent r="4" t="213" w="257" /><ent r="4" t="213" w="366" /><ent r="4" t="213" w="372" /><ent r="3" t="213" w="520" /><ent r="4" t="213" w="548" /><ent r="4" t="213" w="568" /><ent r="4" t="213" w="598" /><ent r="4" t="213" w="780" /><ent r="4" t="219" w="72" /><ent r="4" t="219" w="103" /><ent r="4" t="219" w="245" /><ent r="4" t="219" w="297" /><ent r="4" t="221" w="63" /><ent r="4" t="223" w="113" /><ent r="4" t="224" w="208" /><ent r="4" t="225" w="66" /><ent r="3" t="227" w="149" /><ent r="4" t="227" w="209" /><ent r="4" t="227" w="259" /><ent r="4" t="228" w="139" /><ent r="4" t="228" w="194" /><ent r="4" t="229" w="118" /><ent r="4" t="229" w="150" /><ent r="3" t="229" w="160" /><ent r="4" t="231" w="56" /><ent r="4" t="231" w="85" /><ent r="4" t="231" w="165" /><ent r="4" t="231" w="190" /><ent r="4" t="231" w="203" /><ent r="4" t="231" w="224" /><ent r="4" t="231" w="272" /><ent r="4" t="231" w="291" /><ent r="4" t="231" w="340" /><ent r="4" t="231" w="353" /><ent r="4" t="232" w="39" /><ent r="4" t="232" w="109" /><ent r="4" t="232" w="139" /><ent r="4" t="232" w="150" /><ent r="4" t="232" w="215" /></phr><phr n="clicked"><ent r="5" t="3" w="37" /><ent r="5" t="3" w="48" /></phr><phr n="clicking"><ent r="6" t="7" w="227" /><ent r="3" t="38" w="28" /><ent r="6" t="49" w="347" /><ent r="3" t="49" w="547" /><ent r="4" t="74" w="158" /><ent r="3" t="77" w="259" /><ent r="3" t="87" w="165" /><ent r="3" t="89" w="69" /><ent r="4" t="119" w="35" /><ent r="4" t="167" w="1075" /><ent r="4" t="176" w="198" /><ent r="4" t="179" w="759" /><ent r="4" t="179" w="946" /><ent r="4" t="179" w="1852" /><ent r="4" t="180" w="853" /><ent r="4" t="180" w="1740" /><ent r="4" t="180" w="2995" /><ent r="4" t="180" w="3038" /><ent r="4" t="181" w="616" /><ent r="4" t="183" w="970" /><ent r="3" t="187" w="1074" /><ent r="6" t="187" w="1200" /><ent r="6" t="187" w="1205" /><ent r="4" t="187" w="1777" /><ent r="3" t="188" w="876" /><ent r="3" t="188" w="1049" /><ent r="3" t="188" w="1054" /><ent r="4" t="189" w="135" /><ent r="3" t="195" w="281" /><ent r="3" t="195" w="635" /><ent r="3" t="209" w="99" /><ent r="3" t="220" w="151" /><ent r="3" t="222" w="156" /></phr><phr n="Clicking"><ent r="3" t="117" w="239" /><ent r="3" t="187" w="930" /><ent r="3" t="188" w="818" /></phr></stem></index>