﻿<?xml version="1.0" encoding="utf-8"?><index><stem n="confirm"><phr n="confirmation"><ent r="4" t="44" w="658" /><ent r="3" t="81" w="532" /><ent r="4" t="109" w="408" /><ent r="4" t="139" w="48" /><ent r="3" t="180" w="1327" /><ent r="3" t="231" w="305" /><ent r="3" t="232" w="191" /></phr><phr n="Confirm"><ent r="5" t="108" w="488" /><ent r="5" t="109" w="394" /><ent r="4" t="179" w="2304" /></phr><phr n="confirm"><ent r="4" t="108" w="499" /><ent r="4" t="108" w="515" /></phr></stem><stem n="restor"><phr n="restored"><ent r="3" t="44" w="677" /><ent r="3" t="78" w="152" /><ent r="3" t="142" w="525" /><ent r="3" t="142" w="699" /></phr><phr n="Restores"><ent r="7" t="90" w="313" /></phr><phr n="Restore"><ent r="4" t="142" w="299" /><ent r="4" t="142" w="671" /><ent r="4" t="142" w="692" /></phr><phr n="Restoring"><ent r="92" t="142" w="631" /><ent r="3" t="142" w="635" /></phr><phr n="restore"><ent r="3" t="179" w="774" /></phr></stem><stem n="recreat"><phr n="recreate"><ent r="3" t="44" w="681" /><ent r="3" t="76" w="37" /></phr></stem><stem n="normal"><phr n="Normally"><ent r="3" t="46" w="12" /></phr><phr n="normal"><ent r="3" t="160" w="153" /><ent r="4" t="171" w="289" /><ent r="3" t="179" w="776" /></phr><phr n="Normalized"><ent r="3" t="180" w="280" /><ent r="3" t="180" w="2033" /></phr></stem><stem n="prepar"><phr n="prepares"><ent r="3" t="46" w="14" /></phr></stem><stem n="portion"><phr n="portions"><ent r="3" t="46" w="15" /></phr><phr n="portion"><ent r="3" t="46" w="47" /><ent r="4" t="58" w="104" /><ent r="4" t="180" w="1846" /><ent r="3" t="181" w="848" /><ent r="4" t="186" w="776" /></phr></stem><stem n="'re"><phr n="'re"><ent r="3" t="46" w="23" /><ent r="3" t="76" w="31" /><ent r="3" t="81" w="466" /><ent r="3" t="100" w="21" /><ent r="3" t="100" w="54" /><ent r="4" t="165" w="122" /><ent r="4" t="175" w="194" /></phr></stem><stem n="they'r"><phr n="they're"><ent r="3" t="46" w="23" /><ent r="3" t="46" w="22" /></phr></stem><stem n="re"><phr n="re"><ent r="3" t="46" w="23" /><ent r="3" t="76" w="31" /><ent r="3" t="81" w="466" /><ent r="3" t="100" w="21" /><ent r="3" t="100" w="54" /><ent r="4" t="158" w="152" /><ent r="4" t="163" w="91" /><ent r="4" t="165" w="122" /><ent r="4" t="175" w="194" /><ent r="6" t="179" w="2334" /><ent r="5" t="180" w="793" /><ent r="6" t="180" w="1216" /><ent r="5" t="180" w="1790" /><ent r="3" t="188" w="1101" /><ent r="4" t="208" w="557" /><ent r="3" t="208" w="658" /><ent r="3" t="208" w="705" /></phr><phr n="Re"><ent r="4" t="182" w="1639" /><ent r="4" t="184" w="929" /><ent r="3" t="208" w="720" /></phr></stem><stem n="notic"><phr n="noticeable"><ent r="3" t="46" w="30" /></phr><phr n="notice"><ent r="4" t="172" w="101" /><ent r="4" t="179" w="1826" /><ent r="3" t="182" w="604" /><ent r="5" t="224" w="161" /></phr><phr n="Notice"><ent r="4" t="179" w="1410" /><ent r="3" t="180" w="944" /><ent r="3" t="180" w="1075" /><ent r="4" t="180" w="1222" /><ent r="4" t="180" w="2587" /><ent r="3" t="185" w="294" /><ent r="3" t="185" w="379" /><ent r="4" t="186" w="696" /><ent r="4" t="187" w="1245" /></phr></stem><stem n="caus"><phr n="cause"><ent r="3" t="46" w="36" /></phr></stem><stem n="smooth"><phr n="smooth"><ent r="3" t="46" w="38" /><ent r="3" t="46" w="103" /><ent r="3" t="46" w="119" /><ent r="3" t="46" w="153" /><ent r="3" t="46" w="166" /><ent r="3" t="109" w="245" /><ent r="3" t="109" w="316" /></phr><phr n="Smooth"><ent r="5" t="156" w="844" /></phr><phr n="smoothed"><ent r="4" t="156" w="866" /></phr><phr n="smoothing"><ent r="4" t="176" w="187" /><ent r="4" t="176" w="196" /><ent r="4" t="176" w="205" /></phr></stem><stem n="hesit"><phr n="hesitate"><ent r="3" t="46" w="42" /></phr><phr n="hesitation"><ent r="3" t="46" w="55" /></phr></stem><stem n="avoid"><phr n="avoid"><ent r="3" t="46" w="53" /></phr></stem><stem n="hardwar"><phr n="hardware"><ent r="3" t="46" w="117" /><ent r="3" t="140" w="210" /><ent r="4" t="165" w="777" /></phr></stem><stem n="redraw"><phr n="redraw"><ent r="3" t="46" w="123" /><ent r="3" t="46" w="141" /></phr></stem><stem n="fast"><phr n="fast"><ent r="3" t="46" w="125" /><ent r="3" t="109" w="243" /><ent r="3" t="140" w="18" /><ent r="3" t="227" w="58" /></phr><phr n="Fast"><ent r="4" t="109" w="268" /><ent r="5" t="153" w="239" /></phr></stem><stem n="capabl"><phr n="capable"><ent r="3" t="46" w="130" /><ent r="3" t="171" w="115" /></phr><phr n="capabilities"><ent r="3" t="49" w="70" /><ent r="3" t="188" w="141" /><ent r="3" t="238" w="233" /><ent r="3" t="238" w="256" /></phr><phr n="capability"><ent r="3" t="157" w="800" /><ent r="4" t="165" w="762" /><ent r="3" t="195" w="34" /><ent r="3" t="209" w="30" /></phr></stem><stem n="rapidli"><phr n="rapidly"><ent r="3" t="46" w="168" /></phr></stem><stem n="depict"><phr n="depicting"><ent r="4" t="47" w="75" /></phr></stem><stem n="left-click"><phr n="Left-click"><ent r="3" t="47" w="86" /></phr></stem><stem n="shift+left"><phr n="Shift+left"><ent r="3" t="47" w="98" /></phr><phr n="Shift+Left"><ent r="4" t="176" w="323" /></phr></stem><stem n="shift+left-click"><phr n="Shift+left-click"><ent r="3" t="47" w="98" /></phr></stem><stem n="trail"><phr n="Trail"><ent r="92" t="47" w="121" /><ent r="4" t="47" w="187" /><ent r="4" t="47" w="206" /><ent r="5" t="47" w="236" /><ent r="4" t="47" w="243" /><ent r="4" t="47" w="307" /><ent r="5" t="106" w="180" /></phr><phr n="trail"><ent r="3" t="47" w="133" /><ent r="3" t="47" w="145" /><ent r="3" t="47" w="156" /><ent r="4" t="47" w="174" /><ent r="4" t="47" w="193" /><ent r="4" t="47" w="255" /><ent r="4" t="47" w="319" /><ent r="3" t="47" w="341" /><ent r="4" t="105" w="26" /><ent r="4" t="105" w="39" /><ent r="3" t="106" w="21" /><ent r="3" t="106" w="36" /><ent r="3" t="106" w="89" /><ent r="3" t="106" w="101" /><ent r="3" t="106" w="114" /><ent r="3" t="106" w="193" /><ent r="3" t="106" w="215" /><ent r="3" t="106" w="239" /></phr></stem><stem n="leav"><phr n="leaves"><ent r="3" t="47" w="129" /><ent r="3" t="106" w="85" /></phr><phr n="leave"><ent r="3" t="62" w="206" /><ent r="3" t="83" w="53" /><ent r="4" t="96" w="233" /><ent r="3" t="156" w="188" /><ent r="3" t="157" w="147" /><ent r="3" t="158" w="181" /><ent r="3" t="159" w="185" /><ent r="3" t="160" w="84" /><ent r="3" t="161" w="257" /><ent r="3" t="162" w="186" /><ent r="3" t="163" w="120" /><ent r="3" t="164" w="216" /><ent r="3" t="165" w="151" /><ent r="3" t="167" w="1003" /><ent r="4" t="170" w="229" /><ent r="4" t="180" w="1406" /><ent r="4" t="181" w="1339" /><ent r="3" t="182" w="766" /></phr><phr n="Leave"><ent r="4" t="179" w="2094" /></phr></stem><stem n="&quot;snail"><phr n="&quot;snail"><ent r="3" t="47" w="132" /><ent r="3" t="106" w="88" /></phr></stem><stem n="snail"><phr n="snail"><ent r="3" t="47" w="132" /><ent r="3" t="106" w="88" /></phr></stem><stem n="'ve"><phr n="'ve"><ent r="3" t="47" w="137" /><ent r="3" t="106" w="93" /><ent r="3" t="142" w="329" /><ent r="4" t="182" w="523" /></phr></stem><stem n="you'v"><phr n="you've"><ent r="3" t="47" w="137" /><ent r="3" t="47" w="136" /><ent r="3" t="106" w="93" /><ent r="3" t="106" w="92" /><ent r="3" t="142" w="329" /><ent r="3" t="142" w="328" /><ent r="4" t="182" w="523" /><ent r="4" t="182" w="522" /></phr></stem><stem n="ve"><phr n="ve"><ent r="3" t="47" w="137" /><ent r="3" t="106" w="93" /><ent r="3" t="130" w="12" /><ent r="3" t="142" w="329" /><ent r="4" t="182" w="523" /></phr></stem><stem n="look"><phr n="looked"><ent r="3" t="47" w="138" /><ent r="3" t="106" w="94" /></phr><phr n="looking"><ent r="3" t="48" w="35" /><ent r="3" t="194" w="248" /></phr><phr n="look"><ent r="3" t="123" w="265" /><ent r="3" t="123" w="407" /><ent r="3" t="123" w="543" /><ent r="3" t="169" w="594" /><ent r="4" t="188" w="1031" /><ent r="3" t="188" w="1254" /><ent r="3" t="224" w="188" /></phr><phr n="looks"><ent r="4" t="147" w="153" /><ent r="4" t="167" w="780" /><ent r="4" t="188" w="771" /></phr><phr n="Look"><ent r="1000" t="171" w="4" /><ent r="100" t="171" w="11" /><ent r="100" t="171" w="20" /><ent r="102" t="171" w="27" /><ent r="3" t="171" w="36" /><ent r="64" t="171" w="316" /><ent r="1000" t="172" w="4" /><ent r="100" t="172" w="11" /><ent r="102" t="172" w="21" /><ent r="4" t="172" w="150" /><ent r="5" t="172" w="159" /><ent r="4" t="172" w="277" /><ent r="3" t="174" w="15" /><ent r="64" t="178" w="354" /><ent r="1000" t="182" w="3" /><ent r="100" t="182" w="10" /><ent r="102" t="182" w="20" /><ent r="3" t="182" w="59" /><ent r="4" t="182" w="80" /><ent r="4" t="182" w="109" /><ent r="4" t="182" w="496" /><ent r="3" t="182" w="504" /><ent r="4" t="182" w="514" /><ent r="3" t="182" w="739" /><ent r="4" t="182" w="793" /><ent r="4" t="182" w="884" /><ent r="4" t="182" w="991" /><ent r="4" t="182" w="1009" /><ent r="4" t="182" w="1643" /><ent r="3" t="182" w="1712" /></phr></stem><stem n="opac"><phr n="opacity"><ent r="3" t="47" w="150" /><ent r="4" t="47" w="224" /><ent r="5" t="47" w="237" /><ent r="4" t="47" w="250" /><ent r="3" t="106" w="108" /><ent r="4" t="147" w="168" /><ent r="4" t="165" w="223" /></phr><phr n="Opacity"><ent r="4" t="47" w="244" /><ent r="4" t="106" w="209" /><ent r="5" t="165" w="219" /></phr></stem><stem n="snapshot"><phr n="snapshot"><ent r="3" t="47" w="162" /><ent r="100" t="50" w="8" /><ent r="100" t="50" w="12" /><ent r="3" t="50" w="31" /><ent r="3" t="50" w="72" /><ent r="3" t="50" w="86" /><ent r="4" t="50" w="109" /><ent r="5" t="50" w="157" /><ent r="4" t="50" w="166" /><ent r="4" t="50" w="180" /><ent r="5" t="50" w="211" /><ent r="4" t="50" w="220" /><ent r="4" t="50" w="246" /><ent r="5" t="226" w="324" /></phr><phr n="Snapshot"><ent r="1000" t="50" w="3" /><ent r="102" t="50" w="6" /><ent r="3" t="50" w="225" /><ent r="4" t="50" w="233" /><ent r="92" t="108" w="313" /></phr></stem><stem n="clear"><phr n="Clear"><ent r="4" t="47" w="185" /><ent r="3" t="170" w="284" /><ent r="92" t="219" w="118" /><ent r="4" t="219" w="139" /><ent r="92" t="231" w="308" /><ent r="5" t="231" w="356" /></phr><phr n="clear"><ent r="4" t="71" w="85" /><ent r="3" t="71" w="104" /><ent r="3" t="170" w="278" /><ent r="3" t="231" w="25" /></phr><phr n="Clears"><ent r="6" t="169" w="506" /></phr></stem><stem n="opaqu"><phr n="opaque"><ent r="4" t="47" w="253" /><ent r="4" t="47" w="272" /><ent r="3" t="106" w="213" /><ent r="3" t="106" w="232" /><ent r="4" t="176" w="255" /><ent r="3" t="182" w="1546" /><ent r="6" t="230" w="62" /></phr></stem><stem n="zero"><phr n="Zero"><ent r="4" t="47" w="262" /><ent r="3" t="106" w="222" /></phr><phr n="zero"><ent r="7" t="199" w="679" /></phr></stem><stem n="complet"><phr n="completely"><ent r="4" t="47" w="265" /><ent r="4" t="47" w="271" /><ent r="3" t="106" w="225" /><ent r="3" t="106" w="231" /><ent r="4" t="182" w="1512" /><ent r="4" t="186" w="222" /><ent r="5" t="188" w="176" /><ent r="4" t="188" w="531" /></phr><phr n="complete"><ent r="4" t="72" w="113" /><ent r="3" t="110" w="194" /><ent r="3" t="112" w="40" /><ent r="4" t="179" w="584" /><ent r="4" t="179" w="2277" /><ent r="3" t="180" w="243" /><ent r="4" t="181" w="824" /><ent r="4" t="181" w="1011" /><ent r="4" t="186" w="262" /><ent r="3" t="187" w="802" /><ent r="3" t="197" w="180" /><ent r="3" t="238" w="84" /></phr><phr n="completion"><ent r="4" t="81" w="515" /><ent r="3" t="180" w="2299" /></phr><phr n="completed"><ent r="3" t="104" w="98" /><ent r="3" t="104" w="217" /><ent r="4" t="104" w="238" /><ent r="3" t="130" w="13" /><ent r="4" t="175" w="325" /><ent r="4" t="181" w="1479" /><ent r="4" t="185" w="462" /></phr><phr n="completes"><ent r="3" t="104" w="103" /></phr><phr n="Complete"><ent r="4" t="185" w="105" /></phr></stem><stem n="transpar"><phr n="transparent"><ent r="4" t="47" w="266" /><ent r="3" t="106" w="226" /><ent r="4" t="176" w="253" /><ent r="4" t="182" w="1513" /><ent r="3" t="182" w="1544" /><ent r="6" t="230" w="53" /></phr><phr n="transparency"><ent r="3" t="176" w="58" /><ent r="3" t="176" w="238" /><ent r="4" t="176" w="246" /><ent r="4" t="176" w="251" /><ent r="3" t="182" w="1384" /><ent r="3" t="182" w="1529" /><ent r="3" t="182" w="1537" /><ent r="3" t="182" w="1542" /><ent r="6" t="230" w="35" /></phr></stem><stem n="hundr"><phr n="hundred"><ent r="4" t="47" w="268" /><ent r="3" t="106" w="228" /></phr></stem><stem n="won"><phr n="won"><ent r="4" t="47" w="315" /><ent r="3" t="81" w="494" /><ent r="3" t="106" w="235" /><ent r="4" t="109" w="404" /><ent r="3" t="181" w="1497" /></phr></stem><stem n="won't"><phr n="won't"><ent r="4" t="47" w="316" /><ent r="4" t="47" w="315" /><ent r="3" t="81" w="495" /><ent r="3" t="81" w="494" /><ent r="3" t="106" w="236" /><ent r="3" t="106" w="235" /><ent r="4" t="109" w="405" /><ent r="4" t="109" w="404" /><ent r="3" t="181" w="1498" /><ent r="3" t="181" w="1497" /></phr></stem><stem n="reach"><phr n="reach"><ent r="4" t="47" w="322" /><ent r="3" t="106" w="242" /></phr></stem><stem n=":link/unliink"><phr n=":link/unliink"><ent r="100" t="48" w="7" /></phr></stem><stem n="link/unliink"><phr n="link/unliink"><ent r="100" t="48" w="7" /><ent r="100" t="48" w="6" /></phr></stem><stem n="unliink"><phr n="unliink"><ent r="100" t="48" w="7" /></phr></stem><stem n="aspect"><phr n="aspects"><ent r="3" t="48" w="25" /><ent r="3" t="48" w="52" /></phr><phr n="aspect"><ent r="4" t="50" w="255" /><ent r="3" t="108" w="407" /><ent r="3" t="144" w="213" /><ent r="3" t="144" w="316" /><ent r="3" t="144" w="520" /><ent r="3" t="144" w="684" /><ent r="3" t="220" w="80" /><ent r="4" t="221" w="48" /><ent r="3" t="222" w="85" /><ent r="4" t="223" w="66" /><ent r="4" t="224" w="78" /><ent r="4" t="225" w="51" /></phr><phr n="Aspect"><ent r="4" t="50" w="260" /><ent r="3" t="220" w="85" /><ent r="4" t="221" w="53" /><ent r="3" t="222" w="90" /><ent r="4" t="223" w="71" /><ent r="4" t="224" w="83" /><ent r="4" t="225" w="56" /></phr></stem><stem n="taken"><phr n="taken"><ent r="3" t="48" w="40" /><ent r="3" t="50" w="74" /><ent r="3" t="171" w="56" /><ent r="3" t="182" w="46" /><ent r="3" t="182" w="129" /><ent r="3" t="199" w="52" /></phr></stem><stem n="duplic"><phr n="duplicate"><ent r="3" t="48" w="64" /><ent r="4" t="48" w="143" /></phr></stem><stem n="link/unlink."><phr n="Link/Unlink."><ent r="5" t="48" w="94" /><ent r="5" t="48" w="93" /></phr></stem><stem n="/unlink..."><phr n="/Unlink..."><ent r="5" t="48" w="95" /></phr></stem><stem n="sourc"><phr n="source"><ent r="4" t="48" w="121" /><ent r="3" t="48" w="242" /><ent r="3" t="48" w="254" /><ent r="3" t="60" w="102" /><ent r="3" t="60" w="119" /><ent r="3" t="170" w="46" /><ent r="3" t="183" w="1095" /></phr><phr n="Source"><ent r="4" t="180" w="2404" /><ent r="4" t="180" w="2442" /><ent r="3" t="180" w="2515" /></phr></stem><stem n="next&gt;"><phr n="Next&gt;"><ent r="5" t="48" w="133" /><ent r="4" t="48" w="263" /><ent r="5" t="172" w="308" /><ent r="5" t="173" w="288" /><ent r="4" t="174" w="102" /><ent r="5" t="180" w="2410" /><ent r="4" t="180" w="2530" /><ent r="5" t="182" w="788" /><ent r="5" t="182" w="1016" /><ent r="4" t="182" w="1058" /><ent r="5" t="182" w="1205" /></phr></stem><stem n="individu"><phr n="individual"><ent r="4" t="48" w="163" /><ent r="3" t="77" w="395" /><ent r="3" t="83" w="45" /><ent r="4" t="117" w="172" /><ent r="3" t="122" w="107" /><ent r="3" t="122" w="163" /><ent r="3" t="125" w="875" /><ent r="3" t="128" w="131" /><ent r="3" t="129" w="97" /><ent r="3" t="129" w="153" /><ent r="3" t="179" w="211" /><ent r="3" t="181" w="744" /><ent r="3" t="238" w="383" /></phr><phr n="individually"><ent r="3" t="148" w="204" /><ent r="3" t="154" w="242" /><ent r="3" t="155" w="218" /></phr></stem><stem n="both"><phr n="both"><ent r="3" t="48" w="191" /><ent r="4" t="60" w="117" /><ent r="3" t="74" w="27" /><ent r="4" t="81" w="85" /><ent r="5" t="90" w="175" /><ent r="4" t="128" w="146" /><ent r="3" t="164" w="55" /><ent r="3" t="168" w="96" /><ent r="3" t="169" w="316" /><ent r="4" t="175" w="134" /><ent r="3" t="180" w="179" /><ent r="3" t="180" w="2209" /><ent r="3" t="180" w="2313" /><ent r="4" t="180" w="2364" /><ent r="3" t="180" w="2524" /><ent r="3" t="181" w="48" /><ent r="4" t="182" w="518" /><ent r="3" t="182" w="767" /><ent r="4" t="182" w="912" /><ent r="4" t="182" w="1192" /><ent r="3" t="182" w="1318" /><ent r="4" t="186" w="815" /><ent r="3" t="199" w="40" /><ent r="3" t="215" w="101" /><ent r="3" t="238" w="287" /></phr><phr n="Both"><ent r="4" t="182" w="1688" /><ent r="4" t="186" w="913" /></phr></stem><stem n="mirror"><phr n="Mirror"><ent r="5" t="48" w="203" /><ent r="4" t="180" w="2470" /></phr></stem><stem n="/longitud"><phr n="/Longitude"><ent r="5" t="48" w="206" /><ent r="5" t="74" w="238" /><ent r="1000" t="150" w="2" /><ent r="1000" t="163" w="2" /><ent r="100" t="163" w="7" /><ent r="102" t="163" w="17" /><ent r="5" t="163" w="158" /><ent r="4" t="180" w="1004" /><ent r="3" t="180" w="1061" /><ent r="4" t="180" w="2482" /><ent r="3" t="180" w="2962" /><ent r="6" t="230" w="250" /><ent r="6" t="230" w="312" /><ent r="6" t="230" w="461" /></phr><phr n="/longitude"><ent r="4" t="48" w="216" /><ent r="4" t="75" w="44" /><ent r="4" t="75" w="67" /><ent r="4" t="145" w="251" /><ent r="100" t="150" w="12" /><ent r="3" t="180" w="168" /><ent r="3" t="180" w="1770" /><ent r="3" t="180" w="2309" /><ent r="4" t="183" w="669" /><ent r="3" t="238" w="88" /><ent r="3" t="238" w="112" /><ent r="3" t="238" w="173" /><ent r="3" t="238" w="206" /><ent r="3" t="238" w="325" /><ent r="3" t="238" w="377" /><ent r="3" t="238" w="390" /><ent r="3" t="238" w="441" /><ent r="3" t="238" w="462" /></phr></stem><stem n="-wai"><phr n="-Way"><ent r="4" t="48" w="235" /><ent r="4" t="48" w="235" /><ent r="4" t="180" w="2502" /><ent r="4" t="180" w="2502" /></phr></stem><stem n="two-wai"><phr n="Two-Way"><ent r="4" t="48" w="235" /><ent r="4" t="180" w="2502" /></phr></stem><stem n="destin"><phr n="destination"><ent r="3" t="48" w="246" /><ent r="3" t="48" w="250" /><ent r="4" t="48" w="273" /><ent r="3" t="75" w="18" /><ent r="3" t="110" w="508" /><ent r="3" t="238" w="219" /><ent r="3" t="238" w="290" /></phr><phr n="Destination"><ent r="3" t="180" w="2520" /><ent r="4" t="180" w="2552" /></phr></stem><stem n="third"><phr n="third"><ent r="4" t="48" w="268" /><ent r="4" t="194" w="139" /><ent r="4" t="194" w="204" /></phr></stem><stem n="disabl"><phr n="disabled"><ent r="4" t="48" w="301" /><ent r="3" t="129" w="290" /><ent r="3" t="132" w="82" /><ent r="3" t="163" w="286" /><ent r="4" t="176" w="353" /></phr><phr n="disable"><ent r="5" t="143" w="237" /><ent r="4" t="176" w="195" /><ent r="3" t="229" w="21" /><ent r="4" t="229" w="148" /></phr></stem><stem n="corner"><phr n="Corner"><ent r="3" t="49" w="96" /><ent r="3" t="157" w="973" /><ent r="3" t="161" w="41" /><ent r="3" t="161" w="43" /><ent r="3" t="170" w="48" /><ent r="4" t="180" w="919" /><ent r="4" t="180" w="2283" /><ent r="4" t="180" w="2998" /></phr><phr n="corner"><ent r="3" t="52" w="85" /><ent r="7" t="59" w="80" /><ent r="4" t="75" w="32" /><ent r="3" t="102" w="231" /><ent r="3" t="107" w="42" /><ent r="4" t="179" w="601" /><ent r="4" t="179" w="768" /><ent r="4" t="179" w="1733" /><ent r="4" t="180" w="1143" /><ent r="4" t="181" w="528" /><ent r="4" t="181" w="625" /><ent r="4" t="182" w="906" /><ent r="4" t="183" w="975" /><ent r="4" t="186" w="1204" /></phr><phr n="corners"><ent r="7" t="59" w="90" /><ent r="7" t="59" w="143" /><ent r="4" t="65" w="101" /><ent r="7" t="190" w="51" /><ent r="7" t="190" w="76" /><ent r="7" t="190" w="122" /></phr></stem><stem n="warn"><phr n="warning"><ent r="3" t="49" w="101" /><ent r="4" t="172" w="100" /><ent r="4" t="181" w="1454" /><ent r="3" t="182" w="603" /><ent r="3" t="182" w="1348" /><ent r="4" t="195" w="729" /></phr><phr n="warns"><ent r="4" t="71" w="77" /></phr><phr n="warnings"><ent r="3" t="102" w="71" /></phr></stem><stem n="exact"><phr n="exact"><ent r="4" t="49" w="178" /></phr></stem><stem n="cursor"><phr n="cursor"><ent r="4" t="49" w="190" /><ent r="4" t="109" w="365" /><ent r="3" t="110" w="210" /><ent r="4" t="128" w="48" /><ent r="4" t="179" w="2168" /><ent r="4" t="180" w="1893" /><ent r="4" t="181" w="561" /><ent r="3" t="182" w="1605" /><ent r="3" t="186" w="1033" /><ent r="3" t="186" w="1155" /><ent r="4" t="227" w="217" /><ent r="3" t="238" w="101" /></phr></stem><stem n="(in"><phr n="(in"><ent r="4" t="49" w="192" /><ent r="4" t="180" w="3012" /><ent r="4" t="181" w="961" /></phr></stem><stem n="“custom”"><phr n="“Custom”"><ent r="4" t="49" w="204" /></phr></stem><stem n="hover"><phr n="hover"><ent r="3" t="49" w="239" /></phr></stem><stem n="tip"><phr n="tip"><ent r="3" t="49" w="247" /><ent r="4" t="109" w="361" /><ent r="3" t="125" w="559" /><ent r="3" t="125" w="589" /></phr><phr n="Tip"><ent r="5" t="109" w="355" /></phr><phr n="tips"><ent r="3" t="218" w="261" /></phr></stem><stem n="advanc"><phr n="Advanced"><ent r="4" t="49" w="291" /><ent r="92" t="220" w="163" /><ent r="92" t="222" w="168" /></phr><phr n="advanced"><ent r="3" t="220" w="171" /><ent r="3" t="222" w="176" /></phr></stem><stem n="“creat"><phr n="“Create"><ent r="4" t="49" w="444" /></phr></stem><stem n=".”"><phr n=".”"><ent r="4" t="49" w="447" /><ent r="3" t="161" w="43" /><ent r="3" t="167" w="431" /><ent r="4" t="181" w="765" /><ent r="4" t="181" w="909" /></phr></stem><stem n="“export"><phr n="“Export"><ent r="4" t="49" w="447" /><ent r="4" t="49" w="633" /></phr></stem><stem n="”"><phr n="”"><ent r="4" t="49" w="450" /><ent r="4" t="58" w="257" /><ent r="3" t="60" w="108" /><ent r="6" t="90" w="488" /><ent r="4" t="92" w="165" /><ent r="3" t="123" w="192" /><ent r="3" t="123" w="406" /><ent r="4" t="153" w="359" /><ent r="4" t="153" w="794" /><ent r="3" t="161" w="39" /><ent r="3" t="161" w="45" /><ent r="4" t="165" w="411" /><ent r="3" t="169" w="196" /><ent r="3" t="169" w="249" /><ent r="4" t="171" w="281" /><ent r="4" t="171" w="286" /><ent r="4" t="184" w="924" /><ent r="3" t="184" w="1232" /><ent r="6" t="230" w="406" /></phr></stem><stem n="extent"><phr n="extents"><ent r="3" t="49" w="501" /><ent r="4" t="108" w="271" /><ent r="3" t="109" w="534" /><ent r="3" t="163" w="269" /><ent r="3" t="183" w="370" /><ent r="3" t="184" w="357" /></phr><phr n="Extents"><ent r="3" t="109" w="514" /><ent r="3" t="109" w="526" /></phr><phr n="extent"><ent r="3" t="180" w="339" /></phr></stem><stem n="case"><phr n="case"><ent r="3" t="49" w="503" /><ent r="3" t="167" w="283" /><ent r="4" t="181" w="963" /><ent r="3" t="183" w="1081" /><ent r="4" t="208" w="598" /><ent r="3" t="232" w="80" /></phr><phr n="Case"><ent r="3" t="232" w="72" /></phr></stem><stem n=".."><phr n=".."><ent r="3" t="49" w="554" /><ent r="3" t="142" w="578" /></phr></stem><stem n="tri"><phr n="tries"><ent r="3" t="49" w="568" /></phr></stem><stem n="becom"><phr n="become"><ent r="3" t="49" w="589" /><ent r="3" t="158" w="854" /><ent r="4" t="176" w="352" /><ent r="3" t="187" w="230" /></phr></stem><stem n="off-cent"><phr n="off-center"><ent r="3" t="49" w="590" /></phr></stem><stem n="-center."><phr n="-center."><ent r="3" t="49" w="592" /><ent r="3" t="49" w="592" /></phr></stem><stem n="ensur"><phr n="ensure"><ent r="3" t="49" w="617" /><ent r="3" t="117" w="232" /><ent r="3" t="180" w="967" /><ent r="3" t="180" w="977" /></phr></stem><stem n="chose"><phr n="chose"><ent r="4" t="49" w="632" /></phr></stem><stem n=",”"><phr n=",”"><ent r="4" t="49" w="636" /></phr></stem><stem n=":copi"><phr n=":copy"><ent r="100" t="50" w="9" /></phr><phr n=":copying"><ent r="100" t="174" w="5" /></phr></stem><stem n=":snapshot"><phr n=":snapshot"><ent r="100" t="50" w="12" /></phr></stem><stem n="microsoft"><phr n="Microsoft"><ent r="4" t="50" w="21" /><ent r="3" t="50" w="58" /><ent r="3" t="50" w="61" /></phr></stem><stem n="word"><phr n="Word"><ent r="3" t="50" w="59" /></phr><phr n="words"><ent r="3" t="78" w="51" /><ent r="3" t="233" w="54" /></phr><phr n="word"><ent r="3" t="213" w="79" /></phr></stem><stem n="powerpoint"><phr n="PowerPoint"><ent r="3" t="50" w="62" /></phr></stem><stem n="either"><phr n="either"><ent r="3" t="50" w="83" /><ent r="4" t="60" w="98" /><ent r="3" t="73" w="22" /><ent r="4" t="80" w="112" /><ent r="3" t="122" w="168" /><ent r="3" t="125" w="880" /><ent r="3" t="129" w="158" /><ent r="3" t="145" w="97" /><ent r="3" t="167" w="805" /><ent r="3" t="169" w="69" /><ent r="4" t="176" w="268" /><ent r="4" t="179" w="554" /><ent r="3" t="179" w="1217" /><ent r="3" t="180" w="2511" /><ent r="4" t="181" w="1294" /><ent r="3" t="182" w="1088" /><ent r="3" t="182" w="1576" /><ent r="3" t="183" w="199" /><ent r="4" t="186" w="532" /><ent r="4" t="186" w="860" /><ent r="3" t="187" w="104" /><ent r="4" t="195" w="709" /><ent r="3" t="208" w="273" /><ent r="3" t="238" w="181" /><ent r="3" t="238" w="304" /></phr><phr n="Either"><ent r="3" t="73" w="100" /></phr></stem><stem n="(be"><phr n="(Be"><ent r="4" t="50" w="159" /><ent r="4" t="50" w="213" /><ent r="4" t="182" w="1000" /></phr></stem><stem n="&quot;copi"><phr n="&quot;Copy"><ent r="4" t="50" w="165" /><ent r="4" t="50" w="219" /></phr></stem><stem n="entri"><phr n="entry"><ent r="4" t="50" w="167" /><ent r="4" t="50" w="221" /><ent r="3" t="160" w="146" /><ent r="3" t="160" w="152" /><ent r="4" t="180" w="1499" /><ent r="4" t="181" w="691" /><ent r="4" t="181" w="701" /><ent r="4" t="195" w="569" /><ent r="7" t="199" w="548" /><ent r="7" t="199" w="603" /></phr><phr n="entries"><ent r="3" t="81" w="371" /><ent r="4" t="92" w="139" /><ent r="3" t="233" w="21" /></phr></stem><stem n="height"><phr n="Height"><ent r="5" t="50" w="242" /><ent r="4" t="108" w="356" /><ent r="3" t="108" w="388" /><ent r="4" t="144" w="170" /><ent r="4" t="144" w="273" /><ent r="4" t="144" w="477" /><ent r="4" t="144" w="641" /><ent r="4" t="220" w="72" /><ent r="5" t="221" w="38" /><ent r="4" t="222" w="77" /><ent r="4" t="223" w="57" /><ent r="5" t="224" w="68" /><ent r="5" t="225" w="41" /></phr><phr n="height"><ent r="7" t="59" w="197" /><ent r="3" t="144" w="191" /><ent r="3" t="144" w="294" /><ent r="3" t="144" w="498" /><ent r="3" t="144" w="662" /></phr></stem><stem n="ratio"><phr n="ratio"><ent r="4" t="50" w="256" /><ent r="3" t="108" w="408" /><ent r="3" t="144" w="214" /><ent r="3" t="144" w="317" /><ent r="3" t="144" w="521" /><ent r="3" t="144" w="685" /><ent r="3" t="180" w="277" /><ent r="3" t="180" w="298" /><ent r="3" t="220" w="81" /><ent r="4" t="221" w="49" /><ent r="3" t="222" w="86" /><ent r="4" t="223" w="67" /><ent r="4" t="224" w="54" /><ent r="4" t="224" w="79" /><ent r="4" t="224" w="103" /><ent r="4" t="225" w="52" /></phr><phr n="Ratio"><ent r="4" t="50" w="261" /><ent r="3" t="220" w="86" /><ent r="4" t="221" w="54" /><ent r="3" t="222" w="91" /><ent r="4" t="223" w="72" /><ent r="4" t="224" w="84" /><ent r="4" t="225" w="57" /></phr></stem><stem n=":activ"><phr n=":active"><ent r="100" t="51" w="7" /></phr><phr n=":activate"><ent r="100" t="54" w="14" /><ent r="100" t="88" w="18" /></phr></stem><stem n="p"><phr n="P"><ent r="4" t="51" w="70" /><ent r="4" t="51" w="97" /><ent r="4" t="100" w="159" /><ent r="5" t="226" w="126" /><ent r="5" t="226" w="175" /><ent r="5" t="226" w="201" /><ent r="7" t="240" w="190" /></phr></stem></index>