﻿<?xml version="1.0" encoding="utf-8"?><index><stem n="://opticks.org/confluence/display/opticks/sample+data"><phr n="://opticks.org/confluence/display/opticks/Sample+Data"><ent r="68" t="178" w="270" /><ent r="68" t="179" w="487" /><ent r="68" t="180" w="638" /><ent r="68" t="181" w="349" /><ent r="68" t="182" w="312" /><ent r="68" t="183" w="587" /><ent r="68" t="184" w="589" /><ent r="68" t="185" w="196" /><ent r="68" t="186" w="463" /><ent r="68" t="187" w="384" /><ent r="68" t="188" w="374" /></phr></stem><stem n="opticks.org/confluence/display/opticks/sample+data"><phr n="opticks.org/confluence/display/opticks/Sample+Data"><ent r="68" t="178" w="270" /><ent r="68" t="178" w="265" /><ent r="68" t="179" w="487" /><ent r="68" t="179" w="482" /><ent r="68" t="180" w="638" /><ent r="68" t="180" w="633" /><ent r="68" t="181" w="349" /><ent r="68" t="181" w="344" /><ent r="68" t="182" w="312" /><ent r="68" t="182" w="307" /><ent r="68" t="183" w="587" /><ent r="68" t="183" w="582" /><ent r="68" t="184" w="589" /><ent r="68" t="184" w="584" /><ent r="68" t="185" w="196" /><ent r="68" t="185" w="191" /><ent r="68" t="186" w="463" /><ent r="68" t="186" w="458" /><ent r="68" t="187" w="384" /><ent r="68" t="187" w="379" /><ent r="68" t="188" w="374" /><ent r="68" t="188" w="369" /></phr></stem><stem n="sample+data"><phr n="Sample+Data"><ent r="68" t="178" w="270" /><ent r="68" t="179" w="487" /><ent r="68" t="180" w="638" /><ent r="68" t="181" w="349" /><ent r="68" t="182" w="312" /><ent r="68" t="183" w="587" /><ent r="68" t="184" w="589" /><ent r="68" t="185" w="196" /><ent r="68" t="186" w="463" /><ent r="68" t="187" w="384" /><ent r="68" t="188" w="374" /></phr></stem><stem n="information/annot"><phr n="Information/Annotations"><ent r="64" t="178" w="334" /><ent r="64" t="178" w="333" /><ent r="102" t="180" w="30" /><ent r="102" t="180" w="29" /></phr><phr n="information/annotations"><ent r="4" t="180" w="122" /><ent r="4" t="180" w="121" /></phr></stem><stem n="information/annotations,"><phr n="Information/Annotations,"><ent r="64" t="178" w="334" /><ent r="64" t="178" w="333" /><ent r="102" t="180" w="30" /><ent r="102" t="180" w="29" /></phr></stem><stem n="/annotations,"><phr n="/Annotations,"><ent r="64" t="178" w="335" /><ent r="102" t="180" w="31" /></phr></stem><stem n="familiar"><phr n="familiar"><ent r="3" t="179" w="31" /><ent r="3" t="181" w="41" /><ent r="3" t="183" w="29" /><ent r="3" t="184" w="32" /><ent r="3" t="185" w="36" /><ent r="3" t="186" w="29" /><ent r="3" t="187" w="27" /><ent r="3" t="187" w="1875" /><ent r="3" t="188" w="35" /><ent r="3" t="188" w="1576" /></phr></stem><stem n="’ll"><phr n="’ll"><ent r="3" t="179" w="46" /><ent r="3" t="180" w="86" /><ent r="3" t="182" w="69" /><ent r="3" t="188" w="622" /></phr></stem><stem n="lesson"><phr n="Lesson"><ent r="4" t="179" w="96" /><ent r="4" t="180" w="128" /><ent r="4" t="181" w="113" /><ent r="4" t="182" w="102" /><ent r="4" t="183" w="84" /><ent r="4" t="184" w="74" /><ent r="4" t="185" w="120" /><ent r="4" t="186" w="75" /><ent r="4" t="187" w="76" /><ent r="4" t="188" w="110" /></phr><phr n="lesson"><ent r="3" t="180" w="273" /><ent r="4" t="186" w="281" /></phr></stem><stem n="graph"><phr n="graph"><ent r="3" t="179" w="142" /><ent r="4" t="181" w="1383" /></phr></stem><stem n="characterist"><phr n="characteristics"><ent r="3" t="179" w="191" /></phr></stem><stem n="format/sc"><phr n="format/scaling"><ent r="3" t="179" w="233" /><ent r="3" t="179" w="232" /></phr></stem><stem n="format/scaling,"><phr n="format/scaling,"><ent r="3" t="179" w="233" /><ent r="3" t="179" w="232" /></phr></stem><stem n="/scaling,"><phr n="/scaling,"><ent r="3" t="179" w="234" /></phr></stem><stem n="crop"><phr n="cropping"><ent r="3" t="179" w="234" /></phr></stem><stem n="-format"><phr n="-formatted"><ent r="3" t="179" w="242" /><ent r="3" t="179" w="242" /></phr></stem><stem n="ice-format"><phr n="ICE-formatted"><ent r="3" t="179" w="242" /></phr></stem><stem n="whenev"><phr n="whenever"><ent r="3" t="179" w="252" /></phr></stem><stem n="obtain"><phr n="obtained"><ent r="3" t="179" w="262" /></phr><phr n="obtain"><ent r="3" t="187" w="192" /></phr></stem><stem n="d"><phr n="D"><ent r="66" t="179" w="318" /><ent r="64" t="198" w="136" /><ent r="3" t="198" w="227" /><ent r="1000" t="203" w="2" /><ent r="102" t="203" w="5" /></phr><phr n="d"><ent r="4" t="180" w="1586" /></phr></stem><stem n="isplai"><phr n="isplay"><ent r="65" t="179" w="320" /></phr></stem><stem n="f970620t01p02"><phr n="f970620t01p02"><ent r="5" t="179" w="546" /><ent r="6" t="179" w="2331" /><ent r="5" t="181" w="415" /><ent r="5" t="185" w="274" /><ent r="6" t="185" w="532" /></phr></stem><stem n="f970620t01p02_r03"><phr n="f970620t01p02_r03"><ent r="5" t="179" w="547" /><ent r="5" t="179" w="546" /><ent r="6" t="179" w="2332" /><ent r="6" t="179" w="2331" /><ent r="5" t="181" w="416" /><ent r="5" t="181" w="415" /><ent r="5" t="185" w="275" /><ent r="5" t="185" w="274" /><ent r="6" t="185" w="533" /><ent r="6" t="185" w="532" /></phr></stem><stem n="r03"><phr n="r03"><ent r="5" t="179" w="547" /><ent r="6" t="179" w="2332" /><ent r="5" t="181" w="416" /><ent r="5" t="185" w="275" /><ent r="6" t="185" w="533" /></phr></stem><stem n="f970620t01p02_r03_sc01"><phr n="f970620t01p02_r03_sc01"><ent r="5" t="179" w="548" /><ent r="5" t="179" w="546" /><ent r="6" t="179" w="2333" /><ent r="6" t="179" w="2331" /><ent r="5" t="181" w="417" /><ent r="5" t="181" w="415" /><ent r="5" t="185" w="276" /><ent r="5" t="185" w="274" /><ent r="6" t="185" w="534" /><ent r="6" t="185" w="532" /></phr></stem><stem n="sc01"><phr n="sc01"><ent r="5" t="179" w="548" /><ent r="6" t="179" w="2333" /><ent r="5" t="181" w="417" /><ent r="5" t="185" w="276" /><ent r="6" t="185" w="534" /></phr></stem><stem n="f970620t01p02_r03_sc01.a"><phr n="f970620t01p02_r03_sc01.a"><ent r="5" t="179" w="549" /><ent r="5" t="179" w="546" /><ent r="5" t="181" w="418" /><ent r="5" t="181" w="415" /><ent r="5" t="185" w="277" /><ent r="5" t="185" w="274" /><ent r="6" t="185" w="535" /><ent r="6" t="185" w="532" /></phr></stem><stem n="f970620t01p02_r03_sc01.a.bip"><phr n="f970620t01p02_r03_sc01.a.bip"><ent r="5" t="179" w="550" /><ent r="5" t="179" w="546" /><ent r="6" t="185" w="536" /><ent r="6" t="185" w="532" /></phr></stem><stem n="f970620t01p02_r03_sc01.a.bip."><phr n="f970620t01p02_r03_sc01.a.bip."><ent r="5" t="179" w="550" /><ent r="5" t="179" w="546" /></phr></stem><stem n="_r03_sc01.a.bip."><phr n="_r03_sc01.a.bip."><ent r="5" t="179" w="551" /></phr></stem><stem n="outlin"><phr n="outlining"><ent r="3" t="179" w="709" /></phr><phr n="outline"><ent r="4" t="183" w="872" /></phr><phr n="outlined"><ent r="4" t="183" w="916" /><ent r="3" t="187" w="571" /></phr></stem><stem n="-size"><phr n="-size"><ent r="3" t="179" w="731" /><ent r="3" t="179" w="731" /></phr></stem><stem n="full-siz"><phr n="full-size"><ent r="3" t="179" w="731" /></phr></stem><stem n="-spatial"><phr n="-spatial"><ent r="3" t="179" w="750" /><ent r="3" t="179" w="750" /></phr></stem><stem n="geo-spati"><phr n="geo-spatial"><ent r="3" t="179" w="750" /></phr></stem><stem n="enlarg"><phr n="enlarge"><ent r="4" t="179" w="944" /><ent r="4" t="181" w="638" /><ent r="4" t="186" w="1131" /></phr></stem><stem n="180"><phr n="180"><ent r="4" t="179" w="1008" /></phr></stem><stem n="horizontal-axi"><phr n="horizontal-axis"><ent r="4" t="179" w="1012" /></phr></stem><stem n="represent"><phr n="representation"><ent r="4" t="179" w="1102" /><ent r="7" t="199" w="189" /></phr></stem><stem n="windo"><phr n="Windo"><ent r="5" t="179" w="1160" /></phr></stem><stem n="white"><phr n="white"><ent r="3" t="179" w="1265" /><ent r="4" t="179" w="2181" /><ent r="3" t="186" w="617" /><ent r="4" t="186" w="1126" /><ent r="3" t="194" w="224" /></phr></stem><stem n="inact"><phr n="inactive"><ent r="3" t="179" w="1267" /></phr></stem><stem n="abov"><phr n="above"><ent r="3" t="179" w="1300" /><ent r="3" t="187" w="1689" /></phr></stem><stem n="approxim"><phr n="approximately"><ent r="3" t="179" w="1310" /><ent r="4" t="180" w="1923" /></phr><phr n="approximate"><ent r="3" t="193" w="124" /></phr></stem><stem n="19"><phr n="19"><ent r="3" t="179" w="1315" /><ent r="3" t="199" w="716" /></phr></stem><stem n="meet"><phr n="meeting"><ent r="3" t="179" w="1332" /></phr></stem><stem n="criteria"><phr n="criteria"><ent r="3" t="179" w="1334" /></phr></stem><stem n="experi"><phr n="Experiment"><ent r="3" t="179" w="1450" /><ent r="4" t="179" w="1880" /><ent r="4" t="179" w="1964" /></phr></stem><stem n="observ"><phr n="observing"><ent r="3" t="179" w="1460" /></phr><phr n="observe"><ent r="4" t="179" w="1839" /><ent r="4" t="179" w="1870" /></phr></stem><stem n="(red,"><phr n="(Red,"><ent r="3" t="179" w="1469" /></phr></stem><stem n="spreadsheet"><phr n="spreadsheets"><ent r="3" t="179" w="1535" /></phr></stem><stem n="(click"><phr n="(click"><ent r="4" t="179" w="1726" /><ent r="4" t="181" w="897" /></phr><phr n="(Click"><ent r="3" t="181" w="910" /></phr></stem><stem n="feel"><phr n="feel"><ent r="4" t="179" w="1900" /></phr></stem><stem n="relationship"><phr n="relationship"><ent r="4" t="179" w="1903" /></phr></stem><stem n="-grai"><phr n="-Gray"><ent r="4" t="179" w="1936" /><ent r="4" t="179" w="1936" /></phr></stem><stem n="1-grai"><phr n="1-Gray"><ent r="4" t="179" w="1936" /></phr></stem><stem n="69"><phr n="69"><ent r="5" t="179" w="2037" /></phr></stem><stem n="veget"><phr n="vegetative"><ent r="4" t="179" w="2043" /><ent r="3" t="180" w="2235" /><ent r="4" t="180" w="2802" /></phr><phr n="Vegetation"><ent r="3" t="180" w="282" /><ent r="3" t="180" w="2035" /><ent r="92" t="180" w="2619" /><ent r="4" t="180" w="2892" /></phr><phr n="vegetation"><ent r="3" t="180" w="290" /><ent r="3" t="180" w="301" /></phr></stem><stem n="(top)"><phr n="(top)"><ent r="4" t="179" w="2055" /></phr></stem><stem n="(bottom)"><phr n="(bottom)"><ent r="4" t="179" w="2058" /></phr></stem><stem n="(assum"><phr n="(assuming"><ent r="4" t="179" w="2059" /></phr><phr n="(assumes"><ent r="4" t="194" w="72" /><ent r="4" t="194" w="164" /></phr></stem><stem n="assum"><phr n="assuming"><ent r="4" t="179" w="2059" /><ent r="3" t="194" w="255" /></phr><phr n="assumes"><ent r="4" t="194" w="72" /><ent r="4" t="194" w="92" /><ent r="4" t="194" w="164" /><ent r="4" t="194" w="184" /></phr></stem><stem n="r3g2b1"><phr n="R3G2B1"><ent r="4" t="179" w="2070" /></phr></stem><stem n="–"><phr n="–"><ent r="92" t="179" w="2119" /><ent r="3" t="193" w="197" /><ent r="3" t="193" w="215" /></phr></stem><stem n="reload"><phr n="Reload"><ent r="92" t="179" w="2313" /><ent r="4" t="188" w="70" /><ent r="92" t="188" w="410" /></phr><phr n="reload"><ent r="3" t="181" w="147" /></phr></stem><stem n="f970620t01p02_r03_sc01.re"><phr n="f970620t01p02_r03_sc01.re"><ent r="6" t="179" w="2334" /><ent r="6" t="179" w="2331" /></phr></stem><stem n="f970620t01p02_r03_sc01.re.ic"><phr n="f970620t01p02_r03_sc01.re.ice"><ent r="6" t="179" w="2335" /><ent r="6" t="179" w="2331" /></phr></stem><stem n="_r03_sc01.re.ice.h5"><phr n="_r03_sc01.re.ice.h5"><ent r="6" t="179" w="2336" /></phr></stem><stem n="f970620t01p02_r03_sc01.re.ice.h5"><phr n="f970620t01p02_r03_sc01.re.ice.h5"><ent r="6" t="179" w="2336" /><ent r="6" t="179" w="2331" /></phr></stem><stem n="/review"><phr n="/Review"><ent r="4" t="179" w="2361" /><ent r="4" t="181" w="1598" /><ent r="4" t="183" w="1108" /><ent r="4" t="184" w="1305" /><ent r="4" t="186" w="1209" /><ent r="4" t="187" w="1869" /></phr></stem><stem n="summary/review"><phr n="Summary/Review"><ent r="4" t="179" w="2361" /><ent r="4" t="179" w="2360" /><ent r="4" t="181" w="1598" /><ent r="4" t="181" w="1597" /><ent r="4" t="183" w="1108" /><ent r="4" t="183" w="1107" /><ent r="4" t="184" w="1305" /><ent r="4" t="184" w="1304" /><ent r="4" t="185" w="563" /><ent r="4" t="185" w="562" /><ent r="4" t="186" w="1209" /><ent r="4" t="186" w="1208" /><ent r="4" t="187" w="1869" /><ent r="4" t="187" w="1868" /></phr></stem><stem n="/annot"><phr n="/annotations"><ent r="4" t="180" w="122" /></phr></stem><stem n="(gcps)."><phr n="(GCPs)."><ent r="3" t="180" w="154" /></phr></stem><stem n="unitless"><phr n="unitless"><ent r="3" t="180" w="197" /></phr></stem><stem n="length"><phr n="lengths"><ent r="3" t="180" w="199" /></phr><phr n="length"><ent r="3" t="180" w="207" /><ent r="4" t="180" w="1918" /></phr></stem><stem n="equival"><phr n="equivalent"><ent r="3" t="180" w="204" /></phr></stem><stem n="form"><phr n="formed"><ent r="3" t="180" w="271" /></phr><phr n="form"><ent r="3" t="183" w="235" /><ent r="3" t="184" w="224" /></phr></stem><stem n="index"><phr n="Index"><ent r="3" t="180" w="283" /><ent r="3" t="180" w="2036" /></phr><phr n="index"><ent r="6" t="230" w="36" /></phr></stem><stem n="ndvi"><phr n="NDVI"><ent r="3" t="180" w="284" /><ent r="3" t="180" w="2037" /></phr></stem><stem n="(ndvi)"><phr n="(NDVI)"><ent r="3" t="180" w="285" /><ent r="3" t="180" w="2038" /></phr></stem><stem n="classifi"><phr n="classify"><ent r="3" t="180" w="289" /></phr><phr n="classified"><ent r="3" t="218" w="249" /><ent r="3" t="218" w="253" /></phr></stem><stem n="reli"><phr n="relies"><ent r="3" t="180" w="299" /></phr></stem><stem n="low"><phr n="low"><ent r="3" t="180" w="303" /><ent r="3" t="224" w="175" /></phr></stem><stem n="-ir"><phr n="-IR"><ent r="3" t="180" w="314" /><ent r="3" t="180" w="314" /></phr></stem><stem n="near-ir"><phr n="near-IR"><ent r="3" t="180" w="314" /></phr></stem><stem n="materi"><phr n="materials"><ent r="3" t="180" w="322" /><ent r="3" t="180" w="3165" /></phr></stem><stem n="reus"><phr n="reused"><ent r="3" t="180" w="419" /></phr></stem><stem n="target"><phr n="target"><ent r="3" t="180" w="436" /></phr></stem><stem n="callout"><phr n="callouts"><ent r="3" t="180" w="437" /></phr></stem><stem n="&quot;automat"><phr n="&quot;Automatically"><ent r="92" t="180" w="676" /></phr></stem><stem n="you'll"><phr n="you'll"><ent r="3" t="180" w="698" /><ent r="3" t="180" w="697" /></phr></stem><stem n="p014r033"><phr n="p014r033"><ent r="5" t="180" w="789" /><ent r="6" t="180" w="1212" /><ent r="5" t="180" w="1786" /><ent r="5" t="180" w="2394" /><ent r="5" t="180" w="2566" /></phr></stem><stem n="p014r033_7t10000923"><phr n="p014r033_7t10000923"><ent r="5" t="180" w="790" /><ent r="5" t="180" w="789" /><ent r="6" t="180" w="1213" /><ent r="6" t="180" w="1212" /><ent r="5" t="180" w="1787" /><ent r="5" t="180" w="1786" /></phr></stem><stem n="7t10000923"><phr n="7t10000923"><ent r="5" t="180" w="790" /><ent r="6" t="180" w="1213" /><ent r="5" t="180" w="1787" /></phr></stem><stem n="p014r033_7t10000923_z18"><phr n="p014r033_7t10000923_z18"><ent r="5" t="180" w="791" /><ent r="5" t="180" w="789" /><ent r="6" t="180" w="1214" /><ent r="6" t="180" w="1212" /><ent r="5" t="180" w="1788" /><ent r="5" t="180" w="1786" /></phr></stem><stem n="z18"><phr n="z18"><ent r="5" t="180" w="791" /><ent r="6" t="180" w="1214" /><ent r="5" t="180" w="1788" /><ent r="5" t="180" w="2396" /><ent r="5" t="180" w="2568" /></phr></stem><stem n="p014r033_7t10000923_z18_spectral"><phr n="p014r033_7t10000923_z18_spectral"><ent r="5" t="180" w="792" /><ent r="5" t="180" w="789" /><ent r="6" t="180" w="1215" /><ent r="6" t="180" w="1212" /><ent r="5" t="180" w="1789" /><ent r="5" t="180" w="1786" /></phr></stem><stem n="p014r033_7t10000923_z18_spectral.r"><phr n="p014r033_7t10000923_z18_spectral.re"><ent r="5" t="180" w="793" /><ent r="5" t="180" w="789" /><ent r="6" t="180" w="1216" /><ent r="6" t="180" w="1212" /><ent r="5" t="180" w="1790" /><ent r="5" t="180" w="1786" /></phr></stem><stem n="p014r033_7t10000923_z18_spectral.re.ic"><phr n="p014r033_7t10000923_z18_spectral.re.ice"><ent r="5" t="180" w="794" /><ent r="5" t="180" w="789" /><ent r="6" t="180" w="1217" /><ent r="6" t="180" w="1212" /><ent r="5" t="180" w="1791" /><ent r="5" t="180" w="1786" /></phr></stem><stem n="_7t10000923_z18_spectral.re.ice.h5"><phr n="_7t10000923_z18_spectral.re.ice.h5"><ent r="5" t="180" w="795" /><ent r="6" t="180" w="1218" /><ent r="5" t="180" w="1792" /></phr></stem><stem n="p014r033_7t10000923_z18_spectral.re.ice.h5"><phr n="p014r033_7t10000923_z18_spectral.re.ice.h5"><ent r="5" t="180" w="795" /><ent r="5" t="180" w="789" /><ent r="6" t="180" w="1218" /><ent r="6" t="180" w="1212" /><ent r="5" t="180" w="1792" /><ent r="5" t="180" w="1786" /></phr></stem><stem n="five"><phr n="five"><ent r="3" t="180" w="959" /><ent r="4" t="180" w="1295" /></phr></stem><stem n="(more"><phr n="(More"><ent r="3" t="180" w="972" /></phr></stem><stem n="inaccur"><phr n="inaccurate"><ent r="3" t="180" w="985" /></phr></stem><stem n="came"><phr n="came"><ent r="4" t="180" w="1146" /></phr></stem><stem n="project"><phr n="project"><ent r="4" t="180" w="1202" /></phr><phr n="projection"><ent r="7" t="199" w="427" /><ent r="6" t="199" w="459" /></phr><phr n="Projection"><ent r="7" t="199" w="450" /></phr></stem><stem n="reopen"><phr n="Reopen"><ent r="4" t="180" w="1209" /><ent r="4" t="180" w="1783" /></phr></stem><stem n="reappear"><phr n="reappear"><ent r="4" t="180" w="1229" /></phr></stem><stem n="7842"><phr n="7842"><ent r="4" t="180" w="1421" /><ent r="6" t="180" w="1682" /></phr></stem><stem n="tell"><phr n="tell"><ent r="3" t="180" w="1425" /></phr></stem><stem n="0°"><phr n="0°"><ent r="5" t="180" w="1469" /><ent r="5" t="180" w="1632" /></phr></stem><stem n="n37"><phr n="N37"><ent r="5" t="180" w="1476" /></phr></stem><stem n="9'8"><phr n="9'8"><ent r="4" t="180" w="1489" /><ent r="4" t="180" w="1488" /></phr></stem><stem n="9'8.529"><phr n="9'8.529"><ent r="4" t="180" w="1490" /><ent r="4" t="180" w="1488" /></phr></stem><stem n="529"><phr n="529"><ent r="4" t="180" w="1490" /></phr></stem><stem n="'8.529&quot;"><phr n="'8.529&quot;"><ent r="4" t="180" w="1491" /></phr></stem><stem n="(where"><phr n="(where"><ent r="4" t="180" w="1491" /></phr></stem><stem n="denot"><phr n="denote"><ent r="4" t="180" w="1493" /></phr></stem><stem n="n37°52"><phr n="N37°52"><ent r="5" t="180" w="1503" /></phr></stem><stem n="&quot;."><phr n="&quot;."><ent r="4" t="180" w="1505" /></phr></stem><stem n="alt"><phr n="Alt"><ent r="3" t="180" w="1533" /><ent r="3" t="228" w="58" /><ent r="3" t="228" w="167" /></phr></stem><stem n="0176"><phr n="0176"><ent r="3" t="180" w="1540" /></phr></stem><stem n="keypad"><phr n="keypad"><ent r="3" t="180" w="1551" /></phr></stem><stem n="numlock"><phr n="NumLock"><ent r="4" t="180" w="1555" /></phr></stem><stem n="letter"><phr n="letters"><ent r="3" t="180" w="1584" /></phr></stem><stem n="m"><phr n="m"><ent r="4" t="180" w="1589" /></phr></stem><stem n="south"><phr n="South"><ent r="3" t="180" w="1595" /><ent r="7" t="199" w="454" /></phr></stem><stem n="west"><phr n="West"><ent r="3" t="180" w="1597" /></phr></stem><stem n="107°46"><phr n="107°46"><ent r="3" t="180" w="1612" /></phr></stem><stem n="107°46'37"><phr n="107°46'37"><ent r="3" t="180" w="1613" /><ent r="3" t="180" w="1612" /></phr></stem><stem n="37"><phr n="37"><ent r="3" t="180" w="1613" /></phr></stem><stem n="107°46'37.798"><phr n="107°46'37.798"><ent r="3" t="180" w="1614" /><ent r="3" t="180" w="1612" /></phr></stem><stem n="798"><phr n="798"><ent r="3" t="180" w="1614" /></phr><phr n="798s"><ent r="3" t="180" w="1621" /></phr></stem><stem n="'37.798&quot;"><phr n="'37.798&quot;"><ent r="3" t="180" w="1615" /></phr></stem><stem n="107d46m37"><phr n="107d46m37"><ent r="3" t="180" w="1620" /></phr></stem><stem n="-107d46m37.798"><phr n="-107d46m37.798s"><ent r="3" t="180" w="1621" /><ent r="3" t="180" w="1621" /></phr></stem><stem n="107d46m37.798"><phr n="107d46m37.798s"><ent r="3" t="180" w="1621" /><ent r="3" t="180" w="1620" /></phr></stem><stem n="w76°46"><phr n="W76°46"><ent r="5" t="180" w="1638" /></phr></stem><stem n="-refer"><phr n="-Reference"><ent r="7" t="180" w="1656" /><ent r="7" t="180" w="1656" /><ent r="7" t="180" w="1659" /><ent r="7" t="180" w="1659" /></phr></stem><stem n="x-refer"><phr n="X-Reference"><ent r="7" t="180" w="1656" /></phr></stem><stem n="y-refer"><phr n="Y-Reference"><ent r="7" t="180" w="1659" /></phr></stem><stem n="n37°43"><phr n="N37°43"><ent r="8" t="180" w="1673" /></phr></stem><stem n="w76°47"><phr n="W76°47"><ent r="8" t="180" w="1675" /></phr></stem><stem n="8732"><phr n="8732"><ent r="8" t="180" w="1680" /></phr></stem><stem n="n37°53"><phr n="N37°53"><ent r="8" t="180" w="1684" /></phr></stem><stem n="w73°54"><phr n="W73°54"><ent r="8" t="180" w="1686" /></phr></stem><stem n="pair"><phr n="pairings"><ent r="3" t="180" w="1771" /><ent r="3" t="180" w="2310" /></phr><phr n="pair"><ent r="3" t="187" w="892" /><ent r="6" t="199" w="229" /><ent r="6" t="199" w="242" /></phr></stem><stem n="ruler"><phr n="ruler"><ent r="4" t="180" w="1901" /></phr></stem><stem n="diamet"><phr n="diameter"><ent r="4" t="180" w="1920" /><ent r="4" t="197" w="88" /><ent r="4" t="197" w="112" /></phr></stem><stem n="1016"><phr n="1016"><ent r="4" t="180" w="1924" /></phr></stem><stem n="six"><phr n="six"><ent r="3" t="180" w="2006" /></phr></stem><stem n="formula"><phr n="formula"><ent r="3" t="180" w="2029" /><ent r="4" t="180" w="2149" /><ent r="3" t="193" w="185" /></phr></stem><stem n="nir-r"><phr n="NIR-Red"><ent r="3" t="180" w="2047" /></phr></stem><stem n="nir+r"><phr n="NIR+Red"><ent r="3" t="180" w="2049" /></phr></stem><stem n="(nir-red)/(nir+red)"><phr n="(NIR-Red)/(NIR+Red)"><ent r="3" t="180" w="2050" /></phr></stem><stem n="b4"><phr n="b4"><ent r="3" t="180" w="2053" /><ent r="3" t="180" w="2069" /><ent r="3" t="180" w="2105" /><ent r="3" t="180" w="2157" /><ent r="5" t="187" w="665" /></phr></stem><stem n="b4-b3"><phr n="b4-b3"><ent r="3" t="180" w="2053" /><ent r="3" t="180" w="2105" /><ent r="3" t="180" w="2157" /><ent r="5" t="187" w="665" /></phr></stem><stem n="b3"><phr n="b3"><ent r="3" t="180" w="2054" /><ent r="3" t="180" w="2106" /><ent r="3" t="180" w="2158" /><ent r="5" t="187" w="666" /></phr></stem><stem n="b4+b3"><phr n="b4+b3"><ent r="3" t="180" w="2055" /><ent r="3" t="180" w="2159" /><ent r="5" t="187" w="667" /></phr></stem><stem n="(b4-b3)/(b4+b3)."><phr n="(b4-b3)/(b4+b3)."><ent r="3" t="180" w="2056" /><ent r="5" t="187" w="668" /></phr></stem><stem n="parenthes"><phr n="parentheses"><ent r="4" t="180" w="2059" /><ent r="4" t="180" w="2111" /><ent r="5" t="180" w="2122" /><ent r="7" t="196" w="104" /><ent r="7" t="196" w="107" /></phr></stem><stem n="(b4)"><phr n="(b4)"><ent r="3" t="180" w="2070" /></phr></stem><stem n="subtract"><phr n="subtraction"><ent r="4" t="180" w="2088" /></phr><phr n="subtracted"><ent r="4" t="194" w="82" /><ent r="4" t="194" w="174" /></phr><phr n="Subtract"><ent r="7" t="196" w="15" /></phr></stem><stem n="(b4-b3)."><phr n="(b4-b3)."><ent r="3" t="180" w="2107" /></phr></stem><stem n="divis"><phr n="division"><ent r="4" t="180" w="2116" /></phr></stem><stem n="(b4-b3)/(b4+b3)"><phr n="(b4-b3)/(b4+b3)"><ent r="3" t="180" w="2160" /></phr></stem><stem n="successfulli"><phr n="successfully"><ent r="4" t="180" w="2176" /><ent r="4" t="180" w="2180" /><ent r="4" t="185" w="463" /><ent r="3" t="185" w="500" /><ent r="3" t="200" w="144" /><ent r="3" t="200" w="153" /></phr></stem><stem n="highli"><phr n="highly"><ent r="3" t="180" w="2234" /><ent r="4" t="180" w="2801" /><ent r="3" t="182" w="701" /></phr></stem><stem n="-math-gener"><phr n="-math-generated"><ent r="3" t="180" w="2255" /><ent r="3" t="180" w="2256" /></phr></stem><stem n="band-math"><phr n="band-math"><ent r="3" t="180" w="2255" /><ent r="4" t="180" w="2706" /><ent r="4" t="180" w="2718" /></phr></stem><stem n="band-math-gener"><phr n="band-math-generated"><ent r="3" t="180" w="2255" /></phr></stem><stem n="math-gener"><phr n="math-generated"><ent r="3" t="180" w="2256" /></phr></stem><stem n="-by-side,"><phr n="-by-side,"><ent r="4" t="180" w="2327" /><ent r="4" t="180" w="2328" /><ent r="4" t="186" w="908" /><ent r="4" t="186" w="909" /></phr></stem><stem n="p014r033_7t19990923"><phr n="p014r033_7t19990923"><ent r="5" t="180" w="2395" /><ent r="5" t="180" w="2394" /><ent r="5" t="180" w="2567" /><ent r="5" t="180" w="2566" /></phr></stem><stem n="7t19990923"><phr n="7t19990923"><ent r="5" t="180" w="2395" /><ent r="5" t="180" w="2567" /></phr></stem><stem n="p014r033_7t19990923_z18"><phr n="p014r033_7t19990923_z18"><ent r="5" t="180" w="2396" /><ent r="5" t="180" w="2394" /><ent r="5" t="180" w="2568" /><ent r="5" t="180" w="2566" /></phr></stem><stem n="p014r033_7t19990923_z18_spectral"><phr n="p014r033_7t19990923_z18_spectral"><ent r="5" t="180" w="2397" /><ent r="5" t="180" w="2394" /><ent r="5" t="180" w="2569" /><ent r="5" t="180" w="2566" /></phr></stem><stem n="p014r033_7t19990923_z18_spectral.ic"><phr n="p014r033_7t19990923_z18_spectral.ice"><ent r="5" t="180" w="2398" /><ent r="5" t="180" w="2394" /><ent r="5" t="180" w="2570" /><ent r="5" t="180" w="2566" /></phr></stem><stem n="_7t19990923_z18_spectral.ice.h5"><phr n="_7t19990923_z18_spectral.ice.h5"><ent r="5" t="180" w="2399" /><ent r="5" t="180" w="2571" /></phr></stem><stem n="p014r033_7t19990923_z18_spectral.ice.h5"><phr n="p014r033_7t19990923_z18_spectral.ice.h5"><ent r="5" t="180" w="2399" /><ent r="5" t="180" w="2394" /><ent r="5" t="180" w="2571" /><ent r="5" t="180" w="2566" /></phr></stem><stem n="pixel-bas"><phr n="pixel-based"><ent r="4" t="180" w="2471" /></phr></stem><stem n="(pixel-based)"><phr n="(pixel-based)"><ent r="4" t="180" w="2473" /></phr></stem><stem n="aren"><phr n="aren"><ent r="4" t="180" w="2477" /><ent r="3" t="182" w="1404" /></phr></stem><stem n="aren't"><phr n="aren't"><ent r="4" t="180" w="2478" /><ent r="4" t="180" w="2477" /><ent r="3" t="182" w="1405" /><ent r="3" t="182" w="1404" /></phr></stem><stem n="latitiud"><phr n="Latitiude"><ent r="4" t="180" w="2481" /></phr></stem><stem n="latitiude/longitud"><phr n="Latitiude/Longitude"><ent r="4" t="180" w="2482" /><ent r="4" t="180" w="2481" /></phr></stem><stem n="water"><phr n="water"><ent r="4" t="180" w="2579" /></phr></stem><stem n="inlet"><phr n="inlet"><ent r="4" t="180" w="2580" /><ent r="4" t="180" w="2754" /></phr></stem><stem n="layer'"><phr n="layer's"><ent r="3" t="180" w="2657" /><ent r="3" t="180" w="2656" /></phr></stem><stem n="-math"><phr n="-math"><ent r="4" t="180" w="2706" /><ent r="4" t="180" w="2706" /><ent r="4" t="180" w="2718" /><ent r="4" t="180" w="2718" /></phr></stem><stem n="dot"><phr n="dotted"><ent r="4" t="180" w="2815" /></phr><phr n="dots"><ent r="4" t="187" w="834" /><ent r="3" t="187" w="919" /><ent r="7" t="187" w="1166" /><ent r="3" t="188" w="807" /></phr><phr n="dot"><ent r="3" t="187" w="866" /><ent r="3" t="187" w="929" /><ent r="3" t="187" w="955" /><ent r="3" t="188" w="817" /><ent r="3" t="188" w="844" /><ent r="3" t="188" w="1020" /><ent r="3" t="188" w="1023" /><ent r="6" t="230" w="441" /></phr></stem><stem n="thicker"><phr n="thicker"><ent r="3" t="180" w="2840" /></phr></stem><stem n="(to"><phr n="(to"><ent r="4" t="180" w="2922" /></phr></stem><stem n="72"><phr n="72"><ent r="4" t="180" w="2940" /></phr></stem><stem n="clean"><phr n="clean"><ent r="3" t="180" w="2964" /></phr></stem><stem n="mysampl"><phr n="MySample"><ent r="5" t="180" w="3123" /></phr></stem><stem n="mysample-geo"><phr n="MySample-Geo"><ent r="5" t="180" w="3123" /></phr></stem><stem n="-geo.jpg"><phr n="-Geo.jpg"><ent r="5" t="180" w="3125" /><ent r="5" t="180" w="3125" /></phr></stem><stem n="mysample-geo.jpg"><phr n="MySample-Geo.jpg"><ent r="5" t="180" w="3125" /><ent r="5" t="180" w="3124" /></phr></stem><stem n="jpg"><phr n="jpg"><ent r="5" t="180" w="3125" /></phr></stem><stem n="(both"><phr n="(both"><ent r="3" t="181" w="48" /></phr></stem><stem n="(aoi),"><phr n="(AOI),"><ent r="3" t="181" w="58" /></phr></stem><stem n="unwant"><phr n="unwanted"><ent r="4" t="181" w="93" /></phr></stem></index>