﻿<?xml version="1.0" encoding="utf-8"?><index><stem n="around"><phr n="around"><ent r="3" t="1" w="367" /><ent r="3" t="1" w="476" /><ent r="6" t="7" w="130" /><ent r="3" t="35" w="14" /><ent r="4" t="37" w="75" /><ent r="4" t="40" w="95" /><ent r="4" t="40" w="120" /><ent r="3" t="47" w="115" /><ent r="3" t="49" w="535" /><ent r="3" t="58" w="287" /><ent r="4" t="91" w="68" /><ent r="3" t="115" w="400" /><ent r="4" t="126" w="326" /><ent r="4" t="177" w="71" /><ent r="3" t="179" w="127" /><ent r="4" t="179" w="1029" /><ent r="4" t="179" w="1043" /><ent r="4" t="179" w="2184" /><ent r="4" t="180" w="2818" /><ent r="4" t="181" w="566" /><ent r="4" t="183" w="983" /><ent r="3" t="186" w="619" /></phr></stem><stem n="along"><phr n="along"><ent r="3" t="1" w="374" /><ent r="4" t="184" w="961" /><ent r="3" t="187" w="967" /></phr></stem><stem n="ani"><phr n="any"><ent r="3" t="1" w="375" /><ent r="3" t="13" w="39" /><ent r="4" t="25" w="93" /><ent r="4" t="26" w="575" /><ent r="4" t="28" w="79" /><ent r="4" t="28" w="121" /><ent r="4" t="28" w="176" /><ent r="4" t="28" w="285" /><ent r="3" t="37" w="140" /><ent r="3" t="44" w="668" /><ent r="3" t="79" w="114" /><ent r="3" t="81" w="209" /><ent r="3" t="81" w="452" /><ent r="4" t="91" w="155" /><ent r="3" t="103" w="73" /><ent r="4" t="104" w="185" /><ent r="4" t="104" w="233" /><ent r="3" t="109" w="536" /><ent r="4" t="109" w="551" /><ent r="4" t="109" w="566" /><ent r="3" t="133" w="20" /><ent r="3" t="156" w="19" /><ent r="3" t="157" w="754" /><ent r="3" t="157" w="871" /><ent r="3" t="169" w="101" /><ent r="3" t="169" w="226" /><ent r="3" t="170" w="177" /><ent r="3" t="171" w="95" /><ent r="3" t="171" w="118" /><ent r="3" t="174" w="96" /><ent r="3" t="178" w="116" /><ent r="3" t="178" w="157" /><ent r="4" t="182" w="1052" /><ent r="3" t="184" w="834" /><ent r="3" t="194" w="222" /><ent r="3" t="195" w="105" /><ent r="3" t="195" w="224" /><ent r="3" t="197" w="192" /><ent r="4" t="198" w="281" /><ent r="3" t="211" w="14" /><ent r="4" t="213" w="293" /><ent r="3" t="214" w="110" /><ent r="3" t="214" w="129" /><ent r="4" t="215" w="335" /><ent r="3" t="223" w="41" /><ent r="4" t="229" w="131" /><ent r="4" t="229" w="142" /></phr><phr n="Any"><ent r="3" t="22" w="47" /><ent r="3" t="121" w="67" /><ent r="4" t="171" w="257" /><ent r="3" t="179" w="1329" /><ent r="4" t="186" w="203" /></phr></stem><stem n="side"><phr n="side"><ent r="3" t="1" w="376" /><ent r="4" t="44" w="372" /><ent r="4" t="65" w="105" /><ent r="4" t="106" w="150" /><ent r="4" t="107" w="92" /><ent r="4" t="108" w="105" /><ent r="4" t="109" w="106" /><ent r="3" t="125" w="60" /><ent r="3" t="125" w="507" /><ent r="3" t="125" w="532" /><ent r="4" t="144" w="62" /><ent r="4" t="145" w="62" /><ent r="4" t="147" w="101" /><ent r="4" t="148" w="101" /><ent r="4" t="149" w="115" /><ent r="4" t="150" w="110" /><ent r="4" t="151" w="103" /><ent r="4" t="152" w="101" /><ent r="4" t="153" w="97" /><ent r="4" t="154" w="98" /><ent r="4" t="155" w="108" /><ent r="4" t="156" w="388" /><ent r="4" t="156" w="405" /><ent r="4" t="157" w="364" /><ent r="4" t="157" w="381" /><ent r="4" t="158" w="361" /><ent r="4" t="158" w="378" /><ent r="3" t="170" w="106" /><ent r="4" t="171" w="208" /><ent r="4" t="171" w="210" /><ent r="4" t="171" w="223" /><ent r="4" t="171" w="225" /><ent r="4" t="175" w="242" /><ent r="4" t="175" w="244" /><ent r="3" t="176" w="31" /><ent r="3" t="176" w="33" /><ent r="3" t="176" w="294" /><ent r="3" t="176" w="296" /><ent r="4" t="176" w="304" /><ent r="4" t="176" w="306" /><ent r="4" t="176" w="381" /><ent r="4" t="176" w="383" /><ent r="4" t="176" w="401" /><ent r="4" t="176" w="403" /><ent r="4" t="179" w="1393" /><ent r="4" t="179" w="1402" /><ent r="4" t="180" w="732" /><ent r="4" t="180" w="1908" /><ent r="4" t="180" w="2324" /><ent r="4" t="180" w="2326" /><ent r="4" t="182" w="891" /><ent r="3" t="182" w="1626" /><ent r="3" t="182" w="1628" /><ent r="4" t="182" w="1670" /><ent r="4" t="182" w="1672" /><ent r="3" t="182" w="1702" /><ent r="3" t="182" w="1704" /><ent r="4" t="186" w="905" /><ent r="4" t="186" w="907" /><ent r="3" t="187" w="841" /><ent r="4" t="213" w="489" /><ent r="4" t="213" w="506" /><ent r="4" t="227" w="103" /><ent r="4" t="229" w="102" /></phr><phr n="sides"><ent r="3" t="115" w="381" /></phr><phr n="Side"><ent r="3" t="175" w="51" /><ent r="3" t="175" w="53" /><ent r="5" t="175" w="144" /><ent r="5" t="175" w="146" /><ent r="92" t="176" w="286" /><ent r="92" t="176" w="288" /><ent r="3" t="182" w="1093" /><ent r="3" t="182" w="1095" /><ent r="92" t="182" w="1618" /><ent r="92" t="182" w="1620" /></phr></stem><stem n="float"><phr n="float"><ent r="3" t="1" w="385" /><ent r="6" t="243" w="188" /></phr><phr n="floating"><ent r="3" t="167" w="647" /><ent r="3" t="167" w="716" /><ent r="7" t="199" w="212" /><ent r="7" t="199" w="220" /><ent r="7" t="199" w="348" /></phr></stem><stem n="anywher"><phr n="anywhere"><ent r="3" t="1" w="386" /><ent r="3" t="1" w="515" /><ent r="3" t="85" w="69" /></phr></stem><stem n="desktop"><phr n="desktop"><ent r="3" t="1" w="389" /><ent r="3" t="19" w="128" /><ent r="3" t="187" w="1284" /><ent r="3" t="188" w="1098" /></phr><phr n="Desktop"><ent r="4" t="188" w="79" /></phr></stem><stem n="even"><phr n="even"><ent r="3" t="1" w="390" /><ent r="3" t="64" w="203" /><ent r="3" t="171" w="52" /><ent r="3" t="182" w="125" /></phr></stem><stem n="outsid"><phr n="outside"><ent r="3" t="1" w="391" /><ent r="3" t="49" w="513" /><ent r="4" t="122" w="88" /><ent r="3" t="183" w="139" /><ent r="3" t="184" w="129" /></phr><phr n="Outside"><ent r="6" t="26" w="482" /><ent r="6" t="26" w="507" /><ent r="5" t="154" w="349" /></phr></stem><stem n="hold"><phr n="hold"><ent r="4" t="1" w="404" /><ent r="3" t="18" w="116" /><ent r="3" t="18" w="216" /><ent r="4" t="60" w="58" /><ent r="3" t="125" w="191" /><ent r="4" t="167" w="1098" /><ent r="4" t="179" w="1685" /><ent r="4" t="179" w="2172" /><ent r="4" t="180" w="1281" /><ent r="4" t="181" w="1047" /><ent r="3" t="187" w="857" /><ent r="3" t="187" w="946" /><ent r="3" t="188" w="835" /><ent r="4" t="208" w="379" /><ent r="4" t="208" w="406" /></phr><phr n="holding"><ent r="4" t="1" w="415" /><ent r="3" t="49" w="539" /><ent r="4" t="126" w="311" /><ent r="4" t="179" w="1033" /><ent r="3" t="180" w="1530" /></phr><phr n="Hold"><ent r="3" t="64" w="93" /><ent r="4" t="65" w="111" /><ent r="4" t="65" w="123" /><ent r="4" t="65" w="161" /><ent r="4" t="67" w="145" /><ent r="3" t="179" w="977" /><ent r="3" t="179" w="1629" /><ent r="4" t="198" w="269" /></phr></stem><stem n="left"><phr n="left"><ent r="4" t="1" w="406" /><ent r="4" t="2" w="83" /><ent r="6" t="7" w="163" /><ent r="5" t="13" w="57" /><ent r="7" t="39" w="107" /><ent r="4" t="44" w="371" /><ent r="3" t="49" w="551" /><ent r="7" t="59" w="97" /><ent r="7" t="59" w="114" /><ent r="7" t="59" w="160" /><ent r="7" t="59" w="177" /><ent r="4" t="65" w="126" /><ent r="4" t="65" w="164" /><ent r="4" t="67" w="148" /><ent r="4" t="70" w="57" /><ent r="4" t="70" w="239" /><ent r="4" t="81" w="57" /><ent r="4" t="84" w="77" /><ent r="3" t="102" w="141" /><ent r="3" t="102" w="230" /><ent r="4" t="106" w="149" /><ent r="3" t="107" w="41" /><ent r="4" t="107" w="91" /><ent r="4" t="108" w="104" /><ent r="4" t="109" w="105" /><ent r="3" t="115" w="380" /><ent r="3" t="125" w="59" /><ent r="3" t="125" w="506" /><ent r="4" t="128" w="62" /><ent r="3" t="142" w="35" /><ent r="4" t="142" w="92" /><ent r="3" t="142" w="197" /><ent r="3" t="142" w="642" /><ent r="3" t="142" w="704" /><ent r="4" t="143" w="138" /><ent r="4" t="144" w="61" /><ent r="4" t="145" w="61" /><ent r="4" t="147" w="100" /><ent r="4" t="148" w="100" /><ent r="4" t="149" w="114" /><ent r="4" t="150" w="109" /><ent r="4" t="151" w="102" /><ent r="4" t="152" w="100" /><ent r="4" t="153" w="96" /><ent r="4" t="154" w="97" /><ent r="4" t="155" w="107" /><ent r="4" t="156" w="387" /><ent r="4" t="157" w="363" /><ent r="3" t="158" w="239" /><ent r="3" t="158" w="242" /><ent r="4" t="158" w="360" /><ent r="3" t="162" w="147" /><ent r="4" t="167" w="1101" /><ent r="3" t="168" w="57" /><ent r="3" t="179" w="646" /><ent r="4" t="179" w="948" /><ent r="3" t="179" w="980" /><ent r="4" t="179" w="1036" /><ent r="3" t="179" w="1312" /><ent r="3" t="179" w="1631" /><ent r="4" t="179" w="1687" /><ent r="4" t="179" w="1693" /><ent r="4" t="179" w="1821" /><ent r="4" t="179" w="2175" /><ent r="4" t="179" w="2192" /><ent r="4" t="180" w="731" /><ent r="4" t="181" w="569" /><ent r="4" t="183" w="974" /><ent r="4" t="184" w="949" /><ent r="4" t="184" w="970" /><ent r="3" t="187" w="838" /><ent r="3" t="187" w="1076" /><ent r="3" t="188" w="878" /><ent r="7" t="190" w="93" /><ent r="7" t="190" w="110" /><ent r="7" t="190" w="129" /><ent r="7" t="190" w="146" /><ent r="4" t="213" w="488" /><ent r="5" t="226" w="94" /><ent r="4" t="227" w="102" /><ent r="4" t="229" w="101" /><ent r="6" t="230" w="130" /></phr><phr n="Left"><ent r="5" t="3" w="137" /><ent r="5" t="3" w="152" /><ent r="7" t="39" w="74" /><ent r="3" t="47" w="86" /><ent r="3" t="64" w="148" /><ent r="3" t="64" w="182" /><ent r="4" t="108" w="481" /><ent r="4" t="108" w="484" /><ent r="5" t="142" w="117" /><ent r="5" t="142" w="226" /><ent r="4" t="142" w="303" /><ent r="4" t="176" w="327" /></phr></stem><stem n="button"><phr n="button"><ent r="4" t="1" w="408" /><ent r="4" t="1" w="418" /><ent r="4" t="1" w="431" /><ent r="6" t="3" w="18" /><ent r="5" t="3" w="36" /><ent r="6" t="3" w="113" /><ent r="5" t="3" w="130" /><ent r="5" t="3" w="138" /><ent r="5" t="3" w="153" /><ent r="6" t="7" w="196" /><ent r="7" t="8" w="93" /><ent r="7" t="8" w="120" /><ent r="7" t="8" w="135" /><ent r="7" t="14" w="111" /><ent r="7" t="14" w="135" /><ent r="7" t="14" w="149" /><ent r="3" t="18" w="63" /><ent r="3" t="18" w="166" /><ent r="4" t="18" w="186" /><ent r="4" t="20" w="304" /><ent r="4" t="21" w="270" /><ent r="4" t="21" w="428" /><ent r="4" t="21" w="439" /><ent r="4" t="21" w="484" /><ent r="4" t="21" w="522" /><ent r="3" t="23" w="112" /><ent r="3" t="24" w="100" /><ent r="4" t="24" w="127" /><ent r="4" t="26" w="185" /><ent r="4" t="26" w="276" /><ent r="4" t="26" w="293" /><ent r="3" t="27" w="111" /><ent r="4" t="27" w="151" /><ent r="4" t="29" w="96" /><ent r="4" t="29" w="115" /><ent r="3" t="30" w="85" /><ent r="4" t="30" w="92" /><ent r="3" t="31" w="42" /><ent r="3" t="32" w="128" /><ent r="4" t="32" w="190" /><ent r="3" t="35" w="52" /><ent r="3" t="37" w="22" /><ent r="4" t="37" w="67" /><ent r="3" t="37" w="142" /><ent r="3" t="38" w="30" /><ent r="3" t="38" w="141" /><ent r="3" t="39" w="59" /><ent r="3" t="40" w="71" /><ent r="3" t="41" w="33" /><ent r="3" t="42" w="13" /><ent r="4" t="42" w="45" /><ent r="4" t="43" w="79" /><ent r="4" t="43" w="103" /><ent r="3" t="43" w="184" /><ent r="3" t="43" w="212" /><ent r="3" t="44" w="91" /><ent r="4" t="44" w="229" /><ent r="4" t="44" w="246" /><ent r="4" t="44" w="257" /><ent r="4" t="44" w="304" /><ent r="4" t="44" w="544" /><ent r="4" t="44" w="656" /><ent r="3" t="46" w="62" /><ent r="3" t="47" w="66" /><ent r="3" t="48" w="109" /><ent r="4" t="48" w="316" /><ent r="3" t="49" w="157" /><ent r="3" t="49" w="293" /><ent r="6" t="49" w="353" /><ent r="6" t="49" w="355" /><ent r="5" t="49" w="376" /><ent r="3" t="49" w="493" /><ent r="3" t="49" w="553" /><ent r="3" t="49" w="598" /><ent r="4" t="50" w="262" /><ent r="4" t="50" w="265" /><ent r="4" t="50" w="275" /><ent r="3" t="51" w="84" /><ent r="4" t="51" w="115" /><ent r="3" t="51" w="122" /><ent r="3" t="52" w="73" /><ent r="3" t="52" w="80" /><ent r="3" t="56" w="13" /><ent r="3" t="56" w="47" /><ent r="3" t="56" w="74" /><ent r="4" t="58" w="243" /><ent r="7" t="59" w="99" /><ent r="7" t="59" w="116" /><ent r="7" t="59" w="162" /><ent r="7" t="59" w="179" /><ent r="4" t="60" w="40" /><ent r="4" t="61" w="37" /><ent r="3" t="62" w="134" /><ent r="4" t="62" w="198" /><ent r="3" t="62" w="216" /><ent r="3" t="62" w="232" /><ent r="3" t="64" w="72" /><ent r="3" t="64" w="108" /><ent r="4" t="65" w="128" /><ent r="4" t="65" w="141" /><ent r="4" t="65" w="166" /><ent r="4" t="65" w="179" /><ent r="4" t="67" w="82" /><ent r="4" t="67" w="150" /><ent r="4" t="67" w="164" /><ent r="4" t="67" w="281" /><ent r="4" t="67" w="285" /><ent r="4" t="67" w="290" /><ent r="3" t="69" w="126" /><ent r="3" t="69" w="141" /><ent r="3" t="70" w="100" /><ent r="4" t="70" w="105" /><ent r="4" t="70" w="131" /><ent r="4" t="70" w="164" /><ent r="4" t="70" w="171" /><ent r="4" t="70" w="213" /><ent r="4" t="70" w="292" /><ent r="4" t="72" w="119" /><ent r="3" t="74" w="82" /><ent r="4" t="74" w="126" /><ent r="4" t="74" w="139" /><ent r="4" t="74" w="172" /><ent r="4" t="74" w="195" /><ent r="4" t="74" w="215" /><ent r="3" t="74" w="307" /><ent r="3" t="74" w="335" /><ent r="4" t="77" w="73" /><ent r="4" t="78" w="122" /><ent r="4" t="80" w="146" /><ent r="4" t="80" w="223" /><ent r="4" t="80" w="242" /><ent r="4" t="81" w="289" /><ent r="4" t="81" w="302" /><ent r="4" t="81" w="309" /><ent r="3" t="81" w="329" /><ent r="3" t="81" w="533" /><ent r="3" t="83" w="113" /><ent r="4" t="83" w="230" /><ent r="4" t="83" w="264" /><ent r="4" t="83" w="312" /><ent r="4" t="84" w="79" /><ent r="4" t="84" w="98" /><ent r="3" t="87" w="86" /><ent r="3" t="91" w="258" /><ent r="4" t="95" w="139" /><ent r="4" t="95" w="263" /><ent r="3" t="96" w="167" /><ent r="4" t="96" w="243" /><ent r="3" t="96" w="259" /><ent r="3" t="96" w="271" /><ent r="3" t="96" w="313" /><ent r="3" t="96" w="325" /><ent r="4" t="99" w="127" /><ent r="4" t="100" w="184" /><ent r="4" t="101" w="191" /><ent r="3" t="102" w="187" /><ent r="3" t="102" w="226" /><ent r="3" t="102" w="244" /><ent r="3" t="103" w="120" /><ent r="4" t="104" w="197" /><ent r="4" t="104" w="206" /><ent r="4" t="104" w="244" /><ent r="4" t="104" w="253" /><ent r="4" t="110" w="296" /><ent r="3" t="111" w="155" /><ent r="3" t="117" w="200" /><ent r="3" t="117" w="217" /><ent r="3" t="117" w="241" /><ent r="3" t="118" w="100" /><ent r="4" t="118" w="120" /><ent r="4" t="119" w="38" /><ent r="4" t="119" w="105" /><ent r="3" t="120" w="61" /><ent r="4" t="120" w="137" /><ent r="3" t="125" w="575" /><ent r="3" t="125" w="602" /><ent r="4" t="126" w="365" /><ent r="4" t="126" w="394" /><ent r="4" t="127" w="49" /><ent r="4" t="128" w="64" /><ent r="4" t="128" w="82" /><ent r="3" t="128" w="176" /><ent r="4" t="131" w="159" /><ent r="3" t="138" w="29" /><ent r="3" t="138" w="78" /><ent r="3" t="138" w="84" /><ent r="4" t="142" w="112" /><ent r="4" t="142" w="156" /><ent r="3" t="142" w="337" /><ent r="4" t="142" w="374" /><ent r="4" t="142" w="457" /><ent r="3" t="142" w="493" /><ent r="3" t="142" w="593" /><ent r="3" t="142" w="667" /><ent r="4" t="143" w="293" /><ent r="3" t="143" w="315" /><ent r="3" t="145" w="152" /><ent r="3" t="145" w="244" /><ent r="3" t="156" w="90" /><ent r="4" t="156" w="168" /><ent r="3" t="156" w="182" /><ent r="3" t="156" w="197" /><ent r="4" t="156" w="452" /><ent r="4" t="156" w="502" /><ent r="3" t="156" w="716" /><ent r="3" t="156" w="772" /><ent r="5" t="157" w="138" /><ent r="3" t="157" w="157" /><ent r="3" t="157" w="173" /><ent r="4" t="157" w="425" /><ent r="4" t="157" w="475" /><ent r="3" t="157" w="689" /><ent r="3" t="157" w="745" /><ent r="4" t="158" w="173" /><ent r="3" t="158" w="191" /><ent r="3" t="158" w="207" /><ent r="4" t="158" w="422" /><ent r="4" t="158" w="472" /><ent r="3" t="158" w="686" /><ent r="3" t="158" w="742" /><ent r="5" t="159" w="177" /><ent r="3" t="159" w="195" /><ent r="3" t="159" w="211" /><ent r="6" t="160" w="75" /><ent r="3" t="160" w="94" /><ent r="3" t="160" w="110" /><ent r="3" t="160" w="209" /><ent r="3" t="160" w="246" /><ent r="4" t="161" w="117" /><ent r="3" t="161" w="215" /><ent r="4" t="161" w="249" /><ent r="3" t="161" w="267" /><ent r="3" t="161" w="283" /><ent r="4" t="162" w="106" /><ent r="3" t="162" w="178" /><ent r="3" t="162" w="196" /><ent r="3" t="162" w="212" /><ent r="4" t="163" w="112" /><ent r="3" t="163" w="130" /><ent r="3" t="163" w="146" /><ent r="3" t="164" w="156" /><ent r="4" t="164" w="208" /><ent r="3" t="164" w="226" /><ent r="3" t="164" w="242" /><ent r="4" t="165" w="143" /><ent r="3" t="165" w="161" /><ent r="3" t="165" w="177" /><ent r="3" t="165" w="347" /><ent r="3" t="166" w="172" /><ent r="3" t="167" w="364" /><ent r="3" t="167" w="817" /><ent r="3" t="167" w="900" /><ent r="3" t="167" w="913" /><ent r="3" t="167" w="927" /><ent r="3" t="168" w="86" /><ent r="3" t="168" w="107" /><ent r="3" t="168" w="165" /><ent r="3" t="168" w="182" /><ent r="4" t="168" w="244" /><ent r="4" t="168" w="260" /><ent r="4" t="168" w="291" /><ent r="4" t="168" w="307" /><ent r="4" t="168" w="338" /><ent r="4" t="169" w="392" /><ent r="3" t="170" w="191" /><ent r="4" t="170" w="272" /><ent r="3" t="170" w="285" /><ent r="3" t="170" w="298" /><ent r="3" t="170" w="312" /><ent r="4" t="172" w="139" /><ent r="4" t="172" w="310" /><ent r="4" t="173" w="86" /><ent r="4" t="173" w="189" /><ent r="4" t="173" w="243" /><ent r="4" t="173" w="290" /><ent r="3" t="174" w="104" /><ent r="4" t="174" w="144" /><ent r="4" t="175" w="305" /><ent r="4" t="175" w="331" /><ent r="4" t="176" w="226" /><ent r="4" t="176" w="233" /><ent r="4" t="176" w="243" /><ent r="4" t="176" w="266" /><ent r="4" t="179" w="578" /><ent r="4" t="179" w="590" /><ent r="3" t="179" w="637" /><ent r="3" t="179" w="648" /><ent r="3" t="179" w="671" /><ent r="3" t="179" w="787" /><ent r="4" t="179" w="863" /><ent r="4" t="179" w="868" /><ent r="3" t="179" w="892" /><ent r="4" t="179" w="908" /><ent r="4" t="179" w="915" /><ent r="4" t="179" w="950" /><ent r="4" t="179" w="959" /><ent r="3" t="179" w="982" /><ent r="4" t="179" w="1002" /><ent r="4" t="179" w="1023" /><ent r="4" t="179" w="1038" /><ent r="4" t="179" w="1080" /><ent r="3" t="179" w="1171" /><ent r="3" t="179" w="1633" /><ent r="3" t="179" w="1648" /><ent r="4" t="179" w="1689" /><ent r="4" t="179" w="1856" /><ent r="3" t="179" w="2001" /><ent r="4" t="179" w="2114" /><ent r="3" t="179" w="2140" /><ent r="4" t="179" w="2164" /><ent r="4" t="179" w="2177" /><ent r="4" t="179" w="2194" /><ent r="4" t="179" w="2243" /><ent r="4" t="179" w="2262" /><ent r="4" t="179" w="2283" /><ent r="4" t="179" w="2344" /><ent r="4" t="180" w="828" /><ent r="6" t="180" w="873" /><ent r="3" t="180" w="1131" /><ent r="4" t="180" w="1240" /><ent r="3" t="180" w="1305" /><ent r="5" t="180" w="1312" /><ent r="3" t="180" w="1320" /><ent r="3" t="180" w="1366" /><ent r="4" t="180" w="1392" /><ent r="4" t="180" w="1703" /><ent r="6" t="180" w="1709" /><ent r="6" t="180" w="1745" /><ent r="4" t="180" w="1806" /><ent r="4" t="180" w="1890" /><ent r="4" t="180" w="2060" /><ent r="4" t="180" w="2089" /><ent r="4" t="180" w="2112" /><ent r="4" t="180" w="2117" /><ent r="4" t="180" w="2124" /><ent r="4" t="180" w="2136" /><ent r="4" t="180" w="2166" /><ent r="6" t="180" w="2187" /><ent r="4" t="180" w="2357" /><ent r="4" t="180" w="2376" /><ent r="6" t="180" w="2412" /><ent r="5" t="180" w="2532" /><ent r="6" t="180" w="2560" /><ent r="4" t="180" w="2829" /><ent r="3" t="180" w="2846" /><ent r="4" t="180" w="2854" /><ent r="4" t="180" w="2931" /><ent r="4" t="180" w="3043" /><ent r="3" t="180" w="3061" /><ent r="4" t="180" w="3138" /><ent r="3" t="181" w="427" /><ent r="4" t="181" w="473" /><ent r="4" t="181" w="495" /><ent r="4" t="181" w="513" /><ent r="4" t="181" w="522" /><ent r="4" t="181" w="595" /><ent r="4" t="181" w="605" /><ent r="4" t="181" w="631" /><ent r="4" t="181" w="649" /><ent r="4" t="181" w="721" /><ent r="4" t="181" w="941" /><ent r="4" t="181" w="977" /><ent r="4" t="181" w="1054" /><ent r="4" t="181" w="1483" /><ent r="4" t="182" w="394" /><ent r="4" t="182" w="418" /><ent r="4" t="182" w="485" /><ent r="4" t="182" w="790" /><ent r="3" t="182" w="971" /><ent r="4" t="182" w="1018" /><ent r="4" t="182" w="1059" /><ent r="4" t="182" w="1207" /><ent r="4" t="182" w="1264" /><ent r="4" t="182" w="1303" /><ent r="4" t="182" w="1463" /><ent r="4" t="182" w="1477" /><ent r="4" t="182" w="1502" /><ent r="4" t="182" w="1520" /><ent r="3" t="182" w="1534" /><ent r="3" t="182" w="1615" /><ent r="4" t="183" w="658" /><ent r="3" t="183" w="732" /><ent r="4" t="183" w="814" /><ent r="6" t="183" w="832" /><ent r="6" t="183" w="892" /><ent r="4" t="183" w="905" /><ent r="4" t="183" w="996" /><ent r="6" t="184" w="669" /><ent r="4" t="184" w="765" /><ent r="4" t="184" w="940" /><ent r="4" t="184" w="951" /><ent r="4" t="184" w="972" /><ent r="4" t="184" w="1045" /><ent r="3" t="184" w="1102" /><ent r="4" t="184" w="1122" /><ent r="4" t="184" w="1140" /><ent r="4" t="184" w="1175" /><ent r="3" t="184" w="1232" /><ent r="4" t="185" w="309" /><ent r="4" t="185" w="335" /><ent r="4" t="185" w="414" /><ent r="4" t="185" w="452" /><ent r="4" t="185" w="482" /><ent r="4" t="186" w="549" /><ent r="3" t="186" w="583" /><ent r="3" t="186" w="611" /><ent r="3" t="186" w="649" /><ent r="4" t="186" w="694" /><ent r="4" t="186" w="877" /><ent r="4" t="186" w="996" /><ent r="3" t="186" w="1016" /><ent r="3" t="186" w="1058" /><ent r="4" t="186" w="1114" /><ent r="4" t="186" w="1145" /><ent r="3" t="186" w="1176" /><ent r="4" t="187" w="674" /><ent r="4" t="187" w="762" /><ent r="3" t="187" w="1078" /><ent r="3" t="187" w="1089" /><ent r="6" t="187" w="1210" /><ent r="4" t="187" w="1238" /><ent r="4" t="187" w="1256" /><ent r="4" t="187" w="1341" /><ent r="4" t="187" w="1782" /><ent r="4" t="188" w="490" /><ent r="3" t="188" w="714" /><ent r="3" t="188" w="880" /><ent r="3" t="188" w="1060" /><ent r="5" t="188" w="1447" /><ent r="4" t="189" w="88" /><ent r="4" t="189" w="143" /><ent r="7" t="190" w="95" /><ent r="7" t="190" w="112" /><ent r="7" t="190" w="131" /><ent r="7" t="190" w="148" /><ent r="3" t="195" w="325" /><ent r="3" t="195" w="345" /><ent r="3" t="195" w="356" /><ent r="3" t="195" w="367" /><ent r="3" t="195" w="383" /><ent r="3" t="195" w="458" /><ent r="4" t="195" w="506" /><ent r="4" t="195" w="564" /><ent r="3" t="195" w="640" /><ent r="3" t="195" w="641" /><ent r="3" t="195" w="668" /><ent r="4" t="195" w="701" /><ent r="3" t="195" w="780" /><ent r="3" t="198" w="199" /><ent r="3" t="198" w="214" /><ent r="4" t="198" w="288" /><ent r="4" t="198" w="297" /><ent r="4" t="198" w="385" /><ent r="4" t="200" w="121" /><ent r="3" t="208" w="160" /><ent r="3" t="209" w="143" /><ent r="3" t="209" w="163" /><ent r="3" t="209" w="174" /><ent r="3" t="209" w="185" /><ent r="3" t="209" w="201" /><ent r="3" t="212" w="49" /><ent r="3" t="212" w="66" /><ent r="3" t="213" w="143" /><ent r="4" t="213" w="197" /><ent r="4" t="213" w="553" /><ent r="4" t="213" w="603" /><ent r="3" t="213" w="821" /><ent r="3" t="213" w="877" /><ent r="3" t="214" w="70" /><ent r="3" t="214" w="90" /><ent r="3" t="215" w="126" /><ent r="4" t="215" w="207" /><ent r="4" t="215" w="224" /><ent r="3" t="216" w="57" /><ent r="4" t="216" w="138" /><ent r="4" t="216" w="155" /><ent r="4" t="217" w="97" /><ent r="4" t="217" w="114" /><ent r="3" t="218" w="55" /><ent r="4" t="218" w="136" /><ent r="4" t="218" w="153" /><ent r="4" t="219" w="54" /><ent r="4" t="219" w="109" /><ent r="3" t="219" w="142" /><ent r="4" t="219" w="190" /><ent r="4" t="219" w="270" /><ent r="3" t="220" w="87" /><ent r="3" t="220" w="90" /><ent r="4" t="221" w="55" /><ent r="4" t="221" w="58" /><ent r="4" t="221" w="68" /><ent r="3" t="222" w="92" /><ent r="3" t="222" w="95" /><ent r="4" t="223" w="73" /><ent r="4" t="223" w="76" /><ent r="4" t="223" w="118" /><ent r="4" t="224" w="85" /><ent r="4" t="224" w="88" /><ent r="4" t="224" w="213" /><ent r="4" t="225" w="58" /><ent r="4" t="225" w="61" /><ent r="4" t="225" w="71" /><ent r="3" t="227" w="153" /><ent r="4" t="227" w="214" /><ent r="4" t="227" w="264" /><ent r="4" t="228" w="199" /><ent r="4" t="231" w="54" /><ent r="4" t="231" w="91" /><ent r="4" t="231" w="104" /><ent r="4" t="231" w="189" /><ent r="4" t="231" w="195" /><ent r="4" t="231" w="201" /><ent r="4" t="231" w="208" /><ent r="4" t="231" w="229" /><ent r="4" t="231" w="271" /><ent r="4" t="231" w="277" /><ent r="4" t="231" w="283" /><ent r="4" t="231" w="296" /><ent r="4" t="231" w="339" /><ent r="4" t="231" w="345" /><ent r="4" t="231" w="351" /><ent r="4" t="231" w="358" /><ent r="4" t="232" w="43" /><ent r="4" t="232" w="114" /><ent r="4" t="232" w="143" /><ent r="4" t="232" w="155" /><ent r="3" t="232" w="183" /><ent r="4" t="232" w="219" /><ent r="4" t="237" w="85" /><ent r="3" t="237" w="97" /><ent r="6" t="243" w="239" /><ent r="6" t="243" w="670" /></phr><phr n="buttons"><ent r="3" t="1" w="597" /><ent r="3" t="26" w="325" /><ent r="3" t="38" w="53" /><ent r="5" t="49" w="408" /><ent r="3" t="74" w="228" /><ent r="3" t="111" w="118" /><ent r="4" t="156" w="591" /><ent r="4" t="156" w="636" /><ent r="4" t="157" w="564" /><ent r="4" t="157" w="609" /><ent r="4" t="158" w="561" /><ent r="4" t="158" w="606" /><ent r="4" t="169" w="366" /><ent r="3" t="212" w="98" /><ent r="4" t="213" w="691" /><ent r="4" t="213" w="736" /><ent r="3" t="215" w="256" /><ent r="3" t="216" w="187" /><ent r="3" t="217" w="146" /><ent r="3" t="218" w="185" /></phr><phr n="Button"><ent r="7" t="5" w="13" /><ent r="7" t="6" w="13" /><ent r="6" t="7" w="13" /><ent r="7" t="8" w="48" /><ent r="7" t="9" w="13" /><ent r="6" t="10" w="58" /><ent r="7" t="11" w="89" /><ent r="7" t="12" w="16" /><ent r="7" t="13" w="46" /><ent r="6" t="14" w="77" /><ent r="6" t="38" w="60" /><ent r="6" t="39" w="67" /><ent r="6" t="116" w="17" /><ent r="6" t="169" w="478" /><ent r="82" t="198" w="194" /><ent r="82" t="198" w="209" /><ent r="6" t="239" w="62" /><ent r="6" t="240" w="68" /><ent r="6" t="241" w="65" /><ent r="6" t="242" w="53" /></phr><phr n="Buttons"><ent r="92" t="169" w="476" /></phr></stem><stem n="handl"><phr n="handle"><ent r="4" t="1" w="412" /><ent r="4" t="65" w="116" /><ent r="4" t="65" w="132" /><ent r="3" t="187" w="199" /></phr><phr n="handles"><ent r="4" t="65" w="95" /><ent r="4" t="128" w="143" /></phr></stem><stem n="continu"><phr n="Continue"><ent r="4" t="1" w="414" /><ent r="5" t="179" w="2241" /></phr><phr n="continue"><ent r="4" t="48" w="307" /><ent r="3" t="110" w="393" /><ent r="3" t="167" w="906" /><ent r="3" t="167" w="920" /><ent r="4" t="167" w="1123" /><ent r="4" t="176" w="376" /></phr><phr n="continuously"><ent r="4" t="167" w="1085" /></phr><phr n="continues"><ent r="6" t="191" w="76" /></phr></stem></index>