﻿<?xml version="1.0" encoding="utf-8"?><index><stem n="&quot;33.&quot;"><phr n="&quot;33.&quot;"><ent r="3" t="43" w="144" /></phr></stem><stem n="neg"><phr n="negative"><ent r="3" t="43" w="149" /><ent r="5" t="153" w="534" /><ent r="5" t="153" w="969" /><ent r="4" t="154" w="511" /><ent r="5" t="165" w="572" /><ent r="4" t="236" w="170" /></phr></stem><stem n="should"><phr n="should"><ent r="3" t="43" w="156" /><ent r="4" t="70" w="128" /><ent r="3" t="112" w="52" /><ent r="4" t="123" w="248" /><ent r="4" t="123" w="389" /><ent r="4" t="123" w="528" /><ent r="4" t="153" w="228" /><ent r="4" t="156" w="833" /><ent r="3" t="157" w="866" /><ent r="4" t="171" w="262" /><ent r="4" t="171" w="302" /><ent r="3" t="178" w="170" /><ent r="3" t="178" w="182" /><ent r="3" t="179" w="2364" /><ent r="3" t="180" w="1432" /><ent r="4" t="180" w="1500" /><ent r="3" t="180" w="1693" /><ent r="3" t="180" w="1772" /><ent r="4" t="180" w="1894" /><ent r="4" t="180" w="1921" /><ent r="3" t="180" w="2070" /><ent r="3" t="180" w="2102" /><ent r="4" t="180" w="2153" /><ent r="4" t="180" w="2812" /><ent r="3" t="180" w="2906" /><ent r="3" t="180" w="3151" /><ent r="3" t="181" w="1601" /><ent r="4" t="182" w="1187" /><ent r="3" t="183" w="1111" /><ent r="3" t="185" w="566" /><ent r="4" t="186" w="255" /><ent r="3" t="186" w="1212" /><ent r="3" t="187" w="1489" /><ent r="3" t="187" w="1872" /><ent r="4" t="188" w="1029" /><ent r="3" t="188" w="1252" /><ent r="3" t="188" w="1573" /><ent r="3" t="194" w="293" /><ent r="3" t="195" w="100" /><ent r="3" t="195" w="294" /><ent r="7" t="199" w="628" /><ent r="7" t="199" w="654" /><ent r="3" t="209" w="112" /></phr></stem><stem n="composit"><phr n="Composites"><ent r="1000" t="44" w="2" /><ent r="102" t="44" w="5" /><ent r="92" t="44" w="323" /><ent r="92" t="44" w="344" /><ent r="1000" t="45" w="2" /><ent r="102" t="45" w="7" /><ent r="92" t="153" w="1151" /><ent r="64" t="153" w="1189" /><ent r="64" t="165" w="363" /><ent r="64" t="208" w="212" /></phr><phr n="composites"><ent r="100" t="44" w="8" /><ent r="3" t="44" w="16" /><ent r="3" t="44" w="34" /><ent r="3" t="44" w="40" /><ent r="3" t="44" w="80" /><ent r="3" t="44" w="335" /><ent r="3" t="44" w="398" /><ent r="3" t="44" w="415" /><ent r="3" t="44" w="579" /><ent r="3" t="44" w="588" /><ent r="3" t="44" w="673" /><ent r="3" t="44" w="695" /><ent r="100" t="45" w="12" /><ent r="3" t="45" w="24" /><ent r="4" t="153" w="147" /><ent r="3" t="153" w="1158" /><ent r="3" t="153" w="1176" /><ent r="3" t="153" w="1182" /><ent r="3" t="165" w="310" /><ent r="3" t="165" w="327" /><ent r="3" t="165" w="333" /><ent r="3" t="165" w="341" /><ent r="3" t="208" w="182" /><ent r="3" t="208" w="199" /><ent r="3" t="208" w="205" /></phr><phr n="composite"><ent r="3" t="44" w="50" /><ent r="4" t="44" w="137" /><ent r="4" t="44" w="188" /><ent r="4" t="44" w="234" /><ent r="4" t="44" w="309" /><ent r="3" t="44" w="425" /><ent r="3" t="44" w="448" /><ent r="82" t="44" w="496" /><ent r="82" t="44" w="537" /><ent r="4" t="44" w="551" /><ent r="4" t="44" w="569" /><ent r="4" t="44" w="615" /><ent r="3" t="44" w="625" /><ent r="82" t="44" w="640" /><ent r="4" t="44" w="645" /><ent r="3" t="165" w="355" /><ent r="4" t="179" w="2063" /></phr><phr n="Composite"><ent r="92" t="44" w="106" /><ent r="4" t="44" w="555" /><ent r="5" t="44" w="563" /></phr></stem><stem n="three"><phr n="three"><ent r="3" t="44" w="13" /><ent r="4" t="53" w="150" /><ent r="3" t="77" w="177" /><ent r="3" t="111" w="140" /><ent r="4" t="151" w="137" /><ent r="3" t="153" w="1155" /><ent r="3" t="156" w="141" /><ent r="3" t="157" w="116" /><ent r="3" t="157" w="976" /><ent r="3" t="165" w="307" /><ent r="3" t="179" w="334" /><ent r="4" t="179" w="1992" /><ent r="3" t="180" w="485" /><ent r="3" t="180" w="947" /><ent r="4" t="180" w="1718" /><ent r="3" t="181" w="196" /><ent r="3" t="181" w="1139" /><ent r="3" t="182" w="159" /><ent r="3" t="183" w="434" /><ent r="3" t="184" w="436" /><ent r="3" t="186" w="310" /><ent r="3" t="188" w="221" /><ent r="3" t="188" w="625" /><ent r="3" t="194" w="228" /><ent r="3" t="208" w="179" /><ent r="3" t="208" w="228" /><ent r="3" t="208" w="341" /></phr><phr n="Three"><ent r="5" t="194" w="107" /><ent r="4" t="194" w="110" /></phr></stem><stem n="predefin"><phr n="predefined"><ent r="3" t="44" w="14" /><ent r="3" t="153" w="1156" /><ent r="3" t="165" w="308" /><ent r="3" t="165" w="340" /><ent r="3" t="208" w="180" /></phr></stem><stem n="nir"><phr n="NIR"><ent r="104" t="44" w="21" /><ent r="82" t="44" w="340" /><ent r="104" t="153" w="1163" /><ent r="104" t="165" w="315" /><ent r="3" t="180" w="2047" /><ent r="104" t="208" w="187" /></phr></stem><stem n="swir"><phr n="SWIR"><ent r="104" t="44" w="24" /><ent r="104" t="153" w="1166" /><ent r="104" t="165" w="318" /><ent r="104" t="208" w="190" /></phr></stem><stem n="true"><phr n="True"><ent r="3" t="44" w="27" /><ent r="82" t="44" w="337" /><ent r="3" t="153" w="1169" /><ent r="3" t="165" w="321" /><ent r="5" t="187" w="754" /><ent r="3" t="208" w="193" /><ent r="6" t="243" w="218" /></phr><phr n="true"><ent r="4" t="179" w="2061" /><ent r="3" t="187" w="243" /><ent r="3" t="193" w="80" /><ent r="4" t="197" w="131" /><ent r="6" t="243" w="636" /></phr></stem><stem n="unabl"><phr n="unable"><ent r="3" t="44" w="45" /></phr></stem><stem n="(becaus"><phr n="(because"><ent r="3" t="44" w="54" /></phr></stem><stem n="requir"><phr n="required"><ent r="3" t="44" w="56" /><ent r="3" t="103" w="53" /><ent r="3" t="157" w="904" /><ent r="3" t="169" w="566" /><ent r="3" t="180" w="952" /><ent r="3" t="187" w="972" /><ent r="3" t="188" w="862" /><ent r="3" t="195" w="136" /><ent r="3" t="218" w="243" /></phr><phr n="requiring"><ent r="3" t="81" w="527" /></phr><phr n="requires"><ent r="3" t="109" w="515" /><ent r="4" t="119" w="50" /><ent r="3" t="157" w="875" /><ent r="3" t="178" w="221" /><ent r="3" t="192" w="61" /><ent r="3" t="195" w="109" /><ent r="3" t="197" w="50" /></phr><phr n="Requirements"><ent r="92" t="178" w="165" /></phr><phr n="requirement"><ent r="4" t="180" w="1724" /></phr><phr n="require"><ent r="3" t="197" w="60" /></phr></stem><stem n="),"><phr n="),"><ent r="3" t="44" w="61" /><ent r="3" t="64" w="182" /><ent r="3" t="64" w="187" /><ent r="3" t="81" w="173" /><ent r="3" t="102" w="105" /><ent r="5" t="153" w="195" /><ent r="3" t="157" w="913" /><ent r="3" t="174" w="78" /><ent r="3" t="181" w="52" /><ent r="3" t="187" w="246" /><ent r="4" t="194" w="190" /><ent r="3" t="195" w="145" /><ent r="3" t="208" w="352" /></phr></stem><stem n="error"><phr n="error"><ent r="3" t="44" w="65" /><ent r="3" t="110" w="151" /><ent r="3" t="110" w="153" /><ent r="3" t="110" w="162" /><ent r="3" t="110" w="176" /><ent r="3" t="115" w="70" /><ent r="3" t="160" w="155" /><ent r="4" t="180" w="1156" /><ent r="4" t="180" w="1166" /><ent r="3" t="192" w="94" /><ent r="3" t="238" w="56" /><ent r="3" t="238" w="58" /><ent r="3" t="238" w="66" /><ent r="100" t="238" w="316" /><ent r="3" t="238" w="351" /><ent r="3" t="238" w="357" /><ent r="3" t="238" w="359" /><ent r="3" t="238" w="406" /><ent r="3" t="238" w="422" /><ent r="3" t="238" w="424" /><ent r="3" t="238" w="434" /><ent r="3" t="238" w="477" /><ent r="3" t="238" w="503" /><ent r="3" t="238" w="529" /><ent r="3" t="238" w="536" /></phr><phr n="Errors"><ent r="3" t="102" w="70" /></phr><phr n="Error"><ent r="4" t="160" w="201" /><ent r="4" t="160" w="238" /><ent r="93" t="238" w="313" /></phr><phr n="errors"><ent r="3" t="195" w="393" /><ent r="3" t="209" w="211" /></phr></stem><stem n="try"><phr n="try"><ent r="3" t="44" w="69" /></phr><phr n="Try"><ent r="4" t="180" w="2790" /><ent r="3" t="184" w="788" /></phr><phr n="trying"><ent r="3" t="182" w="1551" /></phr></stem><stem n="match"><phr n="match"><ent r="3" t="44" w="71" /><ent r="4" t="95" w="149" /><ent r="4" t="95" w="167" /><ent r="3" t="110" w="70" /><ent r="3" t="180" w="155" /><ent r="4" t="180" w="2923" /><ent r="3" t="187" w="884" /><ent r="3" t="187" w="1024" /></phr><phr n="matching"><ent r="3" t="75" w="15" /><ent r="3" t="238" w="216" /></phr><phr n="matches"><ent r="3" t="87" w="153" /><ent r="3" t="89" w="46" /><ent r="3" t="113" w="37" /><ent r="3" t="187" w="1055" /><ent r="3" t="232" w="78" /><ent r="3" t="232" w="82" /><ent r="3" t="233" w="28" /><ent r="3" t="233" w="63" /></phr></stem><stem n="often"><phr n="often"><ent r="3" t="44" w="82" /><ent r="3" t="167" w="14" /></phr></stem><stem n="like"><phr n="like"><ent r="3" t="44" w="85" /><ent r="3" t="123" w="266" /><ent r="3" t="123" w="408" /><ent r="3" t="123" w="544" /><ent r="3" t="169" w="595" /><ent r="3" t="180" w="1695" /><ent r="3" t="183" w="154" /><ent r="3" t="184" w="144" /><ent r="4" t="188" w="772" /><ent r="4" t="188" w="1032" /><ent r="3" t="188" w="1255" /></phr></stem><stem n="return"><phr n="return"><ent r="3" t="44" w="97" /><ent r="3" t="49" w="600" /><ent r="3" t="168" w="167" /></phr><phr n="returns"><ent r="3" t="49" w="495" /><ent r="3" t="142" w="466" /><ent r="3" t="142" w="638" /><ent r="4" t="187" w="1261" /><ent r="6" t="191" w="40" /><ent r="3" t="197" w="70" /></phr></stem><stem n="previou"><phr n="previous"><ent r="3" t="44" w="100" /><ent r="3" t="78" w="34" /><ent r="3" t="85" w="152" /><ent r="3" t="94" w="143" /></phr><phr n="Previous"><ent r="3" t="94" w="135" /><ent r="5" t="226" w="254" /></phr></stem><stem n="2"><phr n="2"><ent r="82" t="44" w="140" /><ent r="4" t="58" w="206" /><ent r="7" t="90" w="556" /><ent r="4" t="92" w="144" /><ent r="3" t="124" w="68" /><ent r="3" t="125" w="936" /><ent r="3" t="138" w="50" /><ent r="3" t="138" w="105" /><ent r="3" t="169" w="141" /><ent r="3" t="169" w="157" /><ent r="3" t="169" w="192" /><ent r="3" t="169" w="202" /><ent r="4" t="169" w="454" /><ent r="83" t="180" w="1207" /><ent r="8" t="180" w="1667" /><ent r="4" t="180" w="2417" /><ent r="4" t="181" w="906" /><ent r="5" t="181" w="924" /><ent r="5" t="181" w="1261" /><ent r="4" t="182" w="422" /><ent r="3" t="184" w="712" /><ent r="4" t="187" w="1263" /><ent r="3" t="187" w="1375" /><ent r="4" t="187" w="1608" /><ent r="3" t="187" w="1688" /><ent r="4" t="188" w="676" /><ent r="3" t="188" w="1215" /><ent r="3" t="193" w="203" /><ent r="3" t="193" w="205" /><ent r="7" t="196" w="84" /><ent r="7" t="199" w="196" /><ent r="3" t="199" w="807" /><ent r="3" t="199" w="856" /><ent r="3" t="199" w="871" /></phr></stem><stem n="section"><phr n="section"><ent r="4" t="44" w="297" /><ent r="3" t="143" w="92" /><ent r="3" t="144" w="577" /><ent r="3" t="179" w="1615" /><ent r="3" t="180" w="2012" /><ent r="4" t="187" w="450" /><ent r="4" t="187" w="500" /><ent r="4" t="187" w="607" /><ent r="4" t="187" w="696" /><ent r="4" t="188" w="543" /><ent r="4" t="188" w="581" /><ent r="4" t="188" w="632" /><ent r="3" t="220" w="168" /><ent r="3" t="222" w="173" /><ent r="4" t="224" w="60" /></phr><phr n="sections"><ent r="3" t="115" w="281" /><ent r="3" t="165" w="234" /><ent r="3" t="200" w="132" /></phr></stem><stem n="preset"><phr n="Presets"><ent r="5" t="44" w="302" /><ent r="4" t="165" w="345" /><ent r="5" t="168" w="228" /><ent r="5" t="168" w="264" /><ent r="5" t="168" w="311" /></phr></stem><stem n="structur"><phr n="structure"><ent r="4" t="44" w="367" /><ent r="3" t="77" w="113" /><ent r="3" t="77" w="379" /><ent r="3" t="77" w="389" /><ent r="4" t="106" w="145" /><ent r="4" t="107" w="87" /><ent r="4" t="108" w="100" /><ent r="4" t="109" w="101" /><ent r="4" t="144" w="57" /><ent r="4" t="145" w="57" /><ent r="4" t="147" w="96" /><ent r="4" t="148" w="96" /><ent r="4" t="149" w="110" /><ent r="4" t="150" w="105" /><ent r="4" t="151" w="98" /><ent r="4" t="152" w="96" /><ent r="4" t="153" w="92" /><ent r="4" t="154" w="93" /><ent r="4" t="155" w="103" /><ent r="4" t="180" w="727" /><ent r="3" t="187" w="1445" /><ent r="4" t="187" w="1771" /><ent r="3" t="188" w="1348" /><ent r="4" t="227" w="98" /><ent r="4" t="229" w="97" /></phr></stem><stem n="plu"><phr n="plus"><ent r="4" t="44" w="379" /><ent r="3" t="64" w="160" /><ent r="3" t="102" w="136" /><ent r="4" t="106" w="157" /><ent r="4" t="107" w="99" /><ent r="4" t="108" w="112" /><ent r="4" t="108" w="128" /><ent r="4" t="109" w="113" /><ent r="4" t="109" w="129" /><ent r="3" t="143" w="82" /><ent r="4" t="144" w="69" /><ent r="3" t="144" w="567" /><ent r="4" t="145" w="69" /><ent r="4" t="147" w="108" /><ent r="4" t="148" w="108" /><ent r="4" t="149" w="122" /><ent r="4" t="150" w="117" /><ent r="4" t="151" w="110" /><ent r="4" t="152" w="108" /><ent r="4" t="153" w="104" /><ent r="4" t="154" w="105" /><ent r="4" t="155" w="115" /><ent r="3" t="167" w="973" /><ent r="4" t="180" w="739" /><ent r="3" t="228" w="60" /><ent r="4" t="228" w="123" /><ent r="3" t="228" w="186" /><ent r="4" t="229" w="109" /></phr></stem><stem n="sign"><phr n="sign"><ent r="4" t="44" w="380" /><ent r="3" t="102" w="137" /><ent r="4" t="106" w="158" /><ent r="4" t="107" w="100" /><ent r="4" t="108" w="113" /><ent r="4" t="108" w="129" /><ent r="4" t="109" w="114" /><ent r="4" t="109" w="130" /><ent r="4" t="144" w="70" /><ent r="4" t="145" w="70" /><ent r="4" t="147" w="109" /><ent r="4" t="148" w="109" /><ent r="4" t="149" w="123" /><ent r="4" t="150" w="118" /><ent r="4" t="151" w="111" /><ent r="4" t="152" w="109" /><ent r="4" t="153" w="105" /><ent r="4" t="154" w="106" /><ent r="4" t="155" w="116" /><ent r="4" t="180" w="740" /><ent r="3" t="180" w="1606" /><ent r="4" t="228" w="124" /><ent r="3" t="228" w="187" /><ent r="4" t="229" w="110" /></phr><phr n="signed"><ent r="3" t="169" w="140" /><ent r="7" t="199" w="199" /><ent r="7" t="199" w="205" /></phr></stem><stem n="(+)"><phr n="(+)"><ent r="4" t="44" w="382" /><ent r="3" t="102" w="139" /><ent r="4" t="106" w="160" /><ent r="4" t="107" w="102" /><ent r="4" t="108" w="115" /><ent r="4" t="108" w="131" /><ent r="4" t="109" w="116" /><ent r="4" t="109" w="132" /><ent r="4" t="144" w="72" /><ent r="4" t="145" w="72" /><ent r="4" t="147" w="111" /><ent r="4" t="148" w="111" /><ent r="4" t="149" w="125" /><ent r="4" t="150" w="120" /><ent r="4" t="151" w="113" /><ent r="4" t="152" w="111" /><ent r="4" t="153" w="107" /><ent r="4" t="154" w="108" /><ent r="4" t="155" w="118" /><ent r="4" t="180" w="742" /><ent r="4" t="228" w="126" /><ent r="3" t="228" w="189" /><ent r="4" t="229" w="112" /></phr></stem><stem n="toward"><phr n="towards"><ent r="3" t="44" w="401" /><ent r="3" t="81" w="563" /></phr><phr n="toward"><ent r="3" t="81" w="599" /></phr></stem><stem n="below"><phr n="below"><ent r="3" t="44" w="410" /><ent r="4" t="70" w="122" /><ent r="4" t="85" w="83" /><ent r="4" t="85" w="167" /><ent r="4" t="85" w="269" /><ent r="3" t="96" w="223" /><ent r="3" t="157" w="216" /><ent r="4" t="167" w="799" /><ent r="3" t="169" w="411" /><ent r="3" t="177" w="131" /><ent r="3" t="178" w="312" /><ent r="4" t="179" w="2050" /><ent r="4" t="182" w="916" /><ent r="4" t="186" w="288" /><ent r="4" t="187" w="1099" /><ent r="4" t="188" w="659" /><ent r="3" t="188" w="894" /><ent r="4" t="189" w="91" /><ent r="3" t="198" w="120" /><ent r="3" t="208" w="60" /></phr><phr n="Below"><ent r="3" t="125" w="154" /><ent r="3" t="140" w="67" /><ent r="3" t="162" w="117" /><ent r="4" t="181" w="463" /><ent r="3" t="181" w="1539" /><ent r="3" t="187" w="1563" /></phr></stem><stem n="minimum"><phr n="minimum"><ent r="3" t="44" w="428" /><ent r="3" t="44" w="456" /><ent r="3" t="44" w="461" /><ent r="4" t="97" w="81" /><ent r="5" t="153" w="437" /><ent r="5" t="153" w="872" /><ent r="4" t="154" w="415" /><ent r="4" t="156" w="818" /><ent r="5" t="165" w="475" /><ent r="3" t="167" w="729" /><ent r="3" t="167" w="735" /><ent r="3" t="167" w="748" /><ent r="3" t="179" w="1345" /><ent r="4" t="180" w="1723" /><ent r="3" t="192" w="67" /><ent r="3" t="193" w="152" /><ent r="3" t="195" w="625" /><ent r="3" t="195" w="670" /><ent r="7" t="199" w="513" /><ent r="4" t="236" w="73" /></phr><phr n="Minimum"><ent r="3" t="193" w="70" /><ent r="3" t="193" w="208" /><ent r="3" t="195" w="373" /><ent r="3" t="195" w="617" /><ent r="3" t="209" w="191" /></phr></stem><stem n="red"><phr n="red"><ent r="3" t="44" w="436" /><ent r="3" t="87" w="95" /><ent r="4" t="92" w="177" /><ent r="3" t="94" w="79" /><ent r="3" t="101" w="67" /><ent r="4" t="125" w="822" /><ent r="3" t="129" w="243" /><ent r="4" t="153" w="372" /><ent r="4" t="153" w="807" /><ent r="3" t="169" w="43" /><ent r="3" t="179" w="1219" /><ent r="3" t="179" w="1283" /><ent r="3" t="179" w="1323" /><ent r="4" t="179" w="1959" /><ent r="4" t="181" w="951" /><ent r="3" t="181" w="1556" /><ent r="4" t="183" w="869" /><ent r="4" t="183" w="918" /><ent r="3" t="184" w="708" /><ent r="4" t="186" w="786" /><ent r="3" t="187" w="573" /><ent r="3" t="214" w="123" /><ent r="5" t="226" w="315" /></phr><phr n="Red"><ent r="3" t="179" w="1468" /><ent r="3" t="180" w="2048" /></phr></stem><stem n="green"><phr n="green"><ent r="3" t="44" w="437" /><ent r="3" t="73" w="57" /><ent r="3" t="87" w="96" /><ent r="4" t="92" w="190" /><ent r="3" t="94" w="80" /><ent r="3" t="101" w="68" /><ent r="6" t="125" w="374" /><ent r="4" t="153" w="375" /><ent r="4" t="153" w="810" /><ent r="3" t="179" w="1220" /><ent r="3" t="179" w="1362" /><ent r="3" t="179" w="1368" /><ent r="4" t="179" w="1962" /><ent r="4" t="179" w="2047" /><ent r="3" t="180" w="1336" /><ent r="4" t="180" w="2823" /><ent r="5" t="180" w="2920" /><ent r="3" t="181" w="1565" /><ent r="3" t="184" w="714" /><ent r="7" t="187" w="1183" /><ent r="3" t="214" w="103" /><ent r="5" t="226" w="295" /></phr><phr n="Green"><ent r="3" t="179" w="1469" /></phr></stem><stem n="blue"><phr n="blue"><ent r="3" t="44" w="439" /><ent r="3" t="87" w="98" /><ent r="4" t="92" w="188" /><ent r="3" t="94" w="82" /><ent r="3" t="101" w="70" /><ent r="6" t="125" w="440" /><ent r="4" t="153" w="379" /><ent r="4" t="153" w="814" /><ent r="3" t="179" w="1222" /><ent r="3" t="179" w="1351" /><ent r="3" t="179" w="1357" /><ent r="4" t="179" w="1960" /><ent r="3" t="181" w="1575" /><ent r="5" t="183" w="1001" /><ent r="3" t="183" w="1012" /><ent r="3" t="184" w="719" /><ent r="5" t="226" w="265" /></phr><phr n="Blue"><ent r="3" t="179" w="1471" /></phr></stem><stem n="total"><phr n="total"><ent r="3" t="44" w="442" /><ent r="4" t="58" w="111" /><ent r="3" t="179" w="814" /><ent r="3" t="238" w="419" /></phr></stem><stem n="nine"><phr n="nine"><ent r="3" t="44" w="444" /></phr></stem><stem n="median"><phr n="median"><ent r="3" t="44" w="452" /><ent r="5" t="153" w="604" /><ent r="5" t="153" w="1039" /><ent r="5" t="165" w="637" /></phr></stem><stem n="take"><phr n="take"><ent r="3" t="44" w="465" /><ent r="3" t="109" w="184" /><ent r="4" t="109" w="287" /><ent r="4" t="208" w="420" /><ent r="4" t="208" w="609" /><ent r="4" t="208" w="641" /></phr><phr n="takes"><ent r="3" t="46" w="26" /><ent r="3" t="157" w="834" /><ent r="3" t="177" w="16" /><ent r="3" t="195" w="68" /></phr><phr n="taking"><ent r="3" t="169" w="38" /></phr><phr n="Take"><ent r="5" t="226" w="322" /></phr></stem><stem n="preced"><phr n="precedence"><ent r="3" t="44" w="466" /></phr></stem><stem n="fallback"><phr n="fallback"><ent r="3" t="44" w="480" /></phr></stem><stem n="unavail"><phr n="unavailable"><ent r="3" t="44" w="486" /></phr></stem><stem n="known"><phr n="known"><ent r="3" t="44" w="490" /><ent r="4" t="58" w="47" /><ent r="4" t="58" w="84" /><ent r="3" t="110" w="155" /><ent r="3" t="183" w="136" /><ent r="3" t="184" w="126" /><ent r="3" t="238" w="60" /></phr></stem><stem n="double-click"><phr n="Double-click"><ent r="4" t="44" w="498" /><ent r="4" t="44" w="557" /><ent r="4" t="44" w="602" /><ent r="4" t="81" w="277" /><ent r="3" t="126" w="398" /><ent r="3" t="180" w="1411" /><ent r="4" t="180" w="1459" /><ent r="4" t="180" w="1623" /><ent r="3" t="180" w="2062" /><ent r="3" t="180" w="2092" /><ent r="3" t="180" w="2126" /><ent r="3" t="180" w="2139" /></phr><phr n="double-click"><ent r="7" t="59" w="111" /><ent r="7" t="59" w="174" /><ent r="3" t="125" w="657" /><ent r="4" t="126" w="180" /><ent r="4" t="131" w="136" /><ent r="4" t="184" w="982" /><ent r="7" t="190" w="107" /><ent r="7" t="190" w="143" /><ent r="3" t="208" w="120" /></phr></stem><stem n="cell"><phr n="cell"><ent r="4" t="44" w="502" /><ent r="4" t="44" w="606" /><ent r="4" t="74" w="112" /><ent r="4" t="74" w="161" /><ent r="4" t="83" w="206" /><ent r="4" t="83" w="294" /><ent r="3" t="195" w="286" /><ent r="3" t="208" w="125" /><ent r="3" t="208" w="141" /><ent r="3" t="209" w="104" /></phr><phr n="cells"><ent r="3" t="168" w="72" /><ent r="3" t="168" w="102" /></phr></stem><stem n="accept"><phr n="accept"><ent r="4" t="44" w="527" /><ent r="4" t="106" w="254" /><ent r="4" t="107" w="132" /><ent r="4" t="108" w="151" /><ent r="4" t="109" w="151" /><ent r="4" t="144" w="105" /><ent r="4" t="145" w="270" /><ent r="3" t="147" w="244" /><ent r="4" t="148" w="226" /><ent r="4" t="149" w="206" /><ent r="4" t="150" w="197" /><ent r="3" t="151" w="206" /><ent r="4" t="152" w="156" /><ent r="4" t="153" w="156" /><ent r="4" t="154" w="146" /><ent r="4" t="155" w="263" /><ent r="3" t="173" w="172" /><ent r="4" t="182" w="409" /><ent r="4" t="183" w="713" /><ent r="4" t="229" w="155" /></phr><phr n="accepts"><ent r="3" t="125" w="498" /><ent r="3" t="182" w="948" /></phr><phr n="acceptable"><ent r="4" t="180" w="1169" /><ent r="3" t="238" w="473" /></phr><phr n="Accept"><ent r="4" t="180" w="1827" /><ent r="4" t="181" w="999" /><ent r="4" t="184" w="756" /></phr><phr n="accepted"><ent r="3" t="183" w="174" /><ent r="3" t="184" w="164" /><ent r="6" t="243" w="198" /><ent r="6" t="243" w="210" /></phr></stem><stem n="&quot;new"><phr n="&quot;New"><ent r="4" t="44" w="553" /></phr></stem><stem n="give"><phr n="give"><ent r="4" t="44" w="566" /></phr><phr n="gives"><ent r="4" t="58" w="195" /><ent r="4" t="80" w="201" /><ent r="3" t="174" w="20" /><ent r="4" t="175" w="339" /><ent r="4" t="182" w="1276" /><ent r="3" t="187" w="98" /><ent r="3" t="192" w="95" /></phr></stem><stem n="uniqu"><phr n="unique"><ent r="3" t="44" w="581" /><ent r="3" t="82" w="30" /></phr></stem><stem n="encount"><phr n="encounters"><ent r="3" t="44" w="585" /></phr></stem><stem n="keep"><phr n="keep"><ent r="3" t="44" w="595" /><ent r="3" t="49" w="570" /><ent r="4" t="179" w="2253" /></phr><phr n="Keep"><ent r="4" t="185" w="319" /></phr></stem><stem n="delet"><phr n="delete"><ent r="3" t="44" w="598" /><ent r="82" t="44" w="637" /><ent r="4" t="44" w="649" /><ent r="3" t="44" w="667" /><ent r="3" t="74" w="175" /><ent r="4" t="74" w="188" /><ent r="64" t="77" w="329" /><ent r="3" t="83" w="44" /><ent r="3" t="83" w="287" /><ent r="4" t="83" w="305" /><ent r="100" t="84" w="7" /><ent r="100" t="84" w="9" /><ent r="3" t="84" w="26" /><ent r="3" t="84" w="48" /><ent r="3" t="84" w="58" /><ent r="4" t="84" w="89" /><ent r="6" t="90" w="533" /><ent r="5" t="109" w="398" /><ent r="4" t="109" w="413" /><ent r="100" t="139" w="8" /><ent r="100" t="139" w="10" /><ent r="4" t="139" w="14" /><ent r="3" t="157" w="767" /><ent r="3" t="180" w="380" /><ent r="4" t="180" w="1480" /><ent r="3" t="180" w="1520" /><ent r="3" t="180" w="2648" /><ent r="3" t="211" w="27" /><ent r="3" t="231" w="23" /><ent r="3" t="231" w="240" /><ent r="3" t="232" w="12" /><ent r="3" t="232" w="165" /></phr><phr n="deletes"><ent r="4" t="53" w="121" /><ent r="4" t="83" w="314" /></phr><phr n="deleted"><ent r="4" t="53" w="137" /><ent r="4" t="74" w="201" /><ent r="4" t="84" w="107" /><ent r="3" t="121" w="36" /><ent r="3" t="231" w="301" /><ent r="3" t="232" w="224" /></phr><phr n="Delete"><ent r="5" t="53" w="153" /><ent r="4" t="70" w="283" /><ent r="5" t="74" w="193" /><ent r="64" t="82" w="87" /><ent r="5" t="83" w="310" /><ent r="1000" t="84" w="1" /><ent r="102" t="84" w="13" /><ent r="5" t="128" w="156" /><ent r="64" t="137" w="192" /><ent r="64" t="138" w="130" /><ent r="1000" t="139" w="1" /><ent r="102" t="139" w="4" /><ent r="5" t="139" w="43" /><ent r="4" t="180" w="1303" /><ent r="4" t="180" w="1940" /><ent r="5" t="180" w="1947" /><ent r="7" t="187" w="1220" /><ent r="4" t="188" w="76" /><ent r="4" t="188" w="1070" /><ent r="92" t="231" w="252" /><ent r="5" t="231" w="294" /><ent r="92" t="232" w="157" /><ent r="3" t="232" w="182" /><ent r="4" t="232" w="217" /></phr><phr n="Deletes"><ent r="4" t="53" w="155" /><ent r="5" t="116" w="226" /><ent r="5" t="241" w="117" /></phr><phr n="deletions"><ent r="3" t="84" w="39" /></phr><phr n="deleting"><ent r="3" t="211" w="39" /><ent r="3" t="232" w="195" /><ent r="3" t="238" w="242" /></phr></stem><stem n="other"><phr n="others"><ent r="3" t="44" w="600" /><ent r="7" t="199" w="384" /></phr></stem><stem n="&quot;displai"><phr n="&quot;Display"><ent r="3" t="44" w="632" /></phr></stem><stem n="&quot;"><phr n="&quot;"><ent r="3" t="44" w="634" /><ent r="3" t="47" w="134" /><ent r="4" t="50" w="167" /><ent r="4" t="50" w="221" /><ent r="3" t="52" w="99" /><ent r="4" t="91" w="100" /><ent r="4" t="91" w="107" /><ent r="3" t="106" w="90" /><ent r="3" t="109" w="502" /><ent r="3" t="109" w="515" /><ent r="3" t="109" w="530" /><ent r="3" t="125" w="631" /><ent r="3" t="125" w="714" /><ent r="3" t="141" w="13" /><ent r="3" t="141" w="30" /><ent r="3" t="142" w="37" /><ent r="3" t="142" w="45" /><ent r="92" t="180" w="680" /><ent r="4" t="180" w="1493" /><ent r="5" t="180" w="1639" /><ent r="6" t="188" w="1287" /><ent r="3" t="208" w="101" /></phr></stem><stem n="remov"><phr n="Remove"><ent r="5" t="44" w="654" /><ent r="92" t="70" w="215" /><ent r="5" t="70" w="265" /><ent r="92" t="128" w="114" /><ent r="3" t="128" w="174" /><ent r="4" t="145" w="242" /><ent r="4" t="156" w="768" /><ent r="4" t="157" w="741" /><ent r="4" t="158" w="738" /><ent r="92" t="168" w="293" /><ent r="5" t="168" w="336" /><ent r="4" t="181" w="92" /><ent r="6" t="187" w="1208" /><ent r="4" t="188" w="1057" /><ent r="4" t="213" w="873" /><ent r="92" t="219" w="77" /><ent r="5" t="219" w="106" /><ent r="92" t="219" w="250" /><ent r="5" t="219" w="267" /><ent r="3" t="219" w="273" /><ent r="5" t="227" w="262" /><ent r="5" t="241" w="114" /></phr><phr n="remove"><ent r="4" t="70" w="262" /><ent r="3" t="70" w="276" /><ent r="4" t="86" w="117" /><ent r="3" t="111" w="117" /><ent r="3" t="111" w="122" /><ent r="3" t="121" w="35" /><ent r="3" t="128" w="122" /><ent r="3" t="128" w="129" /><ent r="3" t="145" w="223" /><ent r="4" t="153" w="708" /><ent r="4" t="153" w="1143" /><ent r="3" t="156" w="750" /><ent r="3" t="157" w="723" /><ent r="3" t="158" w="720" /><ent r="4" t="165" w="744" /><ent r="3" t="168" w="299" /><ent r="3" t="169" w="216" /><ent r="3" t="173" w="205" /><ent r="4" t="197" w="134" /><ent r="3" t="198" w="201" /><ent r="3" t="213" w="855" /><ent r="3" t="217" w="220" /><ent r="3" t="219" w="81" /><ent r="4" t="219" w="97" /><ent r="3" t="219" w="122" /><ent r="3" t="219" w="254" /><ent r="4" t="219" w="286" /><ent r="3" t="227" w="243" /><ent r="100" t="241" w="132" /></phr><phr n="removed"><ent r="3" t="128" w="197" /><ent r="3" t="128" w="234" /><ent r="3" t="133" w="29" /><ent r="3" t="160" w="133" /><ent r="3" t="169" w="59" /><ent r="3" t="169" w="74" /><ent r="3" t="180" w="1340" /><ent r="3" t="180" w="2244" /><ent r="4" t="219" w="113" /></phr><phr n="removing"><ent r="3" t="169" w="20" /><ent r="3" t="180" w="2969" /></phr><phr n="Removes"><ent r="6" t="169" w="501" /></phr><phr n="removes"><ent r="3" t="231" w="313" /></phr></stem></index>