﻿<?xml version="1.0" encoding="utf-8"?><index><stem n="help"><phr n="help"><ent r="7" t="5" w="284" /><ent r="3" t="110" w="453" /><ent r="3" t="183" w="129" /><ent r="3" t="183" w="147" /><ent r="3" t="184" w="119" /><ent r="3" t="184" w="137" /></phr><phr n="Help"><ent r="3" t="123" w="403" /><ent r="4" t="171" w="268" /><ent r="4" t="187" w="1641" /></phr><phr n="helpful"><ent r="3" t="182" w="1549" /></phr></stem><stem n=":toolbox"><phr n=":Toolbox"><ent r="100" t="6" w="8" /></phr></stem><stem n="messag"><phr n="Message"><ent r="7" t="6" w="50" /><ent r="68" t="6" w="58" /><ent r="65" t="85" w="30" /><ent r="1000" t="102" w="1" /><ent r="100" t="102" w="5" /><ent r="102" t="102" w="9" /><ent r="3" t="102" w="14" /><ent r="3" t="102" w="91" /><ent r="3" t="102" w="102" /><ent r="3" t="102" w="150" /><ent r="4" t="102" w="170" /><ent r="3" t="102" w="185" /><ent r="3" t="102" w="202" /><ent r="3" t="102" w="219" /><ent r="3" t="102" w="234" /><ent r="3" t="102" w="242" /><ent r="4" t="102" w="262" /></phr><phr n="message"><ent r="3" t="43" w="83" /><ent r="3" t="44" w="66" /><ent r="4" t="48" w="293" /><ent r="3" t="49" w="102" /><ent r="3" t="102" w="96" /><ent r="3" t="102" w="101" /><ent r="3" t="102" w="110" /><ent r="3" t="102" w="126" /><ent r="3" t="102" w="144" /><ent r="3" t="104" w="84" /><ent r="3" t="160" w="198" /><ent r="3" t="160" w="203" /><ent r="3" t="160" w="235" /><ent r="3" t="160" w="240" /><ent r="4" t="179" w="2224" /><ent r="4" t="179" w="2268" /><ent r="4" t="181" w="1452" /><ent r="4" t="181" w="1475" /><ent r="4" t="185" w="459" /><ent r="3" t="200" w="175" /></phr><phr n="messages"><ent r="3" t="102" w="75" /><ent r="3" t="102" w="88" /><ent r="5" t="143" w="239" /><ent r="100" t="229" w="10" /><ent r="3" t="229" w="23" /><ent r="4" t="229" w="133" /><ent r="4" t="229" w="144" /></phr><phr n="Messages"><ent r="3" t="102" w="79" /><ent r="66" t="143" w="229" /><ent r="1000" t="229" w="2" /><ent r="102" t="229" w="6" /><ent r="3" t="229" w="14" /><ent r="4" t="229" w="72" /><ent r="5" t="229" w="116" /><ent r="4" t="229" w="126" /></phr></stem><stem n="log"><phr n="Log"><ent r="7" t="6" w="51" /><ent r="68" t="6" w="59" /><ent r="65" t="85" w="31" /><ent r="1000" t="102" w="2" /><ent r="100" t="102" w="6" /><ent r="102" t="102" w="10" /><ent r="3" t="102" w="15" /><ent r="3" t="102" w="92" /><ent r="3" t="102" w="151" /><ent r="4" t="102" w="171" /><ent r="3" t="102" w="186" /><ent r="3" t="102" w="203" /><ent r="3" t="102" w="220" /><ent r="3" t="102" w="235" /><ent r="3" t="102" w="243" /><ent r="4" t="102" w="263" /></phr><phr n="logged"><ent r="3" t="102" w="62" /><ent r="3" t="102" w="77" /></phr><phr n="log"><ent r="7" t="196" w="74" /><ent r="7" t="196" w="82" /><ent r="7" t="196" w="88" /><ent r="3" t="200" w="176" /></phr></stem><stem n="background"><phr n="Background"><ent r="7" t="6" w="64" /><ent r="68" t="6" w="69" /><ent r="65" t="85" w="37" /><ent r="1000" t="104" w="1" /><ent r="100" t="104" w="6" /><ent r="102" t="104" w="11" /><ent r="3" t="104" w="17" /><ent r="3" t="104" w="119" /><ent r="4" t="104" w="134" /><ent r="4" t="104" w="156" /><ent r="4" t="104" w="180" /><ent r="4" t="104" w="228" /><ent r="5" t="108" w="436" /><ent r="6" t="125" w="359" /><ent r="5" t="153" w="243" /><ent r="5" t="156" w="237" /></phr><phr n="background"><ent r="4" t="28" w="80" /><ent r="4" t="28" w="122" /><ent r="4" t="28" w="177" /><ent r="4" t="28" w="286" /><ent r="3" t="104" w="28" /><ent r="3" t="104" w="53" /><ent r="3" t="108" w="430" /><ent r="4" t="108" w="441" /><ent r="3" t="125" w="344" /><ent r="4" t="153" w="256" /><ent r="4" t="156" w="246" /><ent r="3" t="158" w="216" /><ent r="3" t="223" w="42" /></phr></stem><stem n="script"><phr n="Scripting"><ent r="7" t="6" w="76" /><ent r="68" t="6" w="83" /><ent r="65" t="85" w="34" /><ent r="1000" t="103" w="1" /><ent r="100" t="103" w="4" /><ent r="102" t="103" w="7" /><ent r="4" t="103" w="104" /><ent r="3" t="103" w="118" /><ent r="4" t="103" w="139" /><ent r="64" t="103" w="160" /><ent r="1000" t="160" w="1" /><ent r="100" t="160" w="5" /><ent r="100" t="160" w="10" /><ent r="102" t="160" w="13" /><ent r="3" t="160" w="20" /><ent r="5" t="160" w="38" /><ent r="3" t="160" w="52" /></phr><phr n="scripting"><ent r="3" t="103" w="11" /><ent r="3" t="103" w="57" /><ent r="3" t="103" w="79" /><ent r="3" t="103" w="85" /><ent r="3" t="160" w="164" /></phr><phr n="script"><ent r="3" t="180" w="2075" /><ent r="3" t="180" w="2100" /></phr></stem><stem n="overview"><phr n="Overview"><ent r="7" t="6" w="88" /><ent r="68" t="6" w="105" /><ent r="1000" t="47" w="1" /><ent r="100" t="47" w="4" /><ent r="102" t="47" w="7" /><ent r="3" t="47" w="11" /><ent r="4" t="47" w="31" /><ent r="5" t="47" w="50" /><ent r="3" t="47" w="64" /><ent r="3" t="47" w="165" /><ent r="3" t="47" w="180" /><ent r="3" t="47" w="200" /><ent r="4" t="47" w="230" /><ent r="4" t="47" w="242" /><ent r="4" t="47" w="260" /><ent r="4" t="47" w="295" /><ent r="64" t="47" w="345" /><ent r="65" t="105" w="19" /><ent r="4" t="105" w="31" /><ent r="1000" t="106" w="2" /><ent r="102" t="106" w="6" /><ent r="3" t="106" w="14" /><ent r="64" t="106" w="27" /><ent r="3" t="106" w="78" /><ent r="4" t="106" w="120" /><ent r="5" t="106" w="173" /><ent r="3" t="106" w="220" /><ent r="5" t="179" w="699" /></phr><phr n="overview"><ent r="7" t="6" w="97" /><ent r="3" t="47" w="20" /><ent r="100" t="106" w="10" /><ent r="5" t="143" w="272" /><ent r="4" t="179" w="684" /><ent r="3" t="179" w="707" /><ent r="4" t="179" w="756" /></phr></stem><stem n="on"><phr n="one"><ent r="7" t="6" w="96" /><ent r="7" t="6" w="122" /><ent r="6" t="13" w="213" /><ent r="6" t="14" w="165" /><ent r="6" t="14" w="175" /><ent r="4" t="20" w="211" /><ent r="4" t="26" w="178" /><ent r="4" t="29" w="89" /><ent r="3" t="33" w="32" /><ent r="3" t="34" w="28" /><ent r="3" t="34" w="43" /><ent r="3" t="38" w="32" /><ent r="3" t="44" w="596" /><ent r="3" t="48" w="195" /><ent r="3" t="50" w="68" /><ent r="3" t="58" w="128" /><ent r="3" t="63" w="80" /><ent r="65" t="72" w="45" /><ent r="3" t="79" w="35" /><ent r="5" t="90" w="173" /><ent r="4" t="95" w="108" /><ent r="3" t="96" w="25" /><ent r="4" t="108" w="297" /><ent r="4" t="108" w="306" /><ent r="3" t="110" w="22" /><ent r="3" t="115" w="435" /><ent r="3" t="122" w="18" /><ent r="4" t="123" w="78" /><ent r="3" t="125" w="724" /><ent r="3" t="128" w="27" /><ent r="3" t="129" w="33" /><ent r="3" t="134" w="58" /><ent r="3" t="134" w="61" /><ent r="4" t="138" w="68" /><ent r="3" t="140" w="63" /><ent r="3" t="140" w="124" /><ent r="3" t="140" w="131" /><ent r="3" t="142" w="563" /><ent r="3" t="145" w="205" /><ent r="3" t="145" w="212" /><ent r="4" t="153" w="370" /><ent r="4" t="153" w="373" /><ent r="4" t="153" w="377" /><ent r="5" t="153" w="592" /><ent r="4" t="153" w="805" /><ent r="4" t="153" w="808" /><ent r="4" t="153" w="812" /><ent r="5" t="153" w="1027" /><ent r="3" t="165" w="27" /><ent r="5" t="165" w="208" /><ent r="3" t="165" w="337" /><ent r="5" t="165" w="625" /><ent r="3" t="167" w="242" /><ent r="4" t="167" w="581" /><ent r="4" t="167" w="593" /><ent r="3" t="168" w="91" /><ent r="3" t="168" w="118" /><ent r="3" t="169" w="239" /><ent r="3" t="169" w="261" /><ent r="4" t="171" w="213" /><ent r="4" t="172" w="169" /><ent r="4" t="172" w="179" /><ent r="3" t="173" w="60" /><ent r="3" t="173" w="68" /><ent r="4" t="173" w="179" /><ent r="4" t="175" w="132" /><ent r="3" t="176" w="93" /><ent r="4" t="176" w="300" /><ent r="4" t="179" w="1392" /><ent r="3" t="180" w="201" /><ent r="3" t="180" w="351" /><ent r="3" t="180" w="1528" /><ent r="4" t="180" w="1907" /><ent r="3" t="180" w="2643" /><ent r="3" t="181" w="1137" /><ent r="4" t="182" w="810" /><ent r="3" t="182" w="830" /><ent r="3" t="182" w="864" /><ent r="6" t="191" w="57" /><ent r="3" t="194" w="30" /><ent r="3" t="195" w="605" /><ent r="7" t="199" w="684" /><ent r="3" t="200" w="141" /><ent r="3" t="233" w="116" /><ent r="3" t="238" w="299" /><ent r="3" t="238" w="305" /><ent r="3" t="238" w="480" /></phr><phr n="One"><ent r="4" t="47" w="267" /><ent r="3" t="106" w="227" /><ent r="3" t="187" w="126" /><ent r="5" t="194" w="39" /><ent r="4" t="194" w="42" /></phr><phr n="ones"><ent r="5" t="89" w="231" /><ent r="5" t="153" w="646" /><ent r="5" t="153" w="1081" /><ent r="5" t="165" w="709" /></phr></stem><stem n="spatial"><phr n="spatial"><ent r="7" t="6" w="101" /><ent r="4" t="47" w="82" /><ent r="4" t="49" w="116" /><ent r="4" t="99" w="91" /><ent r="3" t="99" w="97" /><ent r="3" t="132" w="42" /><ent r="3" t="132" w="68" /><ent r="3" t="132" w="73" /><ent r="3" t="134" w="30" /><ent r="4" t="134" w="68" /><ent r="3" t="156" w="121" /><ent r="4" t="156" w="793" /><ent r="3" t="179" w="663" /><ent r="3" t="179" w="751" /><ent r="3" t="179" w="815" /><ent r="3" t="180" w="338" /><ent r="4" t="181" w="542" /><ent r="3" t="213" w="41" /><ent r="3" t="238" w="488" /><ent r="3" t="238" w="510" /></phr><phr n="Spatial"><ent r="5" t="90" w="345" /><ent r="67" t="90" w="363" /><ent r="1000" t="93" w="2" /><ent r="100" t="93" w="6" /><ent r="100" t="93" w="9" /><ent r="102" t="93" w="13" /><ent r="3" t="93" w="17" /><ent r="5" t="93" w="80" /><ent r="4" t="93" w="130" /><ent r="3" t="156" w="146" /><ent r="92" t="156" w="774" /><ent r="3" t="156" w="781" /><ent r="64" t="178" w="342" /><ent r="102" t="181" w="14" /><ent r="4" t="181" w="100" /><ent r="5" t="226" w="241" /><ent r="5" t="226" w="251" /><ent r="5" t="226" w="261" /><ent r="5" t="226" w="271" /><ent r="5" t="226" w="281" /><ent r="5" t="226" w="291" /><ent r="5" t="226" w="301" /><ent r="5" t="226" w="311" /></phr><phr n="spatially"><ent r="3" t="181" w="49" /></phr></stem><stem n="chip"><phr n="Chipping"><ent r="7" t="6" w="111" /><ent r="68" t="6" w="115" /><ent r="1000" t="49" w="2" /><ent r="100" t="49" w="10" /><ent r="102" t="49" w="14" /><ent r="3" t="49" w="19" /><ent r="3" t="49" w="60" /><ent r="3" t="49" w="110" /><ent r="5" t="49" w="140" /><ent r="3" t="49" w="155" /><ent r="5" t="49" w="438" /><ent r="100" t="179" w="85" /><ent r="4" t="179" w="89" /><ent r="4" t="179" w="294" /><ent r="92" t="179" w="2117" /><ent r="5" t="179" w="2130" /><ent r="3" t="179" w="2138" /><ent r="5" t="179" w="2209" /></phr><phr n="chip"><ent r="100" t="49" w="5" /><ent r="3" t="49" w="26" /><ent r="3" t="49" w="37" /><ent r="3" t="49" w="47" /><ent r="3" t="49" w="77" /><ent r="4" t="49" w="182" /><ent r="4" t="49" w="217" /><ent r="4" t="49" w="235" /><ent r="3" t="49" w="287" /><ent r="4" t="49" w="454" /><ent r="4" t="49" w="465" /><ent r="4" t="49" w="473" /><ent r="4" t="49" w="487" /><ent r="3" t="49" w="527" /><ent r="3" t="49" w="534" /><ent r="3" t="49" w="572" /><ent r="3" t="49" w="586" /><ent r="3" t="49" w="602" /><ent r="3" t="49" w="621" /><ent r="3" t="176" w="66" /><ent r="4" t="179" w="2231" /><ent r="3" t="182" w="1392" /></phr><phr n="Chip"><ent r="3" t="49" w="162" /><ent r="5" t="49" w="199" /><ent r="5" t="175" w="221" /><ent r="5" t="175" w="230" /><ent r="4" t="179" w="2150" /><ent r="4" t="179" w="2204" /></phr><phr n="chips"><ent r="3" t="69" w="23" /><ent r="4" t="175" w="216" /><ent r="3" t="176" w="23" /></phr><phr n="Chipped"><ent r="92" t="179" w="2314" /></phr><phr n="chipped"><ent r="4" t="179" w="2347" /></phr></stem><stem n="allow"><phr n="Allows"><ent r="7" t="6" w="118" /><ent r="7" t="6" w="164" /><ent r="6" t="7" w="65" /><ent r="7" t="7" w="83" /><ent r="6" t="7" w="124" /><ent r="6" t="7" w="218" /><ent r="7" t="8" w="198" /><ent r="7" t="8" w="215" /><ent r="7" t="9" w="31" /><ent r="7" t="9" w="53" /><ent r="7" t="10" w="68" /><ent r="7" t="10" w="114" /><ent r="7" t="11" w="159" /><ent r="7" t="11" w="171" /><ent r="7" t="11" w="180" /><ent r="7" t="11" w="199" /><ent r="7" t="11" w="217" /><ent r="7" t="11" w="264" /><ent r="7" t="11" w="279" /><ent r="7" t="11" w="293" /><ent r="7" t="11" w="307" /><ent r="4" t="20" w="91" /><ent r="4" t="20" w="143" /><ent r="4" t="20" w="155" /><ent r="4" t="20" w="238" /><ent r="4" t="20" w="268" /><ent r="4" t="20" w="327" /><ent r="4" t="20" w="387" /><ent r="4" t="20" w="428" /><ent r="4" t="20" w="448" /><ent r="4" t="25" w="34" /><ent r="4" t="25" w="82" /><ent r="4" t="25" w="120" /><ent r="4" t="25" w="168" /><ent r="4" t="25" w="195" /><ent r="4" t="25" w="219" /><ent r="4" t="28" w="34" /><ent r="4" t="28" w="53" /><ent r="4" t="28" w="101" /><ent r="4" t="28" w="143" /><ent r="4" t="28" w="201" /><ent r="4" t="28" w="255" /><ent r="7" t="39" w="165" /><ent r="4" t="40" w="88" /><ent r="4" t="40" w="113" /><ent r="4" t="40" w="146" /><ent r="4" t="40" w="169" /><ent r="4" t="40" w="209" /><ent r="3" t="64" w="112" /><ent r="3" t="64" w="124" /><ent r="3" t="64" w="139" /><ent r="3" t="64" w="171" /><ent r="7" t="90" w="326" /><ent r="4" t="91" w="64" /><ent r="4" t="91" w="74" /><ent r="5" t="190" w="251" /><ent r="7" t="199" w="547" /><ent r="7" t="199" w="602" /><ent r="6" t="230" w="171" /><ent r="6" t="230" w="256" /><ent r="6" t="230" w="279" /><ent r="6" t="230" w="341" /><ent r="6" t="230" w="555" /><ent r="6" t="230" w="588" /><ent r="5" t="230" w="607" /><ent r="6" t="230" w="654" /></phr><phr n="allows"><ent r="6" t="7" w="204" /><ent r="3" t="31" w="20" /><ent r="3" t="32" w="12" /><ent r="3" t="35" w="8" /><ent r="3" t="36" w="13" /><ent r="7" t="39" w="150" /><ent r="3" t="48" w="21" /><ent r="3" t="48" w="61" /><ent r="3" t="49" w="21" /><ent r="4" t="49" w="450" /><ent r="3" t="59" w="25" /><ent r="4" t="60" w="17" /><ent r="3" t="64" w="26" /><ent r="3" t="64" w="191" /><ent r="3" t="77" w="233" /><ent r="3" t="83" w="29" /><ent r="3" t="85" w="234" /><ent r="7" t="90" w="697" /><ent r="3" t="92" w="19" /><ent r="3" t="93" w="19" /><ent r="3" t="94" w="12" /><ent r="3" t="95" w="16" /><ent r="3" t="103" w="25" /><ent r="3" t="104" w="31" /><ent r="3" t="109" w="238" /><ent r="3" t="110" w="10" /><ent r="3" t="115" w="43" /><ent r="4" t="117" w="106" /><ent r="3" t="117" w="204" /><ent r="3" t="123" w="24" /><ent r="3" t="123" w="134" /><ent r="3" t="124" w="38" /><ent r="8" t="125" w="427" /><ent r="3" t="125" w="642" /><ent r="3" t="130" w="40" /><ent r="3" t="130" w="71" /><ent r="3" t="130" w="92" /><ent r="3" t="134" w="18" /><ent r="3" t="136" w="29" /><ent r="3" t="148" w="186" /><ent r="3" t="154" w="225" /><ent r="3" t="155" w="199" /><ent r="3" t="156" w="510" /><ent r="3" t="156" w="689" /><ent r="3" t="157" w="483" /><ent r="3" t="157" w="662" /><ent r="3" t="158" w="29" /><ent r="3" t="158" w="480" /><ent r="3" t="158" w="659" /><ent r="3" t="158" w="768" /><ent r="5" t="167" w="313" /><ent r="3" t="167" w="399" /><ent r="3" t="179" w="1524" /><ent r="4" t="179" w="1672" /><ent r="3" t="179" w="1782" /><ent r="4" t="181" w="537" /><ent r="3" t="181" w="743" /><ent r="3" t="185" w="125" /><ent r="3" t="185" w="141" /><ent r="3" t="186" w="91" /><ent r="4" t="186" w="122" /><ent r="4" t="186" w="146" /><ent r="3" t="186" w="1019" /><ent r="3" t="187" w="83" /><ent r="3" t="195" w="459" /><ent r="3" t="213" w="610" /><ent r="3" t="213" w="794" /><ent r="3" t="223" w="20" /><ent r="6" t="230" w="224" /><ent r="6" t="230" w="509" /></phr><phr n="Allow"><ent r="7" t="8" w="179" /><ent r="5" t="143" w="232" /></phr><phr n="allowing"><ent r="3" t="19" w="169" /></phr><phr n="allow"><ent r="3" t="39" w="14" /><ent r="3" t="40" w="14" /><ent r="3" t="48" w="47" /><ent r="4" t="58" w="54" /><ent r="4" t="58" w="92" /><ent r="3" t="90" w="113" /><ent r="3" t="115" w="151" /><ent r="3" t="125" w="617" /><ent r="4" t="153" w="265" /><ent r="4" t="171" w="180" /><ent r="3" t="179" w="745" /><ent r="3" t="181" w="1200" /><ent r="3" t="187" w="902" /><ent r="4" t="187" w="1355" /><ent r="3" t="192" w="109" /><ent r="3" t="229" w="16" /></phr><phr n="allowed"><ent r="3" t="81" w="230" /></phr></stem><stem n="link"><phr n="link"><ent r="7" t="6" w="121" /><ent r="3" t="31" w="74" /><ent r="100" t="48" w="6" /><ent r="100" t="48" w="9" /><ent r="3" t="48" w="24" /><ent r="3" t="48" w="50" /><ent r="3" t="48" w="73" /><ent r="3" t="48" w="181" /><ent r="3" t="48" w="198" /><ent r="4" t="48" w="211" /><ent r="3" t="48" w="240" /><ent r="4" t="48" w="304" /><ent r="5" t="90" w="180" /><ent r="3" t="180" w="68" /><ent r="100" t="180" w="113" /><ent r="3" t="180" w="332" /><ent r="3" t="187" w="86" /></phr><phr n="Link"><ent r="68" t="6" w="128" /><ent r="1000" t="48" w="1" /><ent r="102" t="48" w="14" /><ent r="3" t="48" w="18" /><ent r="3" t="48" w="45" /><ent r="5" t="48" w="93" /><ent r="3" t="48" w="107" /><ent r="4" t="48" w="113" /><ent r="4" t="180" w="116" /><ent r="4" t="180" w="326" /><ent r="4" t="180" w="2374" /><ent r="4" t="180" w="2387" /><ent r="4" t="180" w="2418" /><ent r="4" t="180" w="2463" /><ent r="4" t="180" w="2539" /></phr><phr n="linking"><ent r="4" t="48" w="308" /><ent r="4" t="180" w="2473" /><ent r="4" t="180" w="2483" /></phr><phr n="links"><ent r="3" t="178" w="311" /><ent r="3" t="198" w="119" /></phr><phr n="Linking"><ent r="64" t="178" w="330" /><ent r="102" t="180" w="26" /><ent r="92" t="180" w="2316" /><ent r="4" t="180" w="2493" /></phr><phr n="Links"><ent r="4" t="180" w="2426" /></phr><phr n="linked"><ent r="4" t="180" w="2455" /></phr></stem><stem n="anoth"><phr n="another"><ent r="7" t="6" w="126" /><ent r="3" t="21" w="96" /><ent r="3" t="50" w="54" /><ent r="3" t="110" w="448" /><ent r="3" t="128" w="34" /><ent r="3" t="168" w="119" /><ent r="4" t="171" w="228" /><ent r="3" t="180" w="1527" /><ent r="4" t="180" w="1914" /><ent r="4" t="180" w="2457" /><ent r="3" t="180" w="2647" /><ent r="4" t="181" w="876" /><ent r="4" t="181" w="901" /><ent r="4" t="181" w="1272" /><ent r="3" t="181" w="1502" /><ent r="4" t="184" w="966" /><ent r="3" t="195" w="466" /><ent r="3" t="238" w="484" /></phr><phr n="Another"><ent r="3" t="183" w="345" /></phr></stem><stem n="/unlink"><phr n="/Unlink"><ent r="68" t="6" w="129" /><ent r="1000" t="48" w="2" /><ent r="102" t="48" w="15" /><ent r="3" t="48" w="19" /><ent r="3" t="48" w="46" /><ent r="3" t="48" w="108" /><ent r="4" t="48" w="114" /><ent r="4" t="180" w="2375" /><ent r="4" t="180" w="2388" /><ent r="4" t="180" w="2419" /><ent r="4" t="180" w="2540" /></phr></stem><stem n="link/unlink"><phr n="Link/Unlink"><ent r="68" t="6" w="129" /><ent r="68" t="6" w="128" /><ent r="1000" t="48" w="2" /><ent r="1000" t="48" w="1" /><ent r="102" t="48" w="15" /><ent r="102" t="48" w="14" /><ent r="3" t="48" w="19" /><ent r="3" t="48" w="18" /><ent r="3" t="48" w="46" /><ent r="3" t="48" w="45" /><ent r="5" t="48" w="94" /><ent r="5" t="48" w="93" /><ent r="3" t="48" w="108" /><ent r="3" t="48" w="107" /><ent r="4" t="48" w="114" /><ent r="4" t="48" w="113" /><ent r="4" t="180" w="2375" /><ent r="4" t="180" w="2374" /><ent r="4" t="180" w="2388" /><ent r="4" t="180" w="2387" /><ent r="4" t="180" w="2419" /><ent r="4" t="180" w="2418" /><ent r="4" t="180" w="2540" /><ent r="4" t="180" w="2539" /></phr></stem><stem n="unlink"><phr n="Unlink"><ent r="68" t="6" w="129" /><ent r="1000" t="48" w="2" /><ent r="102" t="48" w="15" /><ent r="3" t="48" w="19" /><ent r="3" t="48" w="46" /><ent r="5" t="48" w="94" /><ent r="3" t="48" w="108" /><ent r="4" t="48" w="114" /><ent r="5" t="48" w="230" /><ent r="4" t="180" w="2375" /><ent r="4" t="180" w="2388" /><ent r="4" t="180" w="2419" /><ent r="4" t="180" w="2540" /></phr><phr n="unlink"><ent r="100" t="48" w="12" /></phr></stem><stem n="edit"><phr n="Edit"><ent r="5" t="6" w="131" /><ent r="66" t="6" w="145" /><ent r="5" t="6" w="150" /><ent r="66" t="6" w="161" /><ent r="68" t="8" w="241" /><ent r="68" t="9" w="62" /><ent r="68" t="10" w="79" /><ent r="6" t="38" w="110" /><ent r="67" t="38" w="117" /><ent r="3" t="38" w="137" /><ent r="1000" t="41" w="1" /><ent r="102" t="41" w="5" /><ent r="3" t="41" w="29" /><ent r="64" t="47" w="217" /><ent r="1000" t="56" w="2" /><ent r="102" t="56" w="6" /><ent r="3" t="56" w="11" /><ent r="3" t="56" w="45" /><ent r="3" t="56" w="70" /><ent r="64" t="62" w="144" /><ent r="65" t="65" w="246" /><ent r="65" t="65" w="288" /><ent r="65" t="67" w="253" /><ent r="4" t="74" w="149" /><ent r="64" t="95" w="276" /><ent r="1000" t="96" w="2" /><ent r="102" t="96" w="7" /><ent r="5" t="96" w="105" /><ent r="64" t="96" w="177" /><ent r="64" t="106" w="203" /><ent r="65" t="108" w="455" /><ent r="4" t="111" w="108" /><ent r="4" t="115" w="190" /><ent r="68" t="116" w="220" /><ent r="64" t="125" w="284" /><ent r="1000" t="126" w="2" /><ent r="102" t="126" w="25" /><ent r="4" t="126" w="392" /><ent r="5" t="127" w="47" /><ent r="64" t="130" w="128" /><ent r="64" t="131" w="226" /><ent r="64" t="132" w="119" /><ent r="1000" t="134" w="1" /><ent r="102" t="134" w="9" /><ent r="3" t="134" w="14" /><ent r="5" t="134" w="81" /><ent r="64" t="148" w="161" /><ent r="64" t="149" w="197" /><ent r="64" t="154" w="200" /><ent r="64" t="155" w="174" /><ent r="64" t="158" w="267" /><ent r="64" t="159" w="158" /><ent r="64" t="160" w="222" /><ent r="64" t="161" w="230" /><ent r="64" t="164" w="171" /><ent r="4" t="184" w="938" /><ent r="4" t="186" w="57" /><ent r="82" t="186" w="712" /><ent r="4" t="186" w="994" /><ent r="1000" t="189" w="1" /><ent r="102" t="189" w="10" /><ent r="4" t="213" w="216" /><ent r="4" t="213" w="233" /><ent r="4" t="213" w="331" /><ent r="4" t="213" w="348" /><ent r="5" t="226" w="136" /><ent r="6" t="230" w="25" /><ent r="67" t="230" w="190" /><ent r="67" t="230" w="359" /><ent r="67" t="230" w="570" /><ent r="92" t="231" w="170" /><ent r="5" t="231" w="206" /><ent r="3" t="231" w="211" /><ent r="4" t="231" w="219" /><ent r="92" t="232" w="116" /><ent r="4" t="232" w="141" /><ent r="4" t="232" w="145" /><ent r="1000" t="239" w="3" /><ent r="100" t="239" w="18" /><ent r="100" t="239" w="25" /><ent r="102" t="239" w="30" /><ent r="3" t="239" w="41" /><ent r="3" t="241" w="41" /><ent r="7" t="241" w="86" /><ent r="68" t="241" w="107" /><ent r="6" t="243" w="32" /><ent r="6" t="243" w="35" /></phr><phr n="edit"><ent r="5" t="6" w="142" /><ent r="5" t="6" w="157" /><ent r="7" t="10" w="117" /><ent r="6" t="13" w="214" /><ent r="3" t="18" w="170" /><ent r="4" t="21" w="319" /><ent r="3" t="27" w="102" /><ent r="100" t="41" w="9" /><ent r="64" t="41" w="24" /><ent r="82" t="44" w="493" /><ent r="4" t="44" w="509" /><ent r="3" t="56" w="26" /><ent r="3" t="56" w="53" /><ent r="3" t="56" w="66" /><ent r="3" t="74" w="39" /><ent r="3" t="74" w="93" /><ent r="4" t="74" w="107" /><ent r="4" t="74" w="165" /><ent r="3" t="83" w="36" /><ent r="3" t="83" w="198" /><ent r="4" t="83" w="210" /><ent r="7" t="90" w="331" /><ent r="4" t="91" w="123" /><ent r="3" t="95" w="268" /><ent r="3" t="96" w="22" /><ent r="100" t="96" w="42" /><ent r="100" t="96" w="48" /><ent r="3" t="96" w="171" /><ent r="3" t="111" w="92" /><ent r="3" t="115" w="47" /><ent r="3" t="115" w="157" /><ent r="3" t="118" w="23" /><ent r="100" t="126" w="10" /><ent r="3" t="126" w="368" /><ent r="4" t="126" w="410" /><ent r="3" t="130" w="95" /><ent r="100" t="134" w="5" /><ent r="3" t="134" w="21" /><ent r="3" t="134" w="51" /><ent r="3" t="157" w="49" /><ent r="3" t="157" w="765" /><ent r="3" t="157" w="781" /><ent r="3" t="158" w="771" /><ent r="3" t="158" w="818" /><ent r="4" t="159" w="117" /><ent r="3" t="162" w="134" /><ent r="3" t="163" w="225" /><ent r="4" t="186" w="149" /><ent r="100" t="189" w="5" /><ent r="100" t="189" w="7" /><ent r="3" t="208" w="117" /><ent r="3" t="208" w="133" /><ent r="3" t="211" w="25" /><ent r="3" t="213" w="93" /><ent r="4" t="213" w="245" /><ent r="4" t="213" w="360" /><ent r="3" t="227" w="174" /><ent r="6" t="230" w="137" /><ent r="6" t="230" w="512" /><ent r="6" t="230" w="591" /><ent r="3" t="231" w="22" /><ent r="3" t="231" w="238" /><ent r="3" t="232" w="10" /><ent r="6" t="243" w="42" /><ent r="6" t="243" w="55" /><ent r="6" t="243" w="67" /><ent r="6" t="243" w="80" /><ent r="6" t="243" w="92" /><ent r="6" t="243" w="105" /><ent r="6" t="243" w="117" /><ent r="6" t="243" w="130" /><ent r="5" t="243" w="143" /><ent r="5" t="243" w="155" /><ent r="5" t="243" w="167" /><ent r="5" t="243" w="180" /><ent r="6" t="243" w="192" /><ent r="6" t="243" w="204" /><ent r="6" t="243" w="227" /><ent r="6" t="243" w="236" /><ent r="6" t="243" w="376" /><ent r="6" t="243" w="395" /><ent r="6" t="243" w="413" /><ent r="6" t="243" w="432" /><ent r="6" t="243" w="450" /><ent r="6" t="243" w="469" /><ent r="6" t="243" w="487" /><ent r="6" t="243" w="506" /><ent r="5" t="243" w="525" /><ent r="5" t="243" w="543" /><ent r="5" t="243" w="561" /><ent r="5" t="243" w="580" /><ent r="6" t="243" w="598" /><ent r="6" t="243" w="616" /><ent r="6" t="243" w="634" /><ent r="6" t="243" w="652" /><ent r="6" t="243" w="667" /></phr><phr n="editing"><ent r="64" t="81" w="197" /><ent r="3" t="96" w="184" /><ent r="3" t="115" w="126" /><ent r="4" t="167" w="1070" /><ent r="3" t="184" w="840" /><ent r="3" t="211" w="37" /><ent r="3" t="238" w="245" /></phr><phr n="Edits"><ent r="7" t="116" w="212" /></phr><phr n="edited"><ent r="3" t="164" w="52" /><ent r="3" t="166" w="40" /><ent r="3" t="208" w="115" /><ent r="3" t="208" w="139" /><ent r="3" t="213" w="412" /></phr><phr n="Edition"><ent r="5" t="199" w="67" /></phr><phr n="edits"><ent r="4" t="215" w="336" /></phr></stem><stem n="turn"><phr n="Turns"><ent r="5" t="6" w="134" /></phr><phr n="turn"><ent r="7" t="10" w="98" /><ent r="3" t="38" w="130" /><ent r="3" t="41" w="14" /><ent r="3" t="56" w="63" /><ent r="3" t="98" w="54" /><ent r="3" t="144" w="346" /><ent r="3" t="164" w="41" /><ent r="3" t="164" w="176" /><ent r="3" t="180" w="368" /><ent r="3" t="180" w="701" /><ent r="4" t="216" w="263" /><ent r="4" t="223" w="108" /></phr><phr n="Turning"><ent r="3" t="86" w="134" /></phr><phr n="turns"><ent r="3" t="86" w="140" /><ent r="3" t="188" w="1024" /></phr><phr n="Turn"><ent r="92" t="98" w="49" /><ent r="92" t="180" w="674" /></phr><phr n="turned"><ent r="4" t="109" w="401" /></phr></stem><stem n="put"><phr n="Puts"><ent r="5" t="6" w="152" /></phr><phr n="puts"><ent r="3" t="56" w="21" /></phr><phr n="put"><ent r="3" t="123" w="357" /></phr></stem><stem n="-in,"><phr n="-in,"><ent r="7" t="6" w="173" /><ent r="7" t="6" w="173" /><ent r="3" t="104" w="82" /><ent r="3" t="104" w="82" /><ent r="4" t="104" w="195" /><ent r="4" t="104" w="195" /><ent r="3" t="110" w="393" /><ent r="3" t="110" w="393" /><ent r="3" t="110" w="407" /><ent r="3" t="110" w="407" /><ent r="3" t="110" w="435" /><ent r="3" t="110" w="435" /><ent r="3" t="110" w="451" /><ent r="3" t="110" w="451" /><ent r="3" t="156" w="23" /><ent r="3" t="156" w="23" /><ent r="3" t="156" w="34" /><ent r="3" t="156" w="34" /><ent r="3" t="156" w="311" /><ent r="3" t="156" w="311" /><ent r="3" t="166" w="106" /><ent r="3" t="166" w="106" /><ent r="3" t="166" w="128" /><ent r="3" t="166" w="128" /><ent r="4" t="172" w="282" /><ent r="4" t="172" w="282" /><ent r="3" t="178" w="139" /><ent r="3" t="178" w="139" /><ent r="3" t="187" w="1005" /><ent r="3" t="187" w="1005" /></phr><phr n="-In,"><ent r="3" t="167" w="210" /><ent r="3" t="167" w="210" /></phr></stem></index>