﻿<?xml version="1.0" encoding="utf-8"?><index><stem n="file"><phr n="file"><ent r="7" t="5" w="31" /><ent r="6" t="11" w="132" /><ent r="100" t="18" w="4" /><ent r="100" t="18" w="8" /><ent r="100" t="18" w="15" /><ent r="3" t="18" w="25" /><ent r="4" t="18" w="106" /><ent r="4" t="18" w="143" /><ent r="3" t="18" w="193" /><ent r="3" t="18" w="228" /><ent r="3" t="18" w="249" /><ent r="100" t="19" w="7" /><ent r="100" t="19" w="11" /><ent r="3" t="19" w="57" /><ent r="3" t="19" w="70" /><ent r="3" t="19" w="110" /><ent r="3" t="19" w="116" /><ent r="3" t="19" w="159" /><ent r="3" t="19" w="180" /><ent r="3" t="19" w="186" /><ent r="3" t="19" w="194" /><ent r="3" t="20" w="23" /><ent r="64" t="20" w="38" /><ent r="4" t="20" w="107" /><ent r="4" t="20" w="166" /><ent r="4" t="20" w="412" /><ent r="4" t="20" w="532" /><ent r="100" t="21" w="7" /><ent r="100" t="21" w="10" /><ent r="3" t="21" w="19" /><ent r="3" t="21" w="94" /><ent r="3" t="21" w="105" /><ent r="3" t="21" w="138" /><ent r="3" t="21" w="208" /><ent r="64" t="21" w="215" /><ent r="4" t="21" w="259" /><ent r="4" t="21" w="305" /><ent r="3" t="21" w="363" /><ent r="3" t="21" w="392" /><ent r="3" t="21" w="443" /><ent r="4" t="21" w="498" /><ent r="3" t="22" w="48" /><ent r="4" t="23" w="66" /><ent r="3" t="23" w="125" /><ent r="3" t="24" w="61" /><ent r="4" t="25" w="59" /><ent r="4" t="25" w="65" /><ent r="4" t="25" w="205" /><ent r="4" t="25" w="227" /><ent r="3" t="26" w="38" /><ent r="3" t="26" w="48" /><ent r="3" t="26" w="55" /><ent r="4" t="26" w="72" /><ent r="4" t="26" w="78" /><ent r="4" t="26" w="166" /><ent r="4" t="26" w="172" /><ent r="4" t="26" w="346" /><ent r="4" t="26" w="402" /><ent r="4" t="26" w="597" /><ent r="4" t="27" w="70" /><ent r="100" t="29" w="6" /><ent r="100" t="29" w="11" /><ent r="3" t="29" w="21" /><ent r="4" t="29" w="77" /><ent r="3" t="30" w="54" /><ent r="3" t="32" w="23" /><ent r="3" t="32" w="36" /><ent r="3" t="32" w="45" /><ent r="3" t="32" w="48" /><ent r="3" t="32" w="57" /><ent r="3" t="32" w="90" /><ent r="4" t="32" w="146" /><ent r="4" t="32" w="179" /><ent r="3" t="33" w="80" /><ent r="3" t="33" w="94" /><ent r="3" t="34" w="19" /><ent r="3" t="34" w="26" /><ent r="3" t="49" w="56" /><ent r="3" t="49" w="91" /><ent r="5" t="49" w="429" /><ent r="4" t="49" w="449" /><ent r="4" t="49" w="458" /><ent r="4" t="49" w="635" /><ent r="4" t="49" w="646" /><ent r="4" t="49" w="651" /><ent r="4" t="52" w="35" /><ent r="4" t="75" w="38" /><ent r="4" t="78" w="109" /><ent r="4" t="78" w="114" /><ent r="4" t="80" w="206" /><ent r="3" t="81" w="185" /><ent r="4" t="81" w="274" /><ent r="4" t="81" w="281" /><ent r="6" t="90" w="441" /><ent r="3" t="95" w="35" /><ent r="4" t="95" w="128" /><ent r="4" t="95" w="251" /><ent r="4" t="101" w="184" /><ent r="3" t="110" w="413" /><ent r="3" t="110" w="426" /><ent r="4" t="110" w="470" /><ent r="4" t="111" w="54" /><ent r="3" t="112" w="19" /><ent r="3" t="114" w="22" /><ent r="3" t="131" w="67" /><ent r="3" t="131" w="71" /><ent r="3" t="131" w="177" /><ent r="3" t="132" w="28" /><ent r="3" t="132" w="50" /><ent r="4" t="133" w="60" /><ent r="4" t="133" w="67" /><ent r="4" t="143" w="304" /><ent r="3" t="157" w="25" /><ent r="3" t="157" w="35" /><ent r="3" t="157" w="42" /><ent r="4" t="157" w="96" /><ent r="3" t="157" w="114" /><ent r="3" t="157" w="188" /><ent r="3" t="157" w="251" /><ent r="3" t="157" w="808" /><ent r="3" t="157" w="837" /><ent r="3" t="157" w="851" /><ent r="3" t="157" w="1003" /><ent r="5" t="167" w="325" /><ent r="5" t="167" w="332" /><ent r="3" t="167" w="369" /><ent r="3" t="167" w="555" /><ent r="4" t="167" w="882" /><ent r="4" t="167" w="889" /><ent r="3" t="167" w="967" /><ent r="3" t="167" w="987" /><ent r="3" t="167" w="998" /><ent r="4" t="169" w="363" /><ent r="4" t="169" w="380" /><ent r="6" t="169" w="487" /><ent r="6" t="169" w="495" /><ent r="3" t="169" w="542" /><ent r="3" t="169" w="564" /><ent r="3" t="169" w="571" /><ent r="3" t="169" w="604" /><ent r="3" t="169" w="624" /><ent r="4" t="179" w="58" /><ent r="4" t="179" w="94" /><ent r="4" t="179" w="544" /><ent r="3" t="179" w="1516" /><ent r="4" t="179" w="2097" /><ent r="4" t="179" w="2107" /><ent r="5" t="179" w="2161" /><ent r="5" t="179" w="2216" /><ent r="4" t="179" w="2338" /><ent r="4" t="180" w="98" /><ent r="3" t="180" w="456" /><ent r="4" t="180" w="2401" /><ent r="4" t="181" w="413" /><ent r="3" t="181" w="1125" /><ent r="4" t="181" w="1443" /><ent r="4" t="181" w="1457" /><ent r="4" t="181" w="1468" /><ent r="3" t="182" w="699" /><ent r="100" t="183" w="8" /><ent r="4" t="183" w="63" /><ent r="4" t="183" w="68" /><ent r="4" t="183" w="73" /><ent r="4" t="183" w="82" /><ent r="4" t="183" w="89" /><ent r="3" t="183" w="166" /><ent r="3" t="183" w="278" /><ent r="3" t="183" w="291" /><ent r="3" t="183" w="313" /><ent r="3" t="183" w="353" /><ent r="3" t="183" w="365" /><ent r="4" t="183" w="645" /><ent r="5" t="183" w="808" /><ent r="4" t="183" w="822" /><ent r="4" t="183" w="908" /><ent r="4" t="183" w="923" /><ent r="3" t="183" w="1100" /><ent r="3" t="183" w="1122" /><ent r="3" t="183" w="1131" /><ent r="100" t="184" w="7" /><ent r="100" t="184" w="12" /><ent r="4" t="184" w="66" /><ent r="4" t="184" w="70" /><ent r="4" t="184" w="79" /><ent r="3" t="184" w="156" /><ent r="3" t="184" w="267" /><ent r="3" t="184" w="280" /><ent r="3" t="184" w="300" /><ent r="3" t="184" w="340" /><ent r="3" t="184" w="352" /><ent r="4" t="184" w="655" /><ent r="4" t="184" w="673" /><ent r="4" t="184" w="1075" /><ent r="4" t="184" w="1126" /><ent r="92" t="184" w="1153" /><ent r="4" t="184" w="1162" /><ent r="4" t="184" w="1166" /><ent r="4" t="184" w="1180" /><ent r="3" t="184" w="1194" /><ent r="3" t="184" w="1262" /><ent r="3" t="184" w="1296" /><ent r="3" t="184" w="1316" /><ent r="4" t="185" w="103" /><ent r="3" t="185" w="139" /><ent r="4" t="185" w="272" /><ent r="3" t="185" w="404" /><ent r="4" t="185" w="431" /><ent r="4" t="186" w="181" /><ent r="4" t="186" w="519" /><ent r="4" t="186" w="705" /><ent r="4" t="186" w="847" /><ent r="4" t="186" w="1082" /><ent r="4" t="187" w="1740" /><ent r="4" t="187" w="1753" /><ent r="4" t="187" w="1816" /><ent r="3" t="188" w="690" /><ent r="4" t="188" w="1306" /><ent r="4" t="188" w="1313" /><ent r="4" t="188" w="1321" /><ent r="3" t="188" w="1356" /><ent r="4" t="188" w="1562" /><ent r="3" t="194" w="28" /><ent r="3" t="194" w="36" /><ent r="3" t="194" w="237" /><ent r="3" t="194" w="277" /><ent r="3" t="195" w="42" /><ent r="3" t="195" w="71" /><ent r="3" t="195" w="85" /><ent r="3" t="195" w="216" /><ent r="3" t="195" w="350" /><ent r="3" t="195" w="361" /><ent r="83" t="195" w="491" /><ent r="4" t="195" w="514" /><ent r="4" t="195" w="692" /><ent r="4" t="195" w="719" /><ent r="4" t="195" w="727" /><ent r="4" t="195" w="740" /><ent r="4" t="195" w="744" /><ent r="3" t="198" w="105" /><ent r="3" t="198" w="170" /><ent r="3" t="198" w="182" /><ent r="3" t="198" w="191" /><ent r="3" t="198" w="204" /><ent r="3" t="199" w="19" /><ent r="3" t="199" w="22" /><ent r="3" t="199" w="33" /><ent r="7" t="199" w="121" /><ent r="7" t="199" w="139" /><ent r="7" t="199" w="157" /><ent r="7" t="199" w="161" /><ent r="7" t="199" w="169" /><ent r="7" t="199" w="501" /><ent r="3" t="199" w="732" /><ent r="100" t="200" w="14" /><ent r="4" t="200" w="109" /><ent r="3" t="200" w="125" /><ent r="3" t="208" w="28" /><ent r="3" t="208" w="38" /><ent r="4" t="208" w="451" /><ent r="4" t="208" w="572" /><ent r="4" t="208" w="631" /><ent r="3" t="208" w="719" /><ent r="3" t="209" w="168" /><ent r="3" t="209" w="179" /><ent r="3" t="210" w="15" /><ent r="3" t="212" w="31" /><ent r="3" t="212" w="119" /><ent r="3" t="213" w="62" /><ent r="3" t="213" w="95" /><ent r="4" t="213" w="186" /><ent r="3" t="214" w="34" /><ent r="3" t="215" w="20" /><ent r="3" t="215" w="30" /><ent r="3" t="215" w="36" /><ent r="3" t="215" w="108" /><ent r="3" t="215" w="113" /><ent r="4" t="215" w="277" /><ent r="4" t="215" w="314" /><ent r="4" t="215" w="323" /><ent r="4" t="215" w="332" /><ent r="4" t="216" w="208" /><ent r="4" t="217" w="167" /><ent r="4" t="218" w="206" /><ent r="3" t="218" w="250" /><ent r="3" t="219" w="32" /><ent r="5" t="224" w="136" /><ent r="5" t="224" w="147" /><ent r="6" t="230" w="328" /><ent r="3" t="231" w="30" /><ent r="6" t="243" w="680" /></phr><phr n="files"><ent r="100" t="18" w="18" /><ent r="3" t="18" w="115" /><ent r="3" t="18" w="133" /><ent r="3" t="18" w="212" /><ent r="3" t="18" w="235" /><ent r="3" t="19" w="23" /><ent r="3" t="19" w="35" /><ent r="3" t="19" w="61" /><ent r="3" t="19" w="135" /><ent r="3" t="19" w="145" /><ent r="5" t="20" w="58" /><ent r="5" t="20" w="70" /><ent r="4" t="20" w="341" /><ent r="4" t="20" w="355" /><ent r="4" t="20" w="361" /><ent r="4" t="20" w="453" /><ent r="4" t="20" w="496" /><ent r="3" t="21" w="24" /><ent r="3" t="21" w="61" /><ent r="3" t="21" w="75" /><ent r="3" t="21" w="83" /><ent r="3" t="21" w="189" /><ent r="100" t="22" w="8" /><ent r="4" t="23" w="83" /><ent r="4" t="23" w="93" /><ent r="3" t="33" w="52" /><ent r="4" t="52" w="28" /><ent r="4" t="70" w="149" /><ent r="3" t="81" w="137" /><ent r="3" t="81" w="231" /><ent r="3" t="81" w="356" /><ent r="3" t="81" w="390" /><ent r="3" t="111" w="31" /><ent r="3" t="111" w="47" /><ent r="4" t="111" w="59" /><ent r="4" t="111" w="64" /><ent r="3" t="115" w="156" /><ent r="5" t="167" w="329" /><ent r="7" t="178" w="282" /><ent r="7" t="178" w="304" /><ent r="7" t="179" w="499" /><ent r="7" t="179" w="521" /><ent r="4" t="179" w="2358" /><ent r="7" t="180" w="650" /><ent r="7" t="180" w="672" /><ent r="4" t="180" w="3142" /><ent r="7" t="181" w="361" /><ent r="7" t="181" w="383" /><ent r="4" t="181" w="1595" /><ent r="4" t="182" w="87" /><ent r="7" t="182" w="324" /><ent r="7" t="182" w="346" /><ent r="4" t="182" w="358" /><ent r="4" t="182" w="1722" /><ent r="3" t="183" w="35" /><ent r="3" t="183" w="46" /><ent r="3" t="183" w="55" /><ent r="3" t="183" w="95" /><ent r="3" t="183" w="146" /><ent r="3" t="183" w="178" /><ent r="3" t="183" w="319" /><ent r="3" t="183" w="330" /><ent r="3" t="183" w="337" /><ent r="3" t="183" w="388" /><ent r="3" t="183" w="400" /><ent r="7" t="183" w="599" /><ent r="7" t="183" w="621" /><ent r="3" t="183" w="1085" /><ent r="4" t="183" w="1105" /><ent r="3" t="184" w="38" /><ent r="3" t="184" w="47" /><ent r="3" t="184" w="85" /><ent r="3" t="184" w="136" /><ent r="3" t="184" w="168" /><ent r="3" t="184" w="306" /><ent r="3" t="184" w="317" /><ent r="3" t="184" w="324" /><ent r="3" t="184" w="373" /><ent r="3" t="184" w="391" /><ent r="3" t="184" w="403" /><ent r="7" t="184" w="601" /><ent r="7" t="184" w="623" /><ent r="3" t="184" w="806" /><ent r="4" t="184" w="1302" /><ent r="7" t="185" w="208" /><ent r="7" t="185" w="230" /><ent r="7" t="186" w="475" /><ent r="7" t="186" w="497" /><ent r="7" t="187" w="396" /><ent r="7" t="187" w="418" /><ent r="4" t="187" w="1866" /><ent r="5" t="188" w="148" /><ent r="5" t="188" w="156" /><ent r="7" t="188" w="386" /><ent r="7" t="188" w="408" /><ent r="3" t="194" w="289" /><ent r="3" t="194" w="292" /><ent r="4" t="195" w="516" /><ent r="3" t="198" w="166" /><ent r="3" t="199" w="43" /><ent r="3" t="199" w="47" /><ent r="7" t="199" w="149" /><ent r="7" t="199" w="574" /><ent r="3" t="200" w="31" /><ent r="3" t="200" w="43" /><ent r="3" t="214" w="60" /><ent r="3" t="214" w="80" /><ent r="3" t="222" w="23" /></phr><phr n="File"><ent r="5" t="18" w="39" /><ent r="4" t="18" w="199" /><ent r="92" t="19" w="104" /><ent r="66" t="20" w="85" /><ent r="6" t="20" w="336" /><ent r="5" t="20" w="486" /><ent r="4" t="20" w="491" /><ent r="65" t="20" w="509" /><ent r="65" t="20" w="547" /><ent r="64" t="20" w="572" /><ent r="1000" t="21" w="3" /><ent r="102" t="21" w="15" /><ent r="3" t="21" w="56" /><ent r="92" t="21" w="234" /><ent r="5" t="21" w="240" /><ent r="4" t="21" w="284" /><ent r="4" t="21" w="386" /><ent r="64" t="21" w="529" /><ent r="4" t="22" w="157" /><ent r="5" t="23" w="32" /><ent r="4" t="24" w="68" /><ent r="5" t="26" w="151" /><ent r="5" t="26" w="290" /><ent r="4" t="26" w="340" /><ent r="5" t="26" w="587" /><ent r="5" t="27" w="77" /><ent r="1000" t="29" w="3" /><ent r="102" t="29" w="15" /><ent r="4" t="29" w="62" /><ent r="65" t="29" w="105" /><ent r="64" t="29" w="123" /><ent r="5" t="30" w="34" /><ent r="4" t="30" w="61" /><ent r="64" t="31" w="63" /><ent r="65" t="31" w="79" /><ent r="5" t="32" w="106" /><ent r="3" t="32" w="127" /><ent r="4" t="32" w="161" /><ent r="6" t="49" w="373" /><ent r="5" t="49" w="423" /><ent r="5" t="51" w="53" /><ent r="4" t="51" w="92" /><ent r="5" t="52" w="51" /><ent r="3" t="52" w="72" /><ent r="3" t="68" w="117" /><ent r="3" t="68" w="128" /><ent r="3" t="68" w="136" /><ent r="5" t="78" w="82" /><ent r="4" t="78" w="97" /><ent r="5" t="79" w="53" /><ent r="5" t="80" w="94" /><ent r="5" t="80" w="170" /><ent r="65" t="81" w="73" /><ent r="92" t="81" w="124" /><ent r="3" t="81" w="128" /><ent r="3" t="81" w="350" /><ent r="4" t="95" w="119" /><ent r="4" t="95" w="240" /><ent r="4" t="115" w="176" /><ent r="5" t="118" w="68" /><ent r="5" t="120" w="29" /><ent r="4" t="120" w="97" /><ent r="5" t="131" w="122" /><ent r="5" t="156" w="600" /><ent r="5" t="156" w="645" /><ent r="3" t="157" w="119" /><ent r="92" t="157" w="243" /><ent r="3" t="157" w="247" /><ent r="5" t="157" w="573" /><ent r="5" t="157" w="618" /><ent r="5" t="158" w="570" /><ent r="5" t="158" w="615" /><ent r="6" t="167" w="310" /><ent r="5" t="179" w="533" /><ent r="5" t="179" w="2082" /><ent r="92" t="179" w="2286" /><ent r="5" t="179" w="2296" /><ent r="5" t="179" w="2324" /><ent r="5" t="180" w="773" /><ent r="4" t="180" w="3129" /><ent r="92" t="181" w="386" /><ent r="5" t="181" w="396" /><ent r="5" t="181" w="519" /><ent r="4" t="181" w="1097" /><ent r="4" t="181" w="1103" /><ent r="92" t="183" w="624" /><ent r="5" t="183" w="633" /><ent r="92" t="183" w="759" /><ent r="4" t="184" w="54" /><ent r="64" t="184" w="382" /><ent r="92" t="184" w="626" /><ent r="5" t="184" w="635" /><ent r="92" t="184" w="993" /><ent r="5" t="184" w="1037" /><ent r="4" t="184" w="1050" /><ent r="4" t="184" w="1058" /><ent r="4" t="184" w="1131" /><ent r="92" t="185" w="233" /><ent r="5" t="185" w="242" /><ent r="5" t="186" w="510" /><ent r="5" t="186" w="838" /><ent r="5" t="186" w="1190" /><ent r="5" t="187" w="1733" /><ent r="5" t="187" w="1825" /><ent r="5" t="188" w="442" /><ent r="5" t="188" w="556" /><ent r="7" t="188" w="965" /><ent r="3" t="188" w="1243" /><ent r="5" t="188" w="1269" /><ent r="5" t="188" w="1385" /><ent r="1000" t="194" w="4" /><ent r="102" t="194" w="11" /><ent r="92" t="199" w="696" /><ent r="1000" t="200" w="3" /><ent r="102" t="200" w="7" /><ent r="5" t="200" w="70" /><ent r="4" t="208" w="554" /><ent r="3" t="208" w="678" /><ent r="64" t="208" w="736" /><ent r="64" t="209" w="225" /><ent r="64" t="209" w="232" /><ent r="1000" t="210" w="1" /><ent r="102" t="210" w="4" /><ent r="100" t="210" w="7" /><ent r="3" t="210" w="11" /><ent r="64" t="211" w="57" /><ent r="4" t="212" w="63" /><ent r="3" t="212" w="113" /><ent r="64" t="212" w="131" /><ent r="5" t="213" w="119" /><ent r="5" t="213" w="700" /><ent r="5" t="213" w="745" /><ent r="64" t="213" w="885" /><ent r="5" t="215" w="221" /><ent r="4" t="215" w="271" /><ent r="5" t="216" w="152" /><ent r="4" t="216" w="202" /><ent r="5" t="217" w="111" /><ent r="4" t="217" w="161" /><ent r="5" t="218" w="150" /><ent r="4" t="218" w="200" /><ent r="1000" t="219" w="2" /><ent r="100" t="219" w="7" /><ent r="102" t="219" w="12" /><ent r="3" t="219" w="18" /><ent r="4" t="219" w="45" /><ent r="4" t="219" w="88" /><ent r="3" t="219" w="133" /><ent r="3" t="219" w="169" /><ent r="4" t="219" w="181" /><ent r="4" t="219" w="261" /><ent r="5" t="226" w="159" /><ent r="1000" t="240" w="3" /><ent r="100" t="240" w="21" /><ent r="100" t="240" w="28" /><ent r="102" t="240" w="33" /><ent r="3" t="240" w="44" /></phr><phr n="Files"><ent r="64" t="18" w="259" /><ent r="64" t="18" w="262" /><ent r="1000" t="19" w="2" /><ent r="102" t="19" w="14" /><ent r="92" t="19" w="101" /><ent r="64" t="20" w="578" /><ent r="64" t="21" w="535" /><ent r="1000" t="22" w="5" /><ent r="102" t="22" w="14" /><ent r="92" t="22" w="149" /><ent r="92" t="22" w="165" /><ent r="64" t="24" w="139" /><ent r="4" t="32" w="167" /><ent r="4" t="81" w="381" /><ent r="92" t="169" w="532" /><ent r="7" t="178" w="249" /><ent r="7" t="178" w="254" /><ent r="64" t="178" w="364" /><ent r="64" t="178" w="369" /><ent r="7" t="179" w="466" /><ent r="7" t="179" w="471" /><ent r="7" t="180" w="617" /><ent r="7" t="180" w="622" /><ent r="7" t="181" w="328" /><ent r="7" t="181" w="333" /><ent r="7" t="182" w="291" /><ent r="7" t="182" w="296" /><ent r="1000" t="183" w="5" /><ent r="102" t="183" w="14" /><ent r="7" t="183" w="566" /><ent r="7" t="183" w="571" /><ent r="1000" t="184" w="4" /><ent r="102" t="184" w="17" /><ent r="7" t="184" w="568" /><ent r="7" t="184" w="573" /><ent r="7" t="185" w="175" /><ent r="7" t="185" w="180" /><ent r="7" t="186" w="442" /><ent r="7" t="186" w="447" /><ent r="7" t="187" w="363" /><ent r="7" t="187" w="368" /><ent r="7" t="188" w="353" /><ent r="7" t="188" w="358" /><ent r="4" t="188" w="1482" /><ent r="82" t="198" w="152" /></phr></stem><stem n="o"><phr n="O"><ent r="7" t="5" w="35" /><ent r="4" t="18" w="87" /><ent r="4" t="32" w="141" /><ent r="5" t="78" w="88" /><ent r="4" t="118" w="85" /><ent r="4" t="195" w="664" /><ent r="4" t="195" w="776" /><ent r="4" t="213" w="167" /><ent r="5" t="226" w="167" /><ent r="5" t="226" w="288" /><ent r="5" t="231" w="58" /><ent r="7" t="240" w="146" /></phr><phr n="o"><ent r="5" t="150" w="146" /><ent r="4" t="168" w="75" /></phr></stem><stem n="print"><phr n="print"><ent r="100" t="5" w="47" /><ent r="100" t="51" w="6" /><ent r="3" t="51" w="24" /><ent r="3" t="51" w="40" /><ent r="100" t="100" w="8" /><ent r="100" t="100" w="10" /><ent r="3" t="100" w="36" /><ent r="3" t="100" w="66" /><ent r="3" t="100" w="77" /><ent r="3" t="100" w="127" /><ent r="3" t="136" w="86" /><ent r="3" t="226" w="31" /><ent r="100" t="240" w="175" /></phr><phr n="Prints"><ent r="7" t="5" w="49" /><ent r="7" t="90" w="147" /><ent r="7" t="116" w="66" /><ent r="7" t="240" w="179" /></phr><phr n="Print"><ent r="1000" t="51" w="1" /><ent r="102" t="51" w="10" /><ent r="5" t="51" w="59" /><ent r="3" t="51" w="83" /><ent r="4" t="51" w="89" /><ent r="4" t="51" w="99" /><ent r="5" t="51" w="113" /><ent r="3" t="51" w="121" /><ent r="64" t="87" w="236" /><ent r="7" t="90" w="145" /><ent r="67" t="90" w="152" /><ent r="1000" t="100" w="1" /><ent r="102" t="100" w="14" /><ent r="5" t="100" w="98" /><ent r="4" t="100" w="135" /><ent r="3" t="100" w="150" /><ent r="4" t="100" w="168" /><ent r="5" t="100" w="182" /><ent r="64" t="136" w="89" /><ent r="5" t="226" w="169" /><ent r="5" t="226" w="196" /><ent r="7" t="240" w="173" /></phr><phr n="printing"><ent r="3" t="51" w="16" /><ent r="3" t="100" w="22" /><ent r="3" t="100" w="55" /><ent r="3" t="136" w="38" /></phr></stem><stem n="state"><phr n="state"><ent r="7" t="5" w="53" /><ent r="3" t="78" w="155" /><ent r="3" t="187" w="169" /></phr><phr n="stating"><ent r="4" t="179" w="2228" /><ent r="4" t="179" w="2272" /></phr><phr n="State"><ent r="6" t="230" w="389" /></phr></stem><stem n="cut"><phr n="Cuts"><ent r="7" t="5" w="61" /><ent r="7" t="116" w="76" /><ent r="7" t="239" w="66" /></phr><phr n="cut"><ent r="7" t="5" w="77" /><ent r="100" t="239" w="14" /></phr><phr n="Cut"><ent r="5" t="226" w="145" /><ent r="7" t="239" w="64" /></phr></stem><stem n="store"><phr n="stores"><ent r="7" t="5" w="67" /><ent r="7" t="116" w="82" /><ent r="7" t="239" w="72" /></phr><phr n="store"><ent r="4" t="25" w="148" /><ent r="3" t="142" w="575" /><ent r="3" t="183" w="179" /><ent r="3" t="184" w="169" /></phr><phr n="stored"><ent r="4" t="125" w="801" /><ent r="3" t="142" w="625" /></phr><phr n="Store"><ent r="4" t="142" w="316" /><ent r="4" t="142" w="597" /><ent r="4" t="142" w="618" /></phr><phr n="Storing"><ent r="92" t="142" w="536" /><ent r="3" t="142" w="540" /></phr></stem><stem n="clipboard"><phr n="Clipboard"><ent r="7" t="5" w="71" /><ent r="7" t="5" w="107" /><ent r="7" t="5" w="145" /><ent r="3" t="47" w="169" /><ent r="3" t="50" w="41" /><ent r="3" t="50" w="47" /><ent r="3" t="50" w="175" /><ent r="3" t="50" w="283" /><ent r="7" t="116" w="86" /><ent r="7" t="116" w="122" /><ent r="7" t="116" w="156" /><ent r="7" t="239" w="76" /><ent r="7" t="239" w="112" /><ent r="7" t="239" w="147" /></phr><phr n="clipboard"><ent r="5" t="90" w="644" /></phr></stem><stem n="crtl"><phr n="Crtl"><ent r="7" t="5" w="90" /><ent r="7" t="5" w="126" /><ent r="7" t="5" w="163" /><ent r="7" t="5" w="217" /><ent r="7" t="5" w="266" /></phr></stem><stem n="x"><phr n="X"><ent r="7" t="5" w="92" /><ent r="3" t="73" w="58" /><ent r="4" t="83" w="152" /><ent r="4" t="83" w="167" /><ent r="4" t="97" w="87" /><ent r="4" t="109" w="218" /><ent r="4" t="179" w="763" /><ent r="4" t="179" w="1728" /><ent r="4" t="180" w="1400" /><ent r="7" t="180" w="1656" /><ent r="7" t="196" w="78" /><ent r="7" t="196" w="86" /><ent r="7" t="196" w="92" /><ent r="7" t="199" w="533" /><ent r="7" t="199" w="551" /><ent r="7" t="199" w="564" /><ent r="3" t="214" w="124" /><ent r="5" t="226" w="150" /><ent r="5" t="226" w="278" /><ent r="7" t="239" w="101" /></phr><phr n="x"><ent r="6" t="14" w="381" /><ent r="7" t="14" w="384" /><ent r="3" t="87" w="45" /><ent r="3" t="115" w="350" /><ent r="3" t="176" w="59" /><ent r="3" t="176" w="260" /><ent r="4" t="176" w="270" /><ent r="3" t="179" w="163" /><ent r="4" t="179" w="1113" /><ent r="4" t="179" w="1140" /><ent r="3" t="182" w="1385" /><ent r="3" t="182" w="1567" /><ent r="3" t="182" w="1578" /><ent r="4" t="186" w="1199" /><ent r="7" t="196" w="96" /><ent r="7" t="199" w="391" /><ent r="7" t="199" w="432" /><ent r="7" t="199" w="444" /><ent r="3" t="238" w="411" /></phr></stem><stem n="c"><phr n="C"><ent r="7" t="5" w="128" /><ent r="3" t="19" w="87" /><ent r="4" t="50" w="127" /><ent r="3" t="68" w="122" /><ent r="4" t="188" w="1480" /><ent r="3" t="198" w="107" /><ent r="3" t="200" w="158" /><ent r="5" t="226" w="143" /><ent r="5" t="226" w="330" /><ent r="5" t="226" w="383" /><ent r="7" t="239" w="137" /></phr><phr n="c"><ent r="3" t="19" w="95" /></phr></stem><stem n="past"><phr n="Pastes"><ent r="7" t="5" w="136" /><ent r="7" t="116" w="151" /><ent r="7" t="239" w="141" /></phr><phr n="past"><ent r="3" t="40" w="246" /></phr><phr n="paste"><ent r="3" t="50" w="50" /><ent r="100" t="239" w="6" /></phr><phr n="pasting"><ent r="3" t="186" w="963" /></phr><phr n="Paste"><ent r="5" t="226" w="152" /><ent r="7" t="239" w="139" /></phr></stem><stem n="item"><phr n="item"><ent r="7" t="5" w="142" /><ent r="7" t="5" w="205" /><ent r="7" t="5" w="212" /><ent r="7" t="5" w="254" /><ent r="7" t="5" w="261" /><ent r="4" t="48" w="158" /><ent r="3" t="57" w="99" /><ent r="3" t="81" w="204" /><ent r="6" t="90" w="521" /><ent r="3" t="104" w="106" /><ent r="4" t="104" w="176" /><ent r="4" t="104" w="224" /><ent r="3" t="115" w="287" /><ent r="3" t="115" w="366" /><ent r="3" t="115" w="375" /><ent r="3" t="115" w="436" /><ent r="3" t="115" w="530" /><ent r="7" t="116" w="79" /><ent r="7" t="116" w="105" /><ent r="7" t="116" w="110" /><ent r="7" t="116" w="118" /><ent r="7" t="116" w="141" /><ent r="7" t="116" w="146" /><ent r="7" t="116" w="152" /><ent r="7" t="116" w="179" /><ent r="7" t="116" w="184" /><ent r="7" t="116" w="216" /><ent r="5" t="116" w="228" /><ent r="7" t="116" w="243" /><ent r="7" t="116" w="246" /><ent r="7" t="116" w="260" /><ent r="7" t="116" w="277" /><ent r="7" t="116" w="280" /><ent r="7" t="116" w="294" /><ent r="3" t="123" w="258" /><ent r="3" t="123" w="316" /><ent r="3" t="123" w="319" /><ent r="3" t="123" w="399" /><ent r="3" t="123" w="448" /><ent r="3" t="123" w="451" /><ent r="3" t="123" w="536" /><ent r="3" t="123" w="592" /><ent r="3" t="123" w="595" /><ent r="100" t="125" w="7" /><ent r="100" t="125" w="11" /><ent r="100" t="125" w="15" /><ent r="3" t="125" w="25" /><ent r="3" t="125" w="106" /><ent r="3" t="125" w="147" /><ent r="3" t="125" w="228" /><ent r="3" t="125" w="242" /><ent r="3" t="125" w="251" /><ent r="3" t="125" w="272" /><ent r="3" t="125" w="331" /><ent r="3" t="125" w="348" /><ent r="3" t="125" w="458" /><ent r="3" t="125" w="471" /><ent r="3" t="125" w="497" /><ent r="3" t="125" w="510" /><ent r="3" t="125" w="522" /><ent r="3" t="125" w="535" /><ent r="3" t="125" w="632" /><ent r="3" t="125" w="670" /><ent r="3" t="125" w="683" /><ent r="3" t="125" w="704" /><ent r="3" t="125" w="714" /><ent r="3" t="125" w="903" /><ent r="3" t="125" w="912" /><ent r="3" t="125" w="924" /><ent r="3" t="125" w="931" /><ent r="3" t="125" w="934" /><ent r="3" t="125" w="940" /><ent r="100" t="126" w="12" /><ent r="100" t="126" w="18" /><ent r="4" t="126" w="96" /><ent r="3" t="126" w="106" /><ent r="3" t="126" w="122" /><ent r="4" t="126" w="138" /><ent r="4" t="126" w="152" /><ent r="3" t="126" w="165" /><ent r="4" t="126" w="176" /><ent r="3" t="126" w="198" /><ent r="4" t="126" w="206" /><ent r="4" t="126" w="216" /><ent r="4" t="126" w="251" /><ent r="4" t="126" w="342" /><ent r="4" t="126" w="357" /><ent r="3" t="126" w="371" /><ent r="4" t="126" w="376" /><ent r="3" t="126" w="401" /><ent r="4" t="126" w="413" /><ent r="3" t="127" w="13" /><ent r="65" t="127" w="33" /><ent r="3" t="128" w="28" /><ent r="3" t="128" w="35" /><ent r="3" t="128" w="187" /><ent r="3" t="128" w="195" /><ent r="100" t="129" w="26" /><ent r="3" t="129" w="194" /><ent r="3" t="129" w="201" /><ent r="3" t="129" w="274" /><ent r="3" t="129" w="304" /><ent r="3" t="129" w="325" /><ent r="3" t="129" w="334" /><ent r="4" t="129" w="353" /><ent r="3" t="129" w="394" /><ent r="3" t="129" w="400" /><ent r="4" t="129" w="419" /><ent r="4" t="141" w="70" /><ent r="3" t="156" w="105" /><ent r="4" t="158" w="806" /><ent r="4" t="180" w="2697" /><ent r="4" t="180" w="2714" /><ent r="4" t="180" w="3011" /><ent r="4" t="180" w="3095" /><ent r="3" t="187" w="253" /><ent r="4" t="187" w="465" /><ent r="4" t="187" w="470" /><ent r="3" t="187" w="478" /><ent r="4" t="187" w="517" /><ent r="3" t="187" w="526" /><ent r="3" t="187" w="578" /><ent r="4" t="187" w="620" /><ent r="3" t="187" w="679" /><ent r="4" t="187" w="709" /><ent r="4" t="187" w="766" /><ent r="3" t="187" w="795" /><ent r="3" t="187" w="975" /><ent r="3" t="187" w="993" /><ent r="4" t="187" w="1233" /><ent r="3" t="187" w="1287" /><ent r="3" t="187" w="1314" /><ent r="3" t="187" w="1335" /><ent r="4" t="188" w="559" /><ent r="4" t="188" w="564" /><ent r="4" t="188" w="595" /><ent r="4" t="188" w="600" /><ent r="4" t="188" w="645" /><ent r="4" t="188" w="650" /><ent r="3" t="188" w="865" /><ent r="3" t="188" w="1105" /><ent r="3" t="188" w="1132" /><ent r="3" t="188" w="1153" /><ent r="4" t="188" w="1163" /><ent r="4" t="188" w="1173" /><ent r="4" t="188" w="1193" /><ent r="3" t="208" w="129" /><ent r="7" t="239" w="69" /><ent r="7" t="239" w="89" /><ent r="7" t="239" w="94" /><ent r="7" t="239" w="108" /><ent r="7" t="239" w="125" /><ent r="7" t="239" w="130" /><ent r="7" t="239" w="143" /><ent r="7" t="239" w="164" /><ent r="7" t="239" w="169" /><ent r="7" t="241" w="97" /><ent r="5" t="241" w="119" /><ent r="100" t="241" w="134" /><ent r="7" t="241" w="145" /><ent r="7" t="241" w="148" /><ent r="7" t="241" w="162" /><ent r="7" t="241" w="183" /><ent r="7" t="241" w="186" /><ent r="7" t="241" w="200" /><ent r="100" t="243" w="6" /></phr><phr n="items"><ent r="3" t="63" w="27" /><ent r="3" t="77" w="135" /><ent r="6" t="90" w="534" /><ent r="3" t="104" w="43" /><ent r="4" t="104" w="188" /><ent r="3" t="104" w="219" /><ent r="4" t="104" w="236" /><ent r="4" t="104" w="258" /><ent r="3" t="115" w="159" /><ent r="3" t="115" w="168" /><ent r="100" t="115" w="272" /><ent r="3" t="115" w="295" /><ent r="3" t="115" w="308" /><ent r="3" t="115" w="328" /><ent r="3" t="115" w="333" /><ent r="3" t="115" w="387" /><ent r="3" t="115" w="447" /><ent r="3" t="115" w="456" /><ent r="3" t="115" w="550" /><ent r="7" t="116" w="68" /><ent r="7" t="116" w="98" /><ent r="7" t="116" w="134" /><ent r="7" t="116" w="172" /><ent r="65" t="117" w="62" /><ent r="4" t="117" w="68" /><ent r="4" t="117" w="175" /><ent r="4" t="118" w="123" /><ent r="4" t="122" w="43" /><ent r="3" t="122" w="109" /><ent r="3" t="122" w="138" /><ent r="3" t="122" w="164" /><ent r="3" t="123" w="307" /><ent r="3" t="123" w="439" /><ent r="3" t="123" w="585" /><ent r="3" t="124" w="46" /><ent r="100" t="125" w="18" /><ent r="3" t="125" w="49" /><ent r="3" t="125" w="74" /><ent r="3" t="125" w="80" /><ent r="100" t="125" w="97" /><ent r="100" t="125" w="101" /><ent r="3" t="125" w="167" /><ent r="3" t="125" w="187" /><ent r="3" t="125" w="207" /><ent r="3" t="125" w="280" /><ent r="3" t="125" w="293" /><ent r="3" t="125" w="341" /><ent r="3" t="125" w="616" /><ent r="3" t="125" w="621" /><ent r="3" t="125" w="720" /><ent r="4" t="125" w="755" /><ent r="4" t="125" w="760" /><ent r="4" t="125" w="786" /><ent r="3" t="125" w="833" /><ent r="3" t="125" w="855" /><ent r="3" t="125" w="876" /><ent r="100" t="126" w="14" /><ent r="100" t="126" w="21" /><ent r="3" t="126" w="264" /><ent r="4" t="126" w="291" /><ent r="4" t="126" w="300" /><ent r="4" t="126" w="309" /><ent r="4" t="126" w="328" /><ent r="4" t="126" w="332" /><ent r="100" t="128" w="7" /><ent r="100" t="128" w="10" /><ent r="64" t="128" w="18" /><ent r="3" t="128" w="126" /><ent r="100" t="129" w="13" /><ent r="3" t="129" w="29" /><ent r="4" t="129" w="58" /><ent r="4" t="129" w="63" /><ent r="4" t="129" w="83" /><ent r="3" t="129" w="99" /><ent r="3" t="129" w="128" /><ent r="3" t="129" w="154" /><ent r="3" t="129" w="191" /><ent r="3" t="129" w="228" /><ent r="3" t="129" w="240" /><ent r="3" t="129" w="259" /><ent r="4" t="186" w="68" /><ent r="4" t="186" w="914" /><ent r="3" t="186" w="952" /><ent r="4" t="187" w="57" /><ent r="3" t="187" w="180" /><ent r="4" t="187" w="190" /><ent r="4" t="187" w="209" /><ent r="4" t="187" w="223" /><ent r="3" t="187" w="265" /><ent r="4" t="187" w="1118" /><ent r="3" t="187" w="1267" /><ent r="3" t="187" w="1285" /><ent r="3" t="187" w="1302" /><ent r="3" t="187" w="1324" /><ent r="3" t="187" w="1364" /><ent r="4" t="188" w="85" /><ent r="4" t="188" w="609" /><ent r="3" t="188" w="627" /><ent r="4" t="188" w="644" /><ent r="4" t="188" w="760" /><ent r="3" t="188" w="1084" /><ent r="3" t="188" w="1099" /><ent r="3" t="188" w="1120" /><ent r="3" t="188" w="1142" /><ent r="4" t="188" w="1203" /><ent r="3" t="239" w="36" /><ent r="7" t="239" w="82" /><ent r="7" t="239" w="118" /><ent r="7" t="239" w="157" /><ent r="3" t="240" w="39" /><ent r="7" t="240" w="181" /><ent r="100" t="241" w="10" /><ent r="100" t="241" w="16" /><ent r="3" t="241" w="36" /><ent r="7" t="241" w="75" /><ent r="3" t="242" w="24" /></phr><phr n="Items"><ent r="3" t="77" w="143" /><ent r="64" t="115" w="312" /><ent r="64" t="115" w="460" /><ent r="64" t="115" w="554" /><ent r="68" t="116" w="265" /><ent r="68" t="116" w="299" /><ent r="65" t="117" w="73" /><ent r="64" t="122" w="181" /><ent r="1000" t="125" w="2" /><ent r="102" t="125" w="21" /><ent r="92" t="125" w="160" /><ent r="82" t="125" w="613" /><ent r="3" t="125" w="804" /><ent r="3" t="125" w="815" /><ent r="64" t="125" w="895" /><ent r="64" t="125" w="951" /><ent r="64" t="126" w="431" /><ent r="1000" t="128" w="3" /><ent r="102" t="128" w="15" /><ent r="64" t="128" w="204" /><ent r="1000" t="129" w="5" /><ent r="102" t="129" w="21" /><ent r="92" t="129" w="298" /><ent r="64" t="129" w="455" /><ent r="64" t="129" w="459" /><ent r="92" t="186" w="924" /><ent r="92" t="187" w="782" /><ent r="64" t="187" w="807" /><ent r="92" t="188" w="619" /><ent r="68" t="241" w="167" /><ent r="68" t="241" w="205" /><ent r="64" t="243" w="26" /></phr><phr n="Item"><ent r="6" t="90" w="123" /><ent r="4" t="115" w="218" /><ent r="92" t="115" w="263" /><ent r="100" t="115" w="267" /><ent r="3" t="115" w="276" /><ent r="92" t="115" w="507" /><ent r="100" t="115" w="511" /><ent r="100" t="115" w="516" /><ent r="3" t="115" w="520" /><ent r="68" t="116" w="223" /><ent r="3" t="125" w="55" /><ent r="92" t="125" w="219" /><ent r="3" t="125" w="258" /><ent r="64" t="125" w="287" /><ent r="6" t="125" w="356" /><ent r="1000" t="126" w="5" /><ent r="102" t="126" w="28" /><ent r="3" t="126" w="34" /><ent r="4" t="126" w="52" /><ent r="4" t="126" w="63" /><ent r="3" t="126" w="84" /><ent r="64" t="126" w="132" /><ent r="3" t="126" w="189" /><ent r="4" t="126" w="275" /><ent r="4" t="126" w="348" /><ent r="4" t="126" w="393" /><ent r="4" t="126" w="407" /><ent r="64" t="126" w="426" /><ent r="1000" t="127" w="2" /><ent r="102" t="127" w="7" /><ent r="4" t="127" w="41" /><ent r="3" t="128" w="175" /><ent r="5" t="129" w="363" /><ent r="5" t="129" w="429" /><ent r="4" t="187" w="66" /><ent r="92" t="187" w="445" /><ent r="4" t="187" w="454" /><ent r="92" t="187" w="495" /><ent r="4" t="187" w="504" /><ent r="4" t="187" w="562" /><ent r="92" t="187" w="602" /><ent r="4" t="187" w="611" /><ent r="4" t="187" w="628" /><ent r="4" t="187" w="700" /><ent r="4" t="187" w="717" /><ent r="6" t="187" w="1209" /><ent r="92" t="187" w="1226" /><ent r="4" t="188" w="80" /><ent r="4" t="188" w="83" /><ent r="4" t="188" w="95" /><ent r="4" t="188" w="547" /><ent r="92" t="188" w="574" /><ent r="4" t="188" w="585" /><ent r="4" t="188" w="636" /><ent r="4" t="188" w="662" /><ent r="4" t="188" w="675" /><ent r="4" t="188" w="701" /><ent r="3" t="188" w="733" /><ent r="4" t="188" w="764" /><ent r="7" t="188" w="981" /><ent r="4" t="188" w="1058" /><ent r="92" t="188" w="1079" /><ent r="65" t="231" w="150" /><ent r="6" t="239" w="52" /><ent r="6" t="240" w="55" /><ent r="1000" t="241" w="3" /><ent r="100" t="241" w="18" /><ent r="100" t="241" w="25" /><ent r="102" t="241" w="30" /><ent r="6" t="241" w="52" /><ent r="68" t="241" w="110" /><ent r="5" t="241" w="115" /><ent r="6" t="242" w="40" /><ent r="7" t="242" w="84" /><ent r="7" t="242" w="89" /><ent r="1000" t="243" w="2" /><ent r="102" t="243" w="10" /></phr><phr n="ITEM"><ent r="7" t="187" w="1126" /><ent r="7" t="187" w="1130" /><ent r="7" t="188" w="905" /><ent r="7" t="188" w="909" /></phr></stem></index>