﻿<?xml version="1.0" encoding="utf-8"?><index><stem n="..."><phr n="..."><ent r="5" t="18" w="47" /><ent r="5" t="21" w="248" /><ent r="5" t="23" w="39" /><ent r="4" t="23" w="111" /><ent r="5" t="26" w="184" /><ent r="5" t="26" w="275" /><ent r="5" t="32" w="113" /><ent r="6" t="38" w="65" /><ent r="5" t="44" w="363" /><ent r="4" t="47" w="208" /><ent r="5" t="47" w="238" /><ent r="5" t="47" w="303" /><ent r="4" t="49" w="292" /><ent r="7" t="49" w="352" /><ent r="5" t="50" w="212" /><ent r="5" t="51" w="60" /><ent r="5" t="53" w="102" /><ent r="5" t="53" w="160" /><ent r="5" t="62" w="67" /><ent r="4" t="62" w="133" /><ent r="4" t="74" w="306" /><ent r="5" t="78" w="92" /><ent r="4" t="79" w="80" /><ent r="5" t="80" w="179" /><ent r="4" t="80" w="185" /><ent r="4" t="83" w="128" /><ent r="5" t="83" w="229" /><ent r="7" t="90" w="133" /><ent r="7" t="90" w="146" /><ent r="7" t="90" w="325" /><ent r="5" t="90" w="347" /><ent r="5" t="92" w="87" /><ent r="4" t="92" w="111" /><ent r="5" t="93" w="82" /><ent r="4" t="93" w="132" /><ent r="5" t="94" w="71" /><ent r="5" t="95" w="105" /><ent r="5" t="95" w="234" /><ent r="5" t="100" w="99" /><ent r="4" t="100" w="136" /><ent r="5" t="101" w="102" /><ent r="4" t="101" w="139" /><ent r="5" t="106" w="141" /><ent r="5" t="107" w="83" /><ent r="5" t="108" w="96" /><ent r="5" t="109" w="97" /><ent r="4" t="115" w="104" /><ent r="5" t="118" w="51" /><ent r="5" t="127" w="48" /><ent r="5" t="133" w="48" /><ent r="5" t="135" w="54" /><ent r="6" t="140" w="79" /><ent r="6" t="140" w="139" /><ent r="5" t="142" w="380" /><ent r="4" t="142" w="405" /><ent r="5" t="144" w="53" /><ent r="5" t="145" w="53" /><ent r="5" t="147" w="92" /><ent r="5" t="148" w="92" /><ent r="5" t="149" w="106" /><ent r="5" t="150" w="101" /><ent r="5" t="151" w="94" /><ent r="5" t="152" w="92" /><ent r="5" t="153" w="88" /><ent r="5" t="154" w="89" /><ent r="5" t="155" w="99" /><ent r="5" t="156" w="77" /><ent r="5" t="156" w="451" /><ent r="5" t="157" w="107" /><ent r="5" t="157" w="424" /><ent r="5" t="158" w="106" /><ent r="4" t="158" w="130" /><ent r="5" t="158" w="421" /><ent r="5" t="160" w="49" /><ent r="4" t="160" w="208" /><ent r="4" t="160" w="245" /><ent r="5" t="161" w="100" /><ent r="5" t="161" w="116" /><ent r="4" t="161" w="214" /><ent r="5" t="162" w="89" /><ent r="5" t="163" w="81" /><ent r="5" t="164" w="97" /><ent r="4" t="164" w="155" /><ent r="5" t="165" w="113" /><ent r="5" t="166" w="152" /><ent r="5" t="180" w="723" /><ent r="5" t="180" w="781" /><ent r="5" t="181" w="472" /><ent r="5" t="181" w="780" /><ent r="5" t="183" w="638" /><ent r="5" t="184" w="640" /><ent r="5" t="185" w="247" /><ent r="5" t="187" w="434" /><ent r="4" t="189" w="88" /><ent r="82" t="195" w="321" /><ent r="3" t="195" w="325" /><ent r="82" t="195" w="342" /><ent r="3" t="195" w="345" /><ent r="82" t="195" w="353" /><ent r="82" t="195" w="364" /><ent r="3" t="195" w="367" /><ent r="82" t="195" w="380" /><ent r="3" t="195" w="383" /><ent r="5" t="195" w="700" /><ent r="5" t="200" w="79" /><ent r="82" t="209" w="139" /><ent r="3" t="209" w="143" /><ent r="82" t="209" w="160" /><ent r="3" t="209" w="163" /><ent r="82" t="209" w="171" /><ent r="82" t="209" w="182" /><ent r="3" t="209" w="185" /><ent r="82" t="209" w="198" /><ent r="3" t="209" w="201" /><ent r="4" t="212" w="48" /><ent r="5" t="213" w="127" /><ent r="5" t="213" w="552" /><ent r="5" t="215" w="206" /><ent r="5" t="216" w="137" /><ent r="5" t="217" w="96" /><ent r="5" t="218" w="135" /><ent r="5" t="227" w="94" /><ent r="5" t="229" w="93" /><ent r="5" t="231" w="207" /></phr></stem><stem n="want"><phr n="want"><ent r="4" t="18" w="108" /><ent r="3" t="18" w="135" /><ent r="3" t="19" w="63" /><ent r="4" t="21" w="261" /><ent r="4" t="23" w="68" /><ent r="4" t="26" w="162" /><ent r="4" t="26" w="260" /><ent r="4" t="26" w="265" /><ent r="4" t="26" w="348" /><ent r="3" t="26" w="377" /><ent r="4" t="29" w="72" /><ent r="4" t="32" w="181" /><ent r="3" t="43" w="130" /><ent r="4" t="44" w="507" /><ent r="4" t="44" w="647" /><ent r="3" t="47" w="278" /><ent r="4" t="48" w="170" /><ent r="3" t="49" w="281" /><ent r="5" t="49" w="431" /><ent r="3" t="49" w="505" /><ent r="4" t="50" w="248" /><ent r="3" t="51" w="22" /><ent r="4" t="52" w="37" /><ent r="3" t="53" w="36" /><ent r="4" t="54" w="36" /><ent r="4" t="55" w="43" /><ent r="4" t="55" w="77" /><ent r="4" t="58" w="163" /><ent r="4" t="60" w="55" /><ent r="3" t="62" w="89" /><ent r="3" t="62" w="108" /><ent r="4" t="65" w="118" /><ent r="4" t="67" w="105" /><ent r="4" t="70" w="260" /><ent r="3" t="70" w="274" /><ent r="3" t="71" w="55" /><ent r="4" t="72" w="79" /><ent r="4" t="74" w="105" /><ent r="4" t="74" w="163" /><ent r="4" t="74" w="186" /><ent r="4" t="80" w="195" /><ent r="4" t="83" w="208" /><ent r="4" t="83" w="303" /><ent r="4" t="84" w="87" /><ent r="4" t="86" w="60" /><ent r="4" t="86" w="113" /><ent r="4" t="88" w="40" /><ent r="4" t="89" w="105" /><ent r="3" t="89" w="145" /><ent r="3" t="90" w="84" /><ent r="4" t="91" w="194" /><ent r="3" t="91" w="264" /><ent r="4" t="91" w="301" /><ent r="4" t="92" w="66" /><ent r="3" t="93" w="110" /><ent r="4" t="93" w="146" /><ent r="4" t="94" w="50" /><ent r="4" t="95" w="130" /><ent r="4" t="95" w="254" /><ent r="3" t="96" w="284" /><ent r="4" t="97" w="49" /><ent r="3" t="100" w="34" /><ent r="3" t="100" w="125" /><ent r="3" t="101" w="128" /><ent r="3" t="112" w="64" /><ent r="7" t="116" w="50" /><ent r="4" t="118" w="112" /><ent r="4" t="126" w="65" /><ent r="4" t="126" w="302" /><ent r="4" t="133" w="62" /><ent r="4" t="142" w="87" /><ent r="4" t="142" w="133" /><ent r="3" t="142" w="192" /><ent r="4" t="142" w="242" /><ent r="3" t="144" w="360" /><ent r="3" t="144" w="540" /><ent r="4" t="147" w="130" /><ent r="4" t="148" w="138" /><ent r="4" t="149" w="152" /><ent r="4" t="150" w="150" /><ent r="4" t="151" w="132" /><ent r="4" t="152" w="147" /><ent r="4" t="153" w="126" /><ent r="6" t="154" w="137" /><ent r="3" t="154" w="177" /><ent r="3" t="161" w="135" /><ent r="3" t="161" w="200" /><ent r="3" t="164" w="139" /><ent r="3" t="167" w="371" /><ent r="4" t="172" w="264" /><ent r="3" t="174" w="93" /><ent r="4" t="174" w="125" /><ent r="4" t="175" w="308" /><ent r="4" t="179" w="458" /><ent r="4" t="179" w="942" /><ent r="4" t="180" w="609" /><ent r="3" t="180" w="1449" /><ent r="4" t="181" w="320" /><ent r="4" t="182" w="283" /><ent r="3" t="182" w="874" /><ent r="4" t="183" w="558" /><ent r="4" t="184" w="560" /><ent r="4" t="185" w="427" /><ent r="4" t="186" w="434" /><ent r="3" t="186" w="1051" /><ent r="3" t="187" w="799" /><ent r="4" t="188" w="345" /><ent r="3" t="188" w="1336" /><ent r="4" t="188" w="1405" /><ent r="4" t="189" w="75" /><ent r="4" t="195" w="736" /><ent r="4" t="198" w="255" /><ent r="4" t="200" w="112" /><ent r="3" t="208" w="131" /><ent r="4" t="208" w="486" /><ent r="3" t="212" w="121" /><ent r="4" t="213" w="188" /><ent r="3" t="214" w="49" /><ent r="3" t="215" w="142" /><ent r="4" t="215" w="191" /><ent r="4" t="215" w="196" /><ent r="4" t="215" w="279" /><ent r="3" t="216" w="73" /><ent r="4" t="216" w="122" /><ent r="4" t="216" w="127" /><ent r="4" t="216" w="210" /><ent r="3" t="217" w="26" /><ent r="4" t="217" w="81" /><ent r="4" t="217" w="86" /><ent r="4" t="217" w="169" /><ent r="3" t="218" w="71" /><ent r="4" t="218" w="120" /><ent r="4" t="218" w="125" /><ent r="4" t="218" w="208" /><ent r="3" t="219" w="27" /><ent r="4" t="219" w="68" /><ent r="4" t="219" w="95" /><ent r="4" t="219" w="284" /><ent r="3" t="220" w="127" /><ent r="3" t="222" w="132" /><ent r="4" t="228" w="155" /><ent r="4" t="229" w="135" /><ent r="4" t="229" w="146" /><ent r="3" t="231" w="67" /><ent r="4" t="232" w="105" /><ent r="7" t="240" w="102" /><ent r="7" t="240" w="138" /><ent r="7" t="240" w="215" /></phr><phr n="wanted"><ent r="3" t="187" w="981" /></phr></stem><stem n="multipl"><phr n="multiple"><ent r="3" t="18" w="114" /><ent r="3" t="19" w="33" /><ent r="3" t="23" w="128" /><ent r="3" t="64" w="90" /><ent r="3" t="81" w="244" /><ent r="3" t="102" w="51" /><ent r="3" t="115" w="441" /><ent r="7" t="116" w="89" /><ent r="7" t="116" w="125" /><ent r="7" t="116" w="163" /><ent r="3" t="125" w="566" /><ent r="3" t="126" w="262" /><ent r="3" t="148" w="194" /><ent r="3" t="154" w="233" /><ent r="3" t="155" w="207" /><ent r="3" t="170" w="25" /><ent r="4" t="171" w="186" /><ent r="3" t="173" w="48" /><ent r="4" t="174" w="136" /><ent r="3" t="180" w="239" /><ent r="3" t="182" w="847" /><ent r="3" t="187" w="916" /><ent r="3" t="187" w="1032" /><ent r="5" t="188" w="160" /><ent r="3" t="188" w="804" /><ent r="4" t="195" w="551" /></phr><phr n="Multiple"><ent r="5" t="188" w="146" /><ent r="6" t="243" w="383" /><ent r="6" t="243" w="402" /><ent r="6" t="243" w="420" /><ent r="6" t="243" w="439" /><ent r="6" t="243" w="457" /><ent r="6" t="243" w="476" /><ent r="6" t="243" w="494" /><ent r="6" t="243" w="513" /><ent r="5" t="243" w="532" /><ent r="5" t="243" w="550" /><ent r="5" t="243" w="568" /><ent r="5" t="243" w="587" /><ent r="6" t="243" w="605" /><ent r="6" t="243" w="623" /><ent r="6" t="243" w="641" /><ent r="6" t="243" w="656" /><ent r="6" t="243" w="679" /></phr></stem><stem n="paramet"><phr n="parameters"><ent r="3" t="18" w="173" /><ent r="3" t="19" w="175" /><ent r="3" t="27" w="105" /><ent r="4" t="165" w="300" /><ent r="3" t="179" w="229" /><ent r="4" t="181" w="1070" /><ent r="3" t="215" w="85" /><ent r="3" t="216" w="29" /><ent r="3" t="218" w="29" /><ent r="4" t="232" w="103" /><ent r="4" t="232" w="148" /></phr><phr n="Parameter"><ent r="3" t="198" w="302" /><ent r="7" t="199" w="183" /></phr></stem><stem n="relat"><phr n="Related"><ent r="92" t="18" w="252" /><ent r="92" t="20" w="567" /><ent r="92" t="21" w="524" /><ent r="92" t="23" w="137" /><ent r="92" t="24" w="129" /><ent r="92" t="29" w="118" /><ent r="92" t="35" w="55" /><ent r="92" t="36" w="91" /><ent r="92" t="37" w="186" /><ent r="93" t="40" w="263" /><ent r="92" t="53" w="190" /><ent r="92" t="54" w="90" /><ent r="92" t="55" w="132" /><ent r="92" t="58" w="298" /><ent r="92" t="63" w="90" /><ent r="92" t="65" w="293" /><ent r="92" t="66" w="132" /><ent r="92" t="67" w="294" /><ent r="92" t="69" w="166" /><ent r="92" t="70" w="294" /><ent r="92" t="73" w="114" /><ent r="92" t="76" w="130" /><ent r="92" t="77" w="399" /><ent r="92" t="78" w="165" /><ent r="92" t="79" w="121" /><ent r="92" t="80" w="244" /><ent r="92" t="82" w="76" /><ent r="92" t="89" w="281" /><ent r="92" t="95" w="282" /><ent r="92" t="96" w="327" /><ent r="92" t="98" w="77" /><ent r="92" t="99" w="180" /><ent r="92" t="102" w="268" /><ent r="92" t="103" w="150" /><ent r="92" t="104" w="261" /><ent r="92" t="110" w="527" /><ent r="92" t="115" w="557" /><ent r="92" t="117" w="256" /><ent r="92" t="118" w="133" /><ent r="92" t="119" w="189" /><ent r="92" t="120" w="144" /><ent r="92" t="121" w="113" /><ent r="92" t="122" w="227" /><ent r="92" t="125" w="946" /><ent r="92" t="126" w="422" /><ent r="92" t="129" w="451" /><ent r="92" t="130" w="108" /><ent r="92" t="131" w="208" /><ent r="92" t="132" w="100" /><ent r="92" t="133" w="76" /><ent r="92" t="134" w="87" /><ent r="92" t="135" w="77" /><ent r="92" t="137" w="186" /><ent r="92" t="138" w="124" /><ent r="92" t="139" w="52" /><ent r="92" t="156" w="871" /><ent r="92" t="157" w="1005" /><ent r="92" t="171" w="310" /><ent r="92" t="173" w="302" /><ent r="92" t="174" w="156" /><ent r="92" t="175" w="360" /><ent r="92" t="195" w="783" /><ent r="92" t="200" w="178" /><ent r="92" t="208" w="733" /><ent r="92" t="209" w="213" /><ent r="92" t="210" w="38" /><ent r="92" t="211" w="51" /><ent r="92" t="212" w="125" /><ent r="92" t="213" w="879" /><ent r="92" t="237" w="129" /></phr><phr n="related"><ent r="3" t="76" w="102" /><ent r="3" t="193" w="42" /></phr><phr n="relation"><ent r="3" t="182" w="1589" /></phr></stem><stem n="topic"><phr n="Topics"><ent r="92" t="18" w="253" /><ent r="92" t="20" w="568" /><ent r="92" t="21" w="525" /><ent r="92" t="23" w="138" /><ent r="92" t="24" w="130" /><ent r="92" t="35" w="56" /><ent r="92" t="36" w="92" /><ent r="92" t="53" w="191" /><ent r="92" t="54" w="91" /><ent r="92" t="55" w="133" /><ent r="92" t="58" w="299" /><ent r="92" t="63" w="91" /><ent r="92" t="66" w="133" /><ent r="92" t="76" w="131" /><ent r="92" t="77" w="400" /><ent r="92" t="78" w="166" /><ent r="92" t="79" w="122" /><ent r="92" t="80" w="245" /><ent r="92" t="82" w="77" /><ent r="92" t="103" w="151" /><ent r="92" t="110" w="528" /><ent r="92" t="115" w="558" /><ent r="92" t="117" w="257" /><ent r="92" t="118" w="134" /><ent r="92" t="119" w="190" /><ent r="92" t="121" w="114" /><ent r="92" t="122" w="228" /><ent r="92" t="126" w="423" /><ent r="92" t="129" w="452" /><ent r="92" t="130" w="109" /><ent r="92" t="131" w="209" /><ent r="92" t="132" w="101" /><ent r="92" t="133" w="77" /><ent r="92" t="134" w="88" /><ent r="92" t="135" w="78" /><ent r="92" t="137" w="187" /><ent r="92" t="138" w="125" /><ent r="92" t="139" w="53" /><ent r="92" t="156" w="872" /><ent r="92" t="208" w="734" /><ent r="92" t="209" w="214" /><ent r="92" t="210" w="39" /><ent r="92" t="211" w="52" /><ent r="92" t="212" w="126" /><ent r="92" t="213" w="880" /></phr><phr n="Topic"><ent r="92" t="29" w="119" /><ent r="92" t="37" w="187" /><ent r="93" t="40" w="264" /><ent r="92" t="65" w="294" /><ent r="92" t="67" w="295" /><ent r="92" t="69" w="167" /><ent r="92" t="70" w="295" /><ent r="92" t="73" w="115" /><ent r="92" t="89" w="282" /><ent r="92" t="95" w="283" /><ent r="92" t="96" w="328" /><ent r="92" t="98" w="78" /><ent r="92" t="99" w="181" /><ent r="92" t="102" w="269" /><ent r="92" t="104" w="262" /><ent r="92" t="120" w="145" /><ent r="92" t="125" w="947" /><ent r="92" t="157" w="1006" /><ent r="92" t="171" w="311" /><ent r="92" t="173" w="303" /><ent r="92" t="174" w="157" /><ent r="92" t="175" w="361" /><ent r="92" t="195" w="784" /><ent r="92" t="200" w="179" /><ent r="92" t="237" w="130" /></phr></stem><stem n="directori"><phr n="directory"><ent r="3" t="19" w="76" /><ent r="4" t="26" w="159" /><ent r="4" t="78" w="105" /><ent r="4" t="80" w="192" /><ent r="4" t="120" w="88" /><ent r="3" t="121" w="31" /><ent r="3" t="121" w="75" /><ent r="4" t="166" w="75" /><ent r="3" t="166" w="79" /><ent r="3" t="167" w="960" /><ent r="4" t="181" w="814" /><ent r="4" t="181" w="1449" /><ent r="4" t="185" w="424" /><ent r="4" t="188" w="1310" /><ent r="3" t="188" w="1365" /><ent r="3" t="188" w="1472" /><ent r="4" t="195" w="707" /><ent r="6" t="243" w="246" /><ent r="6" t="243" w="677" /></phr></stem><stem n="path"><phr n="path"><ent r="3" t="19" w="82" /><ent r="4" t="68" w="64" /><ent r="5" t="68" w="76" /><ent r="5" t="68" w="93" /><ent r="3" t="68" w="165" /><ent r="3" t="70" w="26" /><ent r="4" t="70" w="76" /><ent r="4" t="70" w="258" /><ent r="3" t="70" w="272" /><ent r="7" t="178" w="287" /><ent r="7" t="178" w="298" /><ent r="7" t="179" w="504" /><ent r="7" t="179" w="515" /><ent r="7" t="180" w="655" /><ent r="7" t="180" w="666" /><ent r="4" t="180" w="2446" /><ent r="7" t="181" w="366" /><ent r="7" t="181" w="377" /><ent r="7" t="182" w="329" /><ent r="7" t="182" w="340" /><ent r="7" t="183" w="604" /><ent r="7" t="183" w="615" /><ent r="7" t="184" w="606" /><ent r="7" t="184" w="617" /><ent r="7" t="185" w="213" /><ent r="7" t="185" w="224" /><ent r="7" t="186" w="480" /><ent r="7" t="186" w="491" /><ent r="7" t="187" w="401" /><ent r="7" t="187" w="412" /><ent r="7" t="188" w="391" /><ent r="7" t="188" w="402" /></phr><phr n="Path"><ent r="4" t="70" w="82" /><ent r="4" t="70" w="109" /><ent r="4" t="70" w="126" /><ent r="92" t="70" w="218" /><ent r="4" t="120" w="92" /><ent r="5" t="200" w="22" /></phr><phr n="Paths"><ent r="4" t="70" w="253" /></phr></stem><stem n=":\&gt;"><phr n=":\&gt;"><ent r="3" t="19" w="88" /></phr></stem><stem n="&gt;"><phr n="&gt;"><ent r="3" t="19" w="88" /><ent r="4" t="145" w="150" /><ent r="4" t="176" w="317" /><ent r="4" t="176" w="325" /><ent r="4" t="176" w="333" /></phr></stem><stem n=".ex"><phr n=".exe"><ent r="3" t="19" w="90" /></phr></stem><stem n="opticks.ex"><phr n="Opticks.exe"><ent r="3" t="19" w="90" /><ent r="3" t="19" w="89" /></phr></stem><stem n="ex"><phr n="exe"><ent r="3" t="19" w="90" /></phr></stem><stem n="cube1"><phr n="cube1"><ent r="3" t="19" w="91" /></phr></stem><stem n=".sio"><phr n=".sio"><ent r="3" t="19" w="92" /><ent r="3" t="19" w="94" /></phr></stem><stem n="cube1.sio"><phr n="cube1.sio"><ent r="3" t="19" w="92" /><ent r="3" t="19" w="91" /></phr></stem><stem n="sio"><phr n="sio"><ent r="3" t="19" w="92" /><ent r="3" t="19" w="94" /></phr><phr n="SIO"><ent r="5" t="20" w="481" /><ent r="4" t="22" w="104" /></phr></stem><stem n="cube2"><phr n="cube2"><ent r="3" t="19" w="93" /></phr></stem><stem n="cube2.sio"><phr n="cube2.sio"><ent r="3" t="19" w="94" /><ent r="3" t="19" w="93" /></phr></stem><stem n="map3"><phr n="map3"><ent r="3" t="19" w="97" /></phr></stem><stem n=":\data\map3.tiff"><phr n=":\data\map3.tiff"><ent r="3" t="19" w="98" /></phr></stem><stem n="map3.tiff"><phr n="map3.tiff"><ent r="3" t="19" w="98" /><ent r="3" t="19" w="97" /></phr></stem><stem n="tiff"><phr n="tiff"><ent r="3" t="19" w="98" /></phr><phr n="TIFF"><ent r="6" t="20" w="332" /><ent r="4" t="20" w="352" /><ent r="4" t="20" w="366" /></phr></stem><stem n="system"><phr n="System"><ent r="92" t="19" w="105" /><ent r="5" t="21" w="33" /><ent r="102" t="66" w="20" /><ent r="5" t="66" w="107" /><ent r="4" t="66" w="112" /><ent r="5" t="73" w="40" /><ent r="4" t="74" w="258" /><ent r="3" t="110" w="92" /><ent r="4" t="156" w="443" /><ent r="4" t="157" w="416" /><ent r="4" t="158" w="413" /><ent r="4" t="163" w="187" /><ent r="66" t="190" w="288" /><ent r="4" t="213" w="544" /><ent r="5" t="230" w="605" /><ent r="7" t="235" w="89" /></phr><phr n="system"><ent r="3" t="19" w="111" /><ent r="3" t="21" w="89" /><ent r="3" t="21" w="98" /><ent r="3" t="21" w="117" /><ent r="3" t="140" w="209" /><ent r="3" t="183" w="103" /><ent r="3" t="183" w="341" /><ent r="3" t="183" w="394" /><ent r="3" t="183" w="406" /><ent r="3" t="184" w="93" /><ent r="3" t="184" w="328" /><ent r="3" t="184" w="397" /><ent r="3" t="184" w="409" /><ent r="3" t="213" w="69" /><ent r="3" t="218" w="254" /></phr><phr n="systems"><ent r="4" t="165" w="774" /><ent r="3" t="180" w="1025" /><ent r="7" t="199" w="371" /></phr><phr n="Systems"><ent r="5" t="199" w="70" /></phr></stem><stem n="(or"><phr n="(or"><ent r="3" t="19" w="118" /><ent r="4" t="83" w="159" /><ent r="3" t="84" w="35" /><ent r="3" t="174" w="76" /><ent r="4" t="194" w="124" /><ent r="4" t="194" w="134" /><ent r="4" t="194" w="199" /><ent r="4" t="194" w="209" /></phr></stem><stem n="onto"><phr n="onto"><ent r="3" t="19" w="120" /><ent r="3" t="69" w="107" /><ent r="3" t="125" w="180" /><ent r="3" t="125" w="211" /><ent r="3" t="125" w="252" /><ent r="3" t="126" w="123" /><ent r="4" t="187" w="471" /><ent r="4" t="187" w="518" /><ent r="4" t="187" w="621" /><ent r="4" t="187" w="710" /><ent r="4" t="188" w="565" /><ent r="4" t="188" w="601" /><ent r="4" t="188" w="651" /></phr></stem><stem n="program"><phr n="program"><ent r="3" t="19" w="123" /></phr><phr n="programs"><ent r="4" t="167" w="585" /></phr><phr n="Program"><ent r="4" t="188" w="1481" /></phr></stem><stem n="execut"><phr n="execute"><ent r="3" t="19" w="124" /><ent r="3" t="115" w="50" /><ent r="100" t="117" w="5" /><ent r="100" t="117" w="192" /><ent r="64" t="124" w="27" /><ent r="3" t="124" w="76" /><ent r="3" t="125" w="39" /><ent r="3" t="125" w="677" /><ent r="4" t="126" w="232" /><ent r="3" t="180" w="63" /><ent r="3" t="180" w="3158" /></phr><phr n="executing"><ent r="3" t="102" w="45" /><ent r="3" t="176" w="13" /><ent r="3" t="181" w="59" /></phr><phr n="executed"><ent r="3" t="110" w="261" /><ent r="7" t="116" w="248" /><ent r="7" t="116" w="282" /><ent r="4" t="122" w="84" /><ent r="3" t="125" w="932" /><ent r="3" t="125" w="941" /><ent r="3" t="157" w="868" /><ent r="3" t="187" w="197" /><ent r="3" t="187" w="218" /><ent r="3" t="187" w="282" /><ent r="3" t="187" w="1295" /><ent r="3" t="187" w="1311" /><ent r="5" t="188" w="151" /><ent r="3" t="188" w="1113" /><ent r="3" t="188" w="1129" /><ent r="3" t="195" w="102" /><ent r="7" t="241" w="150" /><ent r="7" t="241" w="188" /></phr><phr n="execution"><ent r="3" t="115" w="483" /><ent r="3" t="115" w="537" /><ent r="3" t="115" w="540" /><ent r="7" t="116" w="236" /><ent r="7" t="116" w="270" /><ent r="100" t="122" w="6" /><ent r="4" t="122" w="60" /><ent r="100" t="122" w="65" /><ent r="3" t="122" w="104" /><ent r="3" t="122" w="116" /><ent r="3" t="122" w="194" /><ent r="4" t="122" w="220" /><ent r="100" t="125" w="4" /><ent r="100" t="125" w="89" /><ent r="100" t="125" w="102" /><ent r="3" t="125" w="120" /><ent r="3" t="125" w="124" /><ent r="3" t="125" w="130" /><ent r="4" t="125" w="773" /><ent r="3" t="125" w="829" /><ent r="3" t="125" w="838" /><ent r="3" t="125" w="906" /><ent r="3" t="125" w="918" /><ent r="3" t="128" w="182" /><ent r="3" t="128" w="211" /><ent r="100" t="129" w="9" /><ent r="100" t="129" w="14" /><ent r="100" t="129" w="23" /><ent r="4" t="129" w="76" /><ent r="3" t="129" w="94" /><ent r="3" t="129" w="106" /><ent r="3" t="129" w="263" /><ent r="3" t="129" w="389" /><ent r="4" t="187" w="1247" /><ent r="4" t="187" w="1259" /><ent r="3" t="187" w="1272" /><ent r="3" t="187" w="1290" /><ent r="4" t="187" w="1345" /><ent r="3" t="188" w="1089" /><ent r="3" t="188" w="1108" /><ent r="7" t="241" w="138" /><ent r="7" t="241" w="176" /></phr><phr n="Execution"><ent r="64" t="115" w="502" /><ent r="65" t="117" w="187" /><ent r="4" t="119" w="37" /><ent r="1000" t="122" w="2" /><ent r="102" t="122" w="10" /><ent r="64" t="122" w="177" /><ent r="92" t="122" w="186" /><ent r="4" t="122" w="208" /><ent r="82" t="125" w="716" /><ent r="64" t="125" w="891" /><ent r="82" t="125" w="898" /><ent r="64" t="128" w="200" /><ent r="64" t="128" w="238" /><ent r="1000" t="129" w="1" /><ent r="102" t="129" w="17" /><ent r="92" t="129" w="294" /><ent r="5" t="129" w="371" /><ent r="92" t="129" w="383" /><ent r="5" t="129" w="437" /><ent r="64" t="129" w="462" /><ent r="5" t="187" w="552" /><ent r="5" t="188" w="511" /></phr><phr n="Execute"><ent r="92" t="117" w="194" /><ent r="3" t="117" w="199" /><ent r="5" t="119" w="103" /><ent r="5" t="175" w="329" /><ent r="4" t="181" w="110" /><ent r="5" t="182" w="1262" /><ent r="5" t="187" w="1780" /><ent r="7" t="242" w="143" /></phr><phr n="Executing"><ent r="1000" t="124" w="5" /><ent r="102" t="124" w="13" /><ent r="65" t="126" w="241" /><ent r="64" t="129" w="469" /></phr><phr n="executes"><ent r="3" t="125" w="311" /></phr><phr n="Executes"><ent r="7" t="242" w="145" /></phr></stem><stem n="icon"><phr n="icon"><ent r="3" t="19" w="125" /><ent r="4" t="187" w="545" /><ent r="3" t="187" w="819" /><ent r="3" t="187" w="844" /><ent r="3" t="188" w="784" /></phr><phr n="Icon"><ent r="3" t="181" w="736" /><ent r="6" t="191" w="27" /></phr><phr n="icons"><ent r="3" t="187" w="796" /><ent r="4" t="188" w="765" /></phr></stem><stem n="call"><phr n="calls"><ent r="3" t="19" w="150" /></phr><phr n="called"><ent r="4" t="44" w="552" /><ent r="4" t="91" w="97" /><ent r="3" t="123" w="189" /><ent r="3" t="161" w="35" /><ent r="3" t="177" w="161" /><ent r="3" t="180" w="278" /><ent r="3" t="181" w="1089" /><ent r="3" t="184" w="1238" /><ent r="3" t="233" w="50" /><ent r="3" t="238" w="352" /></phr></stem><stem n="auto"><phr n="Auto"><ent r="3" t="19" w="152" /><ent r="5" t="20" w="88" /><ent r="4" t="21" w="280" /><ent r="3" t="74" w="317" /><ent r="3" t="74" w="322" /><ent r="5" t="81" w="656" /><ent r="4" t="81" w="677" /><ent r="5" t="90" w="366" /><ent r="5" t="90" w="395" /><ent r="4" t="148" w="167" /><ent r="4" t="154" w="206" /><ent r="4" t="155" w="180" /><ent r="5" t="179" w="557" /><ent r="5" t="186" w="535" /><ent r="5" t="186" w="863" /></phr><phr n="auto"><ent r="5" t="90" w="382" /><ent r="5" t="90" w="407" /><ent r="5" t="90" w="412" /><ent r="3" t="148" w="209" /><ent r="3" t="154" w="247" /><ent r="3" t="155" w="223" /></phr></stem><stem n="specifi"><phr n="specified"><ent r="3" t="19" w="179" /><ent r="3" t="68" w="148" /><ent r="4" t="68" w="186" /><ent r="3" t="81" w="250" /><ent r="3" t="81" w="267" /><ent r="3" t="131" w="36" /><ent r="3" t="132" w="29" /><ent r="3" t="132" w="52" /><ent r="3" t="144" w="192" /><ent r="3" t="144" w="295" /><ent r="3" t="144" w="499" /><ent r="3" t="144" w="663" /><ent r="4" t="173" w="261" /><ent r="3" t="180" w="223" /><ent r="3" t="180" w="1601" /><ent r="4" t="188" w="1565" /><ent r="4" t="195" w="557" /><ent r="3" t="195" w="612" /><ent r="4" t="208" w="395" /></phr><phr n="specify"><ent r="3" t="21" w="411" /><ent r="3" t="26" w="202" /><ent r="3" t="26" w="373" /><ent r="3" t="46" w="133" /><ent r="4" t="108" w="468" /><ent r="4" t="117" w="109" /><ent r="3" t="131" w="64" /><ent r="3" t="131" w="76" /><ent r="4" t="131" w="91" /><ent r="3" t="144" w="18" /><ent r="3" t="145" w="18" /><ent r="3" t="156" w="513" /><ent r="3" t="157" w="486" /><ent r="3" t="158" w="483" /><ent r="4" t="187" w="1449" /><ent r="3" t="213" w="613" /><ent r="3" t="215" w="137" /><ent r="3" t="216" w="68" /><ent r="3" t="217" w="21" /><ent r="3" t="218" w="66" /><ent r="3" t="232" w="47" /><ent r="3" t="232" w="76" /><ent r="3" t="238" w="38" /></phr><phr n="specifying"><ent r="3" t="26" w="209" /><ent r="3" t="68" w="51" /><ent r="3" t="127" w="62" /><ent r="3" t="197" w="61" /><ent r="3" t="212" w="33" /></phr><phr n="specifies"><ent r="3" t="81" w="145" /><ent r="3" t="81" w="187" /><ent r="3" t="187" w="1483" /><ent r="3" t="208" w="238" /></phr></stem><stem n="valid"><phr n="valid"><ent r="3" t="19" w="184" /><ent r="3" t="187" w="942" /><ent r="3" t="187" w="963" /><ent r="3" t="188" w="831" /><ent r="3" t="188" w="852" /></phr><phr n="Valid"><ent r="3" t="199" w="74" /><ent r="6" t="230" w="88" /><ent r="6" t="230" w="640" /></phr></stem><stem n="cancel"><phr n="Cancel"><ent r="3" t="19" w="188" /><ent r="4" t="62" w="230" /><ent r="4" t="81" w="117" /><ent r="4" t="106" w="261" /><ent r="4" t="107" w="139" /><ent r="4" t="108" w="158" /><ent r="4" t="109" w="158" /><ent r="4" t="143" w="313" /><ent r="4" t="144" w="112" /><ent r="4" t="145" w="277" /><ent r="3" t="147" w="250" /><ent r="4" t="148" w="233" /><ent r="4" t="149" w="213" /><ent r="4" t="150" w="204" /><ent r="4" t="151" w="213" /><ent r="4" t="152" w="163" /><ent r="3" t="153" w="162" /><ent r="4" t="154" w="153" /><ent r="4" t="155" w="270" /><ent r="3" t="156" w="196" /><ent r="4" t="157" w="171" /><ent r="4" t="158" w="205" /><ent r="4" t="159" w="209" /><ent r="4" t="160" w="108" /><ent r="4" t="161" w="281" /><ent r="4" t="162" w="210" /><ent r="4" t="163" w="144" /><ent r="4" t="164" w="240" /><ent r="4" t="165" w="175" /><ent r="4" t="167" w="911" /><ent r="4" t="167" w="925" /><ent r="3" t="170" w="311" /><ent r="5" t="213" w="259" /><ent r="5" t="213" w="374" /><ent r="4" t="229" w="162" /></phr><phr n="cancel"><ent r="3" t="62" w="219" /><ent r="3" t="71" w="113" /><ent r="3" t="81" w="120" /><ent r="3" t="106" w="264" /><ent r="3" t="107" w="142" /><ent r="3" t="108" w="161" /><ent r="3" t="109" w="161" /><ent r="3" t="143" w="307" /><ent r="3" t="144" w="115" /><ent r="3" t="145" w="280" /><ent r="3" t="147" w="252" /><ent r="3" t="148" w="236" /><ent r="3" t="149" w="216" /><ent r="3" t="150" w="207" /><ent r="3" t="151" w="216" /><ent r="3" t="152" w="166" /><ent r="3" t="153" w="164" /><ent r="3" t="154" w="156" /><ent r="3" t="155" w="273" /><ent r="3" t="156" w="199" /><ent r="3" t="157" w="160" /><ent r="3" t="158" w="194" /><ent r="3" t="159" w="198" /><ent r="3" t="160" w="97" /><ent r="3" t="161" w="270" /><ent r="3" t="162" w="199" /><ent r="3" t="163" w="133" /><ent r="3" t="164" w="229" /><ent r="3" t="165" w="164" /><ent r="3" t="167" w="930" /><ent r="3" t="170" w="301" /><ent r="4" t="213" w="262" /><ent r="4" t="213" w="377" /><ent r="3" t="229" w="165" /></phr></stem></index>