﻿<?xml version="1.0" encoding="utf-8"?><index><stem n="draw"><phr n="Draw"><ent r="7" t="8" w="58" /><ent r="5" t="13" w="63" /><ent r="100" t="58" w="234" /><ent r="4" t="58" w="241" /><ent r="4" t="181" w="719" /></phr><phr n="drawing"><ent r="4" t="40" w="179" /></phr><phr n="draw"><ent r="4" t="47" w="317" /><ent r="4" t="49" w="172" /><ent r="4" t="65" w="77" /><ent r="3" t="72" w="30" /><ent r="4" t="72" w="67" /><ent r="3" t="106" w="237" /><ent r="4" t="182" w="1213" /><ent r="3" t="186" w="1022" /></phr></stem><stem n="eras"><phr n="Erase"><ent r="7" t="8" w="63" /><ent r="7" t="8" w="165" /></phr></stem><stem n="show"><phr n="Show"><ent r="7" t="8" w="77" /><ent r="7" t="8" w="89" /><ent r="7" t="13" w="85" /><ent r="5" t="13" w="98" /><ent r="5" t="13" w="115" /><ent r="7" t="13" w="130" /><ent r="64" t="53" w="198" /><ent r="64" t="54" w="102" /><ent r="1000" t="57" w="1" /><ent r="102" t="57" w="5" /><ent r="4" t="102" w="213" /><ent r="4" t="103" w="147" /><ent r="5" t="109" w="442" /><ent r="4" t="155" w="246" /></phr><phr n="Shows"><ent r="6" t="14" w="321" /></phr><phr n="shows"><ent r="3" t="21" w="354" /><ent r="3" t="129" w="275" /><ent r="3" t="177" w="143" /><ent r="4" t="179" w="1106" /><ent r="3" t="179" w="1189" /><ent r="3" t="179" w="1213" /><ent r="3" t="179" w="1235" /><ent r="4" t="179" w="2051" /><ent r="4" t="180" w="1141" /></phr><phr n="showing"><ent r="3" t="49" w="250" /><ent r="3" t="180" w="2959" /></phr><phr n="show"><ent r="100" t="57" w="9" /><ent r="100" t="57" w="16" /><ent r="3" t="57" w="22" /><ent r="4" t="109" w="388" /><ent r="3" t="145" w="256" /><ent r="3" t="155" w="236" /><ent r="3" t="163" w="288" /><ent r="4" t="187" w="1834" /><ent r="4" t="231" w="79" /></phr></stem><stem n="label"><phr n="Labels"><ent r="7" t="8" w="79" /><ent r="7" t="8" w="91" /><ent r="7" t="10" w="83" /><ent r="7" t="13" w="134" /><ent r="4" t="155" w="247" /><ent r="4" t="164" w="189" /></phr><phr n="labels"><ent r="7" t="8" w="86" /><ent r="7" t="10" w="95" /><ent r="7" t="13" w="142" /><ent r="3" t="155" w="237" /><ent r="3" t="155" w="256" /><ent r="3" t="164" w="37" /></phr><phr n="labeled"><ent r="7" t="10" w="109" /><ent r="3" t="21" w="378" /><ent r="4" t="151" w="155" /><ent r="4" t="175" w="113" /><ent r="4" t="183" w="846" /><ent r="4" t="186" w="771" /></phr><phr n="Label"><ent r="5" t="13" w="101" /><ent r="5" t="13" w="118" /><ent r="4" t="150" w="155" /></phr><phr n="label"><ent r="5" t="13" w="108" /><ent r="7" t="13" w="156" /><ent r="7" t="13" w="187" /><ent r="4" t="58" w="254" /><ent r="3" t="149" w="159" /><ent r="4" t="155" w="136" /><ent r="3" t="164" w="43" /><ent r="3" t="164" w="111" /><ent r="3" t="164" w="133" /><ent r="3" t="164" w="178" /><ent r="3" t="183" w="1047" /><ent r="3" t="183" w="1051" /><ent r="5" t="190" w="192" /><ent r="3" t="234" w="29" /><ent r="3" t="235" w="24" /></phr></stem><stem n="contain"><phr n="contains"><ent r="7" t="8" w="99" /><ent r="3" t="14" w="19" /><ent r="4" t="23" w="96" /><ent r="3" t="32" w="37" /><ent r="3" t="60" w="93" /><ent r="3" t="60" w="111" /><ent r="3" t="103" w="38" /><ent r="3" t="104" w="47" /><ent r="3" t="104" w="75" /><ent r="3" t="110" w="321" /><ent r="3" t="125" w="34" /><ent r="3" t="125" w="482" /><ent r="3" t="125" w="904" /><ent r="3" t="157" w="902" /><ent r="3" t="161" w="63" /><ent r="3" t="163" w="246" /><ent r="4" t="166" w="65" /><ent r="3" t="171" w="103" /><ent r="3" t="179" w="259" /><ent r="3" t="184" w="1241" /><ent r="3" t="188" w="133" /><ent r="3" t="195" w="134" /><ent r="3" t="200" w="126" /></phr><phr n="contain"><ent r="3" t="49" w="94" /><ent r="3" t="102" w="67" /><ent r="3" t="102" w="83" /><ent r="3" t="125" w="460" /><ent r="3" t="157" w="992" /><ent r="3" t="167" w="509" /><ent r="3" t="167" w="524" /><ent r="3" t="169" w="259" /><ent r="3" t="178" w="29" /><ent r="4" t="179" w="2234" /><ent r="4" t="182" w="1194" /><ent r="3" t="187" w="211" /><ent r="3" t="193" w="93" /><ent r="3" t="195" w="598" /><ent r="3" t="198" w="232" /></phr><phr n="contained"><ent r="4" t="108" w="274" /><ent r="3" t="167" w="496" /><ent r="4" t="167" w="579" /><ent r="3" t="180" w="935" /></phr><phr n="containing"><ent r="3" t="167" w="130" /><ent r="4" t="171" w="185" /><ent r="4" t="180" w="1465" /><ent r="4" t="180" w="1628" /><ent r="4" t="194" w="46" /><ent r="4" t="194" w="64" /><ent r="4" t="194" w="114" /><ent r="4" t="194" w="156" /></phr></stem><stem n="vector"><phr n="vector"><ent r="7" t="8" w="100" /><ent r="64" t="81" w="199" /><ent r="3" t="183" w="184" /><ent r="3" t="184" w="174" /></phr></stem><stem n="id"><phr n="IDs"><ent r="7" t="8" w="109" /></phr><phr n="ID"><ent r="3" t="102" w="97" /><ent r="3" t="102" w="145" /><ent r="3" t="142" w="28" /></phr></stem><stem n="append"><phr n="Append"><ent r="7" t="8" w="112" /><ent r="5" t="26" w="585" /></phr><phr n="appended"><ent r="3" t="26" w="33" /></phr><phr n="append"><ent r="4" t="26" w="591" /></phr></stem><stem n="ad"><phr n="added"><ent r="7" t="8" w="127" /><ent r="7" t="8" w="147" /><ent r="4" t="74" w="145" /><ent r="3" t="81" w="260" /><ent r="3" t="103" w="76" /><ent r="3" t="121" w="93" /><ent r="4" t="126" w="154" /><ent r="4" t="126" w="253" /><ent r="3" t="128" w="88" /><ent r="3" t="148" w="181" /><ent r="3" t="154" w="220" /><ent r="3" t="155" w="194" /><ent r="3" t="160" w="125" /><ent r="4" t="173" w="144" /><ent r="3" t="181" w="748" /><ent r="4" t="182" w="922" /><ent r="3" t="183" w="738" /><ent r="4" t="186" w="142" /><ent r="3" t="187" w="1491" /><ent r="3" t="187" w="1519" /><ent r="3" t="187" w="1538" /><ent r="3" t="219" w="149" /></phr><phr n="adding"><ent r="3" t="115" w="327" /><ent r="3" t="125" w="278" /><ent r="3" t="238" w="239" /></phr><phr n="Adding"><ent r="3" t="123" w="124" /><ent r="3" t="123" w="468" /><ent r="92" t="125" w="159" /><ent r="3" t="187" w="1585" /><ent r="3" t="187" w="1610" /><ent r="3" t="187" w="1632" /><ent r="3" t="187" w="1653" /></phr></stem><stem n="pixel"><phr n="Pixel"><ent r="7" t="8" w="151" /><ent r="68" t="8" w="161" /><ent r="7" t="8" w="189" /><ent r="5" t="49" w="185" /><ent r="1000" t="59" w="2" /><ent r="100" t="59" w="6" /><ent r="100" t="59" w="11" /><ent r="102" t="59" w="16" /><ent r="3" t="59" w="22" /><ent r="3" t="59" w="39" /><ent r="3" t="59" w="57" /><ent r="5" t="109" w="443" /><ent r="3" t="181" w="734" /><ent r="4" t="181" w="882" /><ent r="4" t="182" w="1168" /><ent r="4" t="184" w="867" /></phr><phr n="Pixels"><ent r="7" t="8" w="168" /><ent r="7" t="8" w="174" /><ent r="7" t="8" w="193" /><ent r="3" t="167" w="13" /></phr><phr n="pixel"><ent r="7" t="10" w="93" /><ent r="6" t="11" w="330" /><ent r="3" t="13" w="43" /><ent r="4" t="26" w="397" /><ent r="4" t="26" w="542" /><ent r="4" t="26" w="557" /><ent r="3" t="40" w="30" /><ent r="4" t="40" w="214" /><ent r="4" t="49" w="193" /><ent r="7" t="59" w="70" /><ent r="3" t="61" w="23" /><ent r="4" t="61" w="46" /><ent r="3" t="62" w="30" /><ent r="3" t="62" w="83" /><ent r="3" t="73" w="19" /><ent r="3" t="73" w="44" /><ent r="3" t="73" w="73" /><ent r="3" t="82" w="69" /><ent r="3" t="83" w="149" /><ent r="3" t="89" w="57" /><ent r="4" t="108" w="298" /><ent r="4" t="108" w="307" /><ent r="4" t="109" w="480" /><ent r="3" t="110" w="19" /><ent r="3" t="110" w="230" /><ent r="5" t="156" w="845" /><ent r="4" t="156" w="852" /><ent r="3" t="157" w="209" /><ent r="3" t="165" w="25" /><ent r="3" t="165" w="70" /><ent r="3" t="170" w="156" /><ent r="3" t="170" w="175" /><ent r="4" t="173" w="97" /><ent r="4" t="173" w="104" /><ent r="4" t="173" w="138" /><ent r="4" t="173" w="140" /><ent r="3" t="177" w="149" /><ent r="4" t="179" w="1110" /><ent r="4" t="179" w="1121" /><ent r="3" t="180" w="146" /><ent r="3" t="180" w="198" /><ent r="3" t="180" w="211" /><ent r="3" t="180" w="1097" /><ent r="3" t="180" w="1099" /><ent r="3" t="180" w="1428" /><ent r="4" t="180" w="2471" /><ent r="3" t="181" w="133" /><ent r="3" t="181" w="137" /><ent r="4" t="182" w="919" /><ent r="4" t="183" w="673" /><ent r="3" t="189" w="29" /><ent r="7" t="199" w="311" /><ent r="7" t="199" w="431" /><ent r="7" t="199" w="435" /><ent r="7" t="199" w="439" /><ent r="7" t="199" w="442" /><ent r="7" t="199" w="445" /><ent r="7" t="199" w="448" /><ent r="7" t="199" w="560" /><ent r="7" t="199" w="567" /><ent r="3" t="199" w="783" /><ent r="3" t="208" w="53" /><ent r="3" t="208" w="103" /><ent r="5" t="226" w="335" /><ent r="6" t="230" w="121" /><ent r="7" t="234" w="44" /><ent r="7" t="235" w="40" /><ent r="3" t="238" w="139" /><ent r="3" t="238" w="168" /><ent r="3" t="238" w="196" /><ent r="3" t="238" w="371" /><ent r="3" t="238" w="388" /><ent r="3" t="238" w="454" /><ent r="3" t="238" w="508" /><ent r="3" t="238" w="534" /></phr><phr n="pixels"><ent r="7" t="10" w="103" /><ent r="4" t="26" w="80" /><ent r="5" t="26" w="411" /><ent r="5" t="26" w="428" /><ent r="5" t="26" w="444" /><ent r="5" t="26" w="485" /><ent r="3" t="46" w="137" /><ent r="4" t="48" w="228" /><ent r="3" t="58" w="27" /><ent r="4" t="58" w="45" /><ent r="4" t="58" w="49" /><ent r="4" t="58" w="249" /><ent r="3" t="58" w="274" /><ent r="4" t="60" w="86" /><ent r="3" t="60" w="95" /><ent r="3" t="60" w="107" /><ent r="3" t="60" w="113" /><ent r="3" t="66" w="52" /><ent r="4" t="75" w="47" /><ent r="4" t="75" w="55" /><ent r="3" t="83" w="92" /><ent r="3" t="87" w="16" /><ent r="3" t="87" w="31" /><ent r="4" t="108" w="199" /><ent r="4" t="108" w="202" /><ent r="3" t="108" w="359" /><ent r="4" t="109" w="196" /><ent r="3" t="109" w="255" /><ent r="3" t="110" w="204" /><ent r="3" t="110" w="276" /><ent r="3" t="110" w="502" /><ent r="3" t="115" w="353" /><ent r="3" t="144" w="173" /><ent r="3" t="144" w="276" /><ent r="3" t="144" w="480" /><ent r="3" t="144" w="644" /><ent r="3" t="148" w="192" /><ent r="5" t="153" w="701" /><ent r="5" t="153" w="1136" /><ent r="3" t="154" w="231" /><ent r="4" t="154" w="293" /><ent r="4" t="154" w="313" /><ent r="4" t="154" w="332" /><ent r="4" t="154" w="352" /><ent r="3" t="155" w="205" /><ent r="4" t="156" w="821" /><ent r="3" t="161" w="190" /><ent r="5" t="165" w="734" /><ent r="3" t="173" w="218" /><ent r="3" t="179" w="147" /><ent r="3" t="179" w="169" /><ent r="4" t="179" w="1132" /><ent r="3" t="179" w="1304" /><ent r="3" t="179" w="1330" /><ent r="3" t="180" w="2216" /><ent r="3" t="180" w="2224" /><ent r="3" t="180" w="2232" /><ent r="4" t="180" w="2808" /><ent r="3" t="181" w="122" /><ent r="3" t="181" w="745" /><ent r="3" t="184" w="1284" /><ent r="7" t="199" w="95" /><ent r="7" t="199" w="530" /><ent r="3" t="220" w="75" /><ent r="3" t="222" w="80" /><ent r="3" t="238" w="95" /><ent r="3" t="238" w="430" /><ent r="3" t="238" w="492" /></phr></stem><stem n="-down."><phr n="-down."><ent r="7" t="8" w="159" /><ent r="7" t="8" w="159" /><ent r="3" t="62" w="99" /><ent r="3" t="62" w="99" /><ent r="3" t="62" w="119" /><ent r="3" t="62" w="119" /><ent r="3" t="74" w="295" /><ent r="3" t="74" w="295" /><ent r="4" t="179" w="573" /><ent r="4" t="179" w="573" /></phr></stem><stem n="merg"><phr n="Merge"><ent r="7" t="8" w="177" /><ent r="68" t="8" w="185" /><ent r="1000" t="60" w="1" /><ent r="102" t="60" w="10" /><ent r="4" t="60" w="14" /><ent r="4" t="60" w="38" /><ent r="3" t="60" w="44" /><ent r="5" t="60" w="80" /></phr><phr n="merge"><ent r="100" t="60" w="4" /><ent r="100" t="60" w="8" /><ent r="4" t="60" w="20" /><ent r="3" t="60" w="27" /><ent r="4" t="60" w="57" /><ent r="3" t="60" w="92" /><ent r="3" t="60" w="110" /><ent r="3" t="69" w="151" /><ent r="3" t="71" w="57" /></phr><phr n="merges"><ent r="3" t="71" w="20" /></phr></stem><stem n="marker"><phr n="Marker"><ent r="7" t="8" w="196" /><ent r="68" t="8" w="209" /><ent r="7" t="8" w="213" /><ent r="7" t="9" w="37" /><ent r="7" t="9" w="59" /><ent r="7" t="10" w="66" /><ent r="1000" t="61" w="3" /><ent r="102" t="61" w="13" /><ent r="4" t="61" w="35" /><ent r="5" t="152" w="131" /><ent r="92" t="154" w="161" /></phr><phr n="marker"><ent r="7" t="8" w="204" /><ent r="7" t="8" w="221" /><ent r="7" t="8" w="227" /><ent r="7" t="8" w="238" /><ent r="7" t="10" w="75" /><ent r="7" t="10" w="94" /><ent r="3" t="37" w="91" /><ent r="3" t="37" w="116" /><ent r="3" t="37" w="125" /><ent r="100" t="61" w="7" /><ent r="3" t="61" w="24" /><ent r="4" t="61" w="47" /><ent r="4" t="61" w="53" /><ent r="3" t="62" w="84" /><ent r="3" t="73" w="54" /><ent r="3" t="148" w="155" /><ent r="3" t="149" w="191" /><ent r="3" t="152" w="24" /><ent r="6" t="154" w="129" /><ent r="3" t="154" w="194" /><ent r="3" t="155" w="168" /><ent r="3" t="161" w="167" /><ent r="4" t="181" w="939" /></phr><phr n="markers"><ent r="3" t="62" w="31" /><ent r="3" t="89" w="58" /><ent r="3" t="161" w="31" /><ent r="4" t="173" w="197" /><ent r="3" t="181" w="134" /><ent r="4" t="182" w="980" /><ent r="3" t="189" w="30" /></phr></stem><stem n="symbol"><phr n="Symbol"><ent r="7" t="8" w="197" /><ent r="68" t="8" w="210" /><ent r="7" t="9" w="38" /><ent r="1000" t="61" w="4" /><ent r="102" t="61" w="14" /><ent r="4" t="61" w="36" /><ent r="4" t="62" w="95" /><ent r="5" t="148" w="134" /><ent r="5" t="149" w="148" /><ent r="4" t="149" w="167" /><ent r="5" t="152" w="143" /><ent r="4" t="154" w="173" /><ent r="5" t="155" w="144" /><ent r="4" t="161" w="141" /><ent r="4" t="161" w="174" /><ent r="4" t="164" w="119" /></phr><phr n="symbol"><ent r="7" t="8" w="205" /><ent r="100" t="61" w="8" /><ent r="3" t="149" w="72" /><ent r="3" t="161" w="146" /><ent r="3" t="161" w="186" /><ent r="4" t="180" w="1483" /><ent r="3" t="180" w="1523" /></phr><phr n="symbols"><ent r="3" t="161" w="152" /><ent r="3" t="180" w="1338" /><ent r="3" t="180" w="1543" /><ent r="3" t="180" w="1577" /></phr></stem><stem n="color"><phr n="Color"><ent r="7" t="8" w="214" /><ent r="68" t="8" w="242" /><ent r="7" t="9" w="60" /><ent r="68" t="9" w="63" /><ent r="7" t="10" w="67" /><ent r="68" t="10" w="80" /><ent r="1000" t="44" w="1" /><ent r="102" t="44" w="4" /><ent r="3" t="44" w="28" /><ent r="92" t="44" w="105" /><ent r="92" t="44" w="322" /><ent r="82" t="44" w="338" /><ent r="92" t="44" w="343" /><ent r="4" t="44" w="554" /><ent r="5" t="44" w="562" /><ent r="1000" t="45" w="1" /><ent r="102" t="45" w="6" /><ent r="64" t="47" w="218" /><ent r="4" t="62" w="114" /><ent r="3" t="62" w="126" /><ent r="64" t="62" w="145" /><ent r="4" t="65" w="229" /><ent r="65" t="65" w="247" /><ent r="4" t="65" w="271" /><ent r="65" t="65" w="289" /><ent r="4" t="67" w="236" /><ent r="65" t="67" w="254" /><ent r="6" t="90" w="419" /><ent r="66" t="90" w="449" /><ent r="1000" t="95" w="1" /><ent r="100" t="95" w="5" /><ent r="100" t="95" w="8" /><ent r="102" t="95" w="11" /><ent r="3" t="95" w="14" /><ent r="5" t="95" w="91" /><ent r="5" t="95" w="103" /><ent r="4" t="95" w="113" /><ent r="5" t="95" w="216" /><ent r="100" t="95" w="228" /><ent r="5" t="95" w="232" /><ent r="4" t="95" w="238" /><ent r="64" t="95" w="277" /><ent r="1000" t="96" w="3" /><ent r="102" t="96" w="8" /><ent r="100" t="96" w="36" /><ent r="100" t="96" w="40" /><ent r="100" t="96" w="45" /><ent r="100" t="96" w="49" /><ent r="5" t="96" w="93" /><ent r="5" t="96" w="106" /><ent r="64" t="96" w="178" /><ent r="64" t="96" w="330" /><ent r="4" t="106" w="186" /><ent r="64" t="106" w="204" /><ent r="5" t="108" w="437" /><ent r="65" t="108" w="456" /><ent r="6" t="125" w="360" /><ent r="4" t="148" w="151" /><ent r="64" t="148" w="162" /><ent r="4" t="148" w="168" /><ent r="4" t="149" w="187" /><ent r="64" t="149" w="198" /><ent r="92" t="153" w="1150" /><ent r="3" t="153" w="1170" /><ent r="64" t="153" w="1188" /><ent r="4" t="154" w="190" /><ent r="64" t="154" w="201" /><ent r="4" t="154" w="207" /><ent r="4" t="155" w="164" /><ent r="64" t="155" w="175" /><ent r="4" t="155" w="181" /><ent r="5" t="156" w="238" /><ent r="64" t="158" w="268" /><ent r="64" t="159" w="159" /><ent r="4" t="160" w="207" /><ent r="64" t="160" w="223" /><ent r="3" t="161" w="205" /><ent r="64" t="161" w="231" /><ent r="4" t="163" w="235" /><ent r="4" t="164" w="145" /><ent r="64" t="164" w="172" /><ent r="3" t="165" w="322" /><ent r="64" t="165" w="362" /><ent r="4" t="180" w="2820" /><ent r="4" t="180" w="2828" /><ent r="4" t="180" w="2930" /><ent r="4" t="181" w="940" /><ent r="5" t="183" w="849" /><ent r="4" t="183" w="858" /><ent r="3" t="186" w="648" /><ent r="4" t="186" w="772" /><ent r="1000" t="189" w="2" /><ent r="102" t="189" w="11" /><ent r="3" t="208" w="194" /><ent r="64" t="208" w="211" /><ent r="6" t="230" w="169" /><ent r="67" t="230" w="191" /><ent r="6" t="230" w="339" /><ent r="67" t="230" w="360" /><ent r="6" t="230" w="553" /><ent r="67" t="230" w="571" /></phr><phr n="color"><ent r="7" t="8" w="222" /><ent r="7" t="8" w="228" /><ent r="7" t="8" w="235" /><ent r="7" t="10" w="76" /><ent r="7" t="11" w="271" /><ent r="7" t="11" w="300" /><ent r="7" t="11" w="314" /><ent r="7" t="12" w="61" /><ent r="6" t="12" w="83" /><ent r="100" t="44" w="7" /><ent r="3" t="44" w="15" /><ent r="3" t="44" w="49" /><ent r="3" t="44" w="79" /><ent r="4" t="44" w="136" /><ent r="4" t="44" w="187" /><ent r="4" t="44" w="233" /><ent r="4" t="44" w="308" /><ent r="3" t="44" w="334" /><ent r="3" t="44" w="397" /><ent r="3" t="44" w="414" /><ent r="3" t="44" w="424" /><ent r="82" t="44" w="495" /><ent r="82" t="44" w="536" /><ent r="4" t="44" w="550" /><ent r="4" t="44" w="568" /><ent r="3" t="44" w="578" /><ent r="3" t="44" w="587" /><ent r="4" t="44" w="614" /><ent r="3" t="44" w="624" /><ent r="82" t="44" w="639" /><ent r="4" t="44" w="644" /><ent r="3" t="44" w="672" /><ent r="3" t="44" w="694" /><ent r="100" t="45" w="11" /><ent r="3" t="45" w="23" /><ent r="3" t="47" w="149" /><ent r="4" t="47" w="194" /><ent r="4" t="47" w="207" /><ent r="4" t="47" w="256" /><ent r="3" t="62" w="27" /><ent r="3" t="62" w="103" /><ent r="3" t="62" w="106" /><ent r="3" t="62" w="123" /><ent r="3" t="62" w="141" /><ent r="3" t="65" w="213" /><ent r="4" t="65" w="235" /><ent r="4" t="65" w="243" /><ent r="4" t="65" w="255" /><ent r="4" t="65" w="277" /><ent r="4" t="65" w="285" /><ent r="3" t="67" w="219" /><ent r="4" t="67" w="242" /><ent r="4" t="67" w="250" /><ent r="3" t="86" w="163" /><ent r="3" t="87" w="148" /><ent r="3" t="87" w="155" /><ent r="3" t="89" w="41" /><ent r="3" t="89" w="48" /><ent r="3" t="89" w="54" /><ent r="6" t="90" w="428" /><ent r="6" t="90" w="439" /><ent r="7" t="90" w="692" /><ent r="7" t="90" w="703" /><ent r="3" t="95" w="22" /><ent r="3" t="95" w="33" /><ent r="3" t="95" w="46" /><ent r="4" t="95" w="152" /><ent r="3" t="95" w="172" /><ent r="3" t="95" w="270" /><ent r="3" t="96" w="19" /><ent r="4" t="96" w="134" /><ent r="3" t="96" w="162" /><ent r="3" t="96" w="166" /><ent r="3" t="96" w="173" /><ent r="3" t="96" w="194" /><ent r="3" t="96" w="264" /><ent r="3" t="96" w="306" /><ent r="3" t="106" w="107" /><ent r="3" t="106" w="190" /><ent r="3" t="106" w="200" /><ent r="3" t="106" w="216" /><ent r="3" t="108" w="431" /><ent r="4" t="108" w="442" /><ent r="3" t="125" w="345" /><ent r="3" t="125" w="351" /><ent r="3" t="125" w="541" /><ent r="3" t="125" w="606" /><ent r="3" t="128" w="95" /><ent r="3" t="137" w="162" /><ent r="3" t="137" w="166" /><ent r="4" t="147" w="160" /><ent r="4" t="147" w="165" /><ent r="4" t="147" w="194" /><ent r="3" t="148" w="175" /><ent r="3" t="148" w="203" /><ent r="3" t="148" w="210" /><ent r="3" t="148" w="213" /><ent r="3" t="149" w="76" /><ent r="3" t="150" w="190" /><ent r="4" t="151" w="180" /><ent r="4" t="151" w="196" /><ent r="4" t="153" w="146" /><ent r="3" t="153" w="1157" /><ent r="3" t="154" w="214" /><ent r="3" t="154" w="241" /><ent r="3" t="154" w="248" /><ent r="3" t="154" w="251" /><ent r="3" t="155" w="188" /><ent r="3" t="155" w="217" /><ent r="3" t="155" w="224" /><ent r="3" t="155" w="227" /><ent r="4" t="156" w="247" /><ent r="3" t="158" w="217" /><ent r="3" t="158" w="755" /><ent r="3" t="159" w="32" /><ent r="3" t="159" w="38" /><ent r="4" t="159" w="122" /><ent r="3" t="159" w="144" /><ent r="3" t="159" w="155" /><ent r="3" t="160" w="192" /><ent r="3" t="160" w="212" /><ent r="3" t="161" w="28" /><ent r="3" t="161" w="195" /><ent r="3" t="161" w="198" /><ent r="3" t="161" w="220" /><ent r="3" t="161" w="227" /><ent r="3" t="164" w="30" /><ent r="3" t="164" w="134" /><ent r="3" t="164" w="137" /><ent r="3" t="164" w="161" /><ent r="3" t="164" w="168" /><ent r="3" t="165" w="309" /><ent r="3" t="165" w="354" /><ent r="3" t="174" w="48" /><ent r="4" t="175" w="203" /><ent r="4" t="175" w="235" /><ent r="3" t="179" w="1627" /><ent r="4" t="179" w="2062" /><ent r="4" t="180" w="2914" /><ent r="3" t="181" w="129" /><ent r="4" t="181" w="949" /><ent r="4" t="181" w="960" /><ent r="4" t="181" w="1518" /><ent r="3" t="181" w="1557" /><ent r="3" t="181" w="1566" /><ent r="3" t="181" w="1576" /><ent r="3" t="183" w="50" /><ent r="4" t="183" w="77" /><ent r="4" t="183" w="844" /><ent r="4" t="183" w="864" /><ent r="4" t="183" w="868" /><ent r="3" t="183" w="1011" /><ent r="3" t="183" w="1032" /><ent r="3" t="183" w="1052" /><ent r="4" t="184" w="681" /><ent r="4" t="184" w="689" /><ent r="3" t="184" w="728" /><ent r="3" t="186" w="655" /><ent r="4" t="186" w="784" /><ent r="7" t="187" w="1170" /><ent r="100" t="189" w="4" /><ent r="100" t="189" w="8" /><ent r="3" t="189" w="21" /><ent r="3" t="189" w="38" /><ent r="4" t="189" w="42" /><ent r="4" t="189" w="62" /><ent r="4" t="189" w="73" /><ent r="3" t="189" w="83" /><ent r="4" t="189" w="96" /><ent r="4" t="189" w="101" /><ent r="4" t="189" w="112" /><ent r="4" t="189" w="120" /><ent r="4" t="189" w="129" /><ent r="3" t="208" w="181" /><ent r="6" t="230" w="176" /><ent r="6" t="230" w="347" /><ent r="6" t="230" w="561" /></phr><phr n="colored"><ent r="3" t="47" w="131" /><ent r="3" t="106" w="87" /><ent r="4" t="187" w="833" /></phr><phr n="colors"><ent r="3" t="47" w="214" /><ent r="4" t="96" w="130" /><ent r="4" t="96" w="141" /><ent r="3" t="96" w="185" /><ent r="3" t="96" w="199" /><ent r="3" t="96" w="214" /><ent r="4" t="96" w="228" /><ent r="3" t="96" w="248" /><ent r="4" t="108" w="452" /><ent r="3" t="158" w="264" /><ent r="3" t="183" w="1126" /><ent r="4" t="189" w="69" /><ent r="4" t="189" w="133" /><ent r="6" t="230" w="187" /><ent r="6" t="230" w="356" /><ent r="6" t="230" w="567" /></phr><phr n="Colors"><ent r="5" t="96" w="121" /><ent r="5" t="189" w="141" /></phr></stem><stem n="automat"><phr n="automatically"><ent r="7" t="8" w="231" /><ent r="4" t="10" w="38" /><ent r="4" t="20" w="111" /><ent r="4" t="20" w="123" /><ent r="4" t="55" w="97" /><ent r="4" t="58" w="221" /><ent r="4" t="58" w="251" /><ent r="3" t="69" w="68" /><ent r="3" t="69" w="82" /><ent r="3" t="74" w="268" /><ent r="3" t="76" w="110" /><ent r="3" t="80" w="53" /><ent r="3" t="81" w="150" /><ent r="3" t="81" w="525" /><ent r="4" t="81" w="663" /><ent r="3" t="86" w="139" /><ent r="3" t="125" w="262" /><ent r="3" t="125" w="672" /><ent r="3" t="126" w="109" /><ent r="3" t="126" w="200" /><ent r="3" t="131" w="27" /><ent r="3" t="137" w="89" /><ent r="4" t="143" w="298" /><ent r="4" t="167" w="879" /><ent r="4" t="173" w="143" /><ent r="3" t="173" w="171" /><ent r="3" t="176" w="138" /><ent r="4" t="176" w="344" /><ent r="3" t="179" w="842" /><ent r="3" t="179" w="1741" /><ent r="3" t="180" w="217" /><ent r="3" t="180" w="688" /><ent r="3" t="180" w="930" /><ent r="4" t="180" w="1228" /><ent r="4" t="181" w="759" /><ent r="4" t="181" w="953" /><ent r="4" t="182" w="921" /><ent r="3" t="182" w="947" /><ent r="3" t="182" w="1406" /><ent r="3" t="182" w="1428" /><ent r="4" t="187" w="1792" /><ent r="5" t="190" w="228" /><ent r="5" t="190" w="243" /><ent r="4" t="195" w="527" /><ent r="7" t="199" w="481" /><ent r="3" t="228" w="183" /></phr><phr n="Automatic"><ent r="5" t="48" w="201" /><ent r="4" t="163" w="259" /><ent r="4" t="180" w="2466" /></phr><phr n="Automatically"><ent r="4" t="81" w="511" /><ent r="5" t="145" w="89" /><ent r="92" t="180" w="676" /><ent r="5" t="180" w="754" /></phr></stem><stem n="contrast"><phr n="contrasting"><ent r="7" t="8" w="234" /><ent r="4" t="181" w="959" /></phr><phr n="contrast"><ent r="100" t="12" w="5" /><ent r="7" t="12" w="39" /><ent r="7" t="12" w="66" /><ent r="6" t="12" w="91" /><ent r="3" t="87" w="138" /><ent r="3" t="87" w="211" /><ent r="3" t="89" w="31" /><ent r="5" t="89" w="205" /><ent r="5" t="89" w="236" /><ent r="5" t="89" w="263" /><ent r="5" t="90" w="186" /><ent r="6" t="90" w="511" /><ent r="4" t="91" w="125" /><ent r="4" t="95" w="156" /><ent r="5" t="153" w="618" /><ent r="5" t="153" w="651" /><ent r="5" t="153" w="689" /><ent r="5" t="153" w="1053" /><ent r="5" t="153" w="1086" /><ent r="5" t="153" w="1124" /><ent r="3" t="165" w="31" /><ent r="5" t="165" w="651" /><ent r="5" t="165" w="681" /><ent r="5" t="165" w="722" /><ent r="100" t="179" w="71" /><ent r="4" t="179" w="74" /><ent r="3" t="179" w="194" /><ent r="3" t="179" w="209" /><ent r="3" t="179" w="1427" /><ent r="3" t="179" w="1441" /><ent r="3" t="179" w="1449" /><ent r="3" t="179" w="1789" /><ent r="4" t="179" w="1866" /><ent r="4" t="179" w="1886" /><ent r="4" t="179" w="1969" /><ent r="4" t="179" w="1973" /></phr><phr n="Contrast"><ent r="5" t="153" w="240" /><ent r="4" t="179" w="200" /><ent r="92" t="179" w="1763" /><ent r="4" t="179" w="1836" /><ent r="5" t="179" w="2030" /></phr></stem><stem n=":geo"><phr n=":Geo"><ent r="100" t="9" w="8" /></phr></stem><stem n="georefer"><phr n="Georeference"><ent r="67" t="9" w="29" /><ent r="65" t="42" w="36" /><ent r="64" t="73" w="117" /><ent r="1000" t="110" w="1" /><ent r="102" t="110" w="5" /><ent r="3" t="110" w="258" /><ent r="5" t="110" w="306" /><ent r="3" t="110" w="310" /><ent r="3" t="110" w="318" /><ent r="4" t="110" w="338" /><ent r="7" t="125" w="389" /><ent r="4" t="171" w="173" /><ent r="64" t="178" w="325" /><ent r="1000" t="180" w="2" /><ent r="102" t="180" w="21" /><ent r="4" t="180" w="100" /><ent r="92" t="180" w="830" /><ent r="84" t="180" w="843" /><ent r="5" t="180" w="877" /><ent r="4" t="180" w="886" /><ent r="3" t="180" w="895" /><ent r="4" t="180" w="902" /><ent r="3" t="180" w="989" /><ent r="4" t="180" w="1050" /><ent r="83" t="180" w="1205" /><ent r="4" t="180" w="1729" /><ent r="5" t="180" w="1750" /><ent r="4" t="180" w="1760" /><ent r="4" t="180" w="1808" /><ent r="4" t="180" w="1819" /><ent r="5" t="180" w="1825" /><ent r="5" t="180" w="2269" /><ent r="3" t="180" w="2278" /><ent r="5" t="182" w="402" /><ent r="4" t="182" w="406" /><ent r="5" t="183" w="705" /><ent r="4" t="183" w="710" /><ent r="3" t="183" w="724" /><ent r="4" t="184" w="56" /><ent r="4" t="184" w="747" /><ent r="4" t="184" w="751" /><ent r="3" t="192" w="85" /></phr><phr n="georeference"><ent r="64" t="21" w="219" /><ent r="100" t="110" w="3" /><ent r="3" t="110" w="8" /><ent r="3" t="110" w="120" /><ent r="3" t="110" w="172" /><ent r="3" t="110" w="191" /><ent r="4" t="145" w="84" /><ent r="5" t="145" w="90" /><ent r="4" t="173" w="118" /><ent r="100" t="180" w="11" /><ent r="4" t="180" w="132" /><ent r="92" t="180" w="677" /><ent r="5" t="180" w="755" /><ent r="3" t="180" w="839" /><ent r="3" t="180" w="956" /><ent r="4" t="184" w="769" /><ent r="3" t="192" w="19" /><ent r="3" t="238" w="17" /><ent r="3" t="238" w="76" /><ent r="3" t="238" w="81" /><ent r="3" t="238" w="320" /></phr><phr n="georeferences"><ent r="3" t="180" w="689" /></phr></stem></index>