﻿<?xml version="1.0" encoding="utf-8"?><index><stem n="drop-down"><phr n="drop-down"><ent r="100" t="1" w="136" /><ent r="3" t="1" w="145" /><ent r="3" t="1" w="223" /><ent r="4" t="1" w="281" /><ent r="3" t="4" w="20" /><ent r="4" t="4" w="136" /><ent r="7" t="7" w="98" /><ent r="7" t="8" w="157" /><ent r="7" t="9" w="25" /><ent r="7" t="11" w="102" /><ent r="7" t="12" w="52" /><ent r="6" t="12" w="74" /><ent r="7" t="13" w="152" /><ent r="7" t="13" w="178" /><ent r="6" t="14" w="200" /><ent r="6" t="14" w="226" /><ent r="4" t="18" w="148" /><ent r="4" t="23" w="58" /><ent r="4" t="26" w="143" /><ent r="3" t="26" w="317" /><ent r="5" t="26" w="470" /><ent r="5" t="26" w="511" /><ent r="4" t="32" w="154" /><ent r="4" t="44" w="237" /><ent r="4" t="44" w="312" /><ent r="4" t="49" w="221" /><ent r="5" t="49" w="400" /><ent r="3" t="59" w="51" /><ent r="4" t="60" w="137" /><ent r="4" t="61" w="40" /><ent r="4" t="61" w="56" /><ent r="3" t="62" w="97" /><ent r="3" t="62" w="117" /><ent r="3" t="62" w="127" /><ent r="100" t="64" w="7" /><ent r="100" t="64" w="11" /><ent r="3" t="64" w="59" /><ent r="4" t="65" w="50" /><ent r="4" t="66" w="113" /><ent r="4" t="67" w="188" /><ent r="4" t="67" w="206" /><ent r="3" t="74" w="293" /><ent r="4" t="94" w="113" /><ent r="4" t="95" w="97" /><ent r="4" t="95" w="222" /><ent r="4" t="96" w="99" /><ent r="3" t="99" w="101" /><ent r="3" t="104" w="163" /><ent r="4" t="108" w="464" /><ent r="4" t="110" w="301" /><ent r="4" t="110" w="479" /><ent r="100" t="115" w="19" /><ent r="100" t="115" w="130" /><ent r="3" t="115" w="148" /><ent r="3" t="121" w="97" /><ent r="4" t="122" w="214" /><ent r="4" t="123" w="46" /><ent r="4" t="123" w="58" /><ent r="4" t="123" w="64" /><ent r="3" t="123" w="89" /><ent r="3" t="123" w="113" /><ent r="3" t="123" w="157" /><ent r="3" t="123" w="176" /><ent r="3" t="123" w="186" /><ent r="3" t="123" w="199" /><ent r="3" t="123" w="207" /><ent r="3" t="123" w="216" /><ent r="3" t="123" w="222" /><ent r="4" t="123" w="276" /><ent r="4" t="123" w="289" /><ent r="4" t="123" w="329" /><ent r="3" t="123" w="342" /><ent r="4" t="123" w="429" /><ent r="3" t="123" w="460" /><ent r="4" t="123" w="554" /><ent r="4" t="123" w="567" /><ent r="3" t="129" w="345" /><ent r="3" t="129" w="411" /><ent r="4" t="129" w="447" /><ent r="4" t="136" w="67" /><ent r="3" t="144" w="374" /><ent r="3" t="144" w="410" /><ent r="4" t="148" w="127" /><ent r="3" t="148" w="144" /><ent r="4" t="149" w="141" /><ent r="3" t="149" w="180" /><ent r="4" t="150" w="139" /><ent r="4" t="152" w="136" /><ent r="4" t="153" w="337" /><ent r="4" t="153" w="563" /><ent r="4" t="153" w="772" /><ent r="4" t="153" w="998" /><ent r="3" t="154" w="166" /><ent r="3" t="154" w="183" /><ent r="3" t="155" w="157" /><ent r="4" t="156" w="240" /><ent r="4" t="156" w="259" /><ent r="4" t="156" w="374" /><ent r="4" t="156" w="493" /><ent r="4" t="156" w="549" /><ent r="4" t="156" w="561" /><ent r="4" t="156" w="606" /><ent r="4" t="156" w="651" /><ent r="3" t="156" w="731" /><ent r="3" t="156" w="761" /><ent r="4" t="157" w="350" /><ent r="4" t="157" w="466" /><ent r="4" t="157" w="522" /><ent r="4" t="157" w="534" /><ent r="4" t="157" w="579" /><ent r="4" t="157" w="624" /><ent r="3" t="157" w="704" /><ent r="3" t="157" w="734" /><ent r="4" t="158" w="347" /><ent r="4" t="158" w="463" /><ent r="4" t="158" w="519" /><ent r="4" t="158" w="531" /><ent r="4" t="158" w="576" /><ent r="4" t="158" w="621" /><ent r="3" t="158" w="701" /><ent r="3" t="158" w="731" /><ent r="3" t="161" w="206" /><ent r="4" t="163" w="166" /><ent r="3" t="163" w="194" /><ent r="3" t="163" w="209" /><ent r="3" t="164" w="148" /><ent r="4" t="165" w="415" /><ent r="4" t="165" w="602" /><ent r="4" t="167" w="392" /><ent r="4" t="167" w="566" /><ent r="4" t="167" w="603" /><ent r="4" t="179" w="571" /><ent r="4" t="179" w="1924" /><ent r="4" t="179" w="1986" /><ent r="6" t="180" w="881" /><ent r="3" t="180" w="912" /><ent r="3" t="180" w="1008" /><ent r="4" t="180" w="1754" /><ent r="3" t="180" w="2290" /><ent r="4" t="180" w="2769" /><ent r="3" t="181" w="1147" /><ent r="3" t="181" w="1158" /><ent r="4" t="181" w="1255" /><ent r="3" t="184" w="1089" /><ent r="3" t="184" w="1212" /><ent r="4" t="186" w="631" /><ent r="4" t="186" w="1070" /><ent r="3" t="187" w="321" /><ent r="7" t="187" w="1153" /><ent r="4" t="188" w="521" /><ent r="4" t="189" w="50" /><ent r="3" t="190" w="21" /><ent r="3" t="195" w="302" /><ent r="3" t="195" w="309" /><ent r="3" t="198" w="185" /><ent r="4" t="198" w="320" /><ent r="6" t="200" w="99" /><ent r="3" t="208" w="146" /><ent r="3" t="209" w="120" /><ent r="3" t="209" w="127" /><ent r="3" t="212" w="90" /><ent r="4" t="213" w="212" /><ent r="4" t="213" w="327" /><ent r="4" t="213" w="475" /><ent r="4" t="213" w="594" /><ent r="4" t="213" w="649" /><ent r="4" t="213" w="661" /><ent r="4" t="213" w="706" /><ent r="4" t="213" w="751" /><ent r="3" t="213" w="836" /><ent r="3" t="213" w="866" /><ent r="3" t="215" w="248" /><ent r="3" t="216" w="179" /><ent r="3" t="217" w="138" /><ent r="3" t="218" w="177" /><ent r="4" t="219" w="241" /><ent r="4" t="219" w="293" /><ent r="3" t="227" w="194" /><ent r="6" t="230" w="220" /><ent r="6" t="230" w="429" /><ent r="4" t="232" w="135" /><ent r="4" t="232" w="211" /><ent r="3" t="234" w="20" /><ent r="3" t="235" w="20" /></phr><phr n="Drop-Down"><ent r="92" t="1" w="140" /><ent r="68" t="11" w="107" /><ent r="1000" t="64" w="2" /><ent r="102" t="64" w="17" /><ent r="3" t="64" w="23" /><ent r="92" t="115" w="136" /></phr><phr n="Drop-down"><ent r="3" t="1" w="197" /><ent r="3" t="123" w="253" /><ent r="3" t="123" w="311" /><ent r="3" t="123" w="394" /><ent r="3" t="123" w="443" /></phr></stem><stem n="down"><phr n="down"><ent r="100" t="1" w="137" /><ent r="3" t="1" w="146" /><ent r="3" t="1" w="198" /><ent r="3" t="1" w="224" /><ent r="4" t="1" w="282" /><ent r="6" t="3" w="85" /><ent r="3" t="4" w="21" /><ent r="4" t="4" w="137" /><ent r="7" t="5" w="190" /><ent r="7" t="5" w="239" /><ent r="7" t="7" w="99" /><ent r="7" t="8" w="158" /><ent r="7" t="9" w="26" /><ent r="7" t="11" w="103" /><ent r="7" t="12" w="53" /><ent r="6" t="12" w="75" /><ent r="7" t="13" w="153" /><ent r="7" t="13" w="179" /><ent r="6" t="14" w="182" /><ent r="6" t="14" w="201" /><ent r="6" t="14" w="227" /><ent r="3" t="18" w="117" /><ent r="4" t="18" w="149" /><ent r="3" t="18" w="217" /><ent r="4" t="23" w="59" /><ent r="4" t="26" w="144" /><ent r="3" t="26" w="318" /><ent r="5" t="26" w="471" /><ent r="5" t="26" w="512" /><ent r="4" t="32" w="155" /><ent r="4" t="44" w="238" /><ent r="4" t="44" w="313" /><ent r="4" t="49" w="222" /><ent r="5" t="49" w="401" /><ent r="3" t="49" w="540" /><ent r="3" t="59" w="52" /><ent r="4" t="60" w="59" /><ent r="4" t="60" w="138" /><ent r="4" t="61" w="41" /><ent r="4" t="61" w="57" /><ent r="3" t="62" w="98" /><ent r="3" t="62" w="118" /><ent r="3" t="62" w="128" /><ent r="100" t="64" w="8" /><ent r="100" t="64" w="12" /><ent r="3" t="64" w="60" /><ent r="3" t="64" w="94" /><ent r="4" t="65" w="51" /><ent r="4" t="65" w="124" /><ent r="4" t="65" w="162" /><ent r="4" t="66" w="114" /><ent r="4" t="67" w="146" /><ent r="4" t="67" w="189" /><ent r="4" t="67" w="207" /><ent r="3" t="74" w="294" /><ent r="4" t="94" w="114" /><ent r="4" t="95" w="98" /><ent r="4" t="95" w="223" /><ent r="4" t="96" w="100" /><ent r="3" t="99" w="102" /><ent r="3" t="104" w="164" /><ent r="4" t="108" w="465" /><ent r="4" t="110" w="302" /><ent r="4" t="110" w="480" /><ent r="100" t="115" w="20" /><ent r="100" t="115" w="131" /><ent r="3" t="115" w="149" /><ent r="3" t="121" w="98" /><ent r="4" t="122" w="215" /><ent r="4" t="123" w="47" /><ent r="4" t="123" w="59" /><ent r="4" t="123" w="65" /><ent r="3" t="123" w="90" /><ent r="3" t="123" w="114" /><ent r="3" t="123" w="158" /><ent r="3" t="123" w="177" /><ent r="3" t="123" w="187" /><ent r="3" t="123" w="200" /><ent r="3" t="123" w="208" /><ent r="3" t="123" w="217" /><ent r="3" t="123" w="223" /><ent r="3" t="123" w="254" /><ent r="4" t="123" w="277" /><ent r="4" t="123" w="290" /><ent r="3" t="123" w="312" /><ent r="4" t="123" w="330" /><ent r="3" t="123" w="343" /><ent r="3" t="123" w="395" /><ent r="4" t="123" w="430" /><ent r="3" t="123" w="444" /><ent r="3" t="123" w="461" /><ent r="4" t="123" w="555" /><ent r="4" t="123" w="568" /><ent r="3" t="125" w="192" /><ent r="3" t="125" w="573" /><ent r="3" t="125" w="600" /><ent r="4" t="126" w="312" /><ent r="3" t="129" w="346" /><ent r="3" t="129" w="412" /><ent r="4" t="129" w="448" /><ent r="4" t="136" w="68" /><ent r="3" t="141" w="39" /><ent r="4" t="142" w="449" /><ent r="3" t="144" w="375" /><ent r="3" t="144" w="411" /><ent r="3" t="145" w="218" /><ent r="4" t="148" w="128" /><ent r="3" t="148" w="145" /><ent r="4" t="149" w="142" /><ent r="3" t="149" w="181" /><ent r="4" t="150" w="140" /><ent r="4" t="152" w="137" /><ent r="4" t="153" w="338" /><ent r="4" t="153" w="564" /><ent r="4" t="153" w="773" /><ent r="4" t="153" w="999" /><ent r="3" t="154" w="167" /><ent r="3" t="154" w="184" /><ent r="3" t="155" w="158" /><ent r="4" t="156" w="241" /><ent r="4" t="156" w="260" /><ent r="4" t="156" w="375" /><ent r="4" t="156" w="494" /><ent r="4" t="156" w="550" /><ent r="4" t="156" w="562" /><ent r="4" t="156" w="607" /><ent r="4" t="156" w="652" /><ent r="3" t="156" w="732" /><ent r="3" t="156" w="762" /><ent r="4" t="157" w="351" /><ent r="4" t="157" w="467" /><ent r="4" t="157" w="523" /><ent r="4" t="157" w="535" /><ent r="4" t="157" w="580" /><ent r="4" t="157" w="625" /><ent r="3" t="157" w="705" /><ent r="3" t="157" w="735" /><ent r="4" t="158" w="348" /><ent r="4" t="158" w="464" /><ent r="4" t="158" w="520" /><ent r="4" t="158" w="532" /><ent r="4" t="158" w="577" /><ent r="4" t="158" w="622" /><ent r="3" t="158" w="702" /><ent r="3" t="158" w="732" /><ent r="3" t="161" w="207" /><ent r="4" t="163" w="167" /><ent r="3" t="163" w="195" /><ent r="3" t="163" w="210" /><ent r="3" t="164" w="149" /><ent r="4" t="165" w="416" /><ent r="4" t="165" w="603" /><ent r="4" t="167" w="393" /><ent r="4" t="167" w="567" /><ent r="4" t="167" w="604" /><ent r="4" t="167" w="1099" /><ent r="4" t="168" w="259" /><ent r="4" t="168" w="306" /><ent r="6" t="169" w="529" /><ent r="4" t="179" w="348" /><ent r="4" t="179" w="572" /><ent r="3" t="179" w="978" /><ent r="4" t="179" w="1034" /><ent r="3" t="179" w="1634" /><ent r="4" t="179" w="1697" /><ent r="4" t="179" w="1925" /><ent r="4" t="179" w="1987" /><ent r="4" t="179" w="2021" /><ent r="4" t="179" w="2173" /><ent r="4" t="180" w="499" /><ent r="6" t="180" w="882" /><ent r="3" t="180" w="913" /><ent r="3" t="180" w="1009" /><ent r="4" t="180" w="1282" /><ent r="3" t="180" w="1531" /><ent r="4" t="180" w="1755" /><ent r="3" t="180" w="2291" /><ent r="4" t="180" w="2770" /><ent r="4" t="181" w="210" /><ent r="4" t="181" w="1048" /><ent r="3" t="181" w="1148" /><ent r="3" t="181" w="1159" /><ent r="4" t="181" w="1256" /><ent r="4" t="182" w="173" /><ent r="4" t="183" w="448" /><ent r="4" t="184" w="450" /><ent r="3" t="184" w="1090" /><ent r="3" t="184" w="1213" /><ent r="4" t="186" w="324" /><ent r="4" t="186" w="632" /><ent r="4" t="186" w="757" /><ent r="4" t="186" w="1071" /><ent r="3" t="187" w="322" /><ent r="3" t="187" w="924" /><ent r="3" t="187" w="932" /><ent r="7" t="187" w="1154" /><ent r="4" t="188" w="235" /><ent r="4" t="188" w="522" /><ent r="3" t="188" w="812" /><ent r="3" t="188" w="821" /><ent r="3" t="188" w="1014" /><ent r="4" t="189" w="51" /><ent r="3" t="190" w="22" /><ent r="3" t="195" w="303" /><ent r="3" t="195" w="310" /><ent r="3" t="198" w="186" /><ent r="4" t="198" w="270" /><ent r="4" t="198" w="321" /><ent r="6" t="200" w="100" /><ent r="3" t="208" w="147" /><ent r="3" t="209" w="121" /><ent r="3" t="209" w="128" /><ent r="3" t="212" w="91" /><ent r="4" t="213" w="213" /><ent r="4" t="213" w="328" /><ent r="4" t="213" w="476" /><ent r="4" t="213" w="595" /><ent r="4" t="213" w="650" /><ent r="4" t="213" w="662" /><ent r="4" t="213" w="707" /><ent r="4" t="213" w="752" /><ent r="3" t="213" w="837" /><ent r="3" t="213" w="867" /><ent r="3" t="215" w="249" /><ent r="3" t="216" w="180" /><ent r="3" t="217" w="139" /><ent r="3" t="218" w="178" /><ent r="4" t="219" w="242" /><ent r="4" t="219" w="294" /><ent r="3" t="220" w="155" /><ent r="3" t="222" w="160" /><ent r="5" t="226" w="84" /><ent r="3" t="227" w="151" /><ent r="3" t="227" w="195" /><ent r="3" t="228" w="173" /><ent r="6" t="230" w="221" /><ent r="6" t="230" w="430" /><ent r="4" t="232" w="136" /><ent r="4" t="232" w="212" /><ent r="3" t="234" w="21" /><ent r="3" t="235" w="21" /></phr><phr n="Down"><ent r="92" t="1" w="141" /><ent r="68" t="11" w="108" /><ent r="7" t="14" w="179" /><ent r="1000" t="64" w="3" /><ent r="102" t="64" w="18" /><ent r="3" t="64" w="24" /><ent r="3" t="64" w="147" /><ent r="3" t="83" w="77" /><ent r="92" t="115" w="137" /><ent r="4" t="187" w="1237" /></phr></stem><stem n="menu"><phr n="menus"><ent r="100" t="1" w="138" /><ent r="3" t="1" w="147" /><ent r="3" t="1" w="159" /><ent r="3" t="1" w="168" /><ent r="3" t="1" w="199" /><ent r="3" t="1" w="225" /><ent r="3" t="4" w="22" /><ent r="100" t="64" w="13" /><ent r="100" t="115" w="21" /><ent r="100" t="115" w="132" /><ent r="3" t="115" w="150" /><ent r="3" t="121" w="99" /><ent r="3" t="123" w="91" /><ent r="3" t="187" w="1515" /><ent r="3" t="187" w="1534" /></phr><phr n="Menus"><ent r="92" t="1" w="142" /><ent r="92" t="115" w="138" /></phr><phr n="Menu"><ent r="3" t="1" w="179" /><ent r="6" t="7" w="14" /><ent r="7" t="11" w="90" /><ent r="68" t="11" w="109" /><ent r="7" t="12" w="18" /><ent r="3" t="53" w="43" /><ent r="4" t="53" w="48" /><ent r="4" t="54" w="45" /><ent r="4" t="55" w="59" /><ent r="4" t="62" w="63" /><ent r="1000" t="64" w="4" /><ent r="102" t="64" w="19" /><ent r="3" t="64" w="25" /><ent r="3" t="81" w="347" /><ent r="4" t="85" w="91" /><ent r="4" t="85" w="120" /><ent r="4" t="85" w="175" /><ent r="4" t="85" w="204" /><ent r="4" t="85" w="277" /><ent r="6" t="90" w="122" /><ent r="3" t="111" w="132" /><ent r="64" t="115" w="496" /><ent r="4" t="117" w="104" /><ent r="65" t="117" w="131" /><ent r="64" t="119" w="138" /><ent r="1000" t="123" w="2" /><ent r="102" t="123" w="14" /><ent r="3" t="123" w="18" /><ent r="5" t="123" w="242" /><ent r="3" t="123" w="257" /><ent r="3" t="123" w="315" /><ent r="5" t="123" w="383" /><ent r="3" t="123" w="398" /><ent r="3" t="123" w="447" /><ent r="5" t="123" w="522" /><ent r="3" t="123" w="535" /><ent r="3" t="123" w="591" /><ent r="3" t="132" w="92" /><ent r="4" t="161" w="96" /><ent r="4" t="162" w="85" /><ent r="4" t="163" w="77" /><ent r="4" t="164" w="93" /><ent r="4" t="165" w="109" /><ent r="92" t="187" w="1388" /><ent r="3" t="187" w="1404" /><ent r="3" t="187" w="1425" /><ent r="3" t="187" w="1578" /><ent r="3" t="187" w="1603" /><ent r="3" t="187" w="1625" /><ent r="3" t="187" w="1646" /><ent r="3" t="187" w="1666" /><ent r="1000" t="239" w="4" /><ent r="102" t="239" w="31" /><ent r="3" t="239" w="42" /><ent r="6" t="239" w="51" /><ent r="1000" t="240" w="4" /><ent r="102" t="240" w="34" /><ent r="3" t="240" w="45" /><ent r="6" t="240" w="54" /><ent r="1000" t="241" w="4" /><ent r="100" t="241" w="26" /><ent r="102" t="241" w="31" /><ent r="3" t="241" w="42" /><ent r="6" t="241" w="51" /><ent r="1000" t="242" w="4" /><ent r="100" t="242" w="9" /><ent r="102" t="242" w="19" /><ent r="3" t="242" w="30" /><ent r="6" t="242" w="39" /></phr><phr n="menu"><ent r="4" t="1" w="283" /><ent r="4" t="2" w="74" /><ent r="5" t="3" w="135" /><ent r="4" t="4" w="138" /><ent r="7" t="9" w="27" /><ent r="7" t="11" w="104" /><ent r="7" t="12" w="54" /><ent r="6" t="12" w="76" /><ent r="3" t="14" w="46" /><ent r="4" t="18" w="41" /><ent r="3" t="18" w="201" /><ent r="4" t="21" w="242" /><ent r="4" t="23" w="34" /><ent r="4" t="26" w="124" /><ent r="4" t="30" w="36" /><ent r="4" t="32" w="108" /><ent r="3" t="35" w="34" /><ent r="4" t="36" w="44" /><ent r="4" t="36" w="57" /><ent r="3" t="39" w="13" /><ent r="3" t="39" w="39" /><ent r="3" t="39" w="52" /><ent r="3" t="40" w="13" /><ent r="3" t="40" w="51" /><ent r="3" t="40" w="64" /><ent r="3" t="40" w="81" /><ent r="4" t="40" w="104" /><ent r="4" t="40" w="129" /><ent r="4" t="40" w="161" /><ent r="4" t="44" w="358" /><ent r="3" t="46" w="79" /><ent r="4" t="47" w="46" /><ent r="4" t="48" w="89" /><ent r="4" t="49" w="135" /><ent r="4" t="51" w="55" /><ent r="4" t="51" w="93" /><ent r="4" t="52" w="53" /><ent r="4" t="55" w="70" /><ent r="3" t="57" w="98" /><ent r="4" t="58" w="184" /><ent r="100" t="64" w="9" /><ent r="3" t="64" w="61" /><ent r="3" t="74" w="62" /><ent r="4" t="77" w="51" /><ent r="3" t="77" w="286" /><ent r="4" t="78" w="84" /><ent r="4" t="79" w="55" /><ent r="4" t="80" w="96" /><ent r="4" t="80" w="172" /><ent r="3" t="81" w="165" /><ent r="3" t="81" w="364" /><ent r="3" t="83" w="122" /><ent r="3" t="85" w="253" /><ent r="4" t="86" w="74" /><ent r="3" t="86" w="98" /><ent r="4" t="86" w="108" /><ent r="3" t="87" w="66" /><ent r="4" t="88" w="54" /><ent r="4" t="89" w="126" /><ent r="3" t="89" w="156" /><ent r="4" t="89" w="166" /><ent r="3" t="90" w="56" /><ent r="3" t="90" w="98" /><ent r="3" t="90" w="107" /><ent r="6" t="90" w="520" /><ent r="3" t="91" w="42" /><ent r="4" t="91" w="167" /><ent r="4" t="91" w="208" /><ent r="3" t="91" w="235" /><ent r="4" t="91" w="315" /><ent r="4" t="92" w="80" /><ent r="3" t="92" w="106" /><ent r="4" t="93" w="76" /><ent r="3" t="93" w="124" /><ent r="4" t="94" w="64" /><ent r="3" t="94" w="100" /><ent r="5" t="95" w="71" /><ent r="3" t="95" w="87" /><ent r="4" t="95" w="99" /><ent r="5" t="95" w="195" /><ent r="3" t="95" w="212" /><ent r="4" t="95" w="224" /><ent r="5" t="96" w="72" /><ent r="3" t="96" w="89" /><ent r="4" t="96" w="101" /><ent r="4" t="97" w="63" /><ent r="4" t="98" w="38" /><ent r="4" t="99" w="173" /><ent r="4" t="100" w="95" /><ent r="3" t="100" w="130" /><ent r="4" t="101" w="98" /><ent r="3" t="101" w="133" /><ent r="3" t="102" w="166" /><ent r="3" t="102" w="258" /><ent r="3" t="103" w="100" /><ent r="3" t="104" w="130" /><ent r="4" t="106" w="136" /><ent r="4" t="107" w="78" /><ent r="4" t="108" w="91" /><ent r="4" t="109" w="92" /><ent r="4" t="110" w="303" /><ent r="3" t="111" w="37" /><ent r="3" t="111" w="94" /><ent r="4" t="111" w="110" /><ent r="3" t="115" w="98" /><ent r="3" t="115" w="178" /><ent r="3" t="115" w="192" /><ent r="3" t="115" w="206" /><ent r="3" t="115" w="220" /><ent r="3" t="115" w="480" /><ent r="4" t="117" w="31" /><ent r="4" t="117" w="121" /><ent r="3" t="117" w="250" /><ent r="4" t="118" w="45" /><ent r="4" t="118" w="70" /><ent r="4" t="119" w="58" /><ent r="4" t="119" w="81" /><ent r="3" t="119" w="133" /><ent r="3" t="119" w="148" /><ent r="3" t="119" w="163" /><ent r="3" t="119" w="179" /><ent r="4" t="120" w="31" /><ent r="3" t="121" w="58" /><ent r="100" t="123" w="5" /><ent r="100" t="123" w="10" /><ent r="4" t="123" w="48" /><ent r="4" t="123" w="52" /><ent r="4" t="123" w="60" /><ent r="4" t="123" w="66" /><ent r="4" t="123" w="79" /><ent r="3" t="123" w="115" /><ent r="3" t="123" w="159" /><ent r="3" t="123" w="163" /><ent r="3" t="123" w="178" /><ent r="3" t="123" w="188" /><ent r="3" t="123" w="201" /><ent r="3" t="123" w="209" /><ent r="3" t="123" w="218" /><ent r="3" t="123" w="224" /><ent r="3" t="123" w="255" /><ent r="3" t="123" w="306" /><ent r="3" t="123" w="313" /><ent r="3" t="123" w="318" /><ent r="4" t="123" w="331" /><ent r="3" t="123" w="344" /><ent r="3" t="123" w="364" /><ent r="3" t="123" w="396" /><ent r="4" t="123" w="431" /><ent r="3" t="123" w="438" /><ent r="3" t="123" w="445" /><ent r="3" t="123" w="450" /><ent r="3" t="123" w="462" /><ent r="3" t="123" w="584" /><ent r="3" t="123" w="594" /><ent r="3" t="131" w="45" /><ent r="4" t="131" w="103" /><ent r="4" t="133" w="43" /><ent r="4" t="134" w="78" /><ent r="4" t="135" w="48" /><ent r="4" t="136" w="45" /><ent r="4" t="137" w="48" /><ent r="4" t="144" w="48" /><ent r="4" t="145" w="48" /><ent r="4" t="147" w="87" /><ent r="4" t="148" w="87" /><ent r="4" t="149" w="101" /><ent r="4" t="150" w="96" /><ent r="4" t="151" w="89" /><ent r="4" t="152" w="87" /><ent r="4" t="153" w="83" /><ent r="4" t="154" w="84" /><ent r="4" t="155" w="94" /><ent r="4" t="159" w="81" /><ent r="4" t="162" w="111" /><ent r="4" t="176" w="112" /><ent r="4" t="176" w="123" /><ent r="4" t="179" w="349" /><ent r="4" t="179" w="529" /><ent r="4" t="179" w="618" /><ent r="4" t="179" w="691" /><ent r="3" t="179" w="799" /><ent r="3" t="179" w="967" /><ent r="3" t="179" w="1066" /><ent r="3" t="179" w="1070" /><ent r="4" t="179" w="1153" /><ent r="4" t="179" w="1484" /><ent r="4" t="179" w="1486" /><ent r="3" t="179" w="1507" /><ent r="4" t="179" w="1552" /><ent r="3" t="179" w="1601" /><ent r="4" t="179" w="1660" /><ent r="4" t="179" w="1715" /><ent r="4" t="179" w="1805" /><ent r="4" t="179" w="1926" /><ent r="4" t="179" w="1988" /><ent r="4" t="179" w="2078" /><ent r="4" t="179" w="2124" /><ent r="4" t="179" w="2291" /><ent r="4" t="179" w="2320" /><ent r="4" t="180" w="500" /><ent r="4" t="180" w="718" /><ent r="4" t="180" w="767" /><ent r="4" t="180" w="775" /><ent r="6" t="180" w="883" /><ent r="3" t="180" w="1010" /><ent r="4" t="180" w="1114" /><ent r="4" t="180" w="1245" /><ent r="4" t="180" w="1350" /><ent r="4" t="180" w="1968" /><ent r="4" t="180" w="2335" /><ent r="4" t="180" w="2664" /><ent r="4" t="181" w="211" /><ent r="4" t="181" w="391" /><ent r="4" t="181" w="804" /><ent r="4" t="181" w="1029" /><ent r="3" t="181" w="1149" /><ent r="3" t="181" w="1160" /><ent r="4" t="182" w="174" /><ent r="4" t="182" w="442" /><ent r="3" t="182" w="1414" /><ent r="4" t="183" w="449" /><ent r="4" t="183" w="629" /><ent r="6" t="183" w="792" /><ent r="4" t="184" w="451" /><ent r="4" t="184" w="631" /><ent r="3" t="184" w="1214" /><ent r="4" t="185" w="238" /><ent r="4" t="186" w="274" /><ent r="4" t="186" w="325" /><ent r="4" t="186" w="506" /><ent r="4" t="186" w="667" /><ent r="4" t="186" w="805" /><ent r="4" t="186" w="833" /><ent r="4" t="186" w="888" /><ent r="4" t="187" w="70" /><ent r="3" t="187" w="323" /><ent r="4" t="187" w="425" /><ent r="3" t="187" w="1444" /><ent r="4" t="187" w="1464" /><ent r="3" t="187" w="1496" /><ent r="3" t="187" w="1542" /><ent r="3" t="187" w="1569" /><ent r="3" t="187" w="1595" /><ent r="3" t="187" w="1636" /><ent r="4" t="187" w="1770" /><ent r="4" t="187" w="1844" /><ent r="4" t="187" w="1860" /><ent r="4" t="188" w="236" /><ent r="4" t="188" w="417" /><ent r="6" t="188" w="444" /><ent r="6" t="188" w="1271" /><ent r="3" t="188" w="1347" /><ent r="3" t="188" w="1426" /><ent r="4" t="200" w="64" /><ent r="4" t="200" w="72" /><ent r="3" t="208" w="162" /><ent r="4" t="213" w="121" /><ent r="4" t="227" w="89" /><ent r="4" t="228" w="77" /><ent r="4" t="229" w="88" /><ent r="4" t="237" w="38" /><ent r="100" t="239" w="19" /><ent r="100" t="239" w="26" /><ent r="3" t="239" w="35" /><ent r="100" t="240" w="22" /><ent r="100" t="240" w="29" /><ent r="3" t="240" w="38" /><ent r="100" t="241" w="19" /><ent r="3" t="241" w="35" /><ent r="100" t="242" w="12" /><ent r="3" t="242" w="23" /></phr></stem><stem n="command"><phr n="commands"><ent r="3" t="1" w="149" /><ent r="3" t="1" w="180" /><ent r="3" t="1" w="190" /><ent r="3" t="103" w="30" /><ent r="4" t="176" w="313" /></phr><phr n="command"><ent r="7" t="5" w="79" /><ent r="7" t="5" w="115" /><ent r="7" t="5" w="152" /><ent r="3" t="19" w="50" /><ent r="4" t="26" w="120" /><ent r="3" t="81" w="223" /><ent r="5" t="90" w="646" /><ent r="3" t="103" w="36" /><ent r="3" t="103" w="64" /><ent r="4" t="117" w="113" /><ent r="3" t="117" w="251" /><ent r="3" t="119" w="186" /><ent r="3" t="123" w="30" /><ent r="3" t="123" w="41" /><ent r="3" t="123" w="127" /><ent r="4" t="123" w="423" /><ent r="3" t="132" w="80" /><ent r="3" t="134" w="17" /><ent r="3" t="136" w="28" /><ent r="3" t="140" w="195" /><ent r="3" t="141" w="13" /><ent r="4" t="141" w="46" /><ent r="3" t="141" w="81" /><ent r="3" t="160" w="145" /><ent r="3" t="187" w="1488" /><ent r="3" t="187" w="1517" /><ent r="3" t="187" w="1536" /><ent r="3" t="187" w="1560" /><ent r="3" t="188" w="1450" /><ent r="4" t="188" w="1515" /></phr><phr n="Command"><ent r="92" t="19" w="41" /><ent r="92" t="188" w="1373" /></phr></stem><stem n="standard"><phr n="standard"><ent r="3" t="1" w="156" /><ent r="5" t="20" w="75" /><ent r="4" t="25" w="133" /><ent r="3" t="143" w="35" /><ent r="5" t="153" w="521" /><ent r="5" t="153" w="956" /><ent r="4" t="154" w="498" /><ent r="5" t="165" w="559" /><ent r="4" t="171" w="234" /><ent r="3" t="180" w="276" /><ent r="3" t="183" w="175" /><ent r="3" t="184" w="165" /><ent r="3" t="189" w="37" /><ent r="4" t="189" w="68" /><ent r="3" t="200" w="48" /><ent r="4" t="236" w="157" /></phr><phr n="Standard"><ent r="64" t="4" w="222" /><ent r="1000" t="5" w="1" /><ent r="100" t="5" w="4" /><ent r="100" t="5" w="8" /><ent r="102" t="5" w="10" /><ent r="64" t="18" w="54" /><ent r="4" t="22" w="100" /><ent r="4" t="22" w="143" /><ent r="92" t="22" w="146" /><ent r="64" t="32" w="120" /><ent r="3" t="44" w="94" /><ent r="64" t="51" w="78" /><ent r="3" t="51" w="125" /><ent r="64" t="52" w="65" /><ent r="6" t="153" w="508" /><ent r="6" t="153" w="943" /><ent r="5" t="154" w="486" /><ent r="6" t="165" w="546" /><ent r="64" t="179" w="329" /><ent r="64" t="186" w="302" /><ent r="3" t="199" w="735" /><ent r="64" t="213" w="134" /><ent r="5" t="236" w="144" /></phr><phr n="standards"><ent r="3" t="218" w="238" /></phr></stem><stem n="-in"><phr n="-ins"><ent r="3" t="1" w="161" /><ent r="3" t="1" w="161" /><ent r="3" t="1" w="592" /><ent r="3" t="1" w="592" /><ent r="3" t="20" w="561" /><ent r="3" t="20" w="561" /><ent r="3" t="38" w="38" /><ent r="3" t="38" w="38" /><ent r="3" t="77" w="364" /><ent r="3" t="77" w="364" /><ent r="3" t="104" w="24" /><ent r="3" t="104" w="24" /><ent r="3" t="110" w="324" /><ent r="3" t="110" w="324" /><ent r="4" t="110" w="355" /><ent r="4" t="110" w="355" /><ent r="4" t="110" w="361" /><ent r="4" t="110" w="361" /><ent r="3" t="125" w="312" /><ent r="3" t="125" w="312" /><ent r="3" t="125" w="319" /><ent r="3" t="125" w="319" /><ent r="7" t="125" w="393" /><ent r="7" t="125" w="393" /><ent r="3" t="143" w="22" /><ent r="3" t="143" w="22" /><ent r="3" t="145" w="165" /><ent r="3" t="145" w="165" /><ent r="4" t="166" w="70" /><ent r="4" t="166" w="70" /><ent r="3" t="166" w="95" /><ent r="3" t="166" w="95" /><ent r="3" t="187" w="1281" /><ent r="3" t="187" w="1281" /><ent r="3" t="188" w="1095" /><ent r="3" t="188" w="1095" /><ent r="3" t="208" w="296" /><ent r="3" t="208" w="296" /></phr><phr n="-Ins"><ent r="92" t="1" w="580" /><ent r="92" t="1" w="580" /><ent r="92" t="77" w="350" /><ent r="92" t="77" w="350" /><ent r="3" t="77" w="355" /><ent r="3" t="77" w="355" /><ent r="3" t="110" w="319" /><ent r="3" t="110" w="319" /><ent r="4" t="145" w="141" /><ent r="4" t="145" w="141" /><ent r="4" t="145" w="160" /><ent r="4" t="145" w="160" /><ent r="3" t="145" w="179" /><ent r="3" t="145" w="179" /><ent r="3" t="145" w="230" /><ent r="3" t="145" w="230" /><ent r="4" t="166" w="57" /><ent r="4" t="166" w="57" /><ent r="4" t="166" w="62" /><ent r="4" t="166" w="62" /></phr><phr n="-in"><ent r="6" t="3" w="122" /><ent r="6" t="3" w="122" /><ent r="3" t="103" w="50" /><ent r="3" t="103" w="50" /><ent r="3" t="104" w="36" /><ent r="3" t="104" w="36" /><ent r="3" t="104" w="54" /><ent r="3" t="104" w="54" /><ent r="3" t="104" w="95" /><ent r="3" t="104" w="95" /><ent r="3" t="104" w="101" /><ent r="3" t="104" w="101" /><ent r="4" t="110" w="371" /><ent r="4" t="110" w="371" /><ent r="3" t="110" w="456" /><ent r="3" t="110" w="456" /><ent r="8" t="125" w="368" /><ent r="8" t="125" w="368" /><ent r="8" t="125" w="380" /><ent r="8" t="125" w="380" /><ent r="8" t="125" w="409" /><ent r="8" t="125" w="409" /><ent r="8" t="125" w="425" /><ent r="8" t="125" w="425" /><ent r="4" t="145" w="100" /><ent r="4" t="145" w="100" /><ent r="4" t="145" w="112" /><ent r="4" t="145" w="112" /><ent r="4" t="145" w="123" /><ent r="4" t="145" w="123" /><ent r="3" t="145" w="135" /><ent r="3" t="145" w="135" /><ent r="3" t="145" w="191" /><ent r="3" t="145" w="191" /><ent r="3" t="145" w="198" /><ent r="3" t="145" w="198" /><ent r="3" t="145" w="225" /><ent r="3" t="145" w="225" /><ent r="3" t="145" w="235" /><ent r="3" t="145" w="235" /><ent r="3" t="157" w="872" /><ent r="3" t="157" w="872" /><ent r="3" t="166" w="17" /><ent r="3" t="166" w="17" /><ent r="3" t="166" w="25" /><ent r="3" t="166" w="25" /><ent r="3" t="166" w="35" /><ent r="3" t="166" w="35" /><ent r="3" t="166" w="44" /><ent r="3" t="166" w="44" /><ent r="3" t="166" w="135" /><ent r="3" t="166" w="135" /><ent r="4" t="166" w="145" /><ent r="4" t="166" w="145" /><ent r="3" t="170" w="13" /><ent r="3" t="170" w="13" /><ent r="100" t="171" w="14" /><ent r="100" t="171" w="14" /><ent r="3" t="171" w="112" /><ent r="3" t="171" w="112" /><ent r="3" t="172" w="32" /><ent r="3" t="172" w="32" /><ent r="3" t="176" w="87" /><ent r="3" t="176" w="87" /><ent r="3" t="178" w="127" /><ent r="3" t="178" w="127" /><ent r="3" t="179" w="711" /><ent r="3" t="179" w="711" /><ent r="3" t="179" w="726" /><ent r="3" t="179" w="726" /><ent r="3" t="179" w="1652" /><ent r="3" t="179" w="1652" /><ent r="100" t="182" w="13" /><ent r="100" t="182" w="13" /><ent r="4" t="187" w="207" /><ent r="4" t="187" w="207" /><ent r="92" t="187" w="493" /><ent r="92" t="187" w="493" /><ent r="3" t="187" w="524" /><ent r="3" t="187" w="524" /><ent r="3" t="195" w="106" /><ent r="3" t="195" w="106" /></phr><phr n="-In"><ent r="7" t="6" w="65" /><ent r="7" t="6" w="65" /><ent r="68" t="6" w="70" /><ent r="68" t="6" w="70" /><ent r="65" t="85" w="38" /><ent r="65" t="85" w="38" /><ent r="1000" t="104" w="2" /><ent r="1000" t="104" w="2" /><ent r="100" t="104" w="7" /><ent r="100" t="104" w="7" /><ent r="102" t="104" w="12" /><ent r="102" t="104" w="12" /><ent r="3" t="104" w="18" /><ent r="3" t="104" w="18" /><ent r="3" t="104" w="120" /><ent r="3" t="104" w="120" /><ent r="4" t="104" w="157" /><ent r="4" t="104" w="157" /><ent r="4" t="104" w="181" /><ent r="4" t="104" w="181" /><ent r="4" t="104" w="229" /><ent r="4" t="104" w="229" /><ent r="4" t="110" w="339" /><ent r="4" t="110" w="339" /><ent r="3" t="121" w="23" /><ent r="3" t="121" w="23" /><ent r="64" t="156" w="878" /><ent r="64" t="156" w="878" /><ent r="1000" t="166" w="1" /><ent r="1000" t="166" w="1" /><ent r="100" t="166" w="5" /><ent r="100" t="166" w="5" /><ent r="102" t="166" w="13" /><ent r="102" t="166" w="13" /><ent r="3" t="166" w="155" /><ent r="3" t="166" w="155" /><ent r="3" t="167" w="229" /><ent r="3" t="167" w="229" /><ent r="3" t="167" w="259" /><ent r="3" t="167" w="259" /><ent r="3" t="167" w="265" /><ent r="3" t="167" w="265" /><ent r="3" t="167" w="294" /><ent r="3" t="167" w="294" /><ent r="1000" t="171" w="7" /><ent r="1000" t="171" w="7" /><ent r="102" t="171" w="30" /><ent r="102" t="171" w="30" /><ent r="3" t="171" w="39" /><ent r="3" t="171" w="39" /><ent r="64" t="171" w="319" /><ent r="64" t="171" w="319" /><ent r="1000" t="172" w="7" /><ent r="1000" t="172" w="7" /><ent r="3" t="174" w="18" /><ent r="3" t="174" w="18" /><ent r="64" t="178" w="357" /><ent r="64" t="178" w="357" /><ent r="3" t="180" w="896" /><ent r="3" t="180" w="896" /><ent r="1000" t="182" w="6" /><ent r="1000" t="182" w="6" /><ent r="102" t="182" w="23" /><ent r="102" t="182" w="23" /><ent r="4" t="182" w="83" /><ent r="4" t="182" w="83" /><ent r="4" t="182" w="112" /><ent r="4" t="182" w="112" /><ent r="3" t="182" w="742" /><ent r="3" t="182" w="742" /><ent r="92" t="188" w="572" /><ent r="92" t="188" w="572" /></phr></stem></index>