﻿<?xml version="1.0" encoding="utf-8"?><index><stem n="(see"><phr n="(See"><ent r="3" t="4" w="104" /><ent r="3" t="94" w="146" /><ent r="3" t="96" w="175" /><ent r="3" t="180" w="1026" /><ent r="4" t="180" w="1170" /></phr></stem><stem n=":displai"><phr n=":displaying"><ent r="100" t="4" w="115" /></phr><phr n=":Display"><ent r="100" t="7" w="8" /></phr></stem><stem n="toolbox"><phr n="Toolbox"><ent r="64" t="4" w="225" /><ent r="1000" t="6" w="1" /><ent r="100" t="6" w="4" /><ent r="100" t="6" w="8" /><ent r="102" t="6" w="10" /><ent r="67" t="38" w="113" /><ent r="64" t="38" w="145" /><ent r="64" t="41" w="37" /><ent r="64" t="47" w="59" /><ent r="64" t="48" w="102" /><ent r="64" t="49" w="149" /><ent r="64" t="56" w="18" /><ent r="64" t="56" w="78" /><ent r="65" t="77" w="65" /><ent r="64" t="85" w="257" /><ent r="64" t="87" w="79" /><ent r="64" t="102" w="180" /><ent r="3" t="102" w="247" /><ent r="64" t="103" w="113" /><ent r="64" t="156" w="84" /><ent r="64" t="179" w="323" /><ent r="3" t="179" w="1175" /><ent r="4" t="179" w="1860" /><ent r="3" t="179" w="2144" /><ent r="65" t="180" w="470" /><ent r="4" t="180" w="2380" /><ent r="64" t="184" w="431" /><ent r="4" t="184" w="944" /><ent r="4" t="186" w="1000" /></phr></stem><stem n="bright"><phr n="Brightness"><ent r="64" t="4" w="245" /><ent r="1000" t="12" w="1" /><ent r="100" t="12" w="7" /><ent r="100" t="12" w="11" /><ent r="102" t="12" w="13" /><ent r="64" t="87" w="203" /><ent r="4" t="179" w="73" /><ent r="4" t="179" w="199" /><ent r="64" t="179" w="326" /><ent r="92" t="179" w="1761" /><ent r="3" t="179" w="1768" /><ent r="4" t="179" w="1799" /><ent r="5" t="179" w="1812" /><ent r="4" t="179" w="1817" /><ent r="4" t="179" w="1907" /><ent r="3" t="179" w="2005" /><ent r="5" t="179" w="2019" /></phr><phr n="brightness"><ent r="100" t="12" w="4" /><ent r="7" t="12" w="26" /><ent r="7" t="12" w="64" /><ent r="6" t="12" w="93" /><ent r="3" t="87" w="27" /><ent r="3" t="87" w="209" /><ent r="5" t="89" w="200" /><ent r="5" t="153" w="613" /><ent r="5" t="153" w="1048" /><ent r="3" t="165" w="33" /><ent r="5" t="165" w="646" /><ent r="100" t="179" w="70" /><ent r="3" t="179" w="155" /><ent r="3" t="179" w="207" /><ent r="3" t="179" w="1787" /><ent r="4" t="179" w="1864" /><ent r="4" t="179" w="1884" /><ent r="4" t="179" w="1967" /><ent r="4" t="179" w="1972" /></phr><phr n="bright"><ent r="4" t="180" w="2807" /></phr></stem><stem n="measur"><phr n="Measurement"><ent r="64" t="4" w="248" /><ent r="1000" t="13" w="1" /><ent r="100" t="13" w="4" /><ent r="100" t="13" w="8" /><ent r="102" t="13" w="10" /><ent r="3" t="13" w="15" /><ent r="7" t="13" w="54" /><ent r="5" t="13" w="62" /><ent r="6" t="13" w="95" /><ent r="6" t="13" w="209" /><ent r="6" t="38" w="120" /><ent r="67" t="38" w="123" /><ent r="67" t="38" w="126" /><ent r="64" t="146" w="42" /><ent r="1000" t="151" w="1" /><ent r="100" t="151" w="5" /><ent r="100" t="151" w="10" /><ent r="102" t="151" w="13" /><ent r="3" t="151" w="18" /><ent r="64" t="151" w="31" /><ent r="4" t="151" w="74" /><ent r="5" t="151" w="124" /><ent r="64" t="178" w="326" /><ent r="1000" t="180" w="3" /><ent r="102" t="180" w="22" /><ent r="100" t="180" w="40" /><ent r="4" t="180" w="106" /><ent r="4" t="180" w="173" /><ent r="65" t="180" w="467" /><ent r="92" t="180" w="1780" /><ent r="4" t="180" w="1862" /><ent r="5" t="180" w="1879" /><ent r="4" t="180" w="1884" /><ent r="4" t="180" w="1888" /><ent r="4" t="180" w="1930" /><ent r="6" t="230" w="156" /><ent r="64" t="234" w="13" /><ent r="64" t="235" w="13" /></phr><phr n="measure"><ent r="3" t="13" w="18" /><ent r="4" t="66" w="119" /><ent r="3" t="140" w="15" /><ent r="3" t="180" w="56" /><ent r="4" t="180" w="1922" /><ent r="3" t="195" w="317" /><ent r="3" t="209" w="135" /><ent r="3" t="227" w="55" /></phr><phr n="measurement"><ent r="5" t="13" w="70" /><ent r="5" t="13" w="83" /><ent r="5" t="13" w="112" /><ent r="5" t="13" w="127" /><ent r="7" t="13" w="145" /><ent r="7" t="13" w="158" /><ent r="4" t="151" w="153" /><ent r="4" t="151" w="175" /><ent r="4" t="151" w="190" /><ent r="3" t="180" w="61" /><ent r="4" t="180" w="1942" /><ent r="3" t="235" w="26" /></phr><phr n="measurements"><ent r="7" t="13" w="164" /><ent r="7" t="13" w="193" /><ent r="3" t="234" w="35" /><ent r="3" t="235" w="32" /></phr><phr n="measured"><ent r="3" t="66" w="41" /><ent r="3" t="144" w="422" /><ent r="3" t="193" w="21" /><ent r="3" t="238" w="381" /></phr><phr n="measurable"><ent r="3" t="238" w="350" /></phr></stem><stem n="anim"><phr n="Animation"><ent r="64" t="4" w="251" /><ent r="1000" t="14" w="1" /><ent r="102" t="14" w="4" /><ent r="100" t="14" w="9" /><ent r="100" t="14" w="13" /><ent r="3" t="14" w="17" /><ent r="4" t="14" w="37" /><ent r="4" t="14" w="51" /><ent r="4" t="14" w="74" /><ent r="6" t="14" w="80" /><ent r="67" t="14" w="232" /><ent r="7" t="14" w="262" /><ent r="67" t="14" w="280" /><ent r="67" t="14" w="292" /><ent r="6" t="14" w="296" /><ent r="66" t="14" w="314" /><ent r="1000" t="137" w="2" /><ent r="102" t="137" w="5" /><ent r="64" t="137" w="82" /><ent r="3" t="137" w="93" /><ent r="3" t="137" w="101" /><ent r="64" t="137" w="120" /><ent r="64" t="137" w="146" /><ent r="64" t="137" w="190" /><ent r="64" t="137" w="193" /><ent r="1000" t="138" w="2" /><ent r="102" t="138" w="5" /><ent r="64" t="138" w="23" /><ent r="3" t="138" w="73" /><ent r="64" t="138" w="128" /><ent r="64" t="138" w="131" /><ent r="1000" t="139" w="2" /><ent r="102" t="139" w="5" /><ent r="64" t="139" w="56" /><ent r="64" t="139" w="59" /><ent r="1000" t="142" w="1" /><ent r="100" t="142" w="4" /><ent r="102" t="142" w="7" /><ent r="3" t="142" w="10" /><ent r="4" t="142" w="75" /><ent r="65" t="142" w="100" /><ent r="4" t="142" w="145" /><ent r="4" t="142" w="176" /><ent r="4" t="142" w="208" /><ent r="4" t="142" w="363" /><ent r="3" t="142" w="386" /><ent r="3" t="142" w="482" /><ent r="3" t="142" w="505" /><ent r="3" t="142" w="582" /><ent r="3" t="142" w="605" /><ent r="3" t="142" w="656" /><ent r="3" t="142" w="679" /><ent r="66" t="143" w="154" /><ent r="66" t="143" w="174" /><ent r="1000" t="191" w="1" /><ent r="102" t="191" w="4" /><ent r="6" t="191" w="29" /><ent r="5" t="226" w="71" /><ent r="1000" t="227" w="1" /><ent r="102" t="227" w="4" /><ent r="3" t="227" w="11" /><ent r="64" t="227" w="30" /><ent r="5" t="227" w="111" /><ent r="3" t="227" w="115" /><ent r="3" t="227" w="146" /><ent r="64" t="227" w="169" /><ent r="3" t="227" w="199" /></phr><phr n="animation"><ent r="100" t="14" w="7" /><ent r="3" t="14" w="29" /><ent r="3" t="14" w="61" /><ent r="7" t="14" w="86" /><ent r="7" t="14" w="118" /><ent r="7" t="14" w="133" /><ent r="7" t="14" w="142" /><ent r="7" t="14" w="152" /><ent r="6" t="14" w="163" /><ent r="6" t="14" w="173" /><ent r="6" t="14" w="270" /><ent r="5" t="14" w="311" /><ent r="6" t="14" w="326" /><ent r="4" t="28" w="38" /><ent r="64" t="77" w="316" /><ent r="100" t="137" w="8" /><ent r="100" t="137" w="10" /><ent r="3" t="137" w="16" /><ent r="4" t="137" w="34" /><ent r="3" t="137" w="68" /><ent r="3" t="137" w="86" /><ent r="3" t="137" w="111" /><ent r="3" t="137" w="134" /><ent r="100" t="138" w="7" /><ent r="100" t="138" w="11" /><ent r="4" t="138" w="18" /><ent r="100" t="139" w="7" /><ent r="100" t="139" w="11" /><ent r="4" t="139" w="16" /><ent r="3" t="140" w="20" /><ent r="3" t="140" w="28" /><ent r="3" t="141" w="16" /><ent r="3" t="141" w="34" /><ent r="4" t="141" w="68" /><ent r="3" t="142" w="21" /><ent r="3" t="142" w="56" /><ent r="4" t="142" w="81" /><ent r="4" t="142" w="127" /><ent r="3" t="142" w="186" /><ent r="6" t="142" w="219" /><ent r="4" t="142" w="236" /><ent r="4" t="142" w="258" /><ent r="3" t="142" w="399" /><ent r="3" t="142" w="477" /><ent r="3" t="142" w="513" /><ent r="3" t="142" w="534" /><ent r="3" t="142" w="613" /><ent r="3" t="142" w="687" /><ent r="5" t="143" w="165" /><ent r="5" t="190" w="199" /><ent r="5" t="190" w="208" /><ent r="100" t="191" w="7" /><ent r="3" t="191" w="11" /><ent r="6" t="191" w="36" /><ent r="6" t="191" w="54" /><ent r="6" t="191" w="75" /><ent r="3" t="220" w="125" /><ent r="3" t="222" w="130" /><ent r="100" t="227" w="7" /><ent r="3" t="227" w="21" /><ent r="3" t="227" w="35" /><ent r="3" t="227" w="60" /><ent r="3" t="227" w="68" /><ent r="4" t="227" w="123" /><ent r="4" t="227" w="139" /><ent r="3" t="227" w="165" /><ent r="3" t="228" w="29" /></phr><phr n="animate"><ent r="6" t="14" w="369" /><ent r="6" t="14" w="406" /><ent r="3" t="140" w="48" /><ent r="3" t="140" w="108" /></phr><phr n="Animations"><ent r="3" t="77" w="87" /><ent r="92" t="77" w="308" /><ent r="4" t="138" w="46" /><ent r="4" t="138" w="101" /><ent r="6" t="139" w="30" /><ent r="5" t="141" w="58" /></phr><phr n="animations"><ent r="3" t="77" w="319" /></phr></stem><stem n="aspam"><phr n="ASPAM"><ent r="64" t="4" w="254" /><ent r="1000" t="15" w="1" /><ent r="102" t="15" w="4" /><ent r="100" t="15" w="8" /><ent r="100" t="15" w="10" /><ent r="3" t="15" w="14" /><ent r="64" t="15" w="21" /><ent r="5" t="20" w="50" /><ent r="5" t="20" w="55" /><ent r="5" t="20" w="63" /><ent r="66" t="20" w="84" /><ent r="1000" t="198" w="1" /><ent r="102" t="198" w="4" /><ent r="100" t="198" w="7" /><ent r="3" t="198" w="13" /><ent r="3" t="198" w="22" /><ent r="3" t="198" w="36" /><ent r="3" t="198" w="42" /><ent r="3" t="198" w="48" /><ent r="4" t="198" w="52" /><ent r="4" t="198" w="58" /><ent r="3" t="198" w="62" /><ent r="92" t="198" w="71" /><ent r="3" t="198" w="162" /><ent r="3" t="198" w="218" /><ent r="92" t="198" w="223" /><ent r="4" t="198" w="246" /><ent r="3" t="198" w="300" /><ent r="3" t="198" w="396" /><ent r="1000" t="200" w="2" /><ent r="102" t="200" w="6" /><ent r="100" t="200" w="9" /><ent r="100" t="200" w="13" /><ent r="5" t="200" w="18" /><ent r="3" t="200" w="28" /><ent r="3" t="200" w="36" /><ent r="3" t="200" w="58" /><ent r="5" t="200" w="94" /><ent r="4" t="200" w="108" /><ent r="3" t="200" w="124" /><ent r="64" t="200" w="181" /></phr></stem><stem n="geograph"><phr n="Geographic"><ent r="64" t="4" w="261" /><ent r="1000" t="17" w="1" /><ent r="102" t="17" w="5" /><ent r="100" t="17" w="9" /><ent r="64" t="17" w="20" /><ent r="5" t="20" w="374" /><ent r="5" t="21" w="31" /><ent r="65" t="21" w="471" /><ent r="5" t="21" w="481" /><ent r="1000" t="111" w="1" /><ent r="102" t="111" w="4" /><ent r="100" t="111" w="21" /><ent r="3" t="111" w="24" /><ent r="3" t="111" w="78" /><ent r="4" t="111" w="83" /><ent r="3" t="111" w="99" /><ent r="4" t="111" w="104" /><ent r="3" t="111" w="126" /><ent r="64" t="183" w="428" /><ent r="4" t="183" w="764" /><ent r="5" t="183" w="776" /><ent r="4" t="183" w="782" /><ent r="5" t="183" w="789" /></phr><phr n="geographic"><ent r="3" t="21" w="51" /><ent r="6" t="111" w="10" /><ent r="3" t="183" w="101" /><ent r="3" t="183" w="121" /><ent r="3" t="184" w="91" /><ent r="3" t="184" w="111" /><ent r="7" t="199" w="421" /></phr><phr n="geographical"><ent r="3" t="82" w="31" /></phr></stem><stem n="featur"><phr n="Features"><ent r="64" t="4" w="262" /><ent r="1000" t="17" w="2" /><ent r="102" t="17" w="6" /><ent r="100" t="17" w="10" /><ent r="64" t="17" w="21" /><ent r="65" t="21" w="472" /><ent r="5" t="21" w="482" /><ent r="1000" t="111" w="2" /><ent r="102" t="111" w="5" /><ent r="100" t="111" w="22" /><ent r="3" t="111" w="25" /><ent r="3" t="111" w="79" /><ent r="4" t="111" w="84" /><ent r="3" t="111" w="100" /><ent r="4" t="111" w="105" /><ent r="64" t="183" w="429" /><ent r="4" t="183" w="765" /><ent r="5" t="183" w="777" /><ent r="4" t="183" w="783" /><ent r="5" t="183" w="790" /><ent r="4" t="184" w="1107" /><ent r="4" t="219" w="100" /><ent r="92" t="219" w="119" /><ent r="3" t="219" w="127" /><ent r="4" t="219" w="140" /><ent r="3" t="219" w="164" /></phr><phr n="Feature"><ent r="5" t="20" w="375" /><ent r="3" t="111" w="127" /><ent r="3" t="111" w="131" /><ent r="4" t="184" w="1100" /><ent r="92" t="219" w="35" /><ent r="5" t="219" w="52" /><ent r="3" t="219" w="58" /><ent r="92" t="219" w="78" /><ent r="5" t="219" w="107" /></phr><phr n="features"><ent r="3" t="21" w="35" /><ent r="3" t="21" w="39" /><ent r="5" t="89" w="223" /><ent r="5" t="89" w="254" /><ent r="6" t="111" w="11" /><ent r="3" t="111" w="123" /><ent r="5" t="153" w="638" /><ent r="5" t="153" w="673" /><ent r="5" t="153" w="1073" /><ent r="5" t="153" w="1108" /><ent r="5" t="165" w="673" /><ent r="5" t="165" w="701" /><ent r="3" t="171" w="68" /><ent r="3" t="171" w="81" /><ent r="3" t="183" w="105" /><ent r="3" t="183" w="109" /><ent r="3" t="183" w="125" /><ent r="3" t="183" w="181" /><ent r="3" t="183" w="213" /><ent r="3" t="183" w="216" /><ent r="3" t="183" w="260" /><ent r="3" t="183" w="282" /><ent r="3" t="183" w="377" /><ent r="4" t="183" w="876" /><ent r="3" t="183" w="1067" /><ent r="3" t="184" w="95" /><ent r="3" t="184" w="99" /><ent r="3" t="184" w="115" /><ent r="3" t="184" w="171" /><ent r="3" t="184" w="202" /><ent r="3" t="184" w="205" /><ent r="3" t="184" w="249" /><ent r="3" t="184" w="271" /><ent r="3" t="184" w="364" /><ent r="3" t="184" w="1195" /><ent r="3" t="184" w="1297" /><ent r="3" t="219" w="124" /><ent r="3" t="219" w="152" /></phr><phr n="feature"><ent r="4" t="50" w="17" /><ent r="3" t="82" w="15" /><ent r="3" t="82" w="32" /><ent r="3" t="112" w="47" /><ent r="3" t="173" w="40" /><ent r="3" t="176" w="156" /><ent r="4" t="176" w="188" /><ent r="3" t="176" w="212" /><ent r="3" t="182" w="1448" /><ent r="3" t="182" w="1487" /><ent r="3" t="183" w="206" /><ent r="3" t="183" w="1045" /><ent r="3" t="183" w="1049" /><ent r="3" t="184" w="195" /><ent r="4" t="184" w="1163" /><ent r="3" t="184" w="1224" /><ent r="3" t="219" w="40" /><ent r="4" t="219" w="66" /><ent r="3" t="219" w="83" /><ent r="4" t="219" w="93" /><ent r="4" t="219" w="111" /></phr></stem><stem n=":standard"><phr n=":Standard"><ent r="100" t="5" w="8" /></phr></stem><stem n="(if"><phr n="(if"><ent r="7" t="5" w="22" /><ent r="7" t="14" w="96" /><ent r="7" t="14" w="105" /><ent r="3" t="117" w="252" /><ent r="6" t="230" w="540" /><ent r="4" t="231" w="93" /><ent r="4" t="231" w="105" /><ent r="6" t="240" w="64" /><ent r="6" t="240" w="70" /><ent r="6" t="241" w="61" /><ent r="6" t="241" w="67" /><ent r="6" t="242" w="49" /><ent r="6" t="242" w="55" /></phr><phr n="(If"><ent r="4" t="70" w="112" /><ent r="4" t="126" w="214" /><ent r="4" t="180" w="1048" /><ent r="4" t="181" w="600" /></phr></stem><stem n="if"><phr n="if"><ent r="7" t="5" w="22" /><ent r="3" t="8" w="19" /><ent r="3" t="8" w="28" /><ent r="4" t="11" w="18" /><ent r="4" t="11" w="27" /><ent r="7" t="14" w="96" /><ent r="7" t="14" w="105" /><ent r="3" t="20" w="20" /><ent r="4" t="21" w="315" /><ent r="3" t="44" w="482" /><ent r="4" t="53" w="68" /><ent r="4" t="54" w="55" /><ent r="3" t="56" w="31" /><ent r="3" t="66" w="44" /><ent r="3" t="66" w="53" /><ent r="4" t="74" w="207" /><ent r="3" t="81" w="218" /><ent r="3" t="81" w="227" /><ent r="4" t="88" w="62" /><ent r="4" t="92" w="169" /><ent r="3" t="108" w="399" /><ent r="4" t="109" w="366" /><ent r="3" t="115" w="362" /><ent r="7" t="116" w="48" /><ent r="3" t="117" w="252" /><ent r="3" t="123" w="105" /><ent r="3" t="123" w="478" /><ent r="3" t="144" w="178" /><ent r="3" t="144" w="281" /><ent r="3" t="144" w="358" /><ent r="3" t="144" w="485" /><ent r="3" t="144" w="649" /><ent r="4" t="153" w="221" /><ent r="4" t="153" w="232" /><ent r="4" t="153" w="262" /><ent r="5" t="153" w="395" /><ent r="5" t="153" w="830" /><ent r="3" t="161" w="59" /><ent r="5" t="165" w="433" /><ent r="3" t="167" w="550" /><ent r="3" t="169" w="597" /><ent r="3" t="171" w="53" /><ent r="4" t="172" w="104" /><ent r="4" t="175" w="306" /><ent r="3" t="179" w="1370" /><ent r="3" t="180" w="980" /><ent r="4" t="180" w="1197" /><ent r="3" t="180" w="1447" /><ent r="4" t="180" w="2171" /><ent r="4" t="180" w="2474" /><ent r="4" t="180" w="2484" /><ent r="3" t="181" w="1110" /><ent r="3" t="182" w="126" /><ent r="3" t="182" w="607" /><ent r="3" t="182" w="689" /><ent r="3" t="182" w="1337" /><ent r="4" t="182" w="1695" /><ent r="3" t="183" w="407" /><ent r="3" t="184" w="410" /><ent r="3" t="187" w="979" /><ent r="4" t="188" w="1403" /><ent r="4" t="195" w="734" /><ent r="4" t="197" w="147" /><ent r="3" t="198" w="96" /><ent r="7" t="199" w="406" /><ent r="3" t="200" w="138" /><ent r="3" t="200" w="149" /><ent r="3" t="208" w="324" /><ent r="4" t="215" w="327" /><ent r="3" t="217" w="208" /><ent r="3" t="218" w="244" /><ent r="3" t="218" w="262" /><ent r="3" t="224" w="169" /><ent r="6" t="230" w="540" /><ent r="4" t="231" w="93" /><ent r="4" t="231" w="105" /><ent r="3" t="233" w="38" /><ent r="3" t="233" w="69" /><ent r="4" t="236" w="31" /><ent r="3" t="238" w="526" /><ent r="6" t="240" w="64" /><ent r="6" t="240" w="70" /><ent r="7" t="240" w="100" /><ent r="7" t="240" w="136" /><ent r="7" t="240" w="213" /><ent r="6" t="241" w="61" /><ent r="6" t="241" w="67" /><ent r="6" t="242" w="49" /><ent r="6" t="242" w="55" /></phr><phr n="If"><ent r="4" t="10" w="27" /><ent r="3" t="14" w="56" /><ent r="4" t="18" w="139" /><ent r="3" t="18" w="161" /><ent r="3" t="18" w="214" /><ent r="3" t="19" w="68" /><ent r="3" t="19" w="177" /><ent r="4" t="20" w="115" /><ent r="4" t="20" w="279" /><ent r="3" t="21" w="90" /><ent r="3" t="21" w="169" /><ent r="3" t="21" w="182" /><ent r="4" t="21" w="265" /><ent r="3" t="21" w="364" /><ent r="3" t="24" w="63" /><ent r="4" t="26" w="263" /><ent r="3" t="26" w="300" /><ent r="4" t="26" w="334" /><ent r="4" t="26" w="523" /><ent r="4" t="26" w="549" /><ent r="4" t="27" w="72" /><ent r="3" t="30" w="56" /><ent r="3" t="44" w="42" /><ent r="3" t="44" w="583" /><ent r="3" t="44" w="665" /><ent r="3" t="49" w="72" /><ent r="5" t="49" w="383" /><ent r="5" t="49" w="417" /><ent r="4" t="49" w="630" /><ent r="3" t="50" w="63" /><ent r="4" t="51" w="86" /><ent r="3" t="51" w="117" /><ent r="4" t="52" w="24" /><ent r="3" t="52" w="91" /><ent r="3" t="57" w="90" /><ent r="4" t="58" w="210" /><ent r="3" t="63" w="68" /><ent r="4" t="70" w="112" /><ent r="4" t="79" w="70" /><ent r="3" t="79" w="101" /><ent r="3" t="81" w="166" /><ent r="4" t="81" w="304" /><ent r="3" t="81" w="485" /><ent r="5" t="90" w="369" /><ent r="5" t="90" w="398" /><ent r="3" t="99" w="154" /><ent r="3" t="100" w="19" /><ent r="3" t="100" w="52" /><ent r="4" t="104" w="184" /><ent r="4" t="104" w="232" /><ent r="4" t="108" w="504" /><ent r="3" t="110" w="386" /><ent r="3" t="110" w="400" /><ent r="3" t="110" w="414" /><ent r="3" t="110" w="428" /><ent r="3" t="110" w="445" /><ent r="4" t="110" w="461" /><ent r="3" t="112" w="26" /><ent r="3" t="112" w="49" /><ent r="7" t="116" w="34" /><ent r="4" t="120" w="63" /><ent r="3" t="121" w="90" /><ent r="3" t="122" w="123" /><ent r="3" t="122" w="149" /><ent r="3" t="124" w="53" /><ent r="3" t="125" w="655" /><ent r="3" t="125" w="844" /><ent r="3" t="125" w="865" /><ent r="4" t="126" w="170" /><ent r="4" t="126" w="214" /><ent r="3" t="128" w="99" /><ent r="3" t="128" w="178" /><ent r="3" t="128" w="207" /><ent r="3" t="129" w="113" /><ent r="3" t="129" w="139" /><ent r="3" t="131" w="72" /><ent r="3" t="131" w="171" /><ent r="3" t="132" w="46" /><ent r="3" t="132" w="71" /><ent r="3" t="137" w="150" /><ent r="3" t="140" w="188" /><ent r="3" t="142" w="49" /><ent r="3" t="144" w="121" /><ent r="3" t="144" w="197" /><ent r="3" t="144" w="224" /><ent r="3" t="144" w="300" /><ent r="3" t="144" w="428" /><ent r="3" t="144" w="504" /><ent r="3" t="144" w="592" /><ent r="3" t="144" w="668" /><ent r="3" t="145" w="116" /><ent r="3" t="145" w="182" /><ent r="3" t="145" w="202" /><ent r="3" t="148" w="206" /><ent r="3" t="154" w="244" /><ent r="3" t="155" w="220" /><ent r="3" t="157" w="53" /><ent r="3" t="157" w="253" /><ent r="3" t="157" w="897" /><ent r="3" t="157" w="930" /><ent r="3" t="163" w="307" /><ent r="3" t="167" w="220" /><ent r="3" t="167" w="241" /><ent r="3" t="167" w="255" /><ent r="3" t="167" w="436" /><ent r="3" t="167" w="819" /><ent r="3" t="167" w="844" /><ent r="3" t="167" w="941" /><ent r="3" t="167" w="985" /><ent r="3" t="167" w="1041" /><ent r="3" t="168" w="83" /><ent r="3" t="168" w="104" /><ent r="3" t="169" w="550" /><ent r="4" t="170" w="218" /><ent r="3" t="170" w="233" /><ent r="3" t="170" w="252" /><ent r="4" t="172" w="262" /><ent r="3" t="172" w="312" /><ent r="3" t="172" w="328" /><ent r="4" t="173" w="109" /><ent r="3" t="173" w="203" /><ent r="4" t="173" w="264" /><ent r="3" t="174" w="70" /><ent r="3" t="174" w="89" /><ent r="4" t="175" w="192" /><ent r="4" t="175" w="250" /><ent r="3" t="176" w="79" /><ent r="4" t="176" w="338" /><ent r="4" t="176" w="365" /><ent r="4" t="176" w="395" /><ent r="3" t="179" w="1202" /><ent r="3" t="179" w="1224" /><ent r="3" t="179" w="1347" /><ent r="3" t="179" w="1358" /><ent r="3" t="180" w="184" /><ent r="4" t="180" w="1048" /><ent r="3" t="180" w="1069" /><ent r="3" t="180" w="1438" /><ent r="3" t="180" w="1517" /><ent r="3" t="180" w="2196" /><ent r="4" t="181" w="600" /><ent r="4" t="181" w="1271" /><ent r="4" t="181" w="1450" /><ent r="4" t="181" w="1469" /><ent r="3" t="181" w="1487" /><ent r="4" t="182" w="1104" /><ent r="3" t="182" w="1317" /><ent r="3" t="182" w="1400" /><ent r="3" t="183" w="362" /><ent r="3" t="183" w="1013" /><ent r="3" t="184" w="349" /><ent r="3" t="184" w="775" /><ent r="3" t="187" w="797" /><ent r="3" t="187" w="855" /><ent r="6" t="187" w="1188" /><ent r="3" t="187" w="1505" /><ent r="3" t="187" w="1524" /><ent r="4" t="187" w="1747" /><ent r="3" t="188" w="1037" /><ent r="3" t="188" w="1334" /><ent r="4" t="189" w="123" /><ent r="3" t="193" w="87" /><ent r="3" t="193" w="163" /><ent r="4" t="194" w="87" /><ent r="4" t="194" w="179" /><ent r="3" t="195" w="130" /><ent r="3" t="195" w="200" /><ent r="4" t="195" w="547" /><ent r="3" t="195" w="592" /><ent r="4" t="195" w="720" /><ent r="7" t="199" w="474" /><ent r="3" t="208" w="134" /><ent r="4" t="208" w="399" /><ent r="3" t="210" w="17" /><ent r="3" t="212" w="73" /><ent r="3" t="212" w="107" /><ent r="3" t="213" w="55" /><ent r="3" t="213" w="74" /><ent r="4" t="213" w="243" /><ent r="4" t="213" w="358" /><ent r="4" t="215" w="194" /><ent r="3" t="215" w="231" /><ent r="4" t="215" w="265" /><ent r="4" t="216" w="125" /><ent r="3" t="216" w="162" /><ent r="4" t="216" w="196" /><ent r="4" t="217" w="84" /><ent r="3" t="217" w="121" /><ent r="4" t="217" w="155" /><ent r="3" t="217" w="282" /><ent r="4" t="218" w="123" /><ent r="3" t="218" w="160" /><ent r="4" t="218" w="194" /><ent r="3" t="220" w="23" /><ent r="3" t="222" w="28" /><ent r="6" t="230" w="45" /><ent r="6" t="230" w="54" /><ent r="3" t="231" w="63" /><ent r="4" t="231" w="181" /><ent r="4" t="231" w="263" /><ent r="4" t="231" w="331" /><ent r="3" t="237" w="108" /><ent r="7" t="240" w="86" /><ent r="7" t="240" w="122" /><ent r="7" t="240" w="199" /></phr></stem><stem n="import"><phr n="Imports"><ent r="7" t="5" w="28" /></phr><phr n="Import"><ent r="68" t="5" w="37" /><ent r="1000" t="18" w="1" /><ent r="102" t="18" w="10" /><ent r="5" t="18" w="45" /><ent r="4" t="18" w="60" /><ent r="3" t="18" w="77" /><ent r="4" t="18" w="96" /><ent r="64" t="18" w="176" /><ent r="64" t="18" w="238" /><ent r="64" t="19" w="162" /><ent r="66" t="20" w="83" /><ent r="65" t="20" w="294" /><ent r="4" t="20" w="308" /><ent r="65" t="20" w="507" /><ent r="64" t="20" w="570" /><ent r="1000" t="21" w="1" /><ent r="102" t="21" w="13" /><ent r="92" t="21" w="231" /><ent r="5" t="21" w="246" /><ent r="4" t="21" w="252" /><ent r="4" t="21" w="273" /><ent r="4" t="21" w="432" /><ent r="92" t="21" w="450" /><ent r="5" t="21" w="488" /><ent r="64" t="21" w="532" /><ent r="5" t="23" w="37" /><ent r="4" t="23" w="43" /><ent r="3" t="23" w="116" /><ent r="64" t="29" w="121" /><ent r="1000" t="31" w="1" /><ent r="102" t="31" w="4" /><ent r="100" t="31" w="8" /><ent r="3" t="31" w="17" /><ent r="3" t="31" w="32" /><ent r="64" t="31" w="56" /><ent r="64" t="31" w="61" /><ent r="4" t="44" w="200" /><ent r="4" t="44" w="209" /><ent r="4" t="44" w="250" /><ent r="65" t="98" w="15" /><ent r="4" t="111" w="87" /><ent r="66" t="143" w="196" /><ent r="1000" t="145" w="1" /><ent r="102" t="145" w="4" /><ent r="100" t="145" w="7" /><ent r="3" t="145" w="13" /><ent r="4" t="145" w="32" /><ent r="4" t="145" w="74" /><ent r="64" t="169" w="119" /><ent r="64" t="178" w="361" /><ent r="92" t="179" w="523" /><ent r="5" t="179" w="536" /><ent r="5" t="179" w="2325" /><ent r="4" t="180" w="744" /><ent r="92" t="180" w="761" /><ent r="5" t="180" w="779" /><ent r="5" t="181" w="398" /><ent r="4" t="181" w="404" /><ent r="6" t="181" w="458" /><ent r="4" t="182" w="350" /><ent r="1000" t="183" w="2" /><ent r="102" t="183" w="11" /><ent r="4" t="183" w="65" /><ent r="92" t="183" w="623" /><ent r="5" t="183" w="636" /><ent r="92" t="183" w="756" /><ent r="5" t="183" w="797" /><ent r="64" t="184" w="380" /><ent r="5" t="184" w="638" /><ent r="4" t="185" w="70" /><ent r="5" t="185" w="245" /><ent r="4" t="185" w="251" /><ent r="4" t="185" w="485" /><ent r="5" t="186" w="511" /><ent r="5" t="186" w="839" /><ent r="5" t="187" w="461" /><ent r="3" t="187" w="990" /><ent r="3" t="187" w="1060" /><ent r="7" t="187" w="1134" /><ent r="3" t="187" w="1371" /><ent r="7" t="188" w="918" /><ent r="7" t="188" w="983" /><ent r="3" t="188" w="1216" /><ent r="3" t="195" w="163" /><ent r="1000" t="200" w="1" /><ent r="102" t="200" w="5" /><ent r="5" t="200" w="76" /><ent r="4" t="200" w="83" /><ent r="100" t="208" w="7" /><ent r="3" t="208" w="17" /><ent r="1000" t="209" w="3" /><ent r="100" t="209" w="11" /><ent r="100" t="209" w="14" /><ent r="102" t="209" w="22" /><ent r="100" t="212" w="7" /><ent r="3" t="212" w="17" /><ent r="5" t="213" w="125" /><ent r="4" t="213" w="140" /><ent r="3" t="213" w="157" /><ent r="4" t="213" w="176" /><ent r="100" t="214" w="6" /><ent r="4" t="214" w="67" /><ent r="4" t="214" w="87" /><ent r="5" t="226" w="161" /></phr><phr n="import"><ent r="100" t="18" w="13" /><ent r="100" t="18" w="19" /><ent r="3" t="18" w="22" /><ent r="4" t="18" w="110" /><ent r="3" t="18" w="137" /><ent r="3" t="19" w="133" /><ent r="3" t="19" w="174" /><ent r="64" t="20" w="35" /><ent r="4" t="20" w="94" /><ent r="4" t="20" w="241" /><ent r="4" t="20" w="271" /><ent r="4" t="20" w="431" /><ent r="4" t="20" w="451" /><ent r="100" t="21" w="5" /><ent r="100" t="21" w="11" /><ent r="3" t="21" w="81" /><ent r="3" t="21" w="103" /><ent r="3" t="21" w="125" /><ent r="3" t="21" w="134" /><ent r="3" t="21" w="171" /><ent r="3" t="21" w="184" /><ent r="3" t="21" w="205" /><ent r="64" t="21" w="212" /><ent r="4" t="21" w="263" /><ent r="4" t="21" w="422" /><ent r="4" t="21" w="494" /><ent r="4" t="21" w="514" /><ent r="4" t="23" w="23" /><ent r="4" t="23" w="70" /><ent r="4" t="23" w="82" /><ent r="100" t="31" w="13" /><ent r="3" t="111" w="71" /><ent r="5" t="143" w="204" /><ent r="100" t="145" w="11" /><ent r="3" t="145" w="20" /><ent r="5" t="145" w="92" /><ent r="3" t="157" w="183" /><ent r="3" t="169" w="116" /><ent r="4" t="179" w="582" /><ent r="3" t="179" w="2369" /><ent r="92" t="180" w="679" /><ent r="3" t="180" w="685" /><ent r="3" t="180" w="693" /><ent r="5" t="180" w="757" /><ent r="3" t="181" w="47" /><ent r="3" t="181" w="1609" /><ent r="3" t="183" w="42" /><ent r="4" t="183" w="897" /><ent r="3" t="183" w="1116" /><ent r="3" t="184" w="377" /><ent r="3" t="185" w="43" /><ent r="4" t="185" w="110" /><ent r="3" t="185" w="128" /><ent r="4" t="185" w="446" /><ent r="4" t="185" w="492" /><ent r="4" t="185" w="558" /><ent r="3" t="185" w="571" /><ent r="4" t="187" w="1803" /><ent r="3" t="195" w="272" /><ent r="64" t="198" w="29" /><ent r="4" t="200" w="114" /><ent r="3" t="200" w="134" /><ent r="3" t="200" w="147" /><ent r="3" t="200" w="170" /><ent r="3" t="208" w="23" /><ent r="3" t="208" w="661" /><ent r="3" t="208" w="723" /><ent r="3" t="209" w="42" /><ent r="3" t="209" w="90" /><ent r="3" t="213" w="12" /><ent r="3" t="213" w="107" /><ent r="4" t="213" w="190" /><ent r="4" t="213" w="271" /><ent r="3" t="213" w="385" /><ent r="100" t="214" w="12" /></phr><phr n="importer"><ent r="4" t="18" w="144" /><ent r="3" t="20" w="27" /><ent r="4" t="20" w="101" /><ent r="4" t="20" w="114" /><ent r="4" t="20" w="121" /><ent r="4" t="20" w="197" /><ent r="4" t="20" w="201" /><ent r="4" t="20" w="421" /><ent r="3" t="31" w="52" /><ent r="3" t="33" w="18" /><ent r="3" t="33" w="22" /><ent r="8" t="125" w="408" /><ent r="4" t="145" w="105" /><ent r="100" t="200" w="10" /><ent r="100" t="200" w="12" /><ent r="3" t="200" w="26" /><ent r="3" t="200" w="59" /><ent r="4" t="208" w="602" /><ent r="3" t="214" w="120" /><ent r="3" t="214" w="139" /></phr><phr n="Importer"><ent r="4" t="18" w="147" /><ent r="3" t="19" w="155" /><ent r="5" t="20" w="51" /><ent r="5" t="20" w="89" /><ent r="4" t="20" w="127" /><ent r="5" t="20" w="130" /><ent r="5" t="20" w="141" /><ent r="5" t="20" w="153" /><ent r="65" t="20" w="183" /><ent r="5" t="20" w="188" /><ent r="4" t="20" w="193" /><ent r="4" t="20" w="208" /><ent r="65" t="20" w="231" /><ent r="5" t="20" w="236" /><ent r="5" t="20" w="262" /><ent r="5" t="20" w="266" /><ent r="4" t="20" w="284" /><ent r="5" t="20" w="325" /><ent r="4" t="20" w="364" /><ent r="5" t="20" w="377" /><ent r="5" t="20" w="381" /><ent r="5" t="20" w="385" /><ent r="5" t="20" w="426" /><ent r="5" t="20" w="446" /><ent r="5" t="20" w="458" /><ent r="5" t="20" w="462" /><ent r="5" t="20" w="465" /><ent r="65" t="20" w="478" /><ent r="5" t="20" w="482" /><ent r="5" t="20" w="487" /><ent r="4" t="20" w="492" /><ent r="5" t="20" w="514" /><ent r="5" t="20" w="524" /><ent r="65" t="20" w="546" /><ent r="3" t="21" w="57" /><ent r="4" t="21" w="281" /><ent r="4" t="21" w="285" /><ent r="1000" t="23" w="2" /><ent r="102" t="23" w="5" /><ent r="100" t="23" w="8" /><ent r="3" t="23" w="12" /><ent r="5" t="23" w="49" /><ent r="4" t="23" w="55" /><ent r="4" t="25" w="103" /><ent r="1000" t="32" w="2" /><ent r="102" t="32" w="7" /><ent r="3" t="32" w="11" /><ent r="3" t="32" w="94" /><ent r="4" t="32" w="153" /><ent r="4" t="32" w="159" /><ent r="4" t="32" w="174" /><ent r="1000" t="33" w="3" /><ent r="102" t="33" w="9" /><ent r="3" t="33" w="14" /><ent r="3" t="33" w="29" /><ent r="3" t="33" w="57" /><ent r="8" t="125" w="405" /><ent r="64" t="178" w="378" /><ent r="5" t="179" w="558" /><ent r="5" t="179" w="564" /><ent r="4" t="179" w="570" /><ent r="4" t="179" w="593" /><ent r="1000" t="185" w="8" /><ent r="100" t="185" w="14" /><ent r="102" t="185" w="23" /><ent r="4" t="185" w="256" /><ent r="5" t="185" w="263" /><ent r="4" t="186" w="530" /><ent r="5" t="186" w="536" /><ent r="5" t="186" w="542" /><ent r="4" t="186" w="858" /><ent r="5" t="186" w="864" /><ent r="5" t="186" w="870" /><ent r="1000" t="194" w="3" /><ent r="102" t="194" w="10" /><ent r="3" t="194" w="18" /><ent r="3" t="194" w="306" /><ent r="5" t="200" w="89" /><ent r="5" t="200" w="95" /><ent r="64" t="209" w="224" /></phr><phr n="importers"><ent r="4" t="18" w="155" /><ent r="3" t="20" w="48" /><ent r="3" t="20" w="553" /><ent r="3" t="125" w="87" /><ent r="4" t="171" w="190" /><ent r="4" t="171" w="235" /><ent r="4" t="208" w="478" /></phr><phr n="Importers"><ent r="65" t="18" w="158" /><ent r="1000" t="20" w="1" /><ent r="100" t="20" w="3" /><ent r="102" t="20" w="5" /><ent r="3" t="20" w="7" /><ent r="3" t="20" w="17" /><ent r="92" t="22" w="86" /></phr><phr n="imported"><ent r="3" t="18" w="192" /><ent r="3" t="18" w="211" /><ent r="3" t="18" w="234" /><ent r="3" t="21" w="92" /><ent r="3" t="21" w="229" /><ent r="4" t="21" w="308" /><ent r="3" t="21" w="446" /><ent r="3" t="179" w="1529" /><ent r="3" t="182" w="824" /><ent r="3" t="184" w="1320" /><ent r="4" t="185" w="117" /><ent r="3" t="195" w="252" /><ent r="3" t="195" w="261" /><ent r="3" t="195" w="331" /><ent r="3" t="209" w="70" /><ent r="3" t="209" w="79" /><ent r="3" t="209" w="149" /></phr><phr n="imports"><ent r="4" t="20" w="365" /><ent r="3" t="21" w="72" /><ent r="3" t="183" w="316" /><ent r="3" t="184" w="303" /></phr><phr n="importing"><ent r="4" t="23" w="75" /><ent r="3" t="31" w="27" /><ent r="4" t="31" w="98" /><ent r="3" t="44" w="194" /><ent r="3" t="102" w="27" /><ent r="3" t="179" w="34" /><ent r="4" t="181" w="548" /><ent r="3" t="183" w="31" /><ent r="4" t="185" w="64" /></phr><phr n="Importing"><ent r="65" t="31" w="104" /><ent r="1000" t="214" w="2" /><ent r="102" t="214" w="15" /></phr><phr n="Important"><ent r="4" t="44" w="663" /><ent r="4" t="172" w="228" /></phr></stem></index>