﻿<?xml version="1.0" encoding="utf-8"?><index><stem n="360"><phr n="360"><ent r="6" t="7" w="212" /><ent r="6" t="7" w="214" /><ent r="7" t="39" w="158" /><ent r="7" t="39" w="160" /><ent r="6" t="230" w="522" /><ent r="6" t="230" w="645" /></phr></stem><stem n="-360."><phr n="-360."><ent r="6" t="7" w="215" /><ent r="6" t="7" w="215" /><ent r="7" t="39" w="161" /><ent r="7" t="39" w="161" /></phr></stem><stem n="freeli"><phr n="freely"><ent r="6" t="7" w="221" /><ent r="7" t="39" w="168" /></phr></stem><stem n="georeferenc"><phr n="georeferenced"><ent r="5" t="7" w="239" /><ent r="64" t="13" w="35" /><ent r="65" t="26" w="530" /><ent r="4" t="26" w="555" /><ent r="4" t="28" w="233" /><ent r="3" t="42" w="23" /><ent r="3" t="66" w="49" /><ent r="3" t="66" w="59" /><ent r="3" t="73" w="83" /><ent r="3" t="110" w="79" /><ent r="3" t="110" w="113" /><ent r="6" t="111" w="19" /><ent r="3" t="145" w="187" /><ent r="4" t="171" w="159" /><ent r="3" t="180" w="164" /><ent r="3" t="180" w="213" /><ent r="4" t="180" w="1189" /><ent r="4" t="180" w="2479" /><ent r="4" t="180" w="2488" /><ent r="3" t="182" w="1326" /><ent r="4" t="183" w="678" /><ent r="5" t="190" w="234" /><ent r="5" t="190" w="249" /><ent r="7" t="199" w="573" /></phr><phr n="georeferencing"><ent r="64" t="49" w="81" /><ent r="3" t="110" w="187" /><ent r="3" t="110" w="323" /><ent r="7" t="125" w="392" /><ent r="7" t="125" w="400" /><ent r="5" t="143" w="207" /><ent r="3" t="145" w="23" /><ent r="3" t="163" w="40" /><ent r="3" t="171" w="104" /><ent r="4" t="171" w="148" /><ent r="4" t="171" w="155" /><ent r="3" t="172" w="242" /><ent r="3" t="180" w="55" /><ent r="3" t="180" w="183" /><ent r="3" t="180" w="190" /><ent r="3" t="180" w="971" /><ent r="4" t="180" w="1046" /><ent r="3" t="180" w="2246" /><ent r="3" t="180" w="2251" /><ent r="3" t="180" w="3157" /><ent r="3" t="182" w="695" /><ent r="3" t="182" w="705" /><ent r="3" t="182" w="710" /><ent r="4" t="183" w="664" /><ent r="3" t="183" w="735" /><ent r="4" t="184" w="735" /><ent r="100" t="238" w="14" /></phr><phr n="Georeferencing"><ent r="64" t="180" w="1031" /><ent r="4" t="180" w="1041" /><ent r="65" t="180" w="1175" /><ent r="4" t="180" w="1726" /><ent r="1000" t="238" w="3" /><ent r="102" t="238" w="7" /><ent r="93" t="238" w="11" /></phr></stem><stem n="so"><phr n="so"><ent r="5" t="7" w="241" /><ent r="4" t="40" w="193" /><ent r="3" t="42" w="25" /><ent r="4" t="42" w="57" /><ent r="3" t="48" w="184" /><ent r="4" t="48" w="217" /><ent r="4" t="58" w="208" /><ent r="4" t="72" w="70" /><ent r="4" t="79" w="84" /><ent r="5" t="90" w="385" /><ent r="4" t="108" w="268" /><ent r="5" t="116" w="202" /><ent r="3" t="125" w="943" /><ent r="3" t="145" w="216" /><ent r="3" t="165" w="66" /><ent r="3" t="167" w="657" /><ent r="3" t="167" w="726" /><ent r="3" t="176" w="52" /><ent r="3" t="177" w="134" /><ent r="3" t="179" w="280" /><ent r="4" t="179" w="605" /><ent r="4" t="179" w="2040" /><ent r="3" t="180" w="340" /><ent r="4" t="180" w="810" /><ent r="3" t="180" w="2205" /><ent r="4" t="180" w="2363" /><ent r="4" t="180" w="2795" /><ent r="4" t="180" w="2944" /><ent r="3" t="180" w="3064" /><ent r="4" t="182" w="452" /><ent r="4" t="182" w="892" /><ent r="4" t="182" w="1054" /><ent r="3" t="184" w="781" /><ent r="4" t="185" w="476" /><ent r="3" t="187" w="1298" /><ent r="4" t="188" w="610" /><ent r="4" t="188" w="766" /><ent r="3" t="188" w="1116" /><ent r="6" t="188" w="1290" /><ent r="3" t="192" w="65" /><ent r="4" t="208" w="497" /><ent r="3" t="238" w="431" /><ent r="7" t="242" w="131" /></phr><phr n="So"><ent r="3" t="178" w="149" /><ent r="3" t="187" w="1037" /><ent r="3" t="233" w="37" /><ent r="3" t="233" w="68" /></phr></stem><stem n="north"><phr n="north"><ent r="5" t="7" w="248" /><ent r="3" t="42" w="34" /><ent r="4" t="42" w="64" /><ent r="5" t="190" w="226" /></phr><phr n="North"><ent r="66" t="7" w="250" /><ent r="1000" t="42" w="1" /><ent r="102" t="42" w="4" /><ent r="100" t="42" w="7" /><ent r="3" t="42" w="11" /><ent r="4" t="42" w="43" /><ent r="7" t="199" w="452" /><ent r="3" t="199" w="767" /><ent r="6" t="230" w="157" /><ent r="6" t="230" w="209" /><ent r="6" t="230" w="381" /><ent r="6" t="230" w="497" /><ent r="6" t="230" w="538" /><ent r="6" t="230" w="544" /><ent r="6" t="230" w="578" /></phr><phr n="northing"><ent r="7" t="199" w="443" /></phr></stem><stem n="angl"><phr n="angle"><ent r="5" t="7" w="260" /><ent r="3" t="43" w="19" /><ent r="3" t="43" w="28" /><ent r="4" t="43" w="38" /><ent r="3" t="43" w="128" /><ent r="6" t="230" w="515" /><ent r="6" t="230" w="635" /></phr><phr n="angles"><ent r="4" t="147" w="207" /><ent r="3" t="171" w="59" /><ent r="3" t="182" w="132" /></phr></stem><stem n="raster"><phr n="raster"><ent r="5" t="7" w="264" /><ent r="4" t="28" w="217" /><ent r="100" t="30" w="13" /><ent r="3" t="30" w="23" /><ent r="3" t="30" w="78" /><ent r="3" t="43" w="23" /><ent r="4" t="44" w="173" /><ent r="3" t="44" w="195" /><ent r="4" t="44" w="279" /><ent r="4" t="53" w="140" /><ent r="5" t="90" w="400" /><ent r="6" t="90" w="432" /><ent r="6" t="90" w="504" /><ent r="5" t="90" w="598" /><ent r="4" t="91" w="101" /><ent r="4" t="91" w="114" /><ent r="3" t="95" w="26" /><ent r="4" t="95" w="142" /><ent r="4" t="99" w="34" /><ent r="3" t="137" w="154" /><ent r="3" t="137" w="170" /><ent r="3" t="137" w="176" /><ent r="5" t="143" w="209" /><ent r="3" t="145" w="25" /><ent r="100" t="153" w="9" /><ent r="3" t="153" w="25" /><ent r="5" t="153" w="391" /><ent r="5" t="153" w="683" /><ent r="5" t="153" w="826" /><ent r="5" t="153" w="1118" /><ent r="3" t="157" w="193" /><ent r="3" t="157" w="826" /><ent r="3" t="165" w="18" /><ent r="3" t="165" w="48" /><ent r="5" t="165" w="260" /><ent r="5" t="165" w="716" /><ent r="3" t="174" w="26" /><ent r="3" t="174" w="43" /><ent r="3" t="174" w="52" /><ent r="3" t="174" w="109" /><ent r="64" t="175" w="26" /><ent r="3" t="195" w="60" /><ent r="3" t="195" w="181" /><ent r="4" t="195" w="421" /><ent r="3" t="209" w="51" /><ent r="3" t="213" w="400" /></phr><phr n="Raster"><ent r="1000" t="30" w="3" /><ent r="102" t="30" w="8" /><ent r="5" t="44" w="393" /><ent r="3" t="87" w="120" /><ent r="64" t="137" w="181" /><ent r="5" t="145" w="77" /><ent r="64" t="146" w="50" /><ent r="1000" t="153" w="1" /><ent r="102" t="153" w="5" /><ent r="3" t="153" w="15" /><ent r="4" t="153" w="67" /><ent r="5" t="153" w="118" /><ent r="1000" t="165" w="1" /><ent r="100" t="165" w="5" /><ent r="100" t="165" w="10" /><ent r="102" t="165" w="13" /><ent r="3" t="165" w="86" /><ent r="5" t="180" w="747" /><ent r="3" t="187" w="1019" /><ent r="3" t="188" w="1006" /></phr></stem><stem n="metadata"><phr n="metadata"><ent r="5" t="7" w="266" /><ent r="4" t="20" w="372" /><ent r="4" t="23" w="86" /><ent r="3" t="23" w="106" /><ent r="3" t="23" w="135" /><ent r="4" t="25" w="129" /><ent r="4" t="26" w="576" /><ent r="3" t="43" w="25" /><ent r="4" t="43" w="95" /><ent r="3" t="67" w="50" /><ent r="3" t="68" w="32" /><ent r="3" t="68" w="53" /><ent r="4" t="68" w="63" /><ent r="3" t="68" w="164" /><ent r="3" t="102" w="43" /><ent r="3" t="157" w="32" /><ent r="3" t="157" w="51" /><ent r="3" t="157" w="63" /><ent r="3" t="157" w="755" /><ent r="3" t="157" w="771" /><ent r="3" t="157" w="774" /><ent r="3" t="180" w="934" /><ent r="3" t="185" w="353" /><ent r="3" t="211" w="15" /><ent r="3" t="211" w="31" /><ent r="3" t="211" w="40" /><ent r="3" t="211" w="42" /><ent r="100" t="231" w="9" /><ent r="3" t="231" w="27" /><ent r="4" t="231" w="128" /><ent r="4" t="231" w="162" /><ent r="4" t="231" w="221" /><ent r="3" t="231" w="244" /><ent r="4" t="231" w="287" /><ent r="3" t="231" w="299" /><ent r="3" t="231" w="317" /><ent r="64" t="232" w="17" /><ent r="3" t="232" w="57" /></phr><phr n="Metadata"><ent r="5" t="20" w="513" /><ent r="3" t="23" w="121" /><ent r="64" t="23" w="140" /><ent r="64" t="23" w="145" /><ent r="5" t="25" w="216" /><ent r="5" t="26" w="570" /><ent r="65" t="31" w="88" /><ent r="5" t="43" w="71" /><ent r="4" t="43" w="108" /><ent r="92" t="68" w="42" /><ent r="3" t="68" w="45" /><ent r="3" t="157" w="121" /><ent r="92" t="157" w="747" /><ent r="3" t="157" w="751" /><ent r="64" t="157" w="789" /><ent r="3" t="157" w="981" /><ent r="64" t="157" w="1010" /><ent r="3" t="194" w="301" /><ent r="3" t="194" w="305" /><ent r="64" t="208" w="745" /><ent r="64" t="209" w="241" /><ent r="64" t="210" w="50" /><ent r="1000" t="211" w="1" /><ent r="102" t="211" w="4" /><ent r="100" t="211" w="7" /><ent r="3" t="211" w="11" /><ent r="64" t="211" w="48" /><ent r="64" t="212" w="137" /><ent r="64" t="213" w="891" /><ent r="1000" t="231" w="3" /><ent r="102" t="231" w="7" /><ent r="92" t="231" w="36" /><ent r="4" t="231" w="41" /><ent r="4" t="231" w="48" /><ent r="3" t="231" w="113" /><ent r="92" t="231" w="171" /><ent r="4" t="231" w="176" /><ent r="3" t="231" w="212" /><ent r="64" t="231" w="248" /><ent r="92" t="231" w="253" /><ent r="4" t="231" w="258" /><ent r="92" t="231" w="310" /><ent r="4" t="231" w="326" /><ent r="1000" t="232" w="1" /><ent r="102" t="232" w="4" /><ent r="3" t="232" w="32" /></phr></stem><stem n="reset"><phr n="Resets"><ent r="6" t="7" w="271" /><ent r="5" t="7" w="292" /><ent r="7" t="39" w="183" /><ent r="6" t="169" w="510" /></phr><phr n="Reset"><ent r="66" t="7" w="300" /><ent r="7" t="39" w="181" /><ent r="64" t="89" w="284" /><ent r="5" t="90" w="567" /><ent r="66" t="90" w="587" /><ent r="4" t="142" w="296" /><ent r="4" t="142" w="497" /><ent r="4" t="142" w="518" /><ent r="5" t="156" w="500" /><ent r="5" t="157" w="473" /><ent r="5" t="158" w="470" /><ent r="4" t="168" w="163" /><ent r="4" t="179" w="1079" /><ent r="3" t="179" w="2000" /><ent r="5" t="213" w="601" /><ent r="5" t="226" w="231" /><ent r="1000" t="237" w="1" /><ent r="102" t="237" w="4" /><ent r="4" t="237" w="31" /><ent r="5" t="237" w="49" /><ent r="4" t="237" w="79" /><ent r="3" t="237" w="96" /></phr><phr n="reset"><ent r="3" t="47" w="143" /><ent r="4" t="47" w="172" /><ent r="5" t="90" w="580" /><ent r="3" t="156" w="483" /><ent r="3" t="157" w="456" /><ent r="4" t="158" w="453" /><ent r="4" t="179" w="66" /><ent r="4" t="179" w="1083" /><ent r="4" t="179" w="1708" /><ent r="3" t="179" w="2008" /><ent r="3" t="213" w="584" /><ent r="100" t="237" w="7" /><ent r="100" t="237" w="11" /><ent r="3" t="237" w="24" /><ent r="4" t="237" w="59" /><ent r="3" t="237" w="72" /><ent r="4" t="237" w="84" /><ent r="3" t="237" w="89" /><ent r="3" t="237" w="119" /></phr><phr n="Resetting"><ent r="92" t="142" w="459" /><ent r="3" t="142" w="463" /></phr><phr n="resetting"><ent r="3" t="142" w="650" /></phr></stem><stem n="origin"><phr n="original"><ent r="6" t="7" w="277" /><ent r="7" t="39" w="189" /><ent r="3" t="49" w="84" /><ent r="3" t="85" w="220" /><ent r="7" t="90" w="319" /><ent r="5" t="90" w="585" /><ent r="3" t="167" w="110" /><ent r="3" t="167" w="121" /><ent r="3" t="167" w="136" /><ent r="3" t="167" w="963" /><ent r="3" t="167" w="971" /><ent r="3" t="170" w="249" /><ent r="3" t="179" w="265" /><ent r="4" t="179" w="1088" /><ent r="4" t="186" w="703" /><ent r="3" t="187" w="970" /><ent r="3" t="188" w="860" /><ent r="5" t="224" w="154" /><ent r="5" t="226" w="235" /><ent r="3" t="237" w="29" /><ent r="3" t="237" w="127" /><ent r="3" t="238" w="458" /></phr><phr n="origin"><ent r="3" t="108" w="433" /><ent r="3" t="158" w="220" /><ent r="3" t="158" w="223" /></phr><phr n="Origin"><ent r="5" t="108" w="459" /><ent r="5" t="156" w="256" /></phr><phr n="originally"><ent r="4" t="167" w="573" /><ent r="3" t="171" w="85" /></phr><phr n="Original"><ent r="3" t="179" w="274" /></phr></stem><stem n="orient"><phr n="orientation"><ent r="6" t="7" w="278" /><ent r="7" t="39" w="190" /><ent r="3" t="72" w="21" /><ent r="4" t="179" w="1091" /><ent r="5" t="226" w="236" /></phr><phr n="Orientation"><ent r="5" t="136" w="74" /></phr><phr n="oriented"><ent r="6" t="230" w="542" /></phr></stem><stem n="rgb"><phr n="RGB"><ent r="6" t="7" w="287" /><ent r="5" t="44" w="295" /><ent r="5" t="90" w="404" /><ent r="3" t="137" w="160" /><ent r="4" t="153" w="140" /><ent r="92" t="153" w="281" /><ent r="6" t="153" w="292" /><ent r="4" t="153" w="367" /><ent r="4" t="153" w="802" /><ent r="4" t="165" w="188" /><ent r="92" t="165" w="228" /><ent r="3" t="165" w="233" /><ent r="3" t="165" w="243" /><ent r="3" t="179" w="216" /><ent r="3" t="179" w="1208" /><ent r="4" t="179" w="1955" /><ent r="5" t="179" w="1982" /><ent r="4" t="179" w="1993" /><ent r="4" t="181" w="1517" /><ent r="3" t="181" w="1545" /><ent r="5" t="226" w="305" /></phr></stem><stem n="grayscal"><phr n="grayscale"><ent r="6" t="7" w="289" /><ent r="6" t="90" w="445" /><ent r="3" t="95" w="39" /><ent r="5" t="95" w="63" /><ent r="5" t="95" w="187" /><ent r="3" t="96" w="34" /><ent r="5" t="96" w="64" /><ent r="3" t="137" w="27" /><ent r="4" t="153" w="143" /><ent r="6" t="153" w="727" /><ent r="4" t="165" w="186" /><ent r="3" t="165" w="241" /><ent r="3" t="179" w="1230" /><ent r="3" t="179" w="1242" /><ent r="3" t="179" w="1374" /><ent r="4" t="179" w="1943" /><ent r="4" t="179" w="1951" /><ent r="5" t="226" w="285" /></phr><phr n="Grayscale"><ent r="92" t="153" w="716" /><ent r="92" t="165" w="226" /><ent r="3" t="165" w="231" /><ent r="5" t="226" w="245" /><ent r="5" t="226" w="255" /></phr></stem><stem n="stretch"><phr n="stretch"><ent r="5" t="7" w="294" /><ent r="3" t="87" w="139" /><ent r="3" t="87" w="161" /><ent r="100" t="89" w="6" /><ent r="100" t="89" w="9" /><ent r="3" t="89" w="32" /><ent r="3" t="89" w="65" /><ent r="3" t="89" w="84" /><ent r="4" t="89" w="110" /><ent r="3" t="89" w="149" /><ent r="4" t="89" w="169" /><ent r="5" t="89" w="175" /><ent r="5" t="89" w="184" /><ent r="5" t="89" w="206" /><ent r="5" t="89" w="237" /><ent r="5" t="89" w="264" /><ent r="3" t="89" w="271" /><ent r="5" t="90" w="187" /><ent r="7" t="90" w="460" /><ent r="6" t="90" w="475" /><ent r="6" t="90" w="486" /><ent r="6" t="90" w="512" /><ent r="5" t="90" w="573" /><ent r="5" t="90" w="582" /><ent r="4" t="91" w="126" /><ent r="4" t="95" w="157" /><ent r="3" t="110" w="139" /><ent r="4" t="153" w="141" /><ent r="4" t="153" w="144" /><ent r="6" t="153" w="289" /><ent r="4" t="153" w="301" /><ent r="4" t="153" w="309" /><ent r="4" t="153" w="330" /><ent r="4" t="153" w="343" /><ent r="4" t="153" w="346" /><ent r="4" t="153" w="357" /><ent r="5" t="153" w="408" /><ent r="5" t="153" w="423" /><ent r="5" t="153" w="448" /><ent r="5" t="153" w="464" /><ent r="5" t="153" w="512" /><ent r="5" t="153" w="538" /><ent r="5" t="153" w="552" /><ent r="4" t="153" w="569" /><ent r="5" t="153" w="581" /><ent r="5" t="153" w="587" /><ent r="5" t="153" w="619" /><ent r="5" t="153" w="652" /><ent r="5" t="153" w="690" /><ent r="6" t="153" w="724" /><ent r="4" t="153" w="736" /><ent r="4" t="153" w="744" /><ent r="4" t="153" w="765" /><ent r="4" t="153" w="778" /><ent r="4" t="153" w="781" /><ent r="4" t="153" w="792" /><ent r="5" t="153" w="843" /><ent r="5" t="153" w="858" /><ent r="5" t="153" w="883" /><ent r="5" t="153" w="899" /><ent r="5" t="153" w="947" /><ent r="5" t="153" w="973" /><ent r="5" t="153" w="987" /><ent r="4" t="153" w="1004" /><ent r="5" t="153" w="1016" /><ent r="5" t="153" w="1022" /><ent r="5" t="153" w="1054" /><ent r="5" t="153" w="1087" /><ent r="5" t="153" w="1125" /><ent r="4" t="154" w="401" /><ent r="4" t="154" w="426" /><ent r="4" t="154" w="442" /><ent r="4" t="165" w="370" /><ent r="4" t="165" w="378" /><ent r="4" t="165" w="398" /><ent r="4" t="165" w="409" /><ent r="5" t="165" w="446" /><ent r="5" t="165" w="461" /><ent r="5" t="165" w="486" /><ent r="5" t="165" w="502" /><ent r="5" t="165" w="550" /><ent r="5" t="165" w="576" /><ent r="5" t="165" w="590" /><ent r="4" t="165" w="608" /><ent r="5" t="165" w="614" /><ent r="5" t="165" w="620" /><ent r="5" t="165" w="652" /><ent r="5" t="165" w="682" /><ent r="5" t="165" w="723" /><ent r="7" t="199" w="577" /><ent r="7" t="199" w="583" /><ent r="3" t="199" w="791" /><ent r="100" t="236" w="7" /><ent r="3" t="236" w="11" /><ent r="4" t="236" w="44" /><ent r="4" t="236" w="59" /><ent r="4" t="236" w="84" /><ent r="4" t="236" w="100" /><ent r="4" t="236" w="148" /><ent r="4" t="236" w="174" /><ent r="4" t="236" w="188" /><ent r="100" t="237" w="8" /><ent r="100" t="237" w="10" /><ent r="3" t="237" w="17" /><ent r="3" t="237" w="26" /><ent r="3" t="237" w="74" /><ent r="3" t="238" w="43" /></phr><phr n="Stretch"><ent r="66" t="7" w="301" /><ent r="64" t="87" w="196" /><ent r="1000" t="89" w="1" /><ent r="102" t="89" w="12" /><ent r="5" t="89" w="129" /><ent r="4" t="89" w="159" /><ent r="64" t="89" w="285" /><ent r="7" t="90" w="452" /><ent r="68" t="90" w="468" /><ent r="7" t="90" w="471" /><ent r="6" t="90" w="489" /><ent r="67" t="90" w="496" /><ent r="5" t="90" w="499" /><ent r="7" t="90" w="517" /><ent r="7" t="90" w="526" /><ent r="5" t="90" w="566" /><ent r="66" t="90" w="588" /><ent r="5" t="91" w="90" /><ent r="4" t="91" w="99" /><ent r="92" t="153" w="282" /><ent r="4" t="153" w="360" /><ent r="92" t="153" w="717" /><ent r="4" t="153" w="795" /><ent r="5" t="165" w="366" /><ent r="5" t="165" w="394" /><ent r="5" t="165" w="597" /><ent r="1000" t="236" w="1" /><ent r="102" t="236" w="4" /><ent r="1000" t="237" w="2" /><ent r="102" t="237" w="5" /><ent r="5" t="237" w="50" /><ent r="64" t="237" w="132" /></phr><phr n="stretched"><ent r="3" t="165" w="73" /></phr></stem><stem n="refresh"><phr n="Refreshes"><ent r="7" t="7" w="303" /><ent r="5" t="90" w="286" /></phr><phr n="refreshes"><ent r="3" t="36" w="21" /><ent r="4" t="36" w="68" /><ent r="4" t="36" w="79" /></phr><phr n="Refresh"><ent r="5" t="90" w="283" /><ent r="92" t="99" w="151" /><ent r="5" t="99" w="176" /><ent r="5" t="226" w="205" /></phr><phr n="refresh"><ent r="3" t="99" w="161" /><ent r="3" t="121" w="42" /></phr></stem><stem n="r"><phr n="R"><ent r="7" t="7" w="311" /><ent r="5" t="90" w="612" /><ent r="5" t="165" w="274" /><ent r="7" t="199" w="492" /><ent r="5" t="226" w="210" /><ent r="5" t="226" w="318" /><ent r="5" t="241" w="127" /></phr></stem><stem n="forc"><phr n="Forces"><ent r="6" t="7" w="314" /></phr><phr n="forces"><ent r="3" t="46" w="89" /><ent r="4" t="208" w="366" /><ent r="4" t="208" w="464" /><ent r="4" t="208" w="539" /></phr><phr n="forced"><ent r="3" t="122" w="141" /><ent r="3" t="125" w="858" /><ent r="3" t="129" w="131" /></phr></stem><stem n="fulli"><phr n="fully"><ent r="6" t="7" w="317" /><ent r="3" t="46" w="92" /><ent r="4" t="108" w="273" /><ent r="3" t="187" w="107" /></phr></stem><stem n="render"><phr n="render"><ent r="6" t="7" w="318" /><ent r="3" t="46" w="93" /><ent r="3" t="109" w="310" /></phr><phr n="renders"><ent r="3" t="46" w="45" /></phr><phr n="rendering"><ent r="3" t="208" w="309" /></phr></stem><stem n="full"><phr n="full"><ent r="6" t="7" w="322" /><ent r="3" t="19" w="81" /><ent r="3" t="46" w="97" /><ent r="3" t="49" w="500" /><ent r="4" t="70" w="181" /><ent r="3" t="137" w="161" /><ent r="4" t="167" w="608" /><ent r="3" t="170" w="28" /><ent r="3" t="179" w="731" /><ent r="4" t="180" w="1498" /><ent r="4" t="188" w="1325" /><ent r="7" t="199" w="642" /></phr><phr n="Full"><ent r="67" t="7" w="326" /><ent r="1000" t="46" w="2" /><ent r="102" t="46" w="6" /><ent r="3" t="46" w="60" /><ent r="4" t="46" w="84" /><ent r="5" t="70" w="191" /><ent r="64" t="109" w="322" /><ent r="4" t="185" w="91" /><ent r="3" t="193" w="59" /><ent r="3" t="195" w="370" /><ent r="3" t="195" w="600" /><ent r="3" t="209" w="188" /></phr></stem><stem n="resolut"><phr n="resolution"><ent r="6" t="7" w="323" /><ent r="4" t="40" w="157" /><ent r="3" t="46" w="98" /><ent r="3" t="108" w="331" /><ent r="3" t="144" w="138" /><ent r="3" t="144" w="241" /><ent r="3" t="144" w="445" /><ent r="3" t="144" w="609" /><ent r="3" t="167" w="27" /><ent r="4" t="172" w="70" /><ent r="4" t="172" w="84" /><ent r="4" t="172" w="112" /><ent r="3" t="182" w="573" /><ent r="3" t="182" w="587" /><ent r="3" t="182" w="615" /><ent r="3" t="182" w="624" /><ent r="3" t="182" w="631" /><ent r="3" t="182" w="1345" /><ent r="3" t="183" w="1092" /><ent r="3" t="220" w="40" /><ent r="3" t="222" w="45" /><ent r="3" t="238" w="489" /><ent r="3" t="238" w="511" /></phr><phr n="Resolution"><ent r="4" t="93" w="136" /><ent r="4" t="108" w="320" /><ent r="4" t="144" w="126" /><ent r="3" t="144" w="153" /><ent r="4" t="144" w="229" /><ent r="3" t="144" w="256" /><ent r="4" t="144" w="433" /><ent r="3" t="144" w="460" /><ent r="4" t="144" w="597" /><ent r="3" t="144" w="624" /><ent r="92" t="220" w="21" /><ent r="4" t="220" w="28" /><ent r="3" t="220" w="55" /><ent r="92" t="222" w="26" /><ent r="4" t="222" w="33" /><ent r="3" t="222" w="60" /></phr></stem><stem n=":aoi"><phr n=":AOI"><ent r="100" t="8" w="8" /><ent r="100" t="58" w="4" /><ent r="100" t="58" w="7" /><ent r="100" t="62" w="10" /><ent r="100" t="148" w="14" /></phr></stem><stem n="new"><phr n="New"><ent r="64" t="8" w="38" /><ent r="64" t="11" w="37" /><ent r="4" t="44" w="553" /><ent r="5" t="44" w="561" /><ent r="64" t="53" w="195" /><ent r="64" t="54" w="99" /><ent r="1000" t="55" w="3" /><ent r="102" t="55" w="8" /><ent r="5" t="55" w="62" /><ent r="4" t="55" w="67" /><ent r="5" t="58" w="178" /><ent r="64" t="63" w="85" /><ent r="4" t="65" w="47" /><ent r="4" t="67" w="79" /><ent r="5" t="70" w="161" /><ent r="5" t="72" w="57" /><ent r="5" t="74" w="137" /><ent r="64" t="76" w="139" /><ent r="64" t="77" w="410" /><ent r="64" t="78" w="170" /><ent r="1000" t="79" w="3" /><ent r="102" t="79" w="8" /><ent r="5" t="79" w="59" /><ent r="64" t="80" w="253" /><ent r="64" t="130" w="113" /><ent r="1000" t="131" w="3" /><ent r="102" t="131" w="14" /><ent r="3" t="131" w="19" /><ent r="4" t="131" w="48" /><ent r="64" t="132" w="108" /><ent r="64" t="134" w="95" /><ent r="3" t="170" w="31" /><ent r="5" t="180" w="1390" /><ent r="5" t="180" w="2725" /><ent r="4" t="180" w="2766" /><ent r="4" t="180" w="2852" /><ent r="5" t="181" w="704" /><ent r="5" t="181" w="870" /><ent r="5" t="182" w="1148" /><ent r="5" t="184" w="859" /><ent r="5" t="186" w="568" /><ent r="3" t="186" w="580" /><ent r="92" t="186" w="826" /><ent r="5" t="186" w="882" /><ent r="3" t="186" w="1010" /><ent r="4" t="186" w="1142" /><ent r="3" t="186" w="1157" /><ent r="3" t="186" w="1183" /><ent r="3" t="190" w="18" /><ent r="3" t="194" w="290" /><ent r="4" t="198" w="369" /><ent r="93" t="238" w="143" /><ent r="7" t="240" w="73" /></phr><phr n="new"><ent r="7" t="8" w="123" /><ent r="7" t="8" w="139" /><ent r="7" t="11" w="185" /><ent r="5" t="13" w="69" /><ent r="4" t="25" w="56" /><ent r="3" t="26" w="54" /><ent r="4" t="26" w="171" /><ent r="4" t="29" w="88" /><ent r="3" t="44" w="39" /><ent r="4" t="44" w="513" /><ent r="4" t="44" w="529" /><ent r="82" t="44" w="535" /><ent r="4" t="44" w="549" /><ent r="4" t="44" w="571" /><ent r="4" t="44" w="613" /><ent r="3" t="44" w="623" /><ent r="3" t="47" w="93" /><ent r="3" t="49" w="43" /><ent r="3" t="49" w="88" /><ent r="4" t="49" w="445" /><ent r="4" t="53" w="90" /><ent r="4" t="53" w="116" /><ent r="100" t="55" w="12" /><ent r="100" t="55" w="17" /><ent r="3" t="55" w="22" /><ent r="4" t="55" w="87" /><ent r="3" t="55" w="110" /><ent r="4" t="58" w="192" /><ent r="4" t="58" w="219" /><ent r="7" t="59" w="106" /><ent r="7" t="59" w="169" /><ent r="4" t="60" w="146" /><ent r="4" t="61" w="52" /><ent r="4" t="62" w="186" /><ent r="3" t="62" w="203" /><ent r="4" t="65" w="135" /><ent r="4" t="65" w="173" /><ent r="4" t="65" w="234" /><ent r="4" t="65" w="276" /><ent r="4" t="66" w="118" /><ent r="4" t="67" w="158" /><ent r="4" t="67" w="241" /><ent r="4" t="70" w="155" /><ent r="3" t="74" w="131" /><ent r="4" t="74" w="142" /><ent r="64" t="78" w="135" /><ent r="100" t="79" w="12" /><ent r="100" t="79" w="17" /><ent r="100" t="79" w="19" /><ent r="3" t="79" w="34" /><ent r="4" t="79" w="40" /><ent r="3" t="81" w="155" /><ent r="3" t="81" w="160" /><ent r="3" t="81" w="335" /><ent r="3" t="83" w="33" /><ent r="4" t="83" w="215" /><ent r="3" t="83" w="255" /><ent r="4" t="83" w="269" /><ent r="4" t="83" w="282" /><ent r="4" t="89" w="109" /><ent r="3" t="96" w="18" /><ent r="3" t="99" w="144" /><ent r="3" t="110" w="196" /><ent r="3" t="110" w="232" /><ent r="4" t="110" w="465" /><ent r="3" t="110" w="504" /><ent r="7" t="116" w="25" /><ent r="4" t="120" w="67" /><ent r="3" t="121" w="33" /><ent r="3" t="123" w="175" /><ent r="3" t="123" w="476" /><ent r="3" t="131" w="23" /><ent r="3" t="131" w="52" /><ent r="3" t="131" w="86" /><ent r="3" t="132" w="20" /><ent r="3" t="132" w="54" /><ent r="5" t="143" w="224" /><ent r="4" t="143" w="295" /><ent r="3" t="146" w="21" /><ent r="3" t="148" w="173" /><ent r="3" t="149" w="175" /><ent r="3" t="153" w="1181" /><ent r="3" t="154" w="212" /><ent r="4" t="155" w="152" /><ent r="3" t="155" w="186" /><ent r="4" t="156" w="464" /><ent r="4" t="156" w="584" /><ent r="4" t="156" w="594" /><ent r="4" t="156" w="629" /><ent r="4" t="156" w="639" /><ent r="5" t="157" w="126" /><ent r="3" t="157" w="144" /><ent r="4" t="157" w="437" /><ent r="4" t="157" w="557" /><ent r="4" t="157" w="567" /><ent r="4" t="157" w="602" /><ent r="4" t="157" w="612" /><ent r="4" t="158" w="161" /><ent r="3" t="158" w="178" /><ent r="4" t="158" w="434" /><ent r="4" t="158" w="554" /><ent r="4" t="158" w="564" /><ent r="4" t="158" w="599" /><ent r="4" t="158" w="609" /><ent r="5" t="159" w="165" /><ent r="3" t="159" w="182" /><ent r="6" t="160" w="63" /><ent r="3" t="160" w="81" /><ent r="4" t="161" w="237" /><ent r="3" t="161" w="254" /><ent r="3" t="162" w="166" /><ent r="3" t="162" w="183" /><ent r="4" t="163" w="100" /><ent r="3" t="163" w="117" /><ent r="3" t="164" w="127" /><ent r="4" t="164" w="196" /><ent r="3" t="164" w="213" /><ent r="4" t="165" w="131" /><ent r="3" t="165" w="148" /><ent r="3" t="165" w="332" /><ent r="3" t="167" w="125" /><ent r="3" t="167" w="542" /><ent r="3" t="167" w="1021" /><ent r="3" t="169" w="129" /><ent r="3" t="169" w="404" /><ent r="4" t="169" w="430" /><ent r="4" t="169" w="450" /><ent r="4" t="169" w="470" /><ent r="3" t="170" w="53" /><ent r="3" t="170" w="260" /><ent r="3" t="180" w="267" /><ent r="3" t="180" w="388" /><ent r="3" t="180" w="2191" /><ent r="4" t="180" w="2262" /><ent r="4" t="180" w="2732" /><ent r="4" t="181" w="672" /><ent r="5" t="181" w="932" /><ent r="4" t="181" w="1304" /><ent r="4" t="181" w="1316" /><ent r="4" t="181" w="1321" /><ent r="4" t="182" w="1155" /><ent r="4" t="186" w="64" /><ent r="4" t="186" w="167" /><ent r="4" t="186" w="172" /><ent r="4" t="186" w="989" /><ent r="3" t="186" w="1024" /><ent r="3" t="187" w="1615" /><ent r="4" t="188" w="88" /><ent r="4" t="188" w="100" /><ent r="4" t="188" w="745" /><ent r="3" t="188" w="1338" /><ent r="7" t="190" w="102" /><ent r="7" t="190" w="138" /><ent r="7" t="190" w="217" /><ent r="5" t="190" w="265" /><ent r="4" t="195" w="589" /><ent r="4" t="195" w="690" /><ent r="4" t="195" w="712" /><ent r="4" t="195" w="742" /><ent r="4" t="198" w="374" /><ent r="3" t="198" w="388" /><ent r="3" t="208" w="204" /><ent r="4" t="213" w="565" /><ent r="4" t="213" w="684" /><ent r="4" t="213" w="694" /><ent r="4" t="213" w="729" /><ent r="4" t="213" w="739" /><ent r="3" t="215" w="28" /><ent r="3" t="219" w="159" /><ent r="3" t="227" w="157" /><ent r="3" t="227" w="205" /><ent r="4" t="227" w="229" /><ent r="3" t="227" w="245" /><ent r="3" t="238" w="86" /><ent r="3" t="238" w="116" /><ent r="100" t="240" w="17" /><ent r="7" t="240" w="77" /><ent r="7" t="240" w="168" /></phr></stem></index>