﻿<?xml version="1.0" encoding="utf-8"?><index><stem n="direct"><phr n="Direction"><ent r="5" t="3" w="76" /><ent r="5" t="3" w="104" /><ent r="6" t="14" w="253" /><ent r="64" t="16" w="37" /><ent r="1000" t="72" w="3" /><ent r="102" t="72" w="11" /><ent r="3" t="72" w="15" /><ent r="5" t="72" w="98" /><ent r="4" t="72" w="105" /><ent r="4" t="81" w="540" /></phr><phr n="direction"><ent r="5" t="14" w="257" /><ent r="4" t="37" w="84" /><ent r="100" t="72" w="7" /><ent r="4" t="72" w="76" /><ent r="4" t="72" w="85" /><ent r="3" t="72" w="128" /><ent r="3" t="81" w="544" /><ent r="4" t="81" w="555" /><ent r="4" t="81" w="590" /><ent r="3" t="142" w="53" /><ent r="6" t="191" w="49" /><ent r="6" t="191" w="58" /><ent r="6" t="191" w="65" /><ent r="6" t="191" w="80" /><ent r="3" t="193" w="24" /></phr><phr n="directed"><ent r="4" t="171" w="264" /></phr><phr n="directions"><ent r="7" t="199" w="536" /><ent r="3" t="238" w="414" /></phr></stem><stem n="+"><phr n="+"><ent r="6" t="3" w="114" /><ent r="5" t="3" w="139" /><ent r="5" t="3" w="154" /><ent r="7" t="5" w="34" /><ent r="7" t="5" w="91" /><ent r="7" t="5" w="127" /><ent r="7" t="5" w="164" /><ent r="7" t="5" w="218" /><ent r="7" t="5" w="267" /><ent r="7" t="7" w="310" /><ent r="3" t="18" w="85" /><ent r="3" t="32" w="139" /><ent r="4" t="44" w="381" /><ent r="3" t="46" w="160" /><ent r="3" t="46" w="173" /><ent r="3" t="46" w="177" /><ent r="3" t="50" w="121" /><ent r="3" t="50" w="125" /><ent r="3" t="51" w="68" /><ent r="4" t="51" w="96" /><ent r="3" t="64" w="233" /><ent r="3" t="100" w="157" /><ent r="3" t="101" w="160" /><ent r="3" t="102" w="138" /><ent r="4" t="106" w="159" /><ent r="4" t="107" w="101" /><ent r="4" t="108" w="114" /><ent r="4" t="108" w="130" /><ent r="4" t="109" w="115" /><ent r="4" t="109" w="131" /><ent r="3" t="109" w="180" /><ent r="4" t="109" w="259" /><ent r="4" t="109" w="261" /><ent r="4" t="109" w="274" /><ent r="3" t="118" w="83" /><ent r="3" t="120" w="44" /><ent r="4" t="144" w="71" /><ent r="3" t="144" w="370" /><ent r="4" t="145" w="71" /><ent r="4" t="147" w="110" /><ent r="4" t="148" w="110" /><ent r="4" t="149" w="124" /><ent r="4" t="150" w="119" /><ent r="4" t="151" w="112" /><ent r="4" t="152" w="110" /><ent r="4" t="153" w="106" /><ent r="4" t="154" w="107" /><ent r="4" t="155" w="117" /><ent r="3" t="156" w="322" /><ent r="83" t="156" w="328" /><ent r="3" t="156" w="336" /><ent r="4" t="156" w="439" /><ent r="3" t="156" w="736" /><ent r="3" t="157" w="298" /><ent r="83" t="157" w="304" /><ent r="3" t="157" w="312" /><ent r="4" t="157" w="412" /><ent r="3" t="157" w="709" /><ent r="3" t="158" w="294" /><ent r="83" t="158" w="300" /><ent r="3" t="158" w="308" /><ent r="4" t="158" w="409" /><ent r="3" t="158" w="706" /><ent r="3" t="169" w="155" /><ent r="4" t="180" w="741" /><ent r="3" t="193" w="117" /><ent r="3" t="193" w="227" /><ent r="3" t="213" w="165" /><ent r="100" t="213" w="223" /><ent r="65" t="213" w="228" /><ent r="100" t="213" w="338" /><ent r="65" t="213" w="343" /><ent r="92" t="213" w="430" /><ent r="3" t="213" w="437" /><ent r="4" t="213" w="540" /><ent r="3" t="213" w="841" /><ent r="5" t="226" w="87" /><ent r="5" t="226" w="97" /><ent r="5" t="226" w="107" /><ent r="5" t="226" w="117" /><ent r="5" t="226" w="125" /><ent r="5" t="226" w="133" /><ent r="5" t="226" w="142" /><ent r="5" t="226" w="149" /><ent r="5" t="226" w="156" /><ent r="5" t="226" w="166" /><ent r="5" t="226" w="174" /><ent r="5" t="226" w="184" /><ent r="5" t="226" w="193" /><ent r="5" t="226" w="200" /><ent r="5" t="226" w="209" /><ent r="5" t="226" w="327" /><ent r="5" t="226" w="329" /><ent r="5" t="226" w="364" /><ent r="4" t="228" w="125" /><ent r="3" t="228" w="188" /><ent r="4" t="229" w="111" /><ent r="7" t="239" w="100" /><ent r="7" t="239" w="136" /><ent r="7" t="239" w="175" /><ent r="7" t="240" w="109" /><ent r="7" t="240" w="145" /><ent r="7" t="240" w="156" /><ent r="6" t="241" w="82" /><ent r="5" t="241" w="126" /><ent r="7" t="242" w="106" /><ent r="7" t="242" w="107" /><ent r="6" t="242" w="121" /></phr></stem><stem n="ctrl"><phr n="Ctrl"><ent r="6" t="3" w="115" /><ent r="5" t="3" w="140" /><ent r="7" t="5" w="33" /><ent r="7" t="7" w="309" /><ent r="4" t="18" w="83" /><ent r="4" t="18" w="124" /><ent r="4" t="32" w="137" /><ent r="4" t="46" w="158" /><ent r="4" t="46" w="171" /><ent r="4" t="50" w="119" /><ent r="4" t="51" w="66" /><ent r="4" t="51" w="95" /><ent r="5" t="60" w="62" /><ent r="3" t="64" w="158" /><ent r="4" t="64" w="231" /><ent r="4" t="100" w="155" /><ent r="4" t="101" w="158" /><ent r="3" t="109" w="181" /><ent r="4" t="109" w="258" /><ent r="4" t="109" w="273" /><ent r="4" t="118" w="81" /><ent r="4" t="120" w="42" /><ent r="4" t="125" w="199" /><ent r="4" t="126" w="314" /><ent r="4" t="174" w="132" /><ent r="5" t="198" w="273" /><ent r="4" t="213" w="163" /><ent r="5" t="226" w="86" /><ent r="5" t="226" w="96" /><ent r="5" t="226" w="106" /><ent r="5" t="226" w="116" /><ent r="5" t="226" w="124" /><ent r="5" t="226" w="132" /><ent r="5" t="226" w="141" /><ent r="5" t="226" w="148" /><ent r="5" t="226" w="155" /><ent r="5" t="226" w="165" /><ent r="5" t="226" w="173" /><ent r="5" t="226" w="183" /><ent r="5" t="226" w="192" /><ent r="5" t="226" w="199" /><ent r="5" t="226" w="208" /><ent r="5" t="226" w="326" /><ent r="7" t="239" w="99" /><ent r="7" t="239" w="135" /><ent r="7" t="239" w="174" /><ent r="7" t="240" w="108" /><ent r="7" t="240" w="144" /><ent r="7" t="240" w="155" /><ent r="6" t="241" w="81" /><ent r="5" t="241" w="125" /><ent r="7" t="242" w="105" /><ent r="6" t="242" w="120" /></phr></stem><stem n="dynam"><phr n="dynamic"><ent r="6" t="3" w="119" /><ent r="3" t="109" w="175" /></phr><phr n="Dynamic"><ent r="92" t="109" w="165" /><ent r="5" t="153" w="201" /><ent r="92" t="165" w="751" /><ent r="5" t="165" w="756" /></phr><phr n="dynamically"><ent r="4" t="165" w="764" /></phr></stem><stem n="inset"><phr n="inset"><ent r="6" t="3" w="120" /><ent r="3" t="109" w="176" /><ent r="5" t="226" w="352" /><ent r="5" t="226" w="381" /></phr><phr n="Inset"><ent r="92" t="109" w="166" /></phr></stem><stem n="(the"><phr n="(the"><ent r="6" t="3" w="121" /><ent r="3" t="81" w="171" /><ent r="3" t="167" w="276" /><ent r="4" t="179" w="1582" /><ent r="3" t="180" w="2230" /><ent r="3" t="180" w="2514" /><ent r="3" t="195" w="654" /></phr><phr n="(The"><ent r="4" t="25" w="95" /><ent r="3" t="73" w="52" /><ent r="3" t="166" w="170" /></phr></stem><stem n="zoomed-in"><phr n="zoomed-in"><ent r="6" t="3" w="122" /><ent r="3" t="179" w="711" /><ent r="3" t="179" w="726" /><ent r="3" t="179" w="1652" /></phr></stem><stem n="region"><phr n="region"><ent r="6" t="3" w="124" /><ent r="4" t="58" w="71" /><ent r="4" t="58" w="87" /><ent r="3" t="84" w="62" /><ent r="4" t="84" w="84" /><ent r="4" t="84" w="105" /><ent r="4" t="95" w="158" /><ent r="4" t="147" w="216" /><ent r="3" t="167" w="420" /><ent r="3" t="175" w="35" /><ent r="4" t="179" w="1678" /><ent r="3" t="180" w="308" /><ent r="3" t="180" w="316" /><ent r="4" t="182" w="1182" /><ent r="4" t="182" w="1186" /></phr><phr n="regions"><ent r="3" t="84" w="28" /></phr><phr n="Region"><ent r="5" t="167" w="380" /><ent r="3" t="174" w="61" /><ent r="4" t="174" w="148" /><ent r="5" t="175" w="116" /><ent r="5" t="181" w="1246" /></phr></stem><stem n="scene"><phr n="scene"><ent r="6" t="3" w="127" /><ent r="6" t="11" w="148" /><ent r="3" t="49" w="537" /><ent r="4" t="58" w="62" /><ent r="4" t="58" w="74" /><ent r="4" t="58" w="107" /><ent r="4" t="75" w="50" /><ent r="4" t="83" w="161" /><ent r="4" t="83" w="174" /><ent r="3" t="84" w="37" /><ent r="3" t="84" w="45" /><ent r="3" t="84" w="55" /><ent r="4" t="156" w="805" /><ent r="4" t="179" w="1007" /><ent r="4" t="179" w="1042" /><ent r="3" t="180" w="296" /><ent r="4" t="180" w="1150" /><ent r="3" t="180" w="2042" /><ent r="4" t="183" w="968" /><ent r="4" t="183" w="978" /><ent r="3" t="238" w="515" /></phr><phr n="scenes"><ent r="3" t="82" w="19" /><ent r="3" t="82" w="44" /><ent r="3" t="164" w="60" /><ent r="4" t="173" w="120" /><ent r="3" t="180" w="424" /><ent r="4" t="180" w="2476" /><ent r="4" t="180" w="2486" /><ent r="4" t="182" w="1193" /></phr></stem><stem n=".)"><phr n=".)"><ent r="6" t="3" w="128" /><ent r="3" t="4" w="113" /><ent r="7" t="10" w="110" /><ent r="4" t="25" w="104" /><ent r="3" t="40" w="32" /><ent r="4" t="50" w="168" /><ent r="4" t="50" w="222" /><ent r="4" t="54" w="65" /><ent r="4" t="70" w="132" /><ent r="3" t="73" w="71" /><ent r="4" t="88" w="72" /><ent r="3" t="94" w="151" /><ent r="3" t="96" w="186" /><ent r="4" t="108" w="241" /><ent r="3" t="115" w="411" /><ent r="4" t="126" w="245" /><ent r="3" t="161" w="66" /><ent r="3" t="180" w="986" /><ent r="3" t="180" w="1033" /><ent r="4" t="180" w="1059" /><ent r="4" t="180" w="1177" /><ent r="4" t="180" w="1858" /><ent r="4" t="181" w="611" /><ent r="3" t="181" w="935" /><ent r="3" t="181" w="1578" /><ent r="4" t="182" w="1005" /><ent r="7" t="187" w="1171" /><ent r="3" t="187" w="1723" /><ent r="6" t="188" w="1303" /><ent r="4" t="189" w="61" /><ent r="3" t="226" w="48" /><ent r="6" t="230" w="443" /><ent r="3" t="231" w="307" /></phr></stem><stem n="context"><phr n="context"><ent r="5" t="3" w="134" /><ent r="4" t="26" w="123" /><ent r="3" t="182" w="716" /><ent r="3" t="183" w="132" /><ent r="3" t="184" w="122" /></phr></stem><stem n="copi"><phr n="Copies"><ent r="6" t="3" w="142" /><ent r="7" t="5" w="100" /><ent r="5" t="90" w="638" /><ent r="7" t="116" w="115" /><ent r="5" t="156" w="677" /><ent r="5" t="157" w="650" /><ent r="5" t="158" w="647" /><ent r="5" t="213" w="777" /><ent r="7" t="239" w="105" /></phr><phr n="copied"><ent r="7" t="5" w="113" /><ent r="3" t="170" w="51" /><ent r="3" t="174" w="87" /><ent r="4" t="175" w="239" /></phr><phr n="copy"><ent r="7" t="5" w="138" /><ent r="4" t="48" w="172" /><ent r="100" t="50" w="9" /><ent r="100" t="50" w="11" /><ent r="3" t="50" w="37" /><ent r="4" t="50" w="178" /><ent r="4" t="50" w="250" /><ent r="4" t="53" w="95" /><ent r="100" t="174" w="7" /><ent r="4" t="175" w="201" /><ent r="4" t="208" w="568" /><ent r="4" t="208" w="583" /><ent r="4" t="208" w="627" /><ent r="4" t="208" w="638" /><ent r="3" t="208" w="715" /><ent r="100" t="239" w="10" /></phr><phr n="Copy"><ent r="102" t="50" w="5" /><ent r="5" t="50" w="156" /><ent r="4" t="50" w="165" /><ent r="5" t="50" w="210" /><ent r="4" t="50" w="219" /><ent r="3" t="50" w="224" /><ent r="4" t="50" w="232" /><ent r="5" t="53" w="83" /><ent r="5" t="90" w="635" /><ent r="92" t="108" w="312" /><ent r="4" t="108" w="364" /><ent r="3" t="144" w="176" /><ent r="3" t="144" w="279" /><ent r="3" t="144" w="483" /><ent r="3" t="144" w="647" /><ent r="5" t="156" w="669" /><ent r="5" t="157" w="642" /><ent r="5" t="158" w="639" /><ent r="5" t="213" w="769" /><ent r="5" t="226" w="138" /><ent r="7" t="239" w="103" /></phr><phr n="Copying"><ent r="64" t="172" w="324" /><ent r="65" t="173" w="298" /><ent r="64" t="173" w="305" /><ent r="1000" t="174" w="1" /><ent r="102" t="174" w="10" /></phr><phr n="copying"><ent r="100" t="174" w="5" /><ent r="3" t="186" w="962" /></phr></stem><stem n="shift"><phr n="Shift"><ent r="5" t="3" w="155" /><ent r="4" t="18" w="120" /><ent r="3" t="18" w="219" /><ent r="4" t="46" w="175" /><ent r="4" t="49" w="543" /><ent r="4" t="50" w="123" /><ent r="5" t="60" w="66" /><ent r="4" t="64" w="97" /><ent r="4" t="125" w="195" /><ent r="4" t="174" w="130" /><ent r="4" t="180" w="1284" /><ent r="5" t="226" w="328" /><ent r="5" t="226" w="363" /></phr></stem><stem n="extend"><phr n="Extends"><ent r="6" t="3" w="157" /></phr><phr n="extend"><ent r="6" t="168" w="199" /></phr><phr n="extends"><ent r="6" t="168" w="202" /></phr></stem><stem n="load"><phr n="load"><ent r="3" t="4" w="73" /><ent r="3" t="20" w="11" /><ent r="4" t="20" w="146" /><ent r="4" t="20" w="158" /><ent r="4" t="20" w="330" /><ent r="4" t="20" w="390" /><ent r="4" t="20" w="418" /><ent r="4" t="20" w="438" /><ent r="4" t="20" w="470" /><ent r="3" t="21" w="459" /><ent r="3" t="22" w="64" /><ent r="3" t="22" w="91" /><ent r="3" t="23" w="16" /><ent r="3" t="32" w="15" /><ent r="3" t="33" w="62" /><ent r="3" t="78" w="61" /><ent r="3" t="82" w="42" /><ent r="100" t="95" w="4" /><ent r="3" t="95" w="44" /><ent r="4" t="95" w="132" /><ent r="3" t="96" w="303" /><ent r="6" t="106" w="48" /><ent r="6" t="108" w="44" /><ent r="6" t="109" w="45" /><ent r="3" t="111" w="40" /><ent r="3" t="111" w="50" /><ent r="3" t="124" w="55" /><ent r="100" t="133" w="6" /><ent r="100" t="133" w="8" /><ent r="3" t="133" w="17" /><ent r="4" t="133" w="64" /><ent r="6" t="143" w="55" /><ent r="6" t="147" w="42" /><ent r="6" t="148" w="42" /><ent r="6" t="149" w="42" /><ent r="6" t="150" w="49" /><ent r="6" t="151" w="45" /><ent r="6" t="152" w="41" /><ent r="6" t="153" w="38" /><ent r="6" t="154" w="38" /><ent r="6" t="155" w="48" /><ent r="3" t="157" w="802" /><ent r="5" t="167" w="316" /><ent r="3" t="168" w="252" /><ent r="4" t="169" w="360" /><ent r="4" t="169" w="378" /><ent r="3" t="169" w="544" /><ent r="3" t="172" w="37" /><ent r="4" t="179" w="2350" /><ent r="3" t="180" w="931" /><ent r="3" t="181" w="146" /><ent r="4" t="181" w="597" /><ent r="4" t="184" w="1164" /><ent r="3" t="194" w="286" /><ent r="3" t="195" w="36" /><ent r="7" t="199" w="482" /><ent r="4" t="208" w="386" /><ent r="4" t="208" w="560" /><ent r="4" t="208" w="636" /><ent r="3" t="208" w="708" /><ent r="3" t="212" w="24" /><ent r="3" t="214" w="51" /><ent r="3" t="217" w="280" /><ent r="6" t="229" w="42" /></phr><phr n="loading"><ent r="3" t="18" w="172" /><ent r="3" t="70" w="35" /><ent r="6" t="90" w="435" /><ent r="3" t="95" w="29" /><ent r="5" t="165" w="199" /><ent r="3" t="167" w="551" /><ent r="4" t="181" w="610" /><ent r="3" t="183" w="328" /><ent r="3" t="183" w="335" /><ent r="3" t="184" w="315" /><ent r="3" t="184" w="322" /></phr><phr n="Loads"><ent r="5" t="20" w="54" /><ent r="4" t="20" w="132" /><ent r="4" t="20" w="526" /></phr><phr n="loads"><ent r="4" t="20" w="210" /><ent r="4" t="20" w="350" /><ent r="3" t="33" w="31" /><ent r="3" t="131" w="28" /><ent r="3" t="132" w="24" /><ent r="3" t="194" w="19" /><ent r="3" t="195" w="346" /><ent r="3" t="200" w="27" /><ent r="3" t="209" w="164" /></phr><phr n="loaded"><ent r="4" t="20" w="499" /><ent r="3" t="20" w="565" /><ent r="3" t="21" w="64" /><ent r="4" t="25" w="99" /><ent r="3" t="47" w="24" /><ent r="4" t="68" w="68" /><ent r="3" t="69" w="112" /><ent r="4" t="70" w="178" /><ent r="3" t="77" w="197" /><ent r="3" t="77" w="344" /><ent r="3" t="77" w="367" /><ent r="3" t="78" w="144" /><ent r="4" t="95" w="112" /><ent r="6" t="106" w="61" /><ent r="6" t="108" w="57" /><ent r="6" t="109" w="58" /><ent r="3" t="110" w="418" /><ent r="6" t="111" w="17" /><ent r="3" t="113" w="41" /><ent r="3" t="115" w="115" /><ent r="6" t="143" w="68" /><ent r="6" t="147" w="55" /><ent r="6" t="148" w="55" /><ent r="6" t="149" w="55" /><ent r="6" t="150" w="62" /><ent r="6" t="151" w="58" /><ent r="6" t="152" w="54" /><ent r="6" t="153" w="51" /><ent r="6" t="154" w="51" /><ent r="6" t="155" w="61" /><ent r="3" t="157" w="815" /><ent r="3" t="157" w="932" /><ent r="3" t="161" w="58" /><ent r="3" t="167" w="451" /><ent r="3" t="167" w="537" /><ent r="4" t="179" w="2066" /><ent r="4" t="181" w="447" /><ent r="4" t="181" w="1187" /><ent r="4" t="182" w="525" /><ent r="3" t="183" w="380" /><ent r="4" t="183" w="910" /><ent r="4" t="183" w="925" /><ent r="3" t="184" w="366" /><ent r="3" t="185" w="133" /><ent r="4" t="186" w="184" /><ent r="3" t="186" w="967" /><ent r="3" t="186" w="978" /><ent r="3" t="194" w="297" /><ent r="3" t="195" w="49" /><ent r="83" t="195" w="400" /><ent r="4" t="195" w="528" /><ent r="3" t="195" w="541" /><ent r="3" t="198" w="100" /><ent r="3" t="198" w="161" /><ent r="3" t="200" w="145" /><ent r="3" t="200" w="154" /><ent r="3" t="208" w="245" /><ent r="3" t="208" w="284" /><ent r="4" t="208" w="500" /><ent r="4" t="208" w="654" /><ent r="3" t="214" w="116" /><ent r="3" t="214" w="135" /><ent r="6" t="229" w="55" /></phr><phr n="Load"><ent r="5" t="95" w="102" /><ent r="4" t="96" w="311" /><ent r="64" t="130" w="120" /><ent r="64" t="131" w="218" /><ent r="64" t="132" w="111" /><ent r="1000" t="133" w="1" /><ent r="102" t="133" w="11" /><ent r="5" t="133" w="46" /><ent r="4" t="133" w="52" /><ent r="64" t="134" w="102" /><ent r="64" t="135" w="83" /><ent r="6" t="167" w="308" /><ent r="92" t="168" w="246" /><ent r="5" t="168" w="289" /><ent r="4" t="181" w="1095" /><ent r="4" t="181" w="1101" /><ent r="4" t="182" w="86" /><ent r="4" t="184" w="68" /><ent r="92" t="184" w="1151" /><ent r="82" t="195" w="341" /><ent r="3" t="195" w="344" /><ent r="5" t="195" w="504" /><ent r="82" t="209" w="159" /><ent r="3" t="209" w="162" /><ent r="92" t="214" w="24" /></phr><phr n="Loaded"><ent r="82" t="198" w="150" /><ent r="92" t="214" w="100" /></phr></stem><stem n="follow"><phr n="following"><ent r="3" t="4" w="87" /><ent r="3" t="20" w="45" /><ent r="3" t="21" w="136" /><ent r="3" t="22" w="17" /><ent r="3" t="22" w="93" /><ent r="3" t="22" w="122" /><ent r="3" t="25" w="18" /><ent r="3" t="28" w="18" /><ent r="3" t="43" w="82" /><ent r="4" t="53" w="51" /><ent r="4" t="55" w="84" /><ent r="4" t="71" w="74" /><ent r="3" t="81" w="632" /><ent r="3" t="83" w="144" /><ent r="3" t="85" w="23" /><ent r="6" t="90" w="542" /><ent r="3" t="105" w="11" /><ent r="3" t="122" w="21" /><ent r="3" t="125" w="727" /><ent r="3" t="129" w="36" /><ent r="5" t="142" w="288" /><ent r="3" t="170" w="40" /><ent r="3" t="176" w="96" /><ent r="4" t="176" w="311" /><ent r="3" t="179" w="53" /><ent r="3" t="180" w="93" /><ent r="4" t="180" w="1651" /><ent r="3" t="181" w="89" /><ent r="3" t="181" w="844" /><ent r="3" t="181" w="1585" /><ent r="3" t="182" w="72" /><ent r="4" t="182" w="352" /><ent r="3" t="183" w="58" /><ent r="3" t="184" w="50" /><ent r="3" t="185" w="61" /><ent r="3" t="186" w="50" /><ent r="3" t="187" w="1479" /><ent r="3" t="188" w="144" /><ent r="4" t="188" w="642" /><ent r="4" t="188" w="1207" /><ent r="3" t="194" w="33" /><ent r="3" t="239" w="34" /><ent r="3" t="240" w="37" /><ent r="3" t="241" w="34" /><ent r="3" t="242" w="22" /></phr><phr n="follow"><ent r="5" t="20" w="60" /><ent r="3" t="186" w="1097" /><ent r="3" t="187" w="1510" /><ent r="3" t="200" w="33" /></phr><phr n="Follow"><ent r="3" t="30" w="16" /><ent r="3" t="78" w="15" /><ent r="3" t="79" w="23" /><ent r="3" t="80" w="15" /><ent r="3" t="85" w="15" /><ent r="3" t="86" w="15" /><ent r="3" t="123" w="166" /><ent r="3" t="123" w="333" /></phr><phr n="follows"><ent r="4" t="43" w="115" /><ent r="4" t="123" w="251" /><ent r="3" t="123" w="309" /><ent r="4" t="123" w="392" /><ent r="3" t="123" w="441" /><ent r="4" t="123" w="531" /><ent r="3" t="123" w="587" /><ent r="3" t="125" w="354" /><ent r="3" t="169" w="414" /><ent r="3" t="180" w="2045" /><ent r="4" t="184" w="691" /><ent r="3" t="187" w="1368" /><ent r="3" t="197" w="28" /></phr><phr n="followed"><ent r="4" t="75" w="62" /></phr><phr n="Following"><ent r="3" t="178" w="215" /></phr></stem><stem n="aoi"><phr n="AOI"><ent r="3" t="4" w="98" /><ent r="64" t="4" w="232" /><ent r="1000" t="8" w="1" /><ent r="100" t="8" w="4" /><ent r="100" t="8" w="8" /><ent r="102" t="8" w="10" /><ent r="3" t="8" w="14" /><ent r="3" t="8" w="25" /><ent r="3" t="8" w="30" /><ent r="7" t="8" w="57" /><ent r="7" t="8" w="62" /><ent r="7" t="8" w="67" /><ent r="7" t="8" w="73" /><ent r="7" t="8" w="78" /><ent r="7" t="8" w="85" /><ent r="7" t="8" w="98" /><ent r="7" t="8" w="115" /><ent r="7" t="8" w="124" /><ent r="7" t="8" w="131" /><ent r="7" t="8" w="140" /><ent r="7" t="8" w="150" /><ent r="68" t="8" w="160" /><ent r="7" t="8" w="167" /><ent r="7" t="8" w="173" /><ent r="7" t="8" w="188" /><ent r="7" t="8" w="192" /><ent r="7" t="8" w="195" /><ent r="7" t="8" w="203" /><ent r="68" t="8" w="208" /><ent r="7" t="8" w="212" /><ent r="7" t="8" w="220" /><ent r="4" t="22" w="200" /><ent r="4" t="29" w="42" /><ent r="3" t="37" w="171" /><ent r="3" t="48" w="67" /><ent r="4" t="48" w="146" /><ent r="4" t="55" w="90" /><ent r="1000" t="58" w="1" /><ent r="100" t="58" w="4" /><ent r="100" t="58" w="7" /><ent r="100" t="58" w="9" /><ent r="102" t="58" w="11" /><ent r="3" t="58" w="21" /><ent r="100" t="58" w="116" /><ent r="3" t="58" w="129" /><ent r="3" t="58" w="146" /><ent r="4" t="58" w="167" /><ent r="5" t="58" w="187" /><ent r="4" t="58" w="202" /><ent r="4" t="58" w="205" /><ent r="4" t="58" w="212" /><ent r="4" t="58" w="224" /><ent r="65" t="58" w="230" /><ent r="100" t="58" w="233" /><ent r="4" t="58" w="240" /><ent r="4" t="58" w="255" /><ent r="64" t="58" w="305" /><ent r="64" t="58" w="309" /><ent r="1000" t="59" w="1" /><ent r="100" t="59" w="10" /><ent r="102" t="59" w="15" /><ent r="3" t="59" w="21" /><ent r="3" t="59" w="33" /><ent r="3" t="59" w="38" /><ent r="64" t="59" w="46" /><ent r="3" t="59" w="56" /><ent r="100" t="60" w="7" /><ent r="65" t="60" w="33" /><ent r="3" t="60" w="43" /><ent r="5" t="60" w="126" /><ent r="4" t="60" w="134" /><ent r="1000" t="61" w="2" /><ent r="100" t="61" w="6" /><ent r="102" t="61" w="12" /><ent r="3" t="61" w="22" /><ent r="65" t="61" w="29" /><ent r="4" t="61" w="34" /><ent r="1000" t="62" w="1" /><ent r="100" t="62" w="5" /><ent r="100" t="62" w="10" /><ent r="102" t="62" w="13" /><ent r="3" t="62" w="19" /><ent r="4" t="62" w="36" /><ent r="4" t="62" w="54" /><ent r="3" t="62" w="70" /><ent r="3" t="62" w="156" /><ent r="64" t="98" w="80" /><ent r="1000" t="99" w="1" /><ent r="102" t="99" w="4" /><ent r="100" t="99" w="12" /><ent r="3" t="99" w="20" /><ent r="65" t="99" w="24" /><ent r="3" t="99" w="158" /><ent r="3" t="109" w="299" /><ent r="64" t="146" w="29" /><ent r="1000" t="148" w="1" /><ent r="102" t="148" w="5" /><ent r="100" t="148" w="9" /><ent r="100" t="148" w="14" /><ent r="3" t="148" w="18" /><ent r="4" t="148" w="71" /><ent r="3" t="148" w="195" /><ent r="64" t="167" w="433" /><ent r="4" t="167" w="814" /><ent r="4" t="167" w="848" /><ent r="3" t="167" w="858" /><ent r="4" t="175" w="93" /><ent r="65" t="175" w="102" /><ent r="3" t="177" w="29" /><ent r="64" t="178" w="348" /><ent r="1000" t="181" w="3" /><ent r="100" t="181" w="9" /><ent r="102" t="181" w="20" /><ent r="3" t="181" w="57" /><ent r="3" t="181" w="75" /><ent r="3" t="181" w="82" /><ent r="4" t="181" w="108" /><ent r="3" t="181" w="132" /><ent r="3" t="181" w="141" /><ent r="64" t="181" w="184" /><ent r="92" t="181" w="668" /><ent r="4" t="181" w="673" /><ent r="5" t="181" w="706" /><ent r="4" t="181" w="712" /><ent r="4" t="181" w="718" /><ent r="4" t="181" w="725" /><ent r="3" t="181" w="733" /><ent r="3" t="181" w="751" /><ent r="4" t="181" w="762" /><ent r="4" t="181" w="763" /><ent r="4" t="181" w="775" /><ent r="4" t="181" w="794" /><ent r="92" t="181" w="841" /><ent r="3" t="181" w="854" /><ent r="5" t="181" w="872" /><ent r="4" t="181" w="877" /><ent r="4" t="181" w="881" /><ent r="4" t="181" w="887" /><ent r="4" t="181" w="902" /><ent r="4" t="181" w="905" /><ent r="5" t="181" w="923" /><ent r="4" t="181" w="938" /><ent r="4" t="181" w="945" /><ent r="4" t="181" w="975" /><ent r="4" t="181" w="981" /><ent r="5" t="181" w="1259" /><ent r="64" t="182" w="150" /><ent r="4" t="182" w="1025" /><ent r="4" t="182" w="1041" /><ent r="92" t="182" w="1063" /><ent r="3" t="182" w="1078" /><ent r="3" t="182" w="1086" /><ent r="5" t="182" w="1150" /><ent r="4" t="182" w="1163" /><ent r="4" t="182" w="1167" /><ent r="4" t="182" w="1287" /><ent r="4" t="184" w="61" /><ent r="64" t="184" w="428" /><ent r="92" t="184" w="797" /><ent r="3" t="184" w="819" /><ent r="3" t="184" w="826" /><ent r="5" t="184" w="861" /><ent r="4" t="184" w="866" /><ent r="4" t="184" w="872" /><ent r="4" t="184" w="912" /><ent r="4" t="184" w="922" /><ent r="4" t="184" w="932" /><ent r="5" t="184" w="1112" /><ent r="3" t="184" w="1283" /></phr><phr n="AOIs"><ent r="7" t="8" w="178" /><ent r="7" t="8" w="183" /><ent r="68" t="8" w="186" /><ent r="64" t="37" w="43" /><ent r="3" t="58" w="122" /><ent r="3" t="58" w="278" /><ent r="1000" t="60" w="2" /><ent r="100" t="60" w="5" /><ent r="102" t="60" w="11" /><ent r="4" t="60" w="15" /><ent r="4" t="60" w="24" /><ent r="3" t="60" w="28" /><ent r="4" t="60" w="39" /><ent r="4" t="60" w="53" /><ent r="4" t="60" w="72" /><ent r="3" t="60" w="103" /><ent r="3" t="60" w="120" /><ent r="3" t="102" w="38" /><ent r="3" t="148" w="30" /><ent r="3" t="181" w="115" /><ent r="3" t="181" w="126" /><ent r="3" t="181" w="144" /><ent r="3" t="181" w="148" /><ent r="3" t="181" w="1611" /><ent r="3" t="184" w="800" /><ent r="3" t="184" w="807" /><ent r="3" t="184" w="1249" /><ent r="3" t="184" w="1270" /><ent r="4" t="186" w="206" /></phr><phr n="aoi"><ent r="4" t="22" w="201" /></phr><phr n="Aoi"><ent r="5" t="148" w="122" /></phr></stem><stem n="geo"><phr n="Geo"><ent r="3" t="4" w="100" /><ent r="64" t="4" w="235" /><ent r="1000" t="9" w="1" /><ent r="100" t="9" w="4" /><ent r="100" t="9" w="8" /><ent r="102" t="9" w="10" /><ent r="7" t="9" w="24" /><ent r="64" t="74" w="75" /><ent r="65" t="75" w="59" /><ent r="5" t="109" w="352" /><ent r="65" t="110" w="290" /><ent r="4" t="110" w="295" /><ent r="4" t="163" w="67" /><ent r="65" t="180" w="464" /><ent r="4" t="180" w="849" /><ent r="5" t="180" w="861" /><ent r="4" t="180" w="866" /><ent r="5" t="180" w="871" /><ent r="3" t="180" w="1135" /><ent r="3" t="180" w="1370" /><ent r="4" t="180" w="1737" /><ent r="5" t="180" w="1743" /><ent r="5" t="180" w="1824" /><ent r="5" t="180" w="2266" /><ent r="4" t="180" w="2273" /><ent r="5" t="180" w="3124" /><ent r="64" t="182" w="147" /><ent r="4" t="182" w="398" /><ent r="64" t="183" w="422" /><ent r="4" t="183" w="682" /><ent r="5" t="183" w="693" /><ent r="4" t="183" w="698" /><ent r="5" t="183" w="702" /><ent r="64" t="184" w="425" /><ent r="3" t="184" w="740" /><ent r="4" t="184" w="744" /><ent r="4" t="187" w="1661" /></phr><phr n="geo"><ent r="4" t="109" w="358" /><ent r="4" t="109" w="368" /><ent r="3" t="179" w="750" /></phr></stem><stem n="tie"><phr n="Tie"><ent r="3" t="4" w="102" /><ent r="64" t="4" w="238" /><ent r="1000" t="10" w="1" /><ent r="100" t="10" w="5" /><ent r="100" t="10" w="10" /><ent r="102" t="10" w="13" /><ent r="4" t="10" w="20" /><ent r="4" t="10" w="29" /><ent r="3" t="10" w="47" /><ent r="7" t="10" w="64" /><ent r="7" t="10" w="111" /><ent r="7" t="10" w="119" /><ent r="68" t="10" w="124" /><ent r="4" t="22" w="194" /><ent r="4" t="55" w="94" /><ent r="1000" t="82" w="1" /><ent r="102" t="82" w="7" /><ent r="64" t="82" w="79" /><ent r="64" t="82" w="83" /><ent r="64" t="82" w="88" /><ent r="1000" t="83" w="1" /><ent r="100" t="83" w="5" /><ent r="102" t="83" w="9" /><ent r="3" t="83" w="14" /><ent r="3" t="83" w="55" /><ent r="3" t="83" w="97" /><ent r="64" t="83" w="104" /><ent r="3" t="83" w="110" /><ent r="4" t="83" w="125" /><ent r="3" t="83" w="131" /><ent r="1000" t="84" w="2" /><ent r="102" t="84" w="14" /><ent r="3" t="84" w="19" /><ent r="65" t="84" w="68" /><ent r="64" t="146" w="58" /><ent r="1000" t="155" w="1" /><ent r="102" t="155" w="6" /><ent r="100" t="155" w="11" /><ent r="100" t="155" w="17" /><ent r="3" t="155" w="22" /><ent r="4" t="155" w="77" /><ent r="5" t="155" w="129" /><ent r="3" t="155" w="240" /><ent r="1000" t="164" w="1" /><ent r="100" t="164" w="6" /><ent r="100" t="164" w="12" /><ent r="102" t="164" w="16" /><ent r="3" t="164" w="23" /><ent r="4" t="164" w="65" /><ent r="4" t="164" w="83" /><ent r="3" t="164" w="100" /><ent r="5" t="172" w="222" /><ent r="3" t="172" w="234" /><ent r="3" t="172" w="255" /><ent r="3" t="172" w="317" /><ent r="3" t="172" w="335" /><ent r="64" t="172" w="343" /><ent r="1000" t="173" w="2" /><ent r="102" t="173" w="10" /><ent r="4" t="182" w="90" /><ent r="4" t="182" w="651" /><ent r="4" t="182" w="668" /><ent r="4" t="182" w="771" /><ent r="92" t="182" w="816" /><ent r="4" t="182" w="984" /><ent r="4" t="182" w="998" /></phr><phr n="tie"><ent r="7" t="10" w="73" /><ent r="7" t="10" w="91" /><ent r="100" t="82" w="4" /><ent r="3" t="82" w="11" /><ent r="3" t="82" w="34" /><ent r="3" t="82" w="50" /><ent r="3" t="82" w="55" /><ent r="3" t="82" w="72" /><ent r="3" t="83" w="21" /><ent r="3" t="83" w="25" /><ent r="3" t="83" w="34" /><ent r="3" t="83" w="41" /><ent r="3" t="83" w="46" /><ent r="4" t="83" w="193" /><ent r="3" t="83" w="199" /><ent r="3" t="83" w="221" /><ent r="4" t="83" w="245" /><ent r="3" t="83" w="256" /><ent r="4" t="83" w="283" /><ent r="3" t="83" w="289" /><ent r="4" t="83" w="300" /><ent r="4" t="83" w="317" /><ent r="100" t="84" w="5" /><ent r="100" t="84" w="10" /><ent r="3" t="84" w="30" /><ent r="3" t="84" w="49" /><ent r="3" t="84" w="60" /><ent r="4" t="84" w="91" /><ent r="3" t="155" w="35" /><ent r="3" t="155" w="208" /><ent r="3" t="164" w="35" /><ent r="4" t="172" w="205" /><ent r="4" t="172" w="268" /><ent r="4" t="172" w="301" /><ent r="100" t="173" w="6" /><ent r="3" t="173" w="25" /><ent r="3" t="173" w="30" /><ent r="3" t="173" w="35" /><ent r="3" t="173" w="49" /><ent r="3" t="173" w="61" /><ent r="100" t="173" w="72" /><ent r="3" t="173" w="79" /><ent r="4" t="173" w="193" /><ent r="3" t="173" w="207" /><ent r="4" t="173" w="225" /><ent r="4" t="173" w="249" /><ent r="4" t="173" w="262" /><ent r="3" t="182" w="675" /><ent r="3" t="182" w="722" /><ent r="3" t="182" w="730" /><ent r="3" t="182" w="759" /><ent r="4" t="182" w="803" /><ent r="4" t="182" w="811" /><ent r="3" t="182" w="831" /><ent r="3" t="182" w="834" /><ent r="3" t="182" w="848" /><ent r="3" t="182" w="865" /><ent r="3" t="182" w="975" /><ent r="3" t="182" w="1072" /><ent r="4" t="182" w="1664" /></phr></stem></index>