﻿<?xml version="1.0" encoding="utf-8"?><index><stem n="gcp"><phr n="GCP"><ent r="7" t="9" w="36" /><ent r="6" t="9" w="49" /><ent r="7" t="9" w="58" /><ent r="7" t="9" w="67" /><ent r="68" t="9" w="72" /><ent r="3" t="48" w="69" /><ent r="4" t="48" w="148" /><ent r="3" t="49" w="98" /><ent r="4" t="55" w="91" /><ent r="1000" t="73" w="1" /><ent r="100" t="73" w="3" /><ent r="102" t="73" w="5" /><ent r="3" t="73" w="11" /><ent r="64" t="73" w="67" /><ent r="64" t="73" w="109" /><ent r="1000" t="74" w="1" /><ent r="100" t="74" w="4" /><ent r="100" t="74" w="5" /><ent r="102" t="74" w="8" /><ent r="3" t="74" w="15" /><ent r="3" t="74" w="34" /><ent r="3" t="74" w="41" /><ent r="3" t="74" w="47" /><ent r="4" t="74" w="66" /><ent r="3" t="74" w="80" /><ent r="3" t="74" w="85" /><ent r="3" t="74" w="94" /><ent r="4" t="74" w="102" /><ent r="3" t="74" w="132" /><ent r="3" t="74" w="177" /><ent r="4" t="74" w="184" /><ent r="4" t="74" w="198" /><ent r="3" t="74" w="282" /><ent r="3" t="74" w="287" /><ent r="3" t="74" w="291" /><ent r="3" t="74" w="299" /><ent r="64" t="74" w="310" /><ent r="1000" t="75" w="1" /><ent r="100" t="75" w="4" /><ent r="102" t="75" w="7" /><ent r="3" t="75" w="11" /><ent r="3" t="75" w="23" /><ent r="65" t="75" w="72" /><ent r="3" t="110" w="102" /><ent r="64" t="110" w="183" /><ent r="65" t="110" w="283" /><ent r="3" t="110" w="390" /><ent r="64" t="110" w="530" /><ent r="64" t="110" w="532" /><ent r="64" t="146" w="33" /><ent r="1000" t="149" w="1" /><ent r="102" t="149" w="5" /><ent r="100" t="149" w="9" /><ent r="100" t="149" w="14" /><ent r="3" t="149" w="18" /><ent r="4" t="149" w="84" /><ent r="3" t="157" w="263" /><ent r="1000" t="161" w="1" /><ent r="100" t="161" w="5" /><ent r="100" t="161" w="10" /><ent r="102" t="161" w="13" /><ent r="3" t="161" w="19" /><ent r="3" t="161" w="37" /><ent r="3" t="161" w="50" /><ent r="4" t="161" w="70" /><ent r="4" t="161" w="87" /><ent r="65" t="161" w="107" /><ent r="3" t="161" w="120" /><ent r="3" t="161" w="158" /><ent r="4" t="171" w="161" /><ent r="64" t="173" w="157" /><ent r="3" t="173" w="165" /><ent r="4" t="173" w="196" /><ent r="4" t="179" w="2236" /><ent r="4" t="180" w="901" /><ent r="4" t="180" w="909" /><ent r="83" t="180" w="1101" /><ent r="4" t="180" w="1107" /><ent r="5" t="180" w="1122" /><ent r="3" t="180" w="1129" /><ent r="4" t="180" w="1139" /><ent r="4" t="180" w="1159" /><ent r="4" t="180" w="1181" /><ent r="5" t="180" w="1252" /><ent r="3" t="180" w="1257" /><ent r="4" t="180" w="1266" /><ent r="5" t="180" w="1278" /><ent r="5" t="180" w="1289" /><ent r="3" t="180" w="1337" /><ent r="5" t="180" w="1357" /><ent r="3" t="180" w="1364" /><ent r="3" t="180" w="1374" /><ent r="4" t="180" w="1383" /><ent r="4" t="180" w="1395" /><ent r="4" t="180" w="1404" /><ent r="3" t="180" w="1436" /><ent r="8" t="180" w="1666" /><ent r="8" t="180" w="1677" /><ent r="3" t="180" w="1689" /><ent r="3" t="180" w="2288" /><ent r="4" t="180" w="2991" /><ent r="3" t="182" w="709" /><ent r="3" t="182" w="935" /><ent r="3" t="182" w="942" /><ent r="4" t="182" w="979" /><ent r="1000" t="192" w="1" /><ent r="100" t="192" w="5" /><ent r="102" t="192" w="9" /><ent r="3" t="192" w="104" /><ent r="3" t="210" w="27" /><ent r="100" t="238" w="154" /><ent r="3" t="238" w="160" /><ent r="3" t="238" w="186" /><ent r="3" t="238" w="210" /><ent r="3" t="238" w="229" /><ent r="3" t="238" w="237" /><ent r="3" t="238" w="241" /><ent r="3" t="238" w="244" /><ent r="3" t="238" w="266" /><ent r="3" t="238" w="270" /><ent r="3" t="238" w="334" /><ent r="3" t="238" w="384" /><ent r="3" t="238" w="449" /></phr><phr n="gcp"><ent r="4" t="22" w="190" /></phr><phr n="GCPs"><ent r="3" t="102" w="39" /><ent r="3" t="110" w="33" /><ent r="3" t="110" w="69" /><ent r="3" t="110" w="127" /><ent r="3" t="110" w="145" /><ent r="4" t="110" w="279" /><ent r="3" t="149" w="30" /><ent r="3" t="149" w="79" /><ent r="3" t="157" w="254" /><ent r="4" t="173" w="178" /><ent r="3" t="173" w="210" /><ent r="3" t="179" w="743" /><ent r="3" t="180" w="153" /><ent r="3" t="180" w="154" /><ent r="4" t="180" w="1296" /><ent r="4" t="180" w="1648" /><ent r="4" t="180" w="1719" /><ent r="3" t="182" w="964" /><ent r="4" t="182" w="1657" /><ent r="4" t="186" w="205" /><ent r="3" t="192" w="64" /><ent r="3" t="192" w="70" /><ent r="3" t="210" w="18" /><ent r="3" t="238" w="26" /><ent r="3" t="238" w="50" /><ent r="3" t="238" w="248" /><ent r="3" t="238" w="329" /><ent r="3" t="238" w="470" /></phr><phr n="Gcp"><ent r="5" t="149" w="136" /></phr></stem><stem n="&quot;no&quot;"><phr n="&quot;NO&quot;"><ent r="6" t="9" w="46" /></phr><phr n="&quot;No&quot;"><ent r="3" t="161" w="146" /></phr></stem><stem n="editor"><phr n="Editor"><ent r="7" t="9" w="68" /><ent r="68" t="9" w="73" /><ent r="7" t="10" w="113" /><ent r="68" t="10" w="126" /><ent r="64" t="73" w="110" /><ent r="1000" t="74" w="2" /><ent r="100" t="74" w="6" /><ent r="102" t="74" w="9" /><ent r="3" t="74" w="35" /><ent r="4" t="74" w="67" /><ent r="3" t="74" w="81" /><ent r="3" t="74" w="86" /><ent r="65" t="75" w="73" /><ent r="4" t="81" w="183" /><ent r="64" t="82" w="85" /><ent r="1000" t="83" w="3" /><ent r="100" t="83" w="7" /><ent r="102" t="83" w="11" /><ent r="3" t="83" w="16" /><ent r="3" t="83" w="57" /><ent r="3" t="83" w="99" /><ent r="3" t="83" w="112" /><ent r="4" t="83" w="127" /><ent r="3" t="83" w="133" /><ent r="4" t="96" w="111" /><ent r="64" t="110" w="184" /><ent r="65" t="110" w="284" /><ent r="3" t="111" w="133" /><ent r="64" t="126" w="428" /><ent r="1000" t="127" w="4" /><ent r="102" t="127" w="9" /><ent r="65" t="161" w="108" /><ent r="1000" t="168" w="3" /><ent r="100" t="168" w="9" /><ent r="102" t="168" w="12" /><ent r="3" t="168" w="19" /><ent r="4" t="168" w="31" /><ent r="4" t="168" w="47" /><ent r="64" t="173" w="158" /><ent r="83" t="180" w="1102" /><ent r="4" t="180" w="1108" /><ent r="5" t="180" w="1123" /><ent r="3" t="180" w="1130" /><ent r="4" t="180" w="1140" /><ent r="4" t="180" w="1182" /><ent r="5" t="180" w="1253" /><ent r="3" t="180" w="1258" /><ent r="4" t="180" w="1267" /><ent r="5" t="180" w="1358" /><ent r="3" t="180" w="1365" /><ent r="3" t="180" w="1375" /><ent r="4" t="180" w="1384" /><ent r="3" t="180" w="1690" /><ent r="3" t="182" w="936" /><ent r="3" t="193" w="105" /><ent r="3" t="238" w="230" /></phr><phr n="editor"><ent r="3" t="32" w="72" /><ent r="3" t="74" w="48" /><ent r="3" t="81" w="191" /><ent r="3" t="81" w="217" /><ent r="3" t="81" w="229" /><ent r="3" t="81" w="269" /><ent r="3" t="127" w="21" /><ent r="4" t="127" w="29" /><ent r="3" t="127" w="52" /><ent r="3" t="127" w="65" /><ent r="3" t="168" w="51" /><ent r="3" t="169" w="629" /></phr></stem><stem n=":tie"><phr n=":Tie"><ent r="100" t="10" w="10" /><ent r="100" t="155" w="17" /><ent r="100" t="164" w="12" /></phr><phr n=":tie"><ent r="100" t="173" w="6" /></phr></stem><stem n="sure"><phr n="sure"><ent r="4" t="10" w="18" /><ent r="4" t="20" w="312" /><ent r="4" t="21" w="468" /><ent r="4" t="44" w="150" /><ent r="4" t="44" w="213" /><ent r="4" t="44" w="268" /><ent r="3" t="44" w="575" /><ent r="4" t="49" w="114" /><ent r="4" t="50" w="138" /><ent r="4" t="50" w="160" /><ent r="4" t="50" w="192" /><ent r="4" t="50" w="214" /><ent r="3" t="51" w="18" /><ent r="4" t="58" w="238" /><ent r="5" t="64" w="43" /><ent r="4" t="65" w="20" /><ent r="3" t="67" w="28" /><ent r="4" t="72" w="53" /><ent r="4" t="84" w="65" /><ent r="3" t="90" w="43" /><ent r="3" t="91" w="220" /><ent r="3" t="100" w="30" /><ent r="3" t="123" w="355" /><ent r="3" t="123" w="497" /><ent r="3" t="131" w="200" /><ent r="4" t="137" w="37" /><ent r="4" t="172" w="126" /><ent r="4" t="179" w="439" /><ent r="4" t="179" w="553" /><ent r="4" t="180" w="590" /><ent r="3" t="180" w="893" /><ent r="3" t="180" w="915" /><ent r="4" t="180" w="1293" /><ent r="4" t="180" w="1933" /><ent r="4" t="180" w="2147" /><ent r="4" t="181" w="301" /><ent r="4" t="181" w="475" /><ent r="4" t="181" w="682" /><ent r="4" t="181" w="716" /><ent r="3" t="181" w="731" /><ent r="4" t="182" w="264" /><ent r="4" t="182" w="470" /><ent r="4" t="182" w="1001" /><ent r="4" t="182" w="1505" /><ent r="3" t="183" w="396" /><ent r="4" t="183" w="539" /><ent r="3" t="183" w="743" /><ent r="3" t="184" w="399" /><ent r="4" t="184" w="541" /><ent r="4" t="186" w="415" /><ent r="4" t="186" w="528" /><ent r="4" t="186" w="856" /><ent r="4" t="187" w="541" /><ent r="4" t="187" w="651" /><ent r="4" t="187" w="740" /><ent r="7" t="187" w="1162" /><ent r="3" t="187" w="1363" /><ent r="4" t="188" w="326" /><ent r="4" t="188" w="1200" /><ent r="3" t="198" w="40" /><ent r="3" t="228" w="37" /><ent r="4" t="231" w="39" /><ent r="4" t="231" w="174" /><ent r="4" t="231" w="256" /><ent r="4" t="231" w="324" /><ent r="4" t="232" w="121" /><ent r="3" t="232" w="169" /><ent r="4" t="232" w="199" /></phr></stem><stem n="alreadi"><phr n="already"><ent r="4" t="10" w="34" /><ent r="3" t="14" w="59" /><ent r="4" t="20" w="401" /><ent r="4" t="20" w="433" /><ent r="3" t="57" w="94" /><ent r="4" t="80" w="120" /><ent r="6" t="106" w="59" /><ent r="6" t="108" w="55" /><ent r="6" t="109" w="56" /><ent r="3" t="110" w="417" /><ent r="3" t="123" w="486" /><ent r="4" t="126" w="172" /><ent r="6" t="143" w="66" /><ent r="6" t="147" w="53" /><ent r="6" t="148" w="53" /><ent r="6" t="149" w="53" /><ent r="6" t="150" w="60" /><ent r="6" t="151" w="56" /><ent r="6" t="152" w="52" /><ent r="6" t="153" w="49" /><ent r="6" t="154" w="49" /><ent r="6" t="155" w="59" /><ent r="3" t="157" w="901" /><ent r="3" t="167" w="244" /><ent r="3" t="167" w="991" /><ent r="3" t="181" w="1115" /><ent r="4" t="181" w="1275" /><ent r="4" t="181" w="1286" /><ent r="4" t="181" w="1458" /><ent r="4" t="182" w="524" /><ent r="4" t="182" w="1110" /><ent r="3" t="182" w="1325" /><ent r="3" t="195" w="133" /><ent r="3" t="195" w="198" /><ent r="3" t="195" w="208" /><ent r="3" t="195" w="330" /><ent r="3" t="209" w="148" /><ent r="3" t="228" w="47" /><ent r="6" t="229" w="53" /><ent r="4" t="231" w="108" /></phr></stem><stem n="appli"><phr n="apply"><ent r="3" t="10" w="51" /><ent r="4" t="43" w="176" /><ent r="3" t="44" w="47" /><ent r="4" t="62" w="184" /><ent r="3" t="62" w="201" /><ent r="3" t="74" w="337" /><ent r="4" t="89" w="107" /><ent r="3" t="89" w="147" /><ent r="4" t="92" w="148" /><ent r="4" t="96" w="226" /><ent r="3" t="96" w="246" /><ent r="4" t="143" w="283" /><ent r="6" t="153" w="286" /><ent r="6" t="153" w="721" /><ent r="4" t="156" w="170" /><ent r="3" t="156" w="184" /><ent r="3" t="156" w="424" /><ent r="5" t="157" w="124" /><ent r="3" t="157" w="142" /><ent r="3" t="157" w="400" /><ent r="4" t="158" w="159" /><ent r="3" t="158" w="176" /><ent r="3" t="158" w="397" /><ent r="5" t="159" w="163" /><ent r="3" t="159" w="180" /><ent r="6" t="160" w="61" /><ent r="3" t="160" w="79" /><ent r="4" t="161" w="235" /><ent r="3" t="161" w="252" /><ent r="3" t="162" w="164" /><ent r="3" t="162" w="181" /><ent r="4" t="163" w="98" /><ent r="3" t="163" w="115" /><ent r="4" t="164" w="194" /><ent r="3" t="164" w="211" /><ent r="4" t="165" w="129" /><ent r="3" t="165" w="146" /><ent r="3" t="168" w="184" /><ent r="3" t="180" w="1451" /><ent r="3" t="186" w="797" /><ent r="4" t="213" w="256" /><ent r="4" t="213" w="371" /><ent r="3" t="213" w="525" /><ent r="3" t="243" w="15" /></phr><phr n="applied"><ent r="7" t="12" w="69" /><ent r="3" t="81" w="151" /><ent r="3" t="81" w="178" /><ent r="6" t="90" w="492" /><ent r="3" t="93" w="43" /><ent r="6" t="106" w="44" /><ent r="6" t="106" w="71" /><ent r="6" t="108" w="40" /><ent r="6" t="108" w="67" /><ent r="6" t="109" w="41" /><ent r="6" t="109" w="68" /><ent r="3" t="121" w="89" /><ent r="6" t="143" w="51" /><ent r="6" t="143" w="78" /><ent r="6" t="147" w="38" /><ent r="6" t="147" w="65" /><ent r="6" t="148" w="38" /><ent r="6" t="148" w="65" /><ent r="6" t="149" w="38" /><ent r="6" t="149" w="65" /><ent r="6" t="150" w="45" /><ent r="6" t="150" w="72" /><ent r="6" t="151" w="41" /><ent r="6" t="151" w="68" /><ent r="6" t="152" w="37" /><ent r="6" t="152" w="64" /><ent r="6" t="153" w="34" /><ent r="6" t="153" w="61" /><ent r="4" t="153" w="363" /><ent r="4" t="153" w="798" /><ent r="6" t="154" w="34" /><ent r="6" t="154" w="61" /><ent r="6" t="155" w="44" /><ent r="6" t="155" w="71" /><ent r="3" t="167" w="447" /><ent r="3" t="174" w="50" /><ent r="3" t="217" w="290" /><ent r="6" t="229" w="38" /><ent r="6" t="229" w="65" /></phr><phr n="applies"><ent r="6" t="12" w="85" /><ent r="3" t="22" w="19" /><ent r="3" t="86" w="153" /><ent r="3" t="89" w="273" /><ent r="4" t="153" w="572" /><ent r="4" t="153" w="1007" /><ent r="3" t="161" w="180" /><ent r="4" t="172" w="294" /><ent r="3" t="182" w="755" /><ent r="3" t="199" w="38" /><ent r="6" t="230" w="73" /></phr><phr n="Apply"><ent r="92" t="44" w="103" /><ent r="4" t="62" w="214" /><ent r="5" t="74" w="124" /><ent r="5" t="74" w="170" /><ent r="5" t="74" w="213" /><ent r="3" t="74" w="318" /><ent r="3" t="74" w="323" /><ent r="3" t="74" w="334" /><ent r="5" t="96" w="241" /><ent r="3" t="156" w="181" /><ent r="4" t="157" w="155" /><ent r="4" t="158" w="189" /><ent r="4" t="159" w="193" /><ent r="4" t="160" w="92" /><ent r="4" t="161" w="265" /><ent r="4" t="162" w="194" /><ent r="4" t="163" w="128" /><ent r="4" t="164" w="224" /><ent r="4" t="165" w="159" /><ent r="3" t="166" w="171" /><ent r="4" t="168" w="180" /><ent r="4" t="180" w="1310" /><ent r="5" t="180" w="1701" /></phr><phr n="Applies"><ent r="4" t="165" w="785" /><ent r="4" t="217" w="236" /><ent r="6" t="230" w="19" /></phr></stem><stem n="(when"><phr n="(When"><ent r="7" t="10" w="96" /></phr></stem><stem n="still"><phr n="still"><ent r="7" t="10" w="105" /><ent r="4" t="167" w="586" /><ent r="3" t="179" w="1756" /><ent r="4" t="187" w="547" /><ent r="4" t="188" w="202" /><ent r="3" t="228" w="170" /></phr></stem><stem n=":annot"><phr n=":Annotation"><ent r="100" t="11" w="8" /><ent r="100" t="63" w="8" /><ent r="100" t="64" w="14" /><ent r="100" t="147" w="14" /><ent r="100" t="162" w="10" /></phr><phr n=":annotation"><ent r="100" t="67" w="9" /></phr></stem><stem n="check"><phr n="Check"><ent r="6" t="11" w="111" /><ent r="4" t="26" w="566" /><ent r="4" t="26" w="582" /><ent r="3" t="144" w="338" /><ent r="3" t="145" w="246" /><ent r="4" t="167" w="377" /><ent r="4" t="181" w="1243" /><ent r="4" t="216" w="255" /><ent r="4" t="216" w="268" /><ent r="4" t="223" w="100" /><ent r="3" t="227" w="128" /></phr><phr n="check"><ent r="4" t="48" w="161" /><ent r="3" t="57" w="102" /><ent r="3" t="77" w="127" /><ent r="4" t="92" w="155" /><ent r="4" t="108" w="493" /><ent r="4" t="145" w="86" /><ent r="3" t="155" w="243" /><ent r="4" t="156" w="860" /><ent r="3" t="164" w="183" /><ent r="4" t="170" w="223" /><ent r="4" t="172" w="282" /><ent r="4" t="175" w="161" /><ent r="4" t="175" w="223" /><ent r="4" t="175" w="232" /><ent r="4" t="175" w="271" /><ent r="4" t="180" w="2435" /><ent r="4" t="182" w="1245" /><ent r="3" t="214" w="27" /><ent r="3" t="214" w="56" /><ent r="3" t="214" w="76" /><ent r="3" t="214" w="104" /><ent r="4" t="229" w="127" /><ent r="3" t="231" w="74" /><ent r="3" t="232" w="24" /></phr><phr n="checked"><ent r="4" t="57" w="54" /><ent r="3" t="74" w="326" /><ent r="3" t="77" w="146" /><ent r="3" t="81" w="519" /><ent r="3" t="81" w="558" /><ent r="3" t="81" w="594" /><ent r="3" t="108" w="324" /><ent r="3" t="108" w="343" /><ent r="4" t="108" w="496" /><ent r="4" t="108" w="509" /><ent r="4" t="109" w="467" /><ent r="4" t="109" w="478" /><ent r="3" t="144" w="130" /><ent r="3" t="144" w="233" /><ent r="3" t="144" w="437" /><ent r="3" t="144" w="601" /><ent r="4" t="156" w="281" /><ent r="3" t="163" w="279" /><ent r="3" t="170" w="234" /><ent r="3" t="220" w="32" /><ent r="3" t="222" w="37" /><ent r="4" t="232" w="128" /><ent r="4" t="232" w="204" /></phr><phr n="Checking"><ent r="3" t="158" w="244" /></phr><phr n="checks"><ent r="3" t="167" w="231" /></phr><phr n="checking"><ent r="3" t="182" w="745" /></phr></stem><stem n="lock"><phr n="lock"><ent r="6" t="11" w="115" /><ent r="4" t="50" w="253" /><ent r="3" t="220" w="78" /><ent r="4" t="221" w="46" /><ent r="3" t="222" w="83" /><ent r="4" t="223" w="64" /><ent r="4" t="224" w="76" /><ent r="4" t="225" w="49" /></phr><phr n="Lock"><ent r="4" t="50" w="259" /><ent r="3" t="220" w="84" /><ent r="4" t="221" w="52" /><ent r="3" t="222" w="89" /><ent r="4" t="223" w="70" /><ent r="4" t="224" w="82" /><ent r="4" t="225" w="55" /></phr><phr n="locked"><ent r="3" t="168" w="85" /></phr></stem><stem n="uncheck"><phr n="Uncheck"><ent r="6" t="11" w="118" /><ent r="3" t="155" w="250" /><ent r="4" t="180" w="751" /><ent r="4" t="229" w="138" /></phr><phr n="unchecked"><ent r="4" t="57" w="63" /><ent r="4" t="170" w="231" /><ent r="3" t="170" w="253" /><ent r="3" t="182" w="783" /></phr><phr n="uncheck"><ent r="3" t="144" w="149" /><ent r="3" t="144" w="252" /><ent r="3" t="144" w="456" /><ent r="3" t="144" w="620" /><ent r="3" t="164" w="185" /><ent r="3" t="220" w="51" /><ent r="3" t="222" w="56" /></phr><phr n="unchecking"><ent r="4" t="180" w="3001" /></phr></stem><stem n="unlock"><phr n="unlock"><ent r="6" t="11" w="122" /></phr><phr n="unlocked"><ent r="3" t="168" w="106" /></phr></stem><stem n="primarili"><phr n="primarily"><ent r="6" t="11" w="128" /><ent r="3" t="117" w="219" /></phr></stem><stem n="shape"><phr n="shape"><ent r="6" t="11" w="131" /><ent r="4" t="20" w="495" /><ent r="100" t="21" w="6" /><ent r="100" t="21" w="9" /><ent r="3" t="21" w="18" /><ent r="3" t="21" w="60" /><ent r="3" t="21" w="74" /><ent r="3" t="21" w="82" /><ent r="3" t="21" w="93" /><ent r="3" t="21" w="137" /><ent r="3" t="21" w="188" /><ent r="3" t="21" w="207" /><ent r="4" t="21" w="258" /><ent r="4" t="21" w="304" /><ent r="3" t="21" w="360" /><ent r="3" t="21" w="414" /><ent r="3" t="21" w="442" /><ent r="3" t="21" w="460" /><ent r="4" t="21" w="497" /><ent r="100" t="29" w="5" /><ent r="100" t="29" w="10" /><ent r="3" t="29" w="20" /><ent r="4" t="29" w="76" /><ent r="3" t="59" w="30" /><ent r="3" t="61" w="19" /><ent r="4" t="61" w="54" /><ent r="3" t="62" w="25" /><ent r="3" t="62" w="80" /><ent r="3" t="62" w="87" /><ent r="5" t="89" w="210" /><ent r="5" t="89" w="241" /><ent r="3" t="112" w="18" /><ent r="5" t="153" w="623" /><ent r="5" t="153" w="656" /><ent r="5" t="153" w="1058" /><ent r="5" t="153" w="1091" /><ent r="3" t="161" w="25" /><ent r="3" t="161" w="130" /><ent r="3" t="161" w="133" /><ent r="5" t="165" w="656" /><ent r="5" t="165" w="686" /><ent r="4" t="180" w="1898" /><ent r="100" t="183" w="7" /><ent r="3" t="183" w="34" /><ent r="3" t="183" w="45" /><ent r="3" t="183" w="54" /><ent r="4" t="183" w="67" /><ent r="4" t="183" w="72" /><ent r="4" t="183" w="81" /><ent r="4" t="183" w="88" /><ent r="3" t="183" w="165" /><ent r="3" t="183" w="277" /><ent r="3" t="183" w="290" /><ent r="3" t="183" w="312" /><ent r="3" t="183" w="318" /><ent r="3" t="183" w="329" /><ent r="3" t="183" w="336" /><ent r="3" t="183" w="352" /><ent r="3" t="183" w="364" /><ent r="3" t="183" w="387" /><ent r="3" t="183" w="399" /><ent r="4" t="183" w="907" /><ent r="4" t="183" w="922" /><ent r="3" t="183" w="1084" /><ent r="3" t="183" w="1099" /><ent r="3" t="183" w="1121" /><ent r="3" t="183" w="1130" /><ent r="100" t="184" w="6" /><ent r="100" t="184" w="11" /><ent r="3" t="184" w="37" /><ent r="3" t="184" w="46" /><ent r="4" t="184" w="65" /><ent r="4" t="184" w="69" /><ent r="4" t="184" w="78" /><ent r="3" t="184" w="155" /><ent r="3" t="184" w="266" /><ent r="3" t="184" w="279" /><ent r="3" t="184" w="299" /><ent r="3" t="184" w="305" /><ent r="3" t="184" w="316" /><ent r="3" t="184" w="323" /><ent r="3" t="184" w="339" /><ent r="3" t="184" w="351" /><ent r="3" t="184" w="372" /><ent r="3" t="184" w="390" /><ent r="3" t="184" w="402" /><ent r="3" t="184" w="805" /><ent r="4" t="184" w="1074" /><ent r="92" t="184" w="1152" /><ent r="4" t="184" w="1161" /><ent r="4" t="184" w="1179" /><ent r="3" t="184" w="1193" /><ent r="3" t="184" w="1261" /><ent r="3" t="184" w="1295" /><ent r="3" t="184" w="1315" /><ent r="3" t="219" w="31" /></phr><phr n="Shape"><ent r="5" t="20" w="485" /><ent r="4" t="20" w="490" /><ent r="65" t="20" w="508" /><ent r="64" t="20" w="571" /><ent r="1000" t="21" w="2" /><ent r="102" t="21" w="14" /><ent r="3" t="21" w="55" /><ent r="92" t="21" w="233" /><ent r="4" t="21" w="283" /><ent r="64" t="21" w="528" /><ent r="64" t="21" w="534" /><ent r="4" t="22" w="156" /><ent r="1000" t="29" w="2" /><ent r="102" t="29" w="14" /><ent r="4" t="29" w="61" /><ent r="65" t="29" w="104" /><ent r="64" t="29" w="122" /><ent r="64" t="31" w="62" /><ent r="6" t="59" w="61" /><ent r="4" t="62" w="172" /><ent r="4" t="111" w="53" /><ent r="4" t="111" w="58" /><ent r="4" t="111" w="63" /><ent r="64" t="178" w="363" /><ent r="64" t="178" w="368" /><ent r="1000" t="183" w="4" /><ent r="102" t="183" w="13" /><ent r="3" t="183" w="145" /><ent r="3" t="183" w="177" /><ent r="92" t="183" w="758" /><ent r="5" t="183" w="807" /><ent r="1000" t="184" w="3" /><ent r="102" t="184" w="16" /><ent r="3" t="184" w="135" /><ent r="3" t="184" w="167" /><ent r="64" t="184" w="381" /><ent r="92" t="184" w="992" /><ent r="5" t="184" w="1036" /><ent r="4" t="184" w="1049" /><ent r="4" t="184" w="1057" /><ent r="3" t="184" w="1088" /><ent r="4" t="184" w="1130" /><ent r="3" t="184" w="1211" /><ent r="1000" t="219" w="1" /><ent r="100" t="219" w="6" /><ent r="102" t="219" w="11" /><ent r="3" t="219" w="17" /><ent r="4" t="219" w="44" /><ent r="4" t="219" w="87" /><ent r="3" t="219" w="132" /><ent r="3" t="219" w="168" /><ent r="4" t="219" w="180" /><ent r="4" t="219" w="260" /></phr><phr n="shapes"><ent r="3" t="21" w="172" /><ent r="3" t="21" w="223" /><ent r="3" t="21" w="375" /><ent r="4" t="61" w="48" /><ent r="3" t="62" w="153" /><ent r="3" t="189" w="32" /></phr></stem><stem n="prevent"><phr n="prevents"><ent r="6" t="11" w="140" /></phr><phr n="prevent"><ent r="3" t="167" w="641" /><ent r="3" t="167" w="710" /><ent r="3" t="167" w="936" /><ent r="4" t="181" w="437" /></phr></stem><stem n="accident"><phr n="accidentally"><ent r="6" t="11" w="143" /><ent r="3" t="180" w="1519" /></phr></stem><stem n="especi"><phr n="especially"><ent r="6" t="11" w="149" /><ent r="3" t="109" w="298" /><ent r="3" t="167" w="23" /><ent r="5" t="224" w="142" /></phr></stem><stem n="those"><phr n="those"><ent r="6" t="11" w="150" /><ent r="3" t="121" w="110" /><ent r="3" t="144" w="194" /><ent r="3" t="144" w="297" /><ent r="3" t="144" w="501" /><ent r="3" t="144" w="665" /><ent r="3" t="158" w="891" /><ent r="3" t="178" w="86" /><ent r="3" t="178" w="227" /><ent r="3" t="179" w="1333" /><ent r="7" t="199" w="633" /><ent r="7" t="199" w="659" /></phr></stem><stem n="accord"><phr n="according"><ent r="6" t="11" w="152" /><ent r="6" t="14" w="370" /><ent r="6" t="14" w="407" /><ent r="3" t="140" w="49" /><ent r="3" t="140" w="109" /><ent r="3" t="187" w="160" /><ent r="3" t="187" w="166" /><ent r="3" t="187" w="283" /></phr></stem><stem n="lat"><phr n="lat"><ent r="6" t="11" w="154" /><ent r="4" t="48" w="223" /><ent r="3" t="180" w="3066" /></phr><phr n="Lat"><ent r="4" t="109" w="378" /><ent r="64" t="146" w="37" /><ent r="102" t="150" w="6" /><ent r="3" t="150" w="17" /><ent r="4" t="150" w="78" /><ent r="5" t="150" w="133" /><ent r="3" t="163" w="22" /><ent r="3" t="163" w="31" /><ent r="4" t="163" w="49" /></phr></stem><stem n="/long"><phr n="/long"><ent r="6" t="11" w="155" /><ent r="4" t="48" w="224" /><ent r="3" t="180" w="3067" /></phr><phr n="/Long"><ent r="3" t="163" w="23" /><ent r="3" t="163" w="32" /><ent r="4" t="163" w="50" /></phr></stem><stem n="lat/long"><phr n="lat/long"><ent r="6" t="11" w="155" /><ent r="6" t="11" w="154" /><ent r="4" t="48" w="224" /><ent r="4" t="48" w="223" /><ent r="3" t="180" w="3067" /><ent r="3" t="180" w="3066" /></phr><phr n="Lat/Long"><ent r="3" t="163" w="23" /><ent r="3" t="163" w="22" /><ent r="3" t="163" w="32" /><ent r="3" t="163" w="31" /><ent r="4" t="163" w="50" /><ent r="4" t="163" w="49" /></phr></stem><stem n="long"><phr n="long"><ent r="6" t="11" w="155" /><ent r="4" t="48" w="224" /><ent r="4" t="153" w="270" /><ent r="3" t="180" w="3067" /><ent r="7" t="199" w="206" /><ent r="6" t="199" w="265" /><ent r="7" t="199" w="286" /><ent r="7" t="199" w="346" /><ent r="6" t="243" w="113" /><ent r="6" t="243" w="126" /></phr><phr n="Long"><ent r="3" t="163" w="23" /><ent r="3" t="163" w="32" /><ent r="4" t="163" w="50" /></phr></stem><stem n="coordin"><phr n="coordinates"><ent r="6" t="11" w="156" /><ent r="3" t="21" w="110" /><ent r="4" t="49" w="194" /><ent r="3" t="73" w="17" /><ent r="3" t="75" w="21" /><ent r="4" t="75" w="33" /><ent r="4" t="83" w="155" /><ent r="4" t="83" w="170" /><ent r="4" t="97" w="88" /><ent r="4" t="97" w="92" /><ent r="4" t="109" w="481" /><ent r="3" t="110" w="14" /><ent r="3" t="110" w="141" /><ent r="3" t="110" w="197" /><ent r="3" t="110" w="233" /><ent r="3" t="110" w="250" /><ent r="3" t="110" w="272" /><ent r="3" t="110" w="505" /><ent r="3" t="170" w="49" /><ent r="3" t="179" w="752" /><ent r="3" t="180" w="142" /><ent r="3" t="180" w="928" /><ent r="3" t="180" w="960" /><ent r="3" t="180" w="1077" /><ent r="4" t="180" w="1144" /><ent r="3" t="180" w="1437" /><ent r="7" t="199" w="422" /><ent r="5" t="226" w="336" /><ent r="6" t="230" w="122" /><ent r="6" t="230" w="134" /><ent r="6" t="230" w="139" /><ent r="7" t="235" w="41" /><ent r="3" t="238" w="45" /><ent r="3" t="238" w="89" /><ent r="3" t="238" w="117" /><ent r="3" t="238" w="166" /><ent r="3" t="238" w="184" /><ent r="3" t="238" w="222" /><ent r="3" t="238" w="391" /><ent r="3" t="238" w="442" /></phr><phr n="coordinate"><ent r="3" t="21" w="88" /><ent r="3" t="21" w="97" /><ent r="3" t="21" w="116" /><ent r="4" t="26" w="561" /><ent r="4" t="40" w="215" /><ent r="3" t="73" w="20" /><ent r="3" t="73" w="42" /><ent r="3" t="73" w="45" /><ent r="3" t="73" w="74" /><ent r="3" t="73" w="90" /><ent r="3" t="73" w="101" /><ent r="3" t="74" w="264" /><ent r="4" t="108" w="475" /><ent r="4" t="109" w="359" /><ent r="3" t="110" w="94" /><ent r="3" t="110" w="99" /><ent r="3" t="110" w="124" /><ent r="3" t="110" w="221" /><ent r="3" t="110" w="265" /><ent r="3" t="167" w="106" /><ent r="4" t="173" w="124" /><ent r="4" t="173" w="131" /><ent r="3" t="180" w="169" /><ent r="3" t="180" w="1024" /><ent r="3" t="183" w="340" /><ent r="3" t="183" w="393" /><ent r="3" t="183" w="405" /><ent r="3" t="184" w="327" /><ent r="3" t="184" w="396" /><ent r="3" t="184" w="408" /><ent r="3" t="192" w="38" /><ent r="3" t="238" w="21" /><ent r="3" t="238" w="113" /><ent r="3" t="238" w="169" /><ent r="3" t="238" w="174" /><ent r="3" t="238" w="197" /><ent r="3" t="238" w="207" /><ent r="3" t="238" w="291" /><ent r="3" t="238" w="295" /><ent r="3" t="238" w="378" /></phr><phr n="Coordinate"><ent r="5" t="26" w="537" /><ent r="3" t="74" w="220" /><ent r="3" t="74" w="225" /><ent r="5" t="109" w="353" /><ent r="5" t="110" w="486" /><ent r="3" t="163" w="152" /><ent r="4" t="180" w="996" /><ent r="3" t="180" w="1015" /></phr><phr n="Coordinates"><ent r="3" t="49" w="97" /><ent r="5" t="74" w="246" /><ent r="4" t="74" w="251" /><ent r="5" t="109" w="444" /><ent r="3" t="157" w="974" /><ent r="3" t="161" w="42" /><ent r="3" t="161" w="44" /><ent r="92" t="163" w="148" /><ent r="5" t="163" w="175" /><ent r="4" t="163" w="180" /><ent r="4" t="180" w="920" /><ent r="4" t="180" w="2284" /></phr></stem></index>