﻿<?xml version="1.0" encoding="utf-8"?><index><stem n="printer"><phr n="printer"><ent r="4" t="51" w="106" /><ent r="3" t="51" w="134" /><ent r="4" t="100" w="175" /></phr></stem><stem n="sent"><phr n="sent"><ent r="3" t="51" w="130" /></phr></stem><stem n="directli"><phr n="directly"><ent r="3" t="51" w="131" /><ent r="3" t="84" w="51" /><ent r="3" t="91" w="38" /><ent r="5" t="153" w="412" /><ent r="5" t="153" w="847" /><ent r="5" t="165" w="450" /><ent r="3" t="169" w="620" /><ent r="4" t="173" w="128" /><ent r="3" t="187" w="1520" /><ent r="3" t="195" w="229" /><ent r="4" t="236" w="48" /></phr></stem><stem n=":close"><phr n=":close"><ent r="100" t="52" w="6" /></phr></stem><stem n=":window"><phr n=":window"><ent r="100" t="52" w="9" /><ent r="100" t="115" w="84" /></phr></stem><stem n="upper"><phr n="upper"><ent r="3" t="52" w="83" /><ent r="5" t="89" w="183" /><ent r="5" t="89" w="194" /><ent r="5" t="89" w="216" /><ent r="5" t="89" w="247" /><ent r="3" t="102" w="229" /><ent r="5" t="153" w="591" /><ent r="5" t="153" w="601" /><ent r="5" t="153" w="628" /><ent r="5" t="153" w="662" /><ent r="5" t="153" w="1026" /><ent r="5" t="153" w="1036" /><ent r="5" t="153" w="1063" /><ent r="5" t="153" w="1097" /><ent r="3" t="158" w="238" /><ent r="5" t="165" w="624" /><ent r="5" t="165" w="634" /><ent r="5" t="165" w="662" /><ent r="5" t="165" w="691" /><ent r="4" t="179" w="766" /><ent r="4" t="179" w="1731" /><ent r="4" t="180" w="1844" /><ent r="4" t="180" w="2757" /><ent r="4" t="181" w="526" /><ent r="4" t="181" w="568" /><ent r="4" t="181" w="623" /><ent r="4" t="182" w="905" /><ent r="4" t="183" w="973" /><ent r="4" t="186" w="1202" /><ent r="4" t="194" w="133" /><ent r="4" t="194" w="208" /><ent r="6" t="230" w="132" /></phr><phr n="Upper"><ent r="4" t="108" w="480" /><ent r="5" t="153" w="297" /><ent r="4" t="153" w="319" /><ent r="5" t="153" w="732" /><ent r="4" t="153" w="754" /><ent r="4" t="165" w="388" /></phr></stem><stem n="&quot;prompt"><phr n="&quot;Prompt"><ent r="3" t="52" w="96" /></phr></stem><stem n="prompt"><phr n="Prompt"><ent r="3" t="52" w="96" /><ent r="92" t="188" w="1374" /></phr><phr n="prompted"><ent r="3" t="52" w="103" /></phr><phr n="prompt"><ent r="3" t="103" w="18" /><ent r="3" t="103" w="40" /><ent r="3" t="124" w="70" /><ent r="4" t="181" w="1291" /><ent r="3" t="182" w="1331" /><ent r="3" t="188" w="1451" /><ent r="4" t="188" w="1516" /></phr></stem><stem n="convert"><phr n="Convert"><ent r="5" t="53" w="101" /></phr><phr n="convert"><ent r="4" t="53" w="106" /><ent r="3" t="180" w="385" /><ent r="3" t="180" w="2642" /></phr><phr n="converted"><ent r="4" t="53" w="147" /><ent r="3" t="184" w="821" /><ent r="3" t="184" w="1268" /><ent r="3" t="184" w="1278" /><ent r="6" t="243" w="263" /></phr><phr n="converts"><ent r="3" t="195" w="311" /><ent r="3" t="209" w="129" /></phr></stem><stem n="underli"><phr n="underlying"><ent r="4" t="53" w="126" /><ent r="3" t="69" w="157" /></phr></stem><stem n="renam"><phr n="Rename"><ent r="5" t="53" w="159" /><ent r="5" t="181" w="779" /><ent r="4" t="181" w="904" /><ent r="6" t="181" w="928" /><ent r="5" t="184" w="918" /></phr><phr n="rename"><ent r="4" t="53" w="164" /><ent r="4" t="55" w="105" /><ent r="3" t="180" w="2650" /></phr></stem><stem n="(thi"><phr n="(This"><ent r="4" t="54" w="50" /><ent r="4" t="88" w="57" /><ent r="4" t="108" w="231" /><ent r="3" t="181" w="1548" /></phr></stem><stem n=":new"><phr n=":new"><ent r="100" t="55" w="12" /><ent r="100" t="79" w="12" /></phr></stem><stem n=":creat"><phr n=":create"><ent r="100" t="55" w="16" /><ent r="100" t="79" w="16" /><ent r="100" t="79" w="21" /><ent r="100" t="96" w="38" /><ent r="100" t="117" w="13" /><ent r="100" t="131" w="7" /><ent r="100" t="137" w="11" /><ent r="100" t="173" w="74" /><ent r="100" t="228" w="15" /></phr></stem><stem n="-menu,"><phr n="-menu,"><ent r="4" t="55" w="71" /><ent r="4" t="55" w="71" /><ent r="4" t="58" w="185" /><ent r="4" t="58" w="185" /><ent r="4" t="89" w="167" /><ent r="4" t="89" w="167" /></phr></stem><stem n="goe"><phr n="goes"><ent r="3" t="56" w="51" /></phr></stem><stem n=":show"><phr n=":show"><ent r="100" t="57" w="16" /></phr></stem><stem n=":hide"><phr n=":hide"><ent r="100" t="57" w="19" /></phr></stem><stem n="hidden"><phr n="hidden"><ent r="4" t="57" w="67" /><ent r="3" t="57" w="112" /></phr></stem><stem n="interest"><phr n="Interest"><ent r="100" t="58" w="15" /><ent r="3" t="58" w="20" /><ent r="5" t="167" w="382" /><ent r="3" t="167" w="430" /><ent r="3" t="174" w="63" /><ent r="4" t="174" w="150" /><ent r="3" t="181" w="56" /><ent r="92" t="181" w="667" /><ent r="5" t="181" w="1248" /><ent r="4" t="182" w="1024" /></phr><phr n="interest"><ent r="4" t="58" w="51" /><ent r="4" t="58" w="89" /><ent r="3" t="63" w="29" /><ent r="3" t="167" w="422" /><ent r="3" t="175" w="37" /><ent r="4" t="182" w="1158" /></phr><phr n="Interests"><ent r="4" t="182" w="96" /></phr></stem><stem n="(aoi)"><phr n="(AOI)"><ent r="3" t="58" w="22" /><ent r="92" t="181" w="669" /><ent r="4" t="182" w="1026" /></phr></stem><stem n="poi"><phr n="POI"><ent r="4" t="58" w="52" /></phr><phr n="POIs"><ent r="4" t="58" w="53" /></phr></stem><stem n="(poi)."><phr n="(POI)."><ent r="4" t="58" w="53" /></phr></stem><stem n="roi"><phr n="ROI"><ent r="4" t="58" w="90" /><ent r="5" t="167" w="383" /><ent r="4" t="167" w="389" /><ent r="3" t="167" w="397" /><ent r="3" t="167" w="437" /><ent r="4" t="174" w="151" /><ent r="64" t="174" w="161" /><ent r="1000" t="175" w="3" /><ent r="100" t="175" w="12" /><ent r="102" t="175" w="17" /><ent r="3" t="175" w="38" /><ent r="3" t="175" w="46" /><ent r="3" t="175" w="59" /><ent r="4" t="175" w="107" /><ent r="4" t="175" w="348" /><ent r="5" t="181" w="1249" /></phr><phr n="ROIs"><ent r="4" t="58" w="91" /></phr></stem><stem n="(roi)."><phr n="(ROI)."><ent r="4" t="58" w="91" /></phr></stem><stem n="elimin"><phr n="eliminate"><ent r="4" t="58" w="95" /><ent r="6" t="187" w="1196" /><ent r="3" t="188" w="1045" /></phr><phr n="eliminating"><ent r="5" t="224" w="139" /></phr></stem><stem n="unnecessari"><phr n="unnecessary"><ent r="4" t="58" w="96" /></phr></stem><stem n="reduc"><phr n="reduces"><ent r="4" t="58" w="109" /><ent r="3" t="115" w="68" /><ent r="5" t="224" w="131" /></phr><phr n="reduce"><ent r="3" t="167" w="49" /><ent r="3" t="167" w="67" /><ent r="3" t="169" w="30" /><ent r="3" t="181" w="163" /></phr><phr n="reduced"><ent r="4" t="197" w="162" /></phr></stem><stem n="least"><phr n="least"><ent r="3" t="58" w="127" /><ent r="4" t="156" w="836" /><ent r="4" t="182" w="809" /><ent r="3" t="182" w="829" /><ent r="3" t="200" w="140" /><ent r="3" t="238" w="397" /></phr><phr n="Least"><ent r="7" t="199" w="361" /></phr></stem><stem n="&quot;aoi"><phr n="&quot;AOI"><ent r="4" t="58" w="202" /><ent r="4" t="58" w="205" /></phr></stem><stem n=",&quot;"><phr n=",&quot;"><ent r="4" t="58" w="204" /><ent r="4" t="58" w="207" /><ent r="4" t="181" w="1480" /></phr></stem><stem n="insert"><phr n="inserts"><ent r="4" t="58" w="252" /><ent r="3" t="228" w="184" /></phr><phr n="Insert"><ent r="4" t="70" w="98" /><ent r="7" t="196" w="103" /></phr><phr n="inserted"><ent r="3" t="73" w="104" /><ent r="3" t="187" w="184" /></phr><phr n="insert"><ent r="7" t="190" w="177" /><ent r="7" t="190" w="215" /></phr></stem><stem n="“aoi"><phr n="“AOI"><ent r="4" t="58" w="255" /><ent r="4" t="181" w="763" /><ent r="4" t="184" w="922" /></phr></stem><stem n="singl"><phr n="single"><ent r="7" t="59" w="69" /><ent r="3" t="64" w="77" /><ent r="3" t="81" w="239" /><ent r="3" t="115" w="431" /><ent r="3" t="125" w="41" /><ent r="3" t="125" w="478" /><ent r="3" t="130" w="36" /><ent r="3" t="132" w="61" /><ent r="3" t="134" w="28" /><ent r="3" t="158" w="25" /><ent r="3" t="160" w="144" /><ent r="3" t="160" w="149" /><ent r="3" t="169" w="50" /><ent r="3" t="170" w="21" /><ent r="4" t="170" w="219" /><ent r="3" t="180" w="210" /><ent r="3" t="180" w="237" /><ent r="3" t="180" w="254" /><ent r="3" t="183" w="211" /><ent r="3" t="183" w="226" /><ent r="3" t="183" w="237" /><ent r="3" t="183" w="276" /><ent r="3" t="184" w="200" /><ent r="3" t="184" w="215" /><ent r="3" t="184" w="226" /><ent r="3" t="184" w="265" /><ent r="3" t="186" w="87" /><ent r="3" t="187" w="1306" /><ent r="3" t="188" w="1124" /><ent r="4" t="208" w="372" /><ent r="3" t="233" w="30" /><ent r="3" t="233" w="66" /><ent r="4" t="237" w="32" /></phr><phr n="Single"><ent r="5" t="170" w="87" /><ent r="3" t="170" w="99" /><ent r="6" t="243" w="40" /><ent r="6" t="243" w="53" /><ent r="6" t="243" w="65" /><ent r="6" t="243" w="78" /><ent r="6" t="243" w="90" /><ent r="6" t="243" w="103" /><ent r="6" t="243" w="115" /><ent r="6" t="243" w="128" /><ent r="5" t="243" w="141" /><ent r="5" t="243" w="153" /><ent r="5" t="243" w="165" /><ent r="5" t="243" w="178" /><ent r="6" t="243" w="190" /><ent r="6" t="243" w="202" /><ent r="6" t="243" w="225" /><ent r="6" t="243" w="234" /><ent r="5" t="243" w="254" /><ent r="6" t="243" w="279" /><ent r="6" t="243" w="287" /><ent r="5" t="243" w="295" /><ent r="6" t="243" w="303" /><ent r="6" t="243" w="311" /><ent r="5" t="243" w="319" /><ent r="6" t="243" w="327" /><ent r="6" t="243" w="336" /><ent r="5" t="243" w="344" /><ent r="5" t="243" w="352" /><ent r="5" t="243" w="360" /><ent r="6" t="243" w="368" /></phr></stem><stem n="grab"><phr n="grab"><ent r="7" t="59" w="76" /><ent r="7" t="59" w="86" /><ent r="7" t="59" w="107" /><ent r="7" t="59" w="139" /><ent r="7" t="59" w="152" /><ent r="7" t="59" w="170" /><ent r="7" t="190" w="72" /><ent r="7" t="190" w="85" /><ent r="7" t="190" w="103" /><ent r="7" t="190" w="118" /><ent r="7" t="190" w="139" /><ent r="7" t="190" w="154" /></phr></stem><stem n="variabl"><phr n="variable"><ent r="7" t="59" w="146" /><ent r="3" t="68" w="169" /><ent r="3" t="68" w="173" /><ent r="3" t="125" w="112" /><ent r="3" t="125" w="462" /><ent r="7" t="190" w="79" /></phr></stem><stem n=":merg"><phr n=":merge"><ent r="100" t="60" w="8" /></phr></stem><stem n="method"><phr n="Method"><ent r="5" t="60" w="81" /><ent r="4" t="108" w="365" /><ent r="3" t="144" w="177" /><ent r="3" t="144" w="280" /><ent r="3" t="144" w="484" /><ent r="3" t="144" w="648" /><ent r="3" t="199" w="704" /></phr><phr n="methods"><ent r="3" t="110" w="25" /><ent r="3" t="110" w="29" /><ent r="3" t="110" w="54" /><ent r="3" t="167" w="219" /><ent r="3" t="181" w="1140" /><ent r="4" t="186" w="164" /><ent r="4" t="186" w="266" /><ent r="3" t="238" w="288" /></phr><phr n="method"><ent r="3" t="110" w="136" /><ent r="3" t="115" w="325" /><ent r="4" t="167" w="173" /><ent r="5" t="167" w="186" /><ent r="6" t="168" w="200" /><ent r="3" t="181" w="153" /><ent r="3" t="181" w="1167" /><ent r="4" t="186" w="250" /><ent r="4" t="186" w="284" /><ent r="3" t="197" w="41" /><ent r="3" t="238" w="40" /></phr><phr n="Methods"><ent r="3" t="181" w="1081" /></phr></stem><stem n="(combin"><phr n="(combination"><ent r="4" t="60" w="83" /></phr></stem><stem n="“combination”"><phr n="“combination”"><ent r="3" t="60" w="90" /></phr></stem><stem n="union"><phr n="union"><ent r="3" t="60" w="91" /></phr></stem><stem n="“union”"><phr n="“union”"><ent r="3" t="60" w="92" /></phr></stem><stem n="“common"><phr n="“common"><ent r="3" t="60" w="106" /></phr></stem><stem n="intersect"><phr n="intersection"><ent r="3" t="60" w="109" /><ent r="3" t="82" w="27" /></phr></stem><stem n="“intersection”"><phr n="“intersection”"><ent r="3" t="60" w="110" /></phr></stem><stem n=":chang"><phr n=":change"><ent r="100" t="61" w="9" /></phr></stem><stem n=":properti"><phr n=":properties"><ent r="100" t="62" w="7" /><ent r="100" t="115" w="465" /><ent r="100" t="158" w="7" /><ent r="100" t="159" w="7" /><ent r="100" t="160" w="7" /><ent r="100" t="162" w="7" /><ent r="100" t="230" w="8" /></phr><phr n=":Properties"><ent r="100" t="195" w="11" /></phr></stem><stem n="-down,"><phr n="-down,"><ent r="3" t="62" w="129" /><ent r="3" t="62" w="129" /><ent r="3" t="180" w="914" /><ent r="3" t="180" w="914" /><ent r="4" t="181" w="1257" /><ent r="4" t="181" w="1257" /></phr></stem><stem n="(similar"><phr n="(similar"><ent r="3" t="62" w="158" /></phr></stem><stem n="ungroup"><phr n="Ungroup"><ent r="3" t="64" w="117" /></phr></stem><stem n="nudg"><phr n="Nudge"><ent r="92" t="64" w="137" /><ent r="5" t="226" w="81" /><ent r="5" t="226" w="83" /><ent r="5" t="226" w="91" /><ent r="5" t="226" w="93" /><ent r="5" t="226" w="101" /><ent r="5" t="226" w="103" /><ent r="5" t="226" w="111" /><ent r="5" t="226" w="113" /></phr><phr n="nudge"><ent r="3" t="64" w="154" /></phr></stem><stem n="align"><phr n="Align"><ent r="92" t="64" w="168" /></phr><phr n="align"><ent r="3" t="64" w="174" /></phr><phr n="alignment"><ent r="6" t="230" w="264" /></phr></stem><stem n="&amp;"><phr n="&amp;"><ent r="92" t="64" w="169" /></phr></stem><stem n="distribut"><phr n="Distribute"><ent r="92" t="64" w="169" /><ent r="4" t="96" w="208" /></phr><phr n="distribute"><ent r="3" t="64" w="194" /><ent r="3" t="96" w="212" /></phr><phr n="distributed"><ent r="3" t="96" w="201" /></phr><phr n="distribution"><ent r="4" t="179" w="1108" /></phr></stem><stem n="(vertic"><phr n="(vertical"><ent r="3" t="64" w="180" /></phr></stem><stem n="(horizont"><phr n="(horizontal"><ent r="3" t="64" w="185" /></phr></stem><stem n="space"><phr n="spacing"><ent r="3" t="64" w="204" /><ent r="3" t="163" w="265" /><ent r="3" t="163" w="312" /></phr><phr n="space"><ent r="4" t="108" w="240" /><ent r="3" t="167" w="44" /><ent r="3" t="194" w="225" /><ent r="4" t="208" w="643" /></phr><phr n="Spacing"><ent r="92" t="163" w="241" /><ent r="3" t="163" w="244" /></phr><phr n="spaces"><ent r="4" t="219" w="230" /></phr></stem><stem n="(small"><phr n="(small"><ent r="4" t="65" w="96" /></phr></stem><stem n="(left)"><phr n="(left)"><ent r="4" t="65" w="127" /><ent r="4" t="65" w="165" /><ent r="4" t="67" w="149" /><ent r="3" t="187" w="1077" /><ent r="3" t="188" w="879" /></phr></stem><stem n="insid"><phr n="inside"><ent r="4" t="65" w="157" /><ent r="4" t="67" w="141" /><ent r="4" t="74" w="110" /></phr></stem><stem n="scale"><phr n="Scale"><ent r="1000" t="66" w="2" /><ent r="100" t="66" w="6" /><ent r="102" t="66" w="17" /><ent r="5" t="90" w="158" /><ent r="5" t="167" w="620" /><ent r="5" t="167" w="698" /><ent r="5" t="181" w="1225" /><ent r="5" t="181" w="1233" /><ent r="66" t="190" w="285" /><ent r="82" t="195" w="379" /><ent r="3" t="195" w="382" /><ent r="5" t="195" w="562" /><ent r="82" t="209" w="197" /><ent r="3" t="209" w="200" /><ent r="6" t="230" w="162" /><ent r="6" t="230" w="205" /><ent r="6" t="230" w="247" /><ent r="6" t="230" w="309" /><ent r="6" t="230" w="377" /><ent r="6" t="230" w="419" /><ent r="6" t="230" w="458" /><ent r="6" t="230" w="493" /><ent r="6" t="230" w="547" /><ent r="5" t="230" w="619" /><ent r="5" t="230" w="622" /></phr><phr n="scale"><ent r="100" t="66" w="11" /><ent r="64" t="66" w="27" /><ent r="3" t="66" w="37" /><ent r="4" t="66" w="75" /><ent r="5" t="90" w="167" /><ent r="5" t="90" w="171" /><ent r="5" t="90" w="183" /><ent r="7" t="90" w="320" /><ent r="3" t="96" w="218" /><ent r="3" t="167" w="674" /><ent r="3" t="167" w="743" /><ent r="3" t="180" w="432" /><ent r="5" t="190" w="267" /><ent r="5" t="190" w="279" /><ent r="7" t="199" w="490" /><ent r="5" t="230" w="616" /></phr><phr n="scaled"><ent r="5" t="153" w="402" /><ent r="5" t="153" w="837" /><ent r="5" t="165" w="440" /><ent r="3" t="167" w="656" /><ent r="3" t="167" w="725" /><ent r="3" t="180" w="2217" /><ent r="3" t="193" w="177" /><ent r="4" t="236" w="38" /></phr><phr n="scaling"><ent r="3" t="179" w="233" /><ent r="3" t="193" w="147" /><ent r="3" t="238" w="547" /></phr><phr n="scales"><ent r="3" t="195" w="384" /><ent r="3" t="209" w="202" /></phr></stem><stem n="bar"><phr n="Bar"><ent r="1000" t="66" w="3" /><ent r="100" t="66" w="7" /><ent r="102" t="66" w="18" /><ent r="65" t="105" w="42" /><ent r="1000" t="107" w="3" /><ent r="102" t="107" w="8" /><ent r="3" t="107" w="19" /><ent r="4" t="107" w="62" /><ent r="5" t="107" w="116" /><ent r="66" t="190" w="286" /><ent r="6" t="230" w="163" /><ent r="6" t="230" w="206" /><ent r="6" t="230" w="248" /><ent r="6" t="230" w="310" /><ent r="6" t="230" w="378" /><ent r="6" t="230" w="420" /><ent r="6" t="230" w="459" /><ent r="6" t="230" w="494" /><ent r="6" t="230" w="548" /><ent r="5" t="230" w="620" /><ent r="5" t="230" w="623" /></phr><phr n="bar"><ent r="100" t="66" w="12" /><ent r="64" t="66" w="28" /><ent r="3" t="66" w="38" /><ent r="4" t="66" w="76" /><ent r="3" t="83" w="85" /><ent r="3" t="96" w="190" /><ent r="3" t="104" w="88" /><ent r="4" t="105" w="52" /><ent r="100" t="107" w="13" /><ent r="3" t="107" w="29" /><ent r="4" t="109" w="392" /><ent r="3" t="110" w="239" /><ent r="3" t="110" w="515" /><ent r="4" t="123" w="53" /><ent r="3" t="123" w="164" /><ent r="4" t="137" w="49" /><ent r="5" t="143" w="274" /><ent r="4" t="179" w="530" /><ent r="4" t="179" w="619" /><ent r="4" t="179" w="692" /><ent r="3" t="179" w="800" /><ent r="3" t="179" w="968" /><ent r="3" t="179" w="1071" /><ent r="4" t="179" w="1154" /><ent r="4" t="179" w="1806" /><ent r="4" t="179" w="2079" /><ent r="4" t="179" w="2125" /><ent r="4" t="179" w="2292" /><ent r="4" t="179" w="2321" /><ent r="4" t="180" w="768" /><ent r="3" t="180" w="1083" /><ent r="4" t="180" w="1115" /><ent r="4" t="180" w="1246" /><ent r="4" t="180" w="1351" /><ent r="4" t="180" w="1969" /><ent r="4" t="180" w="2336" /><ent r="4" t="180" w="2665" /><ent r="4" t="181" w="392" /><ent r="4" t="181" w="1030" /><ent r="3" t="182" w="1574" /><ent r="4" t="183" w="630" /><ent r="4" t="184" w="632" /><ent r="4" t="185" w="239" /><ent r="4" t="186" w="507" /><ent r="4" t="186" w="668" /><ent r="4" t="186" w="806" /><ent r="4" t="186" w="834" /><ent r="4" t="186" w="889" /><ent r="4" t="187" w="426" /><ent r="3" t="187" w="1543" /><ent r="4" t="187" w="1861" /><ent r="4" t="188" w="418" /><ent r="5" t="190" w="268" /><ent r="5" t="190" w="280" /><ent r="4" t="200" w="65" /><ent r="5" t="230" w="617" /><ent r="3" t="238" w="123" /></phr><phr n="bars"><ent r="3" t="115" w="396" /><ent r="4" t="117" w="122" /><ent r="3" t="180" w="433" /><ent r="3" t="182" w="1556" /><ent r="3" t="182" w="1609" /></phr></stem><stem n="meter"><phr n="meters"><ent r="3" t="66" w="43" /><ent r="4" t="66" w="124" /><ent r="4" t="180" w="1925" /><ent r="4" t="180" w="1938" /><ent r="7" t="199" w="570" /><ent r="3" t="238" w="524" /><ent r="3" t="238" w="545" /></phr><phr n="Meters"><ent r="7" t="234" w="55" /></phr></stem><stem n="meters/kilomet"><phr n="meters/kilometers"><ent r="4" t="66" w="125" /><ent r="4" t="66" w="124" /></phr></stem><stem n="kilomet"><phr n="kilometers"><ent r="4" t="66" w="125" /></phr><phr n="Kilometers"><ent r="7" t="234" w="47" /></phr></stem><stem n="meters/kilometers,"><phr n="meters/kilometers,"><ent r="4" t="66" w="125" /><ent r="4" t="66" w="124" /></phr></stem><stem n="/kilometers,"><phr n="/kilometers,"><ent r="4" t="66" w="126" /></phr></stem><stem n="feet"><phr n="feet"><ent r="4" t="66" w="126" /><ent r="4" t="66" w="129" /></phr><phr n="Feet"><ent r="7" t="234" w="59" /></phr></stem><stem n="feet/kilofeet"><phr n="feet/kilofeet"><ent r="4" t="66" w="127" /><ent r="4" t="66" w="126" /></phr></stem><stem n="kilofeet"><phr n="kilofeet"><ent r="4" t="66" w="127" /></phr></stem><stem n="feet/kilofeet,"><phr n="feet/kilofeet,"><ent r="4" t="66" w="127" /><ent r="4" t="66" w="126" /></phr></stem><stem n="/kilofeet,"><phr n="/kilofeet,"><ent r="4" t="66" w="128" /></phr></stem><stem n="feet/mil"><phr n="feet/miles"><ent r="4" t="66" w="130" /><ent r="4" t="66" w="129" /></phr></stem><stem n="mile"><phr n="miles"><ent r="4" t="66" w="130" /><ent r="7" t="234" w="50" /><ent r="7" t="234" w="53" /></phr></stem><stem n="feet/miles."><phr n="feet/miles."><ent r="4" t="66" w="130" /><ent r="4" t="66" w="129" /></phr></stem><stem n="/miles."><phr n="/miles."><ent r="4" t="66" w="131" /></phr></stem><stem n="mark"><phr n="markings"><ent r="3" t="67" w="54" /><ent r="3" t="68" w="36" /><ent r="3" t="130" w="101" /><ent r="3" t="156" w="342" /><ent r="4" t="156" w="380" /><ent r="4" t="156" w="401" /><ent r="3" t="156" w="426" /><ent r="3" t="156" w="485" /><ent r="3" t="156" w="523" /><ent r="3" t="157" w="318" /><ent r="4" t="157" w="356" /><ent r="4" t="157" w="377" /><ent r="3" t="157" w="402" /><ent r="3" t="157" w="458" /><ent r="3" t="157" w="496" /><ent r="3" t="158" w="314" /><ent r="4" t="158" w="353" /><ent r="4" t="158" w="374" /><ent r="3" t="158" w="399" /><ent r="4" t="158" w="455" /><ent r="3" t="158" w="493" /><ent r="3" t="158" w="777" /><ent r="4" t="171" w="291" /><ent r="3" t="180" w="3075" /><ent r="3" t="183" w="754" /><ent r="4" t="186" w="155" /><ent r="3" t="213" w="36" /><ent r="3" t="213" w="443" /><ent r="4" t="213" w="481" /><ent r="4" t="213" w="502" /><ent r="3" t="213" w="527" /><ent r="3" t="213" w="586" /><ent r="3" t="213" w="623" /></phr><phr n="marking"><ent r="4" t="156" w="395" /><ent r="4" t="156" w="434" /><ent r="4" t="156" w="465" /><ent r="3" t="156" w="473" /><ent r="4" t="157" w="371" /><ent r="4" t="157" w="407" /><ent r="4" t="157" w="438" /><ent r="3" t="157" w="446" /><ent r="4" t="158" w="368" /><ent r="4" t="158" w="404" /><ent r="4" t="158" w="435" /><ent r="3" t="158" w="443" /><ent r="4" t="213" w="496" /><ent r="4" t="213" w="535" /><ent r="4" t="213" w="566" /><ent r="3" t="213" w="574" /></phr><phr n="Markings"><ent r="4" t="156" w="458" /><ent r="4" t="157" w="431" /><ent r="4" t="158" w="428" /><ent r="4" t="213" w="559" /></phr><phr n="marked"><ent r="4" t="173" w="279" /></phr><phr n="mark"><ent r="3" t="214" w="105" /></phr></stem><stem n=":special"><phr n=":special"><ent r="100" t="68" w="22" /></phr></stem><stem n="$m"><phr n="$M"><ent r="3" t="68" w="56" /><ent r="3" t="68" w="115" /><ent r="3" t="68" w="121" /><ent r="3" t="68" w="132" /><ent r="3" t="68" w="159" /></phr></stem><stem n="(specification)"><phr n="(specification)"><ent r="3" t="68" w="58" /><ent r="3" t="68" w="152" /></phr></stem><stem n="dataset"><phr n="dataset"><ent r="5" t="68" w="74" /><ent r="5" t="68" w="80" /><ent r="3" t="180" w="1068" /><ent r="3" t="184" w="696" /><ent r="4" t="185" w="118" /><ent r="3" t="185" w="134" /><ent r="3" t="185" w="169" /><ent r="3" t="185" w="574" /><ent r="3" t="195" w="128" /><ent r="3" t="195" w="132" /></phr><phr n="Datasets"><ent r="4" t="171" w="153" /></phr></stem><stem n="dataset_nam"><phr n="dataset_name"><ent r="5" t="68" w="75" /><ent r="5" t="68" w="74" /><ent r="5" t="68" w="81" /><ent r="5" t="68" w="80" /></phr></stem><stem n="dataset_name/"><phr n="dataset_name/"><ent r="5" t="68" w="75" /><ent r="5" t="68" w="74" /></phr></stem><stem n="//dataset_name//path"><phr n="//dataset_name//path"><ent r="5" t="68" w="76" /></phr></stem><stem n="_name"><phr n="_name"><ent r="5" t="68" w="81" /></phr></stem><stem n="view_object"><phr n="view_object"><ent r="5" t="68" w="91" /><ent r="5" t="68" w="90" /><ent r="5" t="68" w="98" /><ent r="5" t="68" w="97" /></phr></stem><stem n="view_object_nam"><phr n="view_object_name"><ent r="5" t="68" w="92" /><ent r="5" t="68" w="90" /><ent r="5" t="68" w="99" /><ent r="5" t="68" w="97" /></phr></stem><stem n="//[view_object_name]//path"><phr n="//[view_object_name]//path"><ent r="5" t="68" w="93" /></phr></stem><stem n="_object_nam"><phr n="_object_name"><ent r="5" t="68" w="99" /></phr></stem><stem n="(nitf/fil"><phr n="(NITF/File"><ent r="3" t="68" w="117" /></phr></stem><stem n="nitf/fil"><phr n="NITF/File"><ent r="3" t="68" w="117" /><ent r="3" t="68" w="116" /><ent r="3" t="68" w="128" /><ent r="3" t="68" w="127" /><ent r="3" t="68" w="136" /><ent r="3" t="68" w="135" /></phr></stem><stem n="header/onam"><phr n="Header/OName"><ent r="3" t="68" w="119" /><ent r="3" t="68" w="118" /></phr><phr n="Header/ONAME"><ent r="3" t="68" w="130" /><ent r="3" t="68" w="129" /><ent r="3" t="68" w="138" /><ent r="3" t="68" w="137" /></phr></stem><stem n="onam"><phr n="OName"><ent r="3" t="68" w="119" /></phr><phr n="ONAME"><ent r="3" t="68" w="130" /><ent r="3" t="68" w="138" /></phr></stem><stem n="/oname)"><phr n="/OName)"><ent r="3" t="68" w="120" /></phr><phr n="/ONAME)"><ent r="3" t="68" w="131" /><ent r="3" t="68" w="139" /></phr></stem><stem n="data/mydata"><phr n="Data/mydata"><ent r="3" t="68" w="124" /><ent r="3" t="68" w="123" /></phr></stem><stem n="mydata"><phr n="mydata"><ent r="3" t="68" w="124" /><ent r="3" t="233" w="15" /><ent r="3" t="233" w="42" /><ent r="3" t="233" w="51" /><ent r="3" t="233" w="73" /><ent r="3" t="233" w="112" /></phr></stem><stem n="ntf"><phr n="ntf"><ent r="3" t="68" w="125" /></phr></stem><stem n="ntf-i1"><phr n="ntf-I1"><ent r="3" t="68" w="125" /></phr></stem><stem n="i1"><phr n="I1"><ent r="3" t="68" w="126" /></phr></stem><stem n="data/mydata.ntf-i1/"><phr n="Data/mydata.ntf-I1/"><ent r="3" t="68" w="126" /><ent r="3" t="68" w="123" /></phr></stem><stem n="(//c:/data/mydata.ntf-i1//nitf/fil"><phr n="(//C:/Data/mydata.ntf-I1//NITF/File"><ent r="3" t="68" w="128" /></phr></stem><stem n="(//[view"><phr n="(//[View"><ent r="3" t="68" w="133" /></phr></stem><stem n="]//nitf/fil"><phr n="]//NITF/File"><ent r="3" t="68" w="136" /></phr></stem><stem n="$s"><phr n="$S"><ent r="3" t="68" w="150" /></phr></stem><stem n="rule"><phr n="rules"><ent r="3" t="68" w="157" /></phr><phr n="rule"><ent r="3" t="238" w="495" /></phr></stem><stem n="()"><phr n="()"><ent r="3" t="68" w="160" /></phr></stem><stem n="string"><phr n="string"><ent r="4" t="68" w="183" /><ent r="4" t="81" w="297" /><ent r="3" t="156" w="700" /><ent r="3" t="156" w="752" /><ent r="3" t="157" w="673" /><ent r="3" t="157" w="725" /><ent r="3" t="158" w="670" /><ent r="3" t="158" w="722" /><ent r="3" t="187" w="246" /><ent r="4" t="187" w="619" /><ent r="4" t="187" w="653" /><ent r="3" t="187" w="1475" /><ent r="3" t="187" w="1526" /><ent r="3" t="187" w="1545" /><ent r="3" t="199" w="28" /><ent r="7" t="199" w="82" /><ent r="3" t="213" w="805" /><ent r="3" t="213" w="857" /><ent r="3" t="233" w="34" /><ent r="6" t="243" w="223" /></phr><phr n="strings"><ent r="3" t="156" w="694" /><ent r="3" t="157" w="667" /><ent r="3" t="158" w="664" /><ent r="3" t="213" w="799" /></phr><phr n="String"><ent r="6" t="230" w="586" /></phr></stem><stem n="palett"><phr n="Palette"><ent r="1000" t="69" w="3" /><ent r="102" t="69" w="11" /><ent r="3" t="69" w="34" /><ent r="4" t="69" w="46" /><ent r="4" t="69" w="62" /><ent r="3" t="69" w="93" /><ent r="3" t="69" w="99" /><ent r="64" t="69" w="171" /><ent r="1000" t="70" w="3" /><ent r="102" t="70" w="8" /><ent r="3" t="70" w="19" /><ent r="5" t="70" w="69" /><ent r="4" t="70" w="81" /><ent r="4" t="70" w="108" /><ent r="4" t="70" w="125" /><ent r="92" t="70" w="217" /><ent r="5" t="70" w="245" /><ent r="4" t="70" w="252" /><ent r="64" t="70" w="299" /><ent r="92" t="115" w="264" /><ent r="100" t="115" w="268" /><ent r="3" t="115" w="277" /><ent r="3" t="125" w="56" /><ent r="4" t="126" w="53" /><ent r="4" t="126" w="276" /><ent r="4" t="187" w="455" /><ent r="4" t="187" w="505" /><ent r="4" t="187" w="612" /><ent r="4" t="187" w="701" /><ent r="4" t="188" w="548" /><ent r="4" t="188" w="586" /><ent r="4" t="188" w="637" /><ent r="7" t="242" w="85" /></phr><phr n="palette"><ent r="100" t="69" w="7" /><ent r="3" t="69" w="16" /><ent r="3" t="69" w="66" /><ent r="100" t="70" w="13" /><ent r="4" t="70" w="75" /><ent r="4" t="70" w="148" /><ent r="4" t="70" w="176" /><ent r="100" t="115" w="270" /><ent r="3" t="115" w="290" /><ent r="3" t="125" w="176" /><ent r="4" t="189" w="43" /><ent r="4" t="189" w="63" /><ent r="4" t="189" w="97" /></phr></stem></index>