﻿<?xml version="1.0" encoding="utf-8"?><index><stem n="add/edit"><phr n="Add/Edit"><ent r="68" t="116" w="220" /><ent r="68" t="116" w="219" /><ent r="64" t="125" w="284" /><ent r="64" t="125" w="283" /><ent r="1000" t="126" w="2" /><ent r="1000" t="126" w="1" /><ent r="102" t="126" w="25" /><ent r="102" t="126" w="24" /><ent r="68" t="241" w="107" /><ent r="68" t="241" w="106" /></phr></stem><stem n="decreas"><phr n="Decreases"><ent r="7" t="116" w="268" /><ent r="7" t="241" w="174" /></phr><phr n="decreases"><ent r="3" t="179" w="845" /></phr><phr n="decrease"><ent r="3" t="179" w="1439" /><ent r="100" t="241" w="12" /></phr><phr n="Decrease"><ent r="7" t="241" w="171" /></phr></stem><stem n="earlier"><phr n="earlier"><ent r="7" t="116" w="283" /><ent r="3" t="124" w="60" /><ent r="3" t="187" w="1271" /><ent r="7" t="241" w="189" /></phr></stem><stem n="best"><phr n="best"><ent r="4" t="117" w="91" /><ent r="4" t="145" w="110" /><ent r="4" t="145" w="121" /><ent r="3" t="208" w="281" /><ent r="4" t="208" w="415" /></phr></stem><stem n=":execut"><phr n=":execute"><ent r="100" t="117" w="192" /></phr><phr n=":execution"><ent r="100" t="122" w="6" /><ent r="100" t="125" w="102" /><ent r="100" t="129" w="14" /></phr></stem><stem n="correctli"><phr n="correctly"><ent r="3" t="117" w="238" /><ent r="4" t="182" w="1697" /></phr></stem><stem n=":exist"><phr n=":existing"><ent r="100" t="118" w="13" /><ent r="100" t="240" w="115" /></phr></stem><stem n=":run"><phr n=":run"><ent r="100" t="119" w="9" /></phr></stem><stem n="scan"><phr n="scan"><ent r="3" t="121" w="28" /></phr></stem><stem n="sinc"><phr n="since"><ent r="3" t="121" w="76" /><ent r="3" t="167" w="522" /><ent r="4" t="208" w="625" /></phr><phr n="Since"><ent r="3" t="125" w="318" /><ent r="3" t="167" w="202" /><ent r="3" t="187" w="1300" /></phr></stem><stem n="wizard'"><phr n="wizard's"><ent r="3" t="122" w="193" /><ent r="3" t="122" w="192" /></phr></stem><stem n=":menu"><phr n=":menu"><ent r="100" t="123" w="10" /></phr></stem><stem n="“my"><phr n="“My"><ent r="3" t="123" w="190" /></phr></stem><stem n="my"><phr n="My"><ent r="3" t="123" w="190" /><ent r="3" t="123" w="404" /></phr></stem><stem n="\menu"><phr n="\Menu"><ent r="3" t="123" w="257" /><ent r="3" t="123" w="315" /><ent r="3" t="123" w="398" /><ent r="3" t="123" w="447" /></phr></stem><stem n="mywizard"><phr n="MyWizard"><ent r="3" t="123" w="263" /><ent r="3" t="123" w="541" /><ent r="4" t="187" w="1599" /><ent r="4" t="187" w="1621" /><ent r="4" t="187" w="1642" /><ent r="4" t="187" w="1662" /><ent r="4" t="187" w="1741" /><ent r="5" t="188" w="460" /><ent r="5" t="188" w="481" /><ent r="4" t="188" w="492" /><ent r="3" t="188" w="1346" /></phr></stem><stem n="“wizards\mywizard”"><phr n="“Wizards\MyWizard”"><ent r="3" t="123" w="264" /></phr></stem><stem n="otherwis"><phr n="Otherwise"><ent r="4" t="123" w="287" /><ent r="4" t="123" w="565" /></phr></stem><stem n="\sub-menu"><phr n="\Sub-menu"><ent r="3" t="123" w="317" /><ent r="3" t="123" w="449" /><ent r="3" t="123" w="593" /></phr></stem><stem n="ampersand"><phr n="ampersand"><ent r="3" t="123" w="359" /><ent r="4" t="187" w="1460" /></phr></stem><stem n="(&amp;)"><phr n="(&amp;)"><ent r="3" t="123" w="360" /><ent r="4" t="187" w="1461" /></phr></stem><stem n="&amp;drop-down"><phr n="&amp;Drop-down"><ent r="3" t="123" w="394" /><ent r="3" t="123" w="443" /></phr></stem><stem n="“&amp;help\mi"><phr n="“&amp;Help\My"><ent r="3" t="123" w="404" /></phr></stem><stem n="enclos"><phr n="enclose"><ent r="3" t="123" w="499" /></phr></stem><stem n="bracket"><phr n="brackets"><ent r="3" t="123" w="504" /></phr><phr n="Bracket"><ent r="4" t="187" w="1447" /></phr></stem><stem n="[toolbar"><phr n="[Toolbar"><ent r="3" t="123" w="533" /><ent r="3" t="123" w="589" /></phr></stem><stem n="]\menu"><phr n="]\Menu"><ent r="3" t="123" w="535" /><ent r="3" t="123" w="591" /></phr></stem><stem n="“["><phr n="“["><ent r="3" t="123" w="540" /></phr></stem><stem n="]\mywizard”"><phr n="]\MyWizard”"><ent r="3" t="123" w="542" /></phr></stem><stem n="(befor"><phr n="(before"><ent r="3" t="124" w="64" /></phr></stem><stem n="4.3"><phr n="4.3"><ent r="3" t="124" w="67" /><ent r="3" t="124" w="66" /></phr></stem><stem n="4.3.2"><phr n="4.3.2"><ent r="3" t="124" w="68" /><ent r="3" t="124" w="66" /></phr></stem><stem n=".3.2),"><phr n=".3.2),"><ent r="3" t="124" w="69" /></phr></stem><stem n="basic"><phr n="basic"><ent r="3" t="125" w="28" /><ent r="3" t="137" w="159" /><ent r="3" t="157" w="182" /><ent r="3" t="179" w="35" /><ent r="3" t="179" w="112" /><ent r="4" t="182" w="1677" /><ent r="3" t="208" w="22" /></phr><phr n="basically"><ent r="3" t="167" w="105" /></phr></stem><stem n="node"><phr n="nodes"><ent r="100" t="125" w="94" /><ent r="3" t="125" w="118" /><ent r="3" t="125" w="468" /><ent r="3" t="125" w="475" /><ent r="3" t="125" w="490" /><ent r="3" t="125" w="500" /><ent r="3" t="125" w="515" /><ent r="3" t="125" w="525" /><ent r="3" t="125" w="539" /><ent r="3" t="125" w="564" /><ent r="3" t="125" w="570" /><ent r="3" t="128" w="37" /><ent r="3" t="128" w="98" /><ent r="3" t="129" w="179" /><ent r="3" t="129" w="208" /><ent r="3" t="129" w="280" /><ent r="3" t="187" w="1041" /></phr><phr n="Nodes"><ent r="82" t="125" w="454" /></phr><phr n="node"><ent r="3" t="125" w="480" /><ent r="3" t="125" w="546" /><ent r="3" t="125" w="556" /><ent r="3" t="125" w="592" /><ent r="3" t="125" w="604" /><ent r="3" t="125" w="662" /><ent r="3" t="126" w="168" /><ent r="4" t="126" w="184" /><ent r="3" t="128" w="25" /><ent r="3" t="128" w="32" /><ent r="4" t="128" w="53" /><ent r="4" t="128" w="57" /><ent r="4" t="128" w="73" /><ent r="4" t="128" w="77" /><ent r="3" t="187" w="1051" /><ent r="3" t="187" w="1063" /><ent r="3" t="188" w="1003" /></phr></stem><stem n=":name"><phr n=":name"><ent r="100" t="125" w="98" /></phr></stem><stem n="simpli"><phr n="simply"><ent r="3" t="125" w="171" /><ent r="3" t="174" w="98" /><ent r="4" t="181" w="1338" /><ent r="3" t="187" w="1042" /></phr></stem><stem n="anatomi"><phr n="Anatomy"><ent r="92" t="125" w="215" /></phr></stem><stem n="beneath"><phr n="beneath"><ent r="3" t="125" w="233" /></phr></stem><stem n="-defined."><phr n="-defined."><ent r="3" t="125" w="246" /><ent r="3" t="125" w="246" /></phr></stem><stem n="typic"><phr n="typically"><ent r="3" t="125" w="310" /><ent r="3" t="181" w="117" /><ent r="3" t="182" w="703" /><ent r="5" t="190" w="195" /><ent r="7" t="199" w="678" /><ent r="4" t="208" w="413" /><ent r="4" t="208" w="506" /></phr><phr n="Typically"><ent r="3" t="142" w="33" /></phr><phr n="typical"><ent r="92" t="199" w="693" /></phr></stem><stem n="sequenc"><phr n="sequence"><ent r="3" t="125" w="317" /><ent r="3" t="125" w="919" /><ent r="3" t="179" w="54" /><ent r="3" t="183" w="59" /><ent r="3" t="184" w="51" /><ent r="3" t="186" w="51" /><ent r="5" t="188" w="153" /></phr></stem><stem n="alwai"><phr n="always"><ent r="3" t="125" w="323" /><ent r="3" t="125" w="502" /><ent r="3" t="125" w="527" /><ent r="3" t="180" w="976" /><ent r="3" t="183" w="1079" /><ent r="3" t="187" w="1326" /><ent r="3" t="188" w="1144" /><ent r="3" t="197" w="69" /><ent r="3" t="238" w="51" /></phr></stem><stem n="flexibl"><phr n="flexibility"><ent r="3" t="125" w="338" /></phr></stem><stem n="-code"><phr n="-coded"><ent r="3" t="125" w="351" /><ent r="3" t="125" w="351" /><ent r="3" t="125" w="484" /><ent r="3" t="125" w="484" /></phr></stem><stem n="color-cod"><phr n="color-coded"><ent r="3" t="125" w="351" /><ent r="3" t="125" w="541" /></phr></stem><stem n="code"><phr n="coded"><ent r="3" t="125" w="352" /><ent r="3" t="125" w="485" /><ent r="3" t="125" w="542" /></phr><phr n="code"><ent r="3" t="213" w="78" /></phr></stem><stem n="light"><phr n="Light"><ent r="6" t="125" w="373" /><ent r="6" t="125" w="386" /><ent r="6" t="125" w="402" /><ent r="6" t="125" w="418" /><ent r="6" t="125" w="439" /><ent r="6" t="125" w="448" /></phr></stem><stem n="purpl"><phr n="purple"><ent r="6" t="125" w="387" /></phr></stem><stem n="variou"><phr n="various"><ent r="7" t="125" w="396" /><ent r="3" t="171" w="44" /><ent r="3" t="180" w="233" /><ent r="3" t="182" w="123" /><ent r="3" t="186" w="1225" /><ent r="3" t="195" w="544" /><ent r="3" t="208" w="169" /></phr></stem><stem n="turquois"><phr n="turquoise"><ent r="6" t="125" w="403" /><ent r="4" t="181" w="964" /></phr></stem><stem n="maroon"><phr n="maroon"><ent r="6" t="125" w="419" /></phr></stem><stem n="thing"><phr n="things"><ent r="8" t="125" w="432" /></phr><phr n="thing"><ent r="3" t="180" w="696" /><ent r="3" t="187" w="127" /></phr></stem><stem n="lavend"><phr n="Lavender"><ent r="5" t="125" w="444" /></phr></stem><stem n="yellow"><phr n="yellow"><ent r="6" t="125" w="449" /><ent r="4" t="183" w="843" /><ent r="4" t="186" w="658" /><ent r="4" t="186" w="769" /></phr></stem><stem n="hard"><phr n="hard"><ent r="3" t="125" w="484" /></phr></stem><stem n="hard-cod"><phr n="hard-coded"><ent r="3" t="125" w="484" /></phr></stem><stem n="-coded."><phr n="-coded."><ent r="3" t="125" w="543" /><ent r="3" t="125" w="543" /></phr></stem><stem n="(s),"><phr n="(s),"><ent r="3" t="125" w="551" /></phr></stem><stem n="&quot;get...&quot;"><phr n="&quot;Get...&quot;"><ent r="82" t="125" w="613" /><ent r="3" t="125" w="616" /><ent r="3" t="125" w="670" /><ent r="3" t="125" w="683" /><ent r="3" t="125" w="704" /></phr></stem><stem n="&quot;get"><phr n="&quot;Get"><ent r="3" t="125" w="629" /><ent r="3" t="125" w="712" /></phr></stem><stem n="compat"><phr n="compatible"><ent r="3" t="125" w="665" /></phr></stem><stem n=":interact"><phr n=":interactive"><ent r="100" t="125" w="731" /></phr></stem><stem n=":batch"><phr n=":batch"><ent r="100" t="125" w="776" /></phr></stem><stem n="intern"><phr n="internally"><ent r="4" t="125" w="802" /></phr></stem><stem n="black"><phr n="black"><ent r="4" t="125" w="811" /><ent r="3" t="129" w="231" /><ent r="4" t="179" w="1949" /></phr></stem><stem n="“1”"><phr n="“1”"><ent r="3" t="125" w="927" /></phr></stem><stem n="“2”"><phr n="“2”"><ent r="3" t="125" w="937" /></phr></stem><stem n=":valu"><phr n=":Value"><ent r="100" t="126" w="8" /><ent r="100" t="126" w="11" /></phr><phr n=":value"><ent r="100" t="126" w="15" /><ent r="100" t="126" w="22" /></phr></stem><stem n="-and-drop:"><phr n="-and-drop:"><ent r="3" t="126" w="39" /><ent r="3" t="126" w="40" /></phr></stem><stem n="w"><phr n="W"><ent r="5" t="126" w="49" /><ent r="3" t="180" w="1611" /><ent r="5" t="226" w="238" /></phr><phr n="w"><ent r="5" t="179" w="1162" /><ent r="3" t="199" w="708" /></phr></stem><stem n="izard"><phr n="izard"><ent r="4" t="126" w="51" /></phr></stem><stem n="easiest"><phr n="easiest"><ent r="4" t="126" w="280" /></phr></stem><stem n="vector&lt;string&gt;"><phr n="vector&lt;string&gt;"><ent r="3" t="127" w="14" /><ent r="4" t="127" w="35" /><ent r="6" t="243" w="647" /></phr></stem><stem n="&quot;vector&lt;string&gt;&quot;"><phr n="&quot;vector&lt;string&gt;&quot;"><ent r="3" t="127" w="15" /></phr></stem><stem n="launch"><phr n="launch"><ent r="3" t="127" w="18" /><ent r="4" t="127" w="27" /></phr><phr n="launches"><ent r="3" t="167" w="261" /></phr></stem><stem n="notepad"><phr n="Notepad"><ent r="3" t="127" w="24" /></phr></stem><stem n=":connect"><phr n=":connect"><ent r="100" t="128" w="11" /></phr></stem><stem n="(a)"><phr n="(A)"><ent r="4" t="128" w="52" /><ent r="4" t="128" w="72" /></phr></stem><stem n="(b)"><phr n="(B)"><ent r="4" t="128" w="56" /><ent r="4" t="128" w="76" /></phr></stem><stem n="disappear"><phr n="disappears"><ent r="3" t="128" w="107" /></phr><phr n="disappear"><ent r="4" t="173" w="199" /><ent r="4" t="182" w="981" /></phr></stem><stem n="destroi"><phr n="destroys"><ent r="3" t="129" w="186" /></phr></stem><stem n="preserv"><phr n="preserved"><ent r="3" t="129" w="197" /></phr><phr n="preserve"><ent r="3" t="140" w="220" /></phr></stem><stem n="occasion"><phr n="Occasionally"><ent r="3" t="129" w="257" /></phr></stem><stem n="unsupport"><phr n="unsupported"><ent r="3" t="129" w="272" /></phr></stem><stem n="brown"><phr n="brown"><ent r="3" t="129" w="284" /><ent r="4" t="180" w="1840" /><ent r="4" t="180" w="1911" /><ent r="3" t="188" w="1025" /></phr></stem><stem n="(unless"><phr n="(unless"><ent r="3" t="129" w="312" /></phr></stem><stem n="’ve"><phr n="’ve"><ent r="3" t="130" w="12" /></phr></stem><stem n="arrang"><phr n="arranging"><ent r="3" t="130" w="47" /><ent r="3" t="158" w="35" /><ent r="3" t="186" w="97" /></phr><phr n="arrange"><ent r="4" t="180" w="3028" /></phr><phr n="Arrange"><ent r="4" t="188" w="606" /></phr></stem><stem n="virtual"><phr n="virtual"><ent r="3" t="130" w="52" /><ent r="3" t="130" w="104" /><ent r="3" t="158" w="40" /><ent r="3" t="186" w="102" /><ent r="4" t="186" w="158" /></phr></stem><stem n="sheet"><phr n="sheet"><ent r="3" t="130" w="53" /><ent r="3" t="158" w="41" /><ent r="3" t="186" w="103" /></phr></stem><stem n="(on"><phr n="(on"><ent r="4" t="131" w="132" /><ent r="4" t="131" w="160" /></phr><phr n="(On"><ent r="3" t="187" w="1711" /></phr></stem><stem n="particular"><phr n="particular"><ent r="3" t="131" w="190" /><ent r="3" t="178" w="126" /><ent r="4" t="179" w="1945" /><ent r="3" t="180" w="963" /><ent r="4" t="181" w="1279" /></phr></stem><stem n=":deriv"><phr n=":derive"><ent r="100" t="132" w="6" /></phr></stem><stem n=":load"><phr n=":load"><ent r="100" t="133" w="6" /></phr></stem><stem n=":templat"><phr n=":template"><ent r="100" t="133" w="9" /><ent r="100" t="135" w="9" /></phr></stem><stem n=":select"><phr n=":selected"><ent r="100" t="134" w="6" /></phr><phr n=":select"><ent r="100" t="175" w="10" /><ent r="100" t="175" w="13" /></phr></stem><stem n=":paper"><phr n=":paper"><ent r="100" t="136" w="12" /></phr></stem><stem n="portrait"><phr n="portrait"><ent r="4" t="136" w="76" /></phr></stem><stem n="landscap"><phr n="landscape"><ent r="4" t="136" w="78" /></phr></stem><stem n="nimat"><phr n="nimation"><ent r="5" t="137" w="62" /></phr></stem><stem n="onc"><phr n="once"><ent r="3" t="137" w="104" /><ent r="4" t="179" w="1996" /><ent r="3" t="180" w="3063" /><ent r="4" t="181" w="754" /><ent r="7" t="191" w="33" /><ent r="6" t="191" w="38" /></phr><phr n="Once"><ent r="3" t="180" w="212" /></phr></stem><stem n="&quot;bumpers&quot;"><phr n="&quot;bumpers&quot;"><ent r="3" t="137" w="129" /></phr></stem><stem n="video"><phr n="video"><ent r="3" t="137" w="163" /></phr></stem><stem n=":plai"><phr n=":play"><ent r="100" t="138" w="8" /></phr></stem><stem n="rate"><phr n="rate"><ent r="3" t="140" w="34" /><ent r="3" t="176" w="72" /><ent r="4" t="176" w="161" /><ent r="4" t="176" w="171" /><ent r="4" t="176" w="217" /><ent r="3" t="182" w="1398" /><ent r="4" t="182" w="1453" /><ent r="4" t="182" w="1465" /><ent r="4" t="182" w="1492" /><ent r="3" t="220" w="100" /><ent r="3" t="220" w="103" /><ent r="3" t="222" w="105" /><ent r="3" t="222" w="108" /></phr></stem><stem n="strict"><phr n="strict"><ent r="3" t="140" w="37" /></phr></stem><stem n="per"><phr n="per"><ent r="3" t="140" w="42" /><ent r="3" t="140" w="65" /><ent r="6" t="140" w="86" /><ent r="6" t="140" w="93" /><ent r="4" t="182" w="1455" /><ent r="7" t="199" w="96" /><ent r="7" t="199" w="108" /><ent r="7" t="199" w="119" /><ent r="4" t="216" w="252" /><ent r="4" t="223" w="97" /></phr><phr n="Per"><ent r="4" t="144" w="334" /><ent r="5" t="216" w="243" /><ent r="5" t="223" w="88" /></phr></stem><stem n=".25"><phr n=".25"><ent r="6" t="140" w="97" /><ent r="6" t="140" w="171" /><ent r="6" t="140" w="174" /></phr></stem><stem n="0.25"><phr n="0.25"><ent r="6" t="140" w="97" /><ent r="6" t="140" w="96" /><ent r="6" t="140" w="171" /><ent r="6" t="140" w="170" /><ent r="6" t="140" w="174" /><ent r="6" t="140" w="173" /></phr></stem><stem n="25"><phr n="25"><ent r="6" t="140" w="97" /><ent r="6" t="140" w="171" /><ent r="6" t="140" w="174" /><ent r="5" t="153" w="502" /><ent r="5" t="153" w="937" /><ent r="4" t="154" w="480" /><ent r="5" t="165" w="540" /><ent r="4" t="236" w="138" /></phr></stem><stem n="real"><phr n="real"><ent r="3" t="140" w="134" /><ent r="6" t="140" w="153" /><ent r="6" t="140" w="167" /><ent r="6" t="140" w="183" /><ent r="5" t="153" w="193" /><ent r="4" t="153" w="213" /><ent r="6" t="199" w="227" /><ent r="6" t="199" w="240" /></phr></stem><stem n="request"><phr n="requested"><ent r="3" t="140" w="201" /><ent r="3" t="140" w="222" /><ent r="3" t="141" w="23" /></phr></stem><stem n="achiev"><phr n="achieved"><ent r="3" t="140" w="206" /><ent r="3" t="193" w="162" /></phr></stem><stem n="due"><phr n="due"><ent r="3" t="140" w="207" /><ent r="3" t="167" w="645" /><ent r="3" t="167" w="714" /></phr></stem><stem n="&quot;can"><phr n="&quot;Can"><ent r="3" t="141" w="10" /><ent r="3" t="141" w="27" /><ent r="3" t="141" w="92" /></phr></stem><stem n="maintain"><phr n="maintain"><ent r="3" t="141" w="21" /><ent r="3" t="144" w="542" /></phr></stem><stem n="-level"><phr n="-level"><ent r="4" t="141" w="66" /><ent r="4" t="141" w="66" /><ent r="4" t="213" w="284" /><ent r="4" t="213" w="284" /></phr></stem><stem n="top-level"><phr n="top-level"><ent r="4" t="141" w="66" /><ent r="4" t="213" w="284" /></phr></stem><stem n="&quot;left"><phr n="&quot;left"><ent r="3" t="142" w="35" /></phr></stem><stem n="&quot;start&quot;"><phr n="&quot;start&quot;"><ent r="3" t="142" w="40" /></phr></stem><stem n="&quot;right"><phr n="&quot;right"><ent r="3" t="142" w="43" /></phr></stem><stem n="&quot;end&quot;"><phr n="&quot;end&quot;"><ent r="3" t="142" w="48" /></phr></stem><stem n="elect"><phr n="elect"><ent r="6" t="142" w="213" /><ent r="3" t="179" w="782" /><ent r="4" t="184" w="653" /></phr></stem><stem n="-click,"><phr n="-click,"><ent r="4" t="142" w="223" /><ent r="4" t="142" w="223" /><ent r="4" t="142" w="261" /><ent r="4" t="142" w="261" /></phr></stem><stem n="/off"><phr n="/off"><ent r="3" t="142" w="553" /></phr></stem><stem n="on/off"><phr n="on/off"><ent r="3" t="142" w="553" /><ent r="3" t="142" w="552" /></phr></stem><stem n="overwritten"><phr n="overwritten"><ent r="3" t="142" w="571" /><ent r="3" t="179" w="279" /></phr></stem><stem n="minu"><phr n="minus"><ent r="3" t="143" w="85" /><ent r="3" t="144" w="570" /><ent r="3" t="180" w="1605" /></phr></stem><stem n="strip"><phr n="Strip"><ent r="4" t="144" w="335" /><ent r="5" t="216" w="244" /><ent r="5" t="223" w="89" /></phr><phr n="strip"><ent r="4" t="216" w="253" /><ent r="4" t="223" w="98" /></phr></stem><stem n="pack"><phr n="Pack"><ent r="4" t="144" w="341" /><ent r="5" t="216" w="258" /><ent r="5" t="223" w="103" /></phr></stem><stem n="gzip"><phr n="GZIP"><ent r="3" t="144" w="367" /><ent r="3" t="144" w="371" /><ent r="4" t="144" w="391" /><ent r="4" t="217" w="228" /><ent r="3" t="217" w="250" /></phr></stem><stem n="shuffl"><phr n="Shuffle"><ent r="3" t="144" w="369" /></phr><phr n="shuffle"><ent r="4" t="217" w="239" /></phr></stem><stem n="none"><phr n="None"><ent r="3" t="144" w="382" /><ent r="4" t="214" w="88" /><ent r="4" t="217" w="226" /></phr></stem><stem n="(&quot;none&quot;)."><phr n="(&quot;None&quot;)."><ent r="3" t="144" w="383" /></phr></stem><stem n="chunk"><phr n="Chunk"><ent r="4" t="144" w="398" /><ent r="4" t="144" w="405" /><ent r="82" t="217" w="260" /></phr><phr n="chunk"><ent r="3" t="144" w="419" /><ent r="3" t="217" w="197" /><ent r="3" t="217" w="265" /><ent r="3" t="217" w="273" /><ent r="3" t="217" w="293" /></phr><phr n="chunks"><ent r="3" t="217" w="271" /></phr><phr n="chunked"><ent r="3" t="217" w="286" /></phr></stem><stem n="qualiti"><phr n="quality"><ent r="3" t="144" w="538" /><ent r="3" t="197" w="31" /><ent r="4" t="224" w="47" /><ent r="4" t="224" w="109" /><ent r="4" t="224" w="121" /><ent r="3" t="224" w="171" /><ent r="3" t="224" w="181" /></phr><phr n="Quality"><ent r="3" t="177" w="17" /><ent r="1000" t="197" w="1" /><ent r="102" t="197" w="6" /><ent r="5" t="224" w="96" /></phr></stem><stem n="numer"><phr n="numerous"><ent r="3" t="144" w="556" /></phr><phr n="numeric"><ent r="3" t="187" w="1330" /><ent r="3" t="188" w="1148" /></phr></stem><stem n="-tune"><phr n="-tuning"><ent r="3" t="144" w="559" /><ent r="3" t="144" w="559" /></phr></stem><stem n="fine"><phr n="fine"><ent r="3" t="144" w="559" /></phr></stem><stem n="fine-tun"><phr n="fine-tuning"><ent r="3" t="144" w="559" /></phr></stem><stem n="tune"><phr n="tuning"><ent r="3" t="144" w="560" /><ent r="3" t="208" w="320" /></phr><phr n="tuned"><ent r="3" t="208" w="271" /><ent r="3" t="208" w="299" /><ent r="3" t="208" w="312" /></phr></stem><stem n="prefer"><phr n="preferred"><ent r="3" t="145" w="130" /></phr><phr n="Preferred"><ent r="4" t="145" w="159" /><ent r="3" t="145" w="178" /><ent r="3" t="145" w="229" /></phr></stem><stem n="-&gt;"><phr n="-&gt;"><ent r="4" t="145" w="149" /><ent r="4" t="145" w="149" /></phr></stem><stem n="add-&gt;"><phr n="Add-&gt;"><ent r="4" t="145" w="149" /></phr></stem><stem n="-remov"><phr n="-Remove"><ent r="4" t="145" w="241" /><ent r="4" t="145" w="241" /></phr></stem><stem n="&lt;"><phr n="&lt;"><ent r="4" t="145" w="241" /></phr></stem><stem n="&lt;-remov"><phr n="&lt;-Remove"><ent r="4" t="145" w="241" /></phr></stem><stem n="hatch"><phr n="hatch"><ent r="4" t="147" w="166" /><ent r="6" t="230" w="287" /></phr><phr n="Hatch"><ent r="6" t="230" w="276" /><ent r="6" t="230" w="296" /></phr></stem><stem n="arc"><phr n="Arc"><ent r="5" t="147" w="197" /><ent r="6" t="230" w="141" /><ent r="6" t="230" w="194" /><ent r="6" t="230" w="236" /><ent r="6" t="230" w="298" /><ent r="6" t="230" w="363" /><ent r="6" t="230" w="408" /><ent r="6" t="230" w="444" /><ent r="6" t="230" w="479" /><ent r="6" t="230" w="525" /><ent r="6" t="230" w="648" /></phr><phr n="arcs"><ent r="4" t="147" w="210" /></phr><phr n="arc"><ent r="4" t="147" w="215" /><ent r="7" t="190" w="152" /><ent r="7" t="190" w="161" /><ent r="6" t="230" w="638" /></phr></stem><stem n="apex"><phr n="apex"><ent r="4" t="147" w="231" /><ent r="6" t="230" w="87" /></phr><phr n="Apex"><ent r="6" t="230" w="68" /><ent r="6" t="230" w="71" /><ent r="6" t="230" w="99" /></phr></stem><stem n="distinguish"><phr n="distinguish"><ent r="3" t="148" w="190" /><ent r="3" t="154" w="229" /><ent r="3" t="155" w="203" /></phr></stem><stem n="ption"><phr n="ptions"><ent r="4" t="150" w="148" /></phr></stem><stem n="dm"><phr n="DMS"><ent r="3" t="150" w="163" /></phr></stem><stem n="(degrees,"><phr n="(degrees,"><ent r="3" t="150" w="165" /></phr></stem><stem n="magnitud"><phr n="magnitude"><ent r="5" t="153" w="189" /></phr></stem><stem n="phase"><phr n="phase"><ent r="5" t="153" w="190" /><ent r="5" t="153" w="192" /><ent r="3" t="193" w="52" /></phr></stem><stem n="(real"><phr n="(real"><ent r="5" t="153" w="193" /></phr></stem><stem n="quadratur"><phr n="quadrature"><ent r="5" t="153" w="196" /></phr></stem><stem n="(imaginari"><phr n="(imaginary"><ent r="5" t="153" w="197" /></phr></stem><stem n="imaginari"><phr n="imaginary"><ent r="5" t="153" w="197" /><ent r="6" t="199" w="228" /><ent r="6" t="199" w="241" /></phr></stem><stem n="textur"><phr n="Texture"><ent r="5" t="153" w="202" /><ent r="92" t="165" w="752" /></phr><phr n="textures"><ent r="4" t="153" w="253" /><ent r="4" t="165" w="766" /></phr></stem><stem n="card"><phr n="card"><ent r="4" t="153" w="224" /></phr></stem><stem n="anyth"><phr n="anything"><ent r="4" t="153" w="274" /></phr></stem><stem n="els"><phr n="else"><ent r="4" t="153" w="275" /></phr></stem><stem n="pc"><phr n="PC"><ent r="4" t="153" w="278" /><ent r="3" t="178" w="177" /><ent r="7" t="178" w="285" /><ent r="7" t="179" w="502" /><ent r="7" t="180" w="653" /><ent r="7" t="181" w="364" /><ent r="7" t="182" w="327" /><ent r="7" t="183" w="602" /><ent r="7" t="184" w="604" /><ent r="7" t="185" w="211" /><ent r="7" t="186" w="478" /><ent r="7" t="187" w="399" /><ent r="7" t="188" w="389" /></phr></stem><stem n="(for"><phr n="(for"><ent r="4" t="153" w="366" /><ent r="4" t="153" w="801" /><ent r="7" t="199" w="140" /></phr><phr n="(For"><ent r="4" t="180" w="1850" /></phr></stem><stem n="10"><phr n="10"><ent r="5" t="153" w="405" /><ent r="5" t="153" w="416" /><ent r="5" t="153" w="840" /><ent r="5" t="153" w="851" /><ent r="5" t="165" w="443" /><ent r="5" t="165" w="454" /><ent r="3" t="169" w="289" /><ent r="7" t="196" w="90" /><ent r="4" t="236" w="41" /><ent r="4" t="236" w="52" /></phr></stem><stem n="10,000"><phr n="10,000"><ent r="5" t="153" w="406" /><ent r="5" t="153" w="405" /><ent r="5" t="153" w="841" /><ent r="5" t="153" w="840" /><ent r="5" t="165" w="444" /><ent r="5" t="165" w="443" /><ent r="4" t="236" w="42" /><ent r="4" t="236" w="41" /></phr></stem><stem n="000"><phr n="000"><ent r="5" t="153" w="406" /><ent r="5" t="153" w="417" /><ent r="5" t="153" w="841" /><ent r="5" t="153" w="852" /><ent r="5" t="165" w="444" /><ent r="5" t="165" w="455" /><ent r="3" t="199" w="759" /><ent r="3" t="199" w="761" /><ent r="4" t="236" w="42" /><ent r="4" t="236" w="53" /></phr></stem><stem n="10,000,"><phr n="10,000,"><ent r="5" t="153" w="406" /><ent r="5" t="153" w="405" /><ent r="5" t="153" w="841" /><ent r="5" t="153" w="840" /><ent r="5" t="165" w="444" /><ent r="5" t="165" w="443" /><ent r="4" t="236" w="42" /><ent r="4" t="236" w="41" /></phr></stem><stem n="–10,000,"><phr n="–10,000,"><ent r="5" t="153" w="407" /><ent r="5" t="153" w="842" /><ent r="5" t="165" w="445" /><ent r="4" t="236" w="43" /></phr></stem><stem n="0-10"><phr n="0-10"><ent r="5" t="153" w="415" /><ent r="5" t="153" w="850" /><ent r="5" t="165" w="453" /><ent r="4" t="236" w="51" /></phr></stem><stem n="-10,000"><phr n="-10,000"><ent r="5" t="153" w="417" /><ent r="5" t="153" w="417" /><ent r="5" t="153" w="852" /><ent r="5" t="153" w="852" /><ent r="5" t="165" w="455" /><ent r="5" t="165" w="455" /><ent r="4" t="236" w="53" /><ent r="4" t="236" w="53" /></phr></stem><stem n="0-10,000"><phr n="0-10,000"><ent r="5" t="153" w="417" /><ent r="5" t="153" w="416" /><ent r="5" t="153" w="852" /><ent r="5" t="153" w="851" /><ent r="5" t="165" w="455" /><ent r="5" t="165" w="454" /><ent r="4" t="236" w="53" /><ent r="4" t="236" w="52" /></phr></stem><stem n="term"><phr n="terms"><ent r="5" t="153" w="428" /><ent r="5" t="153" w="453" /><ent r="5" t="153" w="517" /><ent r="5" t="153" w="863" /><ent r="5" t="153" w="888" /><ent r="5" t="153" w="952" /><ent r="4" t="154" w="406" /><ent r="4" t="154" w="431" /><ent r="4" t="154" w="494" /><ent r="5" t="165" w="466" /><ent r="5" t="165" w="491" /><ent r="5" t="165" w="555" /><ent r="4" t="236" w="64" /><ent r="4" t="236" w="89" /><ent r="4" t="236" w="153" /></phr></stem><stem n="half"><phr n="half"><ent r="5" t="153" w="470" /><ent r="5" t="153" w="482" /><ent r="5" t="153" w="905" /><ent r="5" t="153" w="917" /><ent r="4" t="154" w="448" /><ent r="4" t="154" w="460" /><ent r="5" t="165" w="508" /><ent r="5" t="165" w="520" /><ent r="7" t="199" w="644" /><ent r="4" t="236" w="106" /><ent r="4" t="236" w="118" /></phr><phr n="Half"><ent r="4" t="185" w="94" /><ent r="3" t="193" w="61" /><ent r="3" t="195" w="372" /><ent r="3" t="195" w="602" /><ent r="3" t="209" w="190" /></phr></stem><stem n="“50.”"><phr n="“50.”"><ent r="5" t="153" w="487" /><ent r="5" t="153" w="922" /><ent r="4" t="154" w="465" /><ent r="5" t="165" w="525" /><ent r="4" t="236" w="123" /></phr></stem><stem n="75"><phr n="75"><ent r="5" t="153" w="493" /><ent r="5" t="153" w="506" /><ent r="5" t="153" w="928" /><ent r="5" t="153" w="941" /><ent r="4" t="154" w="471" /><ent r="4" t="154" w="484" /><ent r="5" t="165" w="531" /><ent r="5" t="165" w="544" /><ent r="4" t="224" w="40" /><ent r="3" t="224" w="195" /><ent r="3" t="224" w="201" /><ent r="4" t="236" w="129" /><ent r="4" t="236" w="142" /></phr></stem></index>