﻿<?xml version="1.0" encoding="utf-8"?><index><stem n="vector&lt;char&gt;"><phr n="vector&lt;char&gt;"><ent r="6" t="243" w="371" /></phr></stem><stem n="-line"><phr n="-line"><ent r="6" t="243" w="373" /><ent r="6" t="243" w="373" /><ent r="6" t="243" w="392" /><ent r="6" t="243" w="392" /><ent r="6" t="243" w="410" /><ent r="6" t="243" w="410" /><ent r="6" t="243" w="429" /><ent r="6" t="243" w="429" /><ent r="6" t="243" w="447" /><ent r="6" t="243" w="447" /><ent r="6" t="243" w="466" /><ent r="6" t="243" w="466" /><ent r="6" t="243" w="484" /><ent r="6" t="243" w="484" /><ent r="6" t="243" w="503" /><ent r="6" t="243" w="503" /><ent r="5" t="243" w="522" /><ent r="5" t="243" w="522" /><ent r="5" t="243" w="540" /><ent r="5" t="243" w="540" /><ent r="5" t="243" w="558" /><ent r="5" t="243" w="558" /><ent r="5" t="243" w="577" /><ent r="5" t="243" w="577" /><ent r="6" t="243" w="595" /><ent r="6" t="243" w="595" /><ent r="6" t="243" w="613" /><ent r="6" t="243" w="613" /><ent r="6" t="243" w="631" /><ent r="6" t="243" w="631" /><ent r="6" t="243" w="649" /><ent r="6" t="243" w="649" /><ent r="6" t="243" w="664" /><ent r="6" t="243" w="664" /></phr></stem><stem n="multi-lin"><phr n="Multi-line"><ent r="6" t="243" w="373" /><ent r="6" t="243" w="392" /><ent r="6" t="243" w="410" /><ent r="6" t="243" w="429" /><ent r="6" t="243" w="447" /><ent r="6" t="243" w="466" /><ent r="6" t="243" w="484" /><ent r="6" t="243" w="503" /><ent r="5" t="243" w="522" /><ent r="5" t="243" w="540" /><ent r="5" t="243" w="558" /><ent r="5" t="243" w="577" /><ent r="6" t="243" w="595" /><ent r="6" t="243" w="613" /><ent r="6" t="243" w="631" /><ent r="6" t="243" w="649" /><ent r="6" t="243" w="664" /></phr></stem><stem n="vector&lt;unsign"><phr n="vector&lt;unsigned"><ent r="6" t="243" w="389" /><ent r="6" t="243" w="426" /><ent r="6" t="243" w="463" /><ent r="6" t="243" w="500" /></phr></stem><stem n="char&gt;"><phr n="char&gt;"><ent r="6" t="243" w="390" /></phr></stem><stem n="vector&lt;short&gt;"><phr n="vector&lt;short&gt;"><ent r="6" t="243" w="408" /></phr></stem><stem n="short&gt;"><phr n="short&gt;"><ent r="6" t="243" w="427" /></phr></stem><stem n="vector&lt;int&gt;"><phr n="vector&lt;int&gt;"><ent r="6" t="243" w="445" /></phr></stem><stem n="int&gt;"><phr n="int&gt;"><ent r="6" t="243" w="464" /></phr></stem><stem n="vector&lt;long&gt;"><phr n="vector&lt;long&gt;"><ent r="6" t="243" w="482" /></phr></stem><stem n="long&gt;"><phr n="long&gt;"><ent r="6" t="243" w="501" /></phr></stem><stem n="vector&lt;int64"><phr n="vector&lt;int64"><ent r="5" t="243" w="519" /></phr></stem><stem n="_t&gt;"><phr n="_t&gt;"><ent r="5" t="243" w="520" /><ent r="5" t="243" w="575" /></phr></stem><stem n="vector&lt;int64_t&gt;"><phr n="vector&lt;int64_t&gt;"><ent r="5" t="243" w="520" /><ent r="5" t="243" w="519" /></phr></stem><stem n="t&gt;"><phr n="t&gt;"><ent r="5" t="243" w="520" /><ent r="5" t="243" w="575" /></phr></stem><stem n="vector&lt;int64&gt;"><phr n="vector&lt;Int64&gt;"><ent r="5" t="243" w="538" /></phr></stem><stem n="vector&lt;uint64&gt;"><phr n="vector&lt;UInt64&gt;"><ent r="5" t="243" w="556" /></phr></stem><stem n="vector&lt;uint64"><phr n="vector&lt;uint64"><ent r="5" t="243" w="574" /></phr></stem><stem n="vector&lt;uint64_t&gt;"><phr n="vector&lt;uint64_t&gt;"><ent r="5" t="243" w="575" /><ent r="5" t="243" w="574" /></phr></stem><stem n="vector&lt;float&gt;"><phr n="vector&lt;float&gt;"><ent r="6" t="243" w="593" /></phr></stem><stem n="vector&lt;double&gt;"><phr n="vector&lt;double&gt;"><ent r="6" t="243" w="611" /></phr></stem><stem n="vector&lt;bool&gt;"><phr n="vector&lt;bool&gt;"><ent r="6" t="243" w="629" /></phr></stem><stem n="“true”"><phr n="“true”"><ent r="6" t="243" w="637" /></phr></stem><stem n="“false”"><phr n="“false”"><ent r="6" t="243" w="639" /></phr></stem><stem n="vector&lt;filename&gt;"><phr n="vector&lt;Filename&gt;"><ent r="6" t="243" w="662" /></phr></stem></index>