﻿<?xml version="1.0" encoding="utf-8"?><index><stem n="wizard"><phr n="wizards"><ent r="3" t="1" w="164" /><ent r="3" t="102" w="46" /><ent r="3" t="115" w="52" /><ent r="3" t="118" w="20" /><ent r="3" t="119" w="157" /><ent r="3" t="121" w="34" /><ent r="3" t="121" w="37" /><ent r="3" t="121" w="94" /><ent r="3" t="121" w="104" /><ent r="100" t="122" w="67" /><ent r="4" t="122" w="71" /><ent r="3" t="123" w="196" /><ent r="3" t="187" w="1679" /><ent r="3" t="188" w="115" /><ent r="3" t="188" w="129" /><ent r="3" t="188" w="135" /><ent r="3" t="188" w="1522" /><ent r="3" t="188" w="1534" /></phr><phr n="Wizard"><ent r="4" t="22" w="167" /><ent r="1000" t="115" w="3" /><ent r="100" t="115" w="8" /><ent r="100" t="115" w="12" /><ent r="100" t="115" w="16" /><ent r="100" t="115" w="22" /><ent r="100" t="115" w="26" /><ent r="100" t="115" w="28" /><ent r="100" t="115" w="31" /><ent r="102" t="115" w="37" /><ent r="3" t="115" w="41" /><ent r="100" t="115" w="72" /><ent r="3" t="115" w="79" /><ent r="100" t="115" w="82" /><ent r="4" t="115" w="102" /><ent r="3" t="115" w="107" /><ent r="3" t="115" w="118" /><ent r="100" t="115" w="128" /><ent r="92" t="115" w="134" /><ent r="100" t="115" w="143" /><ent r="100" t="115" w="226" /><ent r="92" t="115" w="230" /><ent r="3" t="115" w="235" /><ent r="64" t="115" w="257" /><ent r="92" t="115" w="262" /><ent r="100" t="115" w="266" /><ent r="3" t="115" w="275" /><ent r="64" t="115" w="311" /><ent r="92" t="115" w="315" /><ent r="64" t="115" w="459" /><ent r="100" t="115" w="463" /><ent r="92" t="115" w="467" /><ent r="3" t="115" w="471" /><ent r="64" t="115" w="492" /><ent r="64" t="115" w="495" /><ent r="64" t="115" w="501" /><ent r="92" t="115" w="506" /><ent r="100" t="115" w="510" /><ent r="100" t="115" w="515" /><ent r="3" t="115" w="519" /><ent r="64" t="115" w="553" /><ent r="64" t="115" w="562" /><ent r="64" t="115" w="566" /><ent r="64" t="115" w="570" /><ent r="64" t="115" w="574" /><ent r="1000" t="116" w="1" /><ent r="100" t="116" w="6" /><ent r="100" t="116" w="9" /><ent r="102" t="116" w="13" /><ent r="7" t="116" w="31" /><ent r="7" t="116" w="90" /><ent r="7" t="116" w="126" /><ent r="7" t="116" w="164" /><ent r="68" t="116" w="264" /><ent r="68" t="116" w="298" /><ent r="1000" t="117" w="3" /><ent r="102" t="117" w="17" /><ent r="5" t="117" w="35" /><ent r="3" t="117" w="40" /><ent r="64" t="117" w="55" /><ent r="65" t="117" w="72" /><ent r="4" t="117" w="88" /><ent r="65" t="117" w="130" /><ent r="4" t="117" w="157" /><ent r="65" t="117" w="186" /><ent r="92" t="117" w="196" /><ent r="3" t="117" w="212" /><ent r="64" t="117" w="261" /><ent r="64" t="117" w="266" /><ent r="64" t="117" w="270" /><ent r="64" t="117" w="274" /><ent r="64" t="117" w="277" /><ent r="1000" t="118" w="3" /><ent r="102" t="118" w="10" /><ent r="5" t="118" w="49" /><ent r="4" t="118" w="55" /><ent r="4" t="118" w="61" /><ent r="64" t="118" w="93" /><ent r="4" t="118" w="129" /><ent r="64" t="118" w="138" /><ent r="64" t="118" w="143" /><ent r="1000" t="119" w="3" /><ent r="102" t="119" w="13" /><ent r="4" t="119" w="29" /><ent r="92" t="119" w="63" /><ent r="92" t="119" w="66" /><ent r="5" t="119" w="85" /><ent r="4" t="119" w="91" /><ent r="92" t="119" w="109" /><ent r="64" t="119" w="137" /><ent r="4" t="119" w="168" /><ent r="64" t="119" w="194" /><ent r="1000" t="120" w="3" /><ent r="102" t="120" w="13" /><ent r="4" t="120" w="22" /><ent r="64" t="120" w="54" /><ent r="4" t="120" w="91" /><ent r="4" t="120" w="116" /><ent r="64" t="120" w="149" /><ent r="1000" t="121" w="2" /><ent r="102" t="121" w="6" /><ent r="100" t="121" w="10" /><ent r="100" t="121" w="13" /><ent r="3" t="121" w="18" /><ent r="3" t="121" w="30" /><ent r="3" t="121" w="44" /><ent r="4" t="121" w="63" /><ent r="3" t="121" w="74" /><ent r="64" t="121" w="118" /><ent r="64" t="121" w="122" /><ent r="1000" t="122" w="1" /><ent r="102" t="122" w="9" /><ent r="4" t="122" w="47" /><ent r="64" t="122" w="180" /><ent r="4" t="122" w="199" /><ent r="4" t="122" w="203" /><ent r="64" t="122" w="232" /><ent r="64" t="122" w="237" /><ent r="1000" t="123" w="1" /><ent r="102" t="123" w="13" /><ent r="3" t="123" w="22" /><ent r="4" t="123" w="120" /><ent r="3" t="123" w="147" /><ent r="4" t="123" w="228" /><ent r="4" t="123" w="369" /><ent r="4" t="123" w="508" /><ent r="1000" t="124" w="2" /><ent r="1000" t="124" w="7" /><ent r="102" t="124" w="10" /><ent r="102" t="124" w="15" /><ent r="1000" t="125" w="1" /><ent r="102" t="125" w="20" /><ent r="3" t="125" w="54" /><ent r="3" t="125" w="63" /><ent r="92" t="125" w="163" /><ent r="92" t="125" w="218" /><ent r="3" t="125" w="256" /><ent r="5" t="125" w="442" /><ent r="3" t="125" w="719" /><ent r="4" t="125" w="759" /><ent r="64" t="125" w="894" /><ent r="64" t="125" w="950" /><ent r="4" t="126" w="42" /><ent r="4" t="126" w="77" /><ent r="3" t="126" w="82" /><ent r="4" t="126" w="157" /><ent r="3" t="126" w="187" /><ent r="65" t="126" w="238" /><ent r="65" t="126" w="243" /><ent r="4" t="126" w="256" /><ent r="4" t="126" w="268" /><ent r="4" t="126" w="274" /><ent r="4" t="126" w="335" /><ent r="4" t="126" w="346" /><ent r="4" t="126" w="379" /><ent r="65" t="126" w="386" /><ent r="4" t="126" w="405" /><ent r="64" t="126" w="430" /><ent r="64" t="126" w="435" /><ent r="4" t="127" w="39" /><ent r="1000" t="128" w="2" /><ent r="102" t="128" w="14" /><ent r="64" t="128" w="17" /><ent r="64" t="128" w="168" /><ent r="64" t="128" w="203" /><ent r="64" t="128" w="237" /><ent r="1000" t="129" w="4" /><ent r="102" t="129" w="20" /><ent r="3" t="129" w="28" /><ent r="4" t="129" w="62" /><ent r="3" t="129" w="182" /><ent r="92" t="129" w="297" /><ent r="5" t="129" w="362" /><ent r="5" t="129" w="428" /><ent r="64" t="129" w="454" /><ent r="64" t="129" w="458" /><ent r="64" t="129" w="461" /><ent r="64" t="129" w="466" /><ent r="64" t="129" w="471" /><ent r="64" t="169" w="312" /><ent r="64" t="178" w="385" /><ent r="1000" t="187" w="2" /><ent r="100" t="187" w="5" /><ent r="102" t="187" w="11" /><ent r="3" t="187" w="30" /><ent r="4" t="187" w="52" /><ent r="4" t="187" w="80" /><ent r="3" t="187" w="111" /><ent r="3" t="187" w="132" /><ent r="3" t="187" w="155" /><ent r="4" t="187" w="189" /><ent r="3" t="187" w="261" /><ent r="64" t="187" w="307" /><ent r="3" t="187" w="326" /><ent r="5" t="187" w="432" /><ent r="4" t="187" w="436" /><ent r="92" t="187" w="444" /><ent r="4" t="187" w="449" /><ent r="4" t="187" w="453" /><ent r="3" t="187" w="487" /><ent r="4" t="187" w="503" /><ent r="3" t="187" w="535" /><ent r="4" t="187" w="561" /><ent r="4" t="187" w="610" /><ent r="4" t="187" w="626" /><ent r="3" t="187" w="688" /><ent r="4" t="187" w="699" /><ent r="4" t="187" w="715" /><ent r="4" t="187" w="775" /><ent r="92" t="187" w="781" /><ent r="64" t="187" w="806" /><ent r="3" t="187" w="898" /><ent r="3" t="187" w="1006" /><ent r="6" t="187" w="1213" /><ent r="4" t="187" w="1241" /><ent r="4" t="187" w="1351" /><ent r="3" t="187" w="1409" /><ent r="3" t="187" w="1417" /><ent r="3" t="187" w="1587" /><ent r="3" t="187" w="1612" /><ent r="3" t="187" w="1694" /><ent r="4" t="187" w="1720" /><ent r="92" t="187" w="1725" /><ent r="4" t="187" w="1785" /><ent r="4" t="187" w="1820" /><ent r="5" t="187" w="1853" /><ent r="3" t="187" w="1881" /><ent r="1000" t="188" w="4" /><ent r="103" t="188" w="17" /><ent r="64" t="188" w="57" /><ent r="3" t="188" w="119" /><ent r="5" t="188" w="155" /><ent r="64" t="188" w="215" /><ent r="92" t="188" w="412" /><ent r="5" t="188" w="424" /><ent r="4" t="188" w="428" /><ent r="4" t="188" w="435" /><ent r="4" t="188" w="471" /><ent r="65" t="188" w="476" /><ent r="4" t="188" w="497" /><ent r="4" t="188" w="503" /><ent r="4" t="188" w="542" /><ent r="4" t="188" w="546" /><ent r="4" t="188" w="584" /><ent r="4" t="188" w="635" /><ent r="3" t="188" w="731" /><ent r="4" t="188" w="768" /><ent r="3" t="188" w="1063" /><ent r="4" t="188" w="1182" /><ent r="92" t="188" w="1259" /><ent r="6" t="188" w="1274" /><ent r="92" t="188" w="1368" /><ent r="4" t="188" w="1378" /><ent r="1000" t="239" w="1" /><ent r="100" t="239" w="7" /><ent r="100" t="239" w="11" /><ent r="100" t="239" w="15" /><ent r="100" t="239" w="20" /><ent r="100" t="239" w="23" /><ent r="102" t="239" w="28" /><ent r="64" t="239" w="46" /><ent r="1000" t="240" w="1" /><ent r="100" t="240" w="7" /><ent r="100" t="240" w="18" /><ent r="100" t="240" w="23" /><ent r="100" t="240" w="26" /><ent r="102" t="240" w="31" /><ent r="64" t="240" w="49" /><ent r="7" t="240" w="83" /><ent r="7" t="240" w="196" /><ent r="1000" t="241" w="1" /><ent r="100" t="241" w="20" /><ent r="100" t="241" w="23" /><ent r="102" t="241" w="28" /><ent r="64" t="241" w="46" /><ent r="7" t="241" w="90" /><ent r="68" t="241" w="166" /><ent r="68" t="241" w="204" /><ent r="1000" t="242" w="1" /><ent r="100" t="242" w="6" /><ent r="100" t="242" w="13" /><ent r="102" t="242" w="16" /><ent r="64" t="242" w="34" /><ent r="7" t="242" w="65" /><ent r="7" t="242" w="80" /><ent r="7" t="242" w="83" /><ent r="7" t="242" w="86" /><ent r="7" t="242" w="88" /><ent r="64" t="243" w="24" /></phr><phr n="wizard"><ent r="64" t="81" w="201" /><ent r="3" t="102" w="60" /><ent r="3" t="115" w="114" /><ent r="100" t="115" w="140" /><ent r="3" t="115" w="155" /><ent r="3" t="115" w="163" /><ent r="3" t="115" w="167" /><ent r="3" t="115" w="248" /><ent r="100" t="115" w="271" /><ent r="3" t="115" w="307" /><ent r="3" t="115" w="319" /><ent r="3" t="115" w="331" /><ent r="3" t="115" w="338" /><ent r="3" t="115" w="446" /><ent r="3" t="115" w="455" /><ent r="3" t="115" w="475" /><ent r="3" t="115" w="529" /><ent r="3" t="115" w="549" /><ent r="7" t="116" w="27" /><ent r="7" t="116" w="39" /><ent r="7" t="116" w="54" /><ent r="7" t="116" w="59" /><ent r="7" t="116" w="64" /><ent r="7" t="116" w="73" /><ent r="7" t="116" w="159" /><ent r="5" t="116" w="232" /><ent r="7" t="116" w="242" /><ent r="7" t="116" w="259" /><ent r="7" t="116" w="276" /><ent r="7" t="116" w="293" /><ent r="100" t="117" w="7" /><ent r="100" t="117" w="10" /><ent r="100" t="117" w="12" /><ent r="65" t="117" w="61" /><ent r="4" t="117" w="67" /><ent r="4" t="117" w="99" /><ent r="4" t="117" w="117" /><ent r="4" t="117" w="139" /><ent r="4" t="117" w="150" /><ent r="4" t="117" w="170" /><ent r="100" t="117" w="191" /><ent r="3" t="117" w="209" /><ent r="3" t="117" w="224" /><ent r="3" t="117" w="235" /><ent r="3" t="117" w="248" /><ent r="100" t="118" w="5" /><ent r="100" t="118" w="14" /><ent r="3" t="118" w="31" /><ent r="4" t="118" w="110" /><ent r="4" t="118" w="122" /><ent r="100" t="119" w="6" /><ent r="100" t="119" w="8" /><ent r="3" t="119" w="22" /><ent r="4" t="119" w="26" /><ent r="4" t="119" w="42" /><ent r="4" t="119" w="55" /><ent r="65" t="119" w="97" /><ent r="3" t="119" w="118" /><ent r="3" t="119" w="175" /><ent r="3" t="119" w="184" /><ent r="100" t="120" w="6" /><ent r="100" t="120" w="8" /><ent r="3" t="120" w="18" /><ent r="4" t="120" w="68" /><ent r="4" t="120" w="85" /><ent r="4" t="120" w="110" /><ent r="3" t="120" w="129" /><ent r="4" t="120" w="141" /><ent r="100" t="122" w="5" /><ent r="3" t="122" w="14" /><ent r="4" t="122" w="81" /><ent r="4" t="122" w="99" /><ent r="3" t="122" w="108" /><ent r="3" t="122" w="121" /><ent r="4" t="122" w="126" /><ent r="4" t="122" w="152" /><ent r="3" t="122" w="192" /><ent r="100" t="123" w="7" /><ent r="100" t="123" w="9" /><ent r="3" t="123" w="29" /><ent r="4" t="123" w="83" /><ent r="3" t="123" w="126" /><ent r="3" t="123" w="139" /><ent r="3" t="123" w="153" /><ent r="3" t="123" w="172" /><ent r="4" t="123" w="233" /><ent r="65" t="123" w="271" /><ent r="4" t="123" w="324" /><ent r="3" t="123" w="339" /><ent r="4" t="123" w="374" /><ent r="65" t="123" w="413" /><ent r="4" t="123" w="422" /><ent r="3" t="123" w="456" /><ent r="3" t="123" w="470" /><ent r="3" t="123" w="492" /><ent r="4" t="123" w="513" /><ent r="65" t="123" w="549" /><ent r="3" t="124" w="19" /><ent r="3" t="124" w="30" /><ent r="3" t="124" w="49" /><ent r="3" t="124" w="57" /><ent r="3" t="124" w="78" /><ent r="100" t="125" w="6" /><ent r="100" t="125" w="10" /><ent r="100" t="125" w="14" /><ent r="100" t="125" w="17" /><ent r="3" t="125" w="24" /><ent r="3" t="125" w="32" /><ent r="3" t="125" w="45" /><ent r="3" t="125" w="48" /><ent r="3" t="125" w="73" /><ent r="100" t="125" w="96" /><ent r="100" t="125" w="100" /><ent r="3" t="125" w="144" /><ent r="3" t="125" w="170" /><ent r="3" t="125" w="227" /><ent r="3" t="125" w="292" /><ent r="3" t="125" w="309" /><ent r="8" t="125" w="416" /><ent r="3" t="125" w="457" /><ent r="3" t="125" w="625" /><ent r="3" t="125" w="631" /><ent r="3" t="125" w="679" /><ent r="3" t="125" w="832" /><ent r="3" t="125" w="843" /><ent r="3" t="125" w="846" /><ent r="3" t="125" w="867" /><ent r="3" t="125" w="917" /><ent r="3" t="125" w="930" /><ent r="100" t="126" w="20" /><ent r="3" t="126" w="121" /><ent r="4" t="126" w="175" /><ent r="4" t="126" w="234" /><ent r="100" t="128" w="6" /><ent r="100" t="128" w="9" /><ent r="3" t="128" w="125" /><ent r="3" t="128" w="186" /><ent r="3" t="128" w="216" /><ent r="3" t="128" w="232" /><ent r="100" t="129" w="12" /><ent r="100" t="129" w="25" /><ent r="3" t="129" w="98" /><ent r="3" t="129" w="111" /><ent r="4" t="129" w="116" /><ent r="4" t="129" w="142" /><ent r="3" t="129" w="190" /><ent r="3" t="129" w="200" /><ent r="3" t="129" w="235" /><ent r="3" t="129" w="258" /><ent r="3" t="129" w="303" /><ent r="3" t="129" w="315" /><ent r="3" t="129" w="337" /><ent r="4" t="129" w="356" /><ent r="3" t="129" w="393" /><ent r="3" t="129" w="403" /><ent r="4" t="129" w="422" /><ent r="3" t="169" w="559" /><ent r="3" t="173" w="169" /><ent r="4" t="175" w="318" /><ent r="4" t="175" w="357" /><ent r="3" t="176" w="91" /><ent r="4" t="176" w="392" /><ent r="4" t="176" w="397" /><ent r="3" t="182" w="507" /><ent r="4" t="182" w="517" /><ent r="4" t="182" w="796" /><ent r="4" t="182" w="887" /><ent r="3" t="182" w="946" /><ent r="4" t="182" w="1274" /><ent r="4" t="182" w="1296" /><ent r="4" t="182" w="1313" /><ent r="3" t="182" w="1715" /><ent r="4" t="187" w="56" /><ent r="4" t="187" w="74" /><ent r="3" t="187" w="187" /><ent r="3" t="187" w="477" /><ent r="3" t="187" w="794" /><ent r="4" t="187" w="1117" /><ent r="3" t="187" w="1705" /><ent r="3" t="187" w="1709" /><ent r="4" t="187" w="1729" /><ent r="4" t="187" w="1766" /><ent r="4" t="187" w="1775" /><ent r="4" t="187" w="1790" /><ent r="4" t="187" w="1798" /><ent r="4" t="187" w="1841" /><ent r="3" t="188" w="39" /><ent r="3" t="188" w="49" /><ent r="4" t="188" w="74" /><ent r="4" t="188" w="101" /><ent r="4" t="188" w="105" /><ent r="3" t="188" w="132" /><ent r="5" t="188" w="147" /><ent r="5" t="188" w="169" /><ent r="4" t="188" w="464" /><ent r="4" t="188" w="530" /><ent r="4" t="188" w="1028" /><ent r="4" t="188" w="1202" /><ent r="3" t="188" w="1251" /><ent r="4" t="188" w="1264" /><ent r="6" t="188" w="1296" /><ent r="4" t="188" w="1320" /><ent r="3" t="188" w="1339" /><ent r="3" t="188" w="1585" /><ent r="7" t="239" w="150" /><ent r="100" t="240" w="12" /><ent r="100" t="240" w="15" /><ent r="7" t="240" w="79" /><ent r="7" t="240" w="91" /><ent r="7" t="240" w="106" /><ent r="100" t="240" w="116" /><ent r="7" t="240" w="121" /><ent r="7" t="240" w="127" /><ent r="7" t="240" w="142" /><ent r="7" t="240" w="153" /><ent r="7" t="240" w="165" /><ent r="100" t="240" w="176" /><ent r="7" t="240" w="186" /><ent r="7" t="240" w="204" /><ent r="7" t="240" w="219" /><ent r="100" t="241" w="9" /><ent r="100" t="241" w="15" /><ent r="7" t="241" w="78" /><ent r="5" t="241" w="123" /><ent r="100" t="241" w="133" /><ent r="7" t="241" w="144" /><ent r="7" t="241" w="161" /><ent r="7" t="241" w="182" /><ent r="7" t="241" w="199" /><ent r="7" t="242" w="102" /><ent r="7" t="242" w="117" /><ent r="7" t="242" w="147" /></phr><phr n="Wizards"><ent r="3" t="123" w="191" /><ent r="3" t="123" w="262" /><ent r="5" t="123" w="284" /><ent r="3" t="123" w="540" /><ent r="5" t="123" w="562" /><ent r="3" t="187" w="1400" /><ent r="3" t="187" w="1438" /><ent r="4" t="187" w="1620" /><ent r="5" t="188" w="172" /><ent r="4" t="188" w="188" /><ent r="4" t="188" w="1309" /></phr></stem><stem n="avail"><phr n="available"><ent r="3" t="1" w="184" /><ent r="3" t="2" w="109" /><ent r="3" t="4" w="70" /><ent r="3" t="8" w="17" /><ent r="7" t="8" w="95" /><ent r="4" t="11" w="17" /><ent r="3" t="20" w="557" /><ent r="3" t="24" w="81" /><ent r="3" t="25" w="21" /><ent r="4" t="27" w="90" /><ent r="3" t="28" w="21" /><ent r="4" t="28" w="186" /><ent r="4" t="28" w="313" /><ent r="3" t="33" w="59" /><ent r="3" t="34" w="39" /><ent r="4" t="48" w="128" /><ent r="4" t="48" w="280" /><ent r="4" t="50" w="19" /><ent r="4" t="61" w="45" /><ent r="4" t="65" w="65" /><ent r="3" t="77" w="136" /><ent r="3" t="77" w="254" /><ent r="3" t="77" w="281" /><ent r="4" t="77" w="299" /><ent r="4" t="81" w="64" /><ent r="5" t="90" w="674" /><ent r="7" t="90" w="711" /><ent r="3" t="105" w="15" /><ent r="4" t="108" w="486" /><ent r="4" t="109" w="371" /><ent r="3" t="113" w="24" /><ent r="3" t="115" w="296" /><ent r="3" t="121" w="108" /><ent r="4" t="122" w="37" /><ent r="4" t="123" w="278" /><ent r="4" t="123" w="293" /><ent r="4" t="123" w="426" /><ent r="4" t="123" w="556" /><ent r="4" t="123" w="571" /><ent r="3" t="125" w="72" /><ent r="3" t="125" w="334" /><ent r="3" t="125" w="582" /><ent r="3" t="125" w="639" /><ent r="4" t="125" w="749" /><ent r="4" t="129" w="52" /><ent r="4" t="143" w="145" /><ent r="4" t="145" w="111" /><ent r="4" t="145" w="122" /><ent r="4" t="156" w="400" /><ent r="3" t="156" w="476" /><ent r="4" t="157" w="376" /><ent r="3" t="157" w="449" /><ent r="3" t="157" w="824" /><ent r="4" t="158" w="373" /><ent r="3" t="158" w="446" /><ent r="3" t="158" w="855" /><ent r="3" t="169" w="299" /><ent r="3" t="169" w="308" /><ent r="4" t="176" w="387" /><ent r="4" t="179" w="1571" /><ent r="4" t="182" w="1045" /><ent r="3" t="182" w="1708" /><ent r="3" t="195" w="58" /><ent r="3" t="198" w="95" /><ent r="4" t="198" w="291" /><ent r="3" t="200" w="172" /><ent r="3" t="209" w="49" /><ent r="4" t="213" w="501" /><ent r="3" t="213" w="577" /><ent r="3" t="215" w="42" /><ent r="3" t="215" w="61" /><ent r="3" t="227" w="164" /><ent r="3" t="228" w="110" /><ent r="3" t="238" w="258" /><ent r="3" t="239" w="38" /><ent r="3" t="240" w="41" /><ent r="6" t="240" w="65" /><ent r="6" t="240" w="71" /><ent r="3" t="241" w="38" /><ent r="3" t="242" w="26" /><ent r="6" t="242" w="50" /><ent r="6" t="242" w="56" /></phr><phr n="Available"><ent r="6" t="24" w="102" /><ent r="6" t="27" w="113" /><ent r="3" t="74" w="233" /><ent r="4" t="145" w="140" /><ent r="4" t="174" w="116" /><ent r="4" t="175" w="136" /><ent r="4" t="180" w="2425" /><ent r="7" t="199" w="485" /></phr></stem><stem n="associ"><phr n="associated"><ent r="3" t="1" w="193" /><ent r="3" t="4" w="84" /><ent r="3" t="14" w="62" /><ent r="4" t="20" w="164" /><ent r="4" t="25" w="209" /><ent r="4" t="25" w="230" /><ent r="4" t="26" w="577" /><ent r="3" t="32" w="21" /><ent r="3" t="46" w="115" /><ent r="4" t="54" w="84" /><ent r="3" t="77" w="203" /><ent r="3" t="130" w="33" /><ent r="3" t="157" w="756" /><ent r="3" t="158" w="22" /><ent r="3" t="166" w="97" /><ent r="3" t="186" w="84" /><ent r="5" t="190" w="196" /><ent r="3" t="195" w="217" /><ent r="3" t="195" w="249" /><ent r="3" t="209" w="67" /><ent r="3" t="211" w="16" /><ent r="5" t="230" w="613" /></phr><phr n="associate"><ent r="4" t="20" w="536" /><ent r="4" t="83" w="189" /><ent r="3" t="185" w="164" /><ent r="4" t="185" w="438" /><ent r="3" t="185" w="580" /></phr><phr n="associates"><ent r="4" t="183" w="667" /></phr></stem><stem n="shortcut"><phr n="shortcut"><ent r="3" t="1" w="194" /><ent r="3" t="1" w="565" /><ent r="100" t="2" w="7" /><ent r="3" t="2" w="39" /><ent r="64" t="18" w="74" /><ent r="3" t="50" w="117" /><ent r="3" t="94" w="130" /><ent r="64" t="100" w="147" /><ent r="64" t="101" w="150" /><ent r="4" t="142" w="276" /><ent r="3" t="142" w="282" /><ent r="4" t="184" w="683" /><ent r="3" t="184" w="722" /><ent r="64" t="213" w="154" /><ent r="100" t="226" w="9" /><ent r="100" t="228" w="10" /><ent r="100" t="228" w="13" /><ent r="3" t="228" w="24" /><ent r="3" t="228" w="34" /><ent r="3" t="228" w="112" /><ent r="4" t="228" w="160" /></phr><phr n="Shortcut"><ent r="92" t="1" w="522" /><ent r="3" t="1" w="528" /><ent r="64" t="1" w="576" /><ent r="64" t="2" w="44" /><ent r="64" t="2" w="153" /><ent r="7" t="5" w="19" /><ent r="7" t="7" w="307" /><ent r="64" t="142" w="324" /><ent r="64" t="226" w="60" /><ent r="1000" t="228" w="2" /><ent r="102" t="228" w="6" /><ent r="4" t="228" w="141" /><ent r="6" t="239" w="58" /><ent r="6" t="240" w="61" /><ent r="6" t="241" w="58" /><ent r="6" t="242" w="46" /></phr><phr n="shortcuts"><ent r="3" t="1" w="537" /><ent r="3" t="1" w="568" /><ent r="100" t="2" w="5" /><ent r="3" t="2" w="18" /><ent r="4" t="2" w="52" /><ent r="3" t="2" w="111" /><ent r="3" t="2" w="116" /><ent r="3" t="2" w="134" /><ent r="4" t="81" w="87" /><ent r="4" t="81" w="96" /><ent r="100" t="226" w="6" /><ent r="100" t="226" w="15" /></phr><phr n="Shortcuts"><ent r="64" t="1" w="549" /><ent r="1000" t="2" w="2" /><ent r="102" t="2" w="11" /><ent r="5" t="2" w="94" /><ent r="64" t="2" w="139" /><ent r="65" t="81" w="81" /><ent r="64" t="94" w="149" /><ent r="1000" t="226" w="3" /><ent r="102" t="226" w="19" /><ent r="5" t="228" w="96" /><ent r="3" t="228" w="101" /><ent r="4" t="228" w="118" /></phr></stem><stem n="kei"><phr n="keys"><ent r="3" t="1" w="195" /><ent r="3" t="1" w="529" /><ent r="3" t="1" w="566" /><ent r="100" t="2" w="8" /><ent r="3" t="2" w="40" /><ent r="7" t="7" w="308" /><ent r="3" t="47" w="107" /><ent r="3" t="64" w="163" /><ent r="3" t="83" w="70" /><ent r="3" t="83" w="78" /><ent r="4" t="142" w="277" /><ent r="3" t="142" w="283" /><ent r="3" t="180" w="431" /><ent r="3" t="180" w="1565" /><ent r="4" t="184" w="684" /><ent r="100" t="226" w="10" /><ent r="100" t="228" w="11" /><ent r="100" t="228" w="14" /><ent r="3" t="228" w="113" /><ent r="4" t="228" w="153" /></phr><phr n="Keys"><ent r="92" t="1" w="523" /><ent r="64" t="1" w="577" /><ent r="64" t="2" w="45" /><ent r="64" t="2" w="154" /><ent r="7" t="5" w="20" /><ent r="64" t="142" w="325" /><ent r="4" t="176" w="332" /><ent r="64" t="226" w="61" /><ent r="1000" t="228" w="3" /><ent r="102" t="228" w="7" /><ent r="6" t="239" w="59" /><ent r="6" t="240" w="62" /><ent r="6" t="241" w="59" /><ent r="6" t="242" w="47" /></phr><phr n="key"><ent r="3" t="18" w="126" /><ent r="3" t="18" w="220" /><ent r="4" t="44" w="522" /><ent r="3" t="49" w="545" /><ent r="4" t="60" w="68" /><ent r="3" t="64" w="99" /><ent r="3" t="64" w="159" /><ent r="3" t="70" w="285" /><ent r="3" t="125" w="201" /><ent r="4" t="126" w="315" /><ent r="4" t="128" w="158" /><ent r="4" t="174" w="133" /><ent r="4" t="176" w="312" /><ent r="4" t="180" w="1285" /><ent r="4" t="180" w="1510" /><ent r="3" t="180" w="1534" /><ent r="4" t="180" w="1949" /><ent r="3" t="181" w="1436" /><ent r="3" t="181" w="1587" /><ent r="3" t="184" w="723" /><ent r="6" t="187" w="1222" /><ent r="3" t="188" w="1072" /><ent r="3" t="188" w="1505" /><ent r="3" t="188" w="1543" /><ent r="4" t="198" w="275" /><ent r="4" t="227" w="237" /><ent r="3" t="228" w="25" /><ent r="3" t="228" w="35" /><ent r="3" t="228" w="59" /><ent r="3" t="228" w="63" /><ent r="3" t="228" w="168" /><ent r="3" t="228" w="177" /></phr><phr n="Key"><ent r="4" t="46" w="163" /><ent r="4" t="46" w="180" /><ent r="5" t="109" w="264" /><ent r="5" t="109" w="277" /><ent r="5" t="226" w="68" /></phr></stem><stem n="appear"><phr n="appear"><ent r="3" t="1" w="202" /><ent r="6" t="14" w="223" /><ent r="4" t="65" w="98" /><ent r="4" t="67" w="109" /><ent r="4" t="128" w="144" /><ent r="3" t="145" w="175" /><ent r="3" t="156" w="520" /><ent r="3" t="157" w="493" /><ent r="3" t="158" w="490" /><ent r="3" t="163" w="321" /><ent r="4" t="179" w="2045" /><ent r="4" t="179" w="2199" /><ent r="4" t="179" w="2227" /><ent r="3" t="180" w="1774" /><ent r="3" t="180" w="2072" /><ent r="3" t="180" w="2311" /><ent r="3" t="180" w="2907" /><ent r="4" t="181" w="1324" /><ent r="4" t="181" w="1387" /><ent r="3" t="186" w="615" /><ent r="4" t="186" w="916" /><ent r="4" t="186" w="1118" /><ent r="3" t="186" w="1166" /><ent r="3" t="186" w="1180" /><ent r="3" t="187" w="1440" /><ent r="3" t="188" w="1341" /><ent r="4" t="208" w="425" /><ent r="3" t="213" w="620" /></phr><phr n="appears"><ent r="4" t="47" w="71" /><ent r="5" t="90" w="647" /><ent r="3" t="104" w="60" /><ent r="4" t="120" w="113" /><ent r="3" t="179" w="704" /><ent r="4" t="179" w="2183" /><ent r="4" t="179" w="2271" /><ent r="4" t="181" w="1453" /><ent r="4" t="182" w="986" /><ent r="3" t="187" w="255" /><ent r="3" t="187" w="1418" /><ent r="3" t="195" w="160" /><ent r="4" t="195" w="439" /><ent r="3" t="208" w="163" /><ent r="3" t="214" w="30" /><ent r="3" t="214" w="107" /><ent r="3" t="214" w="126" /><ent r="3" t="219" w="161" /></phr></stem><stem n="area"><phr n="Area"><ent r="92" t="1" w="208" /><ent r="3" t="1" w="370" /><ent r="100" t="1" w="445" /><ent r="92" t="1" w="449" /><ent r="3" t="1" w="454" /><ent r="3" t="1" w="480" /><ent r="5" t="26" w="385" /><ent r="100" t="58" w="13" /><ent r="3" t="58" w="18" /><ent r="4" t="77" w="191" /><ent r="4" t="77" w="242" /><ent r="4" t="77" w="291" /><ent r="92" t="154" w="261" /><ent r="3" t="154" w="266" /><ent r="4" t="154" w="277" /><ent r="4" t="154" w="372" /><ent r="3" t="167" w="428" /><ent r="3" t="181" w="54" /><ent r="92" t="181" w="665" /><ent r="4" t="182" w="94" /><ent r="4" t="182" w="1022" /></phr><phr n="area"><ent r="4" t="1" w="326" /><ent r="3" t="1" w="470" /><ent r="3" t="1" w="507" /><ent r="4" t="4" w="181" /><ent r="3" t="14" w="70" /><ent r="3" t="21" w="333" /><ent r="3" t="21" w="346" /><ent r="3" t="21" w="389" /><ent r="4" t="26" w="220" /><ent r="4" t="26" w="237" /><ent r="4" t="26" w="255" /><ent r="4" t="40" w="174" /><ent r="4" t="40" w="184" /><ent r="4" t="40" w="192" /><ent r="4" t="47" w="77" /><ent r="3" t="47" w="95" /><ent r="3" t="47" w="114" /><ent r="4" t="49" w="179" /><ent r="4" t="49" w="209" /><ent r="3" t="49" w="244" /><ent r="4" t="49" w="466" /><ent r="4" t="49" w="484" /><ent r="3" t="49" w="510" /><ent r="3" t="49" w="517" /><ent r="3" t="49" w="528" /><ent r="3" t="49" w="573" /><ent r="3" t="49" w="587" /><ent r="3" t="49" w="603" /><ent r="3" t="49" w="622" /><ent r="4" t="58" w="82" /><ent r="3" t="69" w="56" /><ent r="4" t="70" w="120" /><ent r="3" t="77" w="227" /><ent r="3" t="81" w="402" /><ent r="3" t="81" w="422" /><ent r="4" t="85" w="82" /><ent r="4" t="85" w="166" /><ent r="4" t="85" w="268" /><ent r="3" t="87" w="133" /><ent r="3" t="87" w="152" /><ent r="3" t="87" w="163" /><ent r="3" t="87" w="173" /><ent r="3" t="89" w="26" /><ent r="3" t="89" w="45" /><ent r="3" t="89" w="67" /><ent r="3" t="89" w="77" /><ent r="4" t="91" w="84" /><ent r="3" t="104" w="146" /><ent r="4" t="108" w="215" /><ent r="3" t="108" w="251" /><ent r="3" t="108" w="426" /><ent r="3" t="115" w="321" /><ent r="3" t="115" w="343" /><ent r="3" t="115" w="347" /><ent r="3" t="115" w="355" /><ent r="3" t="115" w="473" /><ent r="3" t="115" w="522" /><ent r="5" t="116" w="201" /><ent r="4" t="120" w="99" /><ent r="4" t="126" w="74" /><ent r="6" t="154" w="134" /><ent r="3" t="154" w="282" /><ent r="3" t="156" w="226" /><ent r="4" t="156" w="292" /><ent r="3" t="156" w="684" /><ent r="3" t="157" w="657" /><ent r="3" t="158" w="654" /><ent r="3" t="158" w="760" /><ent r="4" t="158" w="837" /><ent r="3" t="160" w="175" /><ent r="3" t="163" w="223" /><ent r="3" t="163" w="245" /><ent r="3" t="167" w="404" /><ent r="3" t="167" w="1030" /><ent r="4" t="167" w="1110" /><ent r="3" t="168" w="41" /><ent r="4" t="176" w="124" /><ent r="4" t="179" w="392" /><ent r="4" t="179" w="610" /><ent r="3" t="179" w="653" /><ent r="3" t="179" w="664" /><ent r="3" t="179" w="679" /><ent r="3" t="179" w="713" /><ent r="3" t="179" w="816" /><ent r="4" t="179" w="2186" /><ent r="4" t="179" w="2197" /><ent r="4" t="180" w="543" /><ent r="4" t="180" w="817" /><ent r="4" t="180" w="857" /><ent r="4" t="180" w="1841" /><ent r="4" t="180" w="1912" /><ent r="4" t="180" w="2759" /><ent r="4" t="180" w="2803" /><ent r="3" t="180" w="2866" /><ent r="3" t="181" w="79" /><ent r="4" t="181" w="254" /><ent r="4" t="181" w="570" /><ent r="4" t="181" w="585" /><ent r="4" t="182" w="217" /><ent r="4" t="182" w="1156" /><ent r="4" t="182" w="1190" /><ent r="4" t="182" w="1694" /><ent r="3" t="183" w="267" /><ent r="4" t="183" w="492" /><ent r="4" t="183" w="689" /><ent r="4" t="183" w="772" /><ent r="3" t="184" w="256" /><ent r="4" t="184" w="494" /><ent r="4" t="186" w="368" /><ent r="4" t="186" w="761" /><ent r="3" t="186" w="1046" /><ent r="4" t="187" w="474" /><ent r="3" t="187" w="490" /><ent r="4" t="187" w="521" /><ent r="3" t="187" w="538" /><ent r="4" t="187" w="624" /><ent r="3" t="187" w="691" /><ent r="4" t="187" w="713" /><ent r="4" t="187" w="778" /><ent r="4" t="188" w="279" /><ent r="4" t="188" w="568" /><ent r="4" t="188" w="604" /><ent r="4" t="188" w="654" /><ent r="3" t="213" w="789" /><ent r="4" t="215" w="151" /><ent r="4" t="215" w="168" /><ent r="4" t="215" w="186" /><ent r="4" t="216" w="82" /><ent r="4" t="216" w="99" /><ent r="4" t="216" w="117" /><ent r="4" t="217" w="41" /><ent r="4" t="217" w="58" /><ent r="4" t="217" w="76" /><ent r="4" t="218" w="80" /><ent r="4" t="218" w="97" /><ent r="4" t="218" w="115" /><ent r="7" t="242" w="130" /></phr><phr n="areas"><ent r="3" t="77" w="179" /><ent r="3" t="77" w="382" /><ent r="3" t="158" w="820" /><ent r="4" t="179" w="1701" /><ent r="4" t="179" w="2044" /><ent r="3" t="180" w="2236" /></phr></stem></index>