﻿<?xml version="1.0" encoding="utf-8"?><index><stem n="special"><phr n="specialized"><ent r="3" t="1" w="231" /><ent r="3" t="4" w="28" /><ent r="3" t="38" w="16" /></phr><phr n="Special"><ent r="4" t="43" w="97" /><ent r="64" t="67" w="57" /><ent r="1000" t="68" w="1" /><ent r="102" t="68" w="7" /><ent r="92" t="68" w="141" /></phr><phr n="special"><ent r="3" t="67" w="43" /><ent r="100" t="68" w="13" /><ent r="100" t="68" w="22" /><ent r="3" t="68" w="28" /><ent r="3" t="68" w="145" /><ent r="3" t="167" w="282" /><ent r="4" t="171" w="195" /></phr></stem><stem n="exampl"><phr n="example"><ent r="3" t="1" w="234" /><ent r="3" t="4" w="31" /><ent r="3" t="37" w="162" /><ent r="3" t="40" w="241" /><ent r="3" t="43" w="139" /><ent r="3" t="44" w="409" /><ent r="3" t="48" w="31" /><ent r="3" t="56" w="30" /><ent r="3" t="81" w="226" /><ent r="3" t="96" w="222" /><ent r="3" t="123" w="180" /><ent r="3" t="125" w="157" /><ent r="3" t="125" w="627" /><ent r="5" t="153" w="394" /><ent r="5" t="153" w="462" /><ent r="5" t="153" w="829" /><ent r="5" t="153" w="897" /><ent r="4" t="154" w="440" /><ent r="3" t="157" w="215" /><ent r="3" t="162" w="120" /><ent r="5" t="165" w="432" /><ent r="5" t="165" w="500" /><ent r="4" t="167" w="798" /><ent r="3" t="169" w="153" /><ent r="3" t="169" w="410" /><ent r="3" t="177" w="130" /><ent r="3" t="178" w="26" /><ent r="3" t="180" w="1610" /><ent r="3" t="180" w="2027" /><ent r="3" t="181" w="1542" /><ent r="3" t="181" w="1582" /><ent r="3" t="183" w="288" /><ent r="3" t="183" w="1063" /><ent r="3" t="184" w="277" /><ent r="3" t="184" w="1234" /><ent r="3" t="184" w="1272" /><ent r="3" t="187" w="978" /><ent r="3" t="198" w="124" /><ent r="7" t="199" w="141" /><ent r="3" t="208" w="59" /><ent r="3" t="208" w="87" /><ent r="3" t="228" w="19" /><ent r="3" t="228" w="53" /><ent r="3" t="228" w="164" /><ent r="4" t="236" w="30" /><ent r="4" t="236" w="98" /></phr><phr n="Example"><ent r="3" t="19" w="85" /><ent r="92" t="44" w="316" /><ent r="4" t="92" w="142" /><ent r="4" t="123" w="260" /><ent r="4" t="123" w="401" /><ent r="4" t="123" w="538" /><ent r="6" t="125" w="362" /><ent r="92" t="169" w="407" /><ent r="4" t="187" w="1582" /><ent r="4" t="187" w="1607" /><ent r="4" t="187" w="1629" /><ent r="4" t="187" w="1650" /><ent r="3" t="187" w="1687" /></phr><phr n="Examples"><ent r="82" t="68" w="113" /><ent r="3" t="180" w="425" /></phr><phr n="examples"><ent r="3" t="140" w="69" /><ent r="7" t="178" w="292" /><ent r="7" t="179" w="509" /><ent r="7" t="180" w="660" /><ent r="7" t="181" w="371" /><ent r="7" t="182" w="334" /><ent r="7" t="183" w="609" /><ent r="7" t="184" w="611" /><ent r="7" t="185" w="218" /><ent r="7" t="186" w="485" /><ent r="7" t="187" w="406" /><ent r="3" t="187" w="1567" /><ent r="7" t="188" w="396" /></phr></stem><stem n="annot"><phr n="Annotation"><ent r="3" t="1" w="236" /><ent r="7" t="3" w="148" /><ent r="7" t="3" w="163" /><ent r="3" t="4" w="33" /><ent r="3" t="4" w="99" /><ent r="64" t="4" w="242" /><ent r="68" t="5" w="94" /><ent r="68" t="5" w="97" /><ent r="68" t="5" w="130" /><ent r="68" t="5" w="133" /><ent r="68" t="5" w="167" /><ent r="68" t="5" w="170" /><ent r="1000" t="11" w="1" /><ent r="100" t="11" w="4" /><ent r="100" t="11" w="8" /><ent r="102" t="11" w="10" /><ent r="4" t="11" w="14" /><ent r="3" t="11" w="52" /><ent r="64" t="11" w="77" /><ent r="64" t="11" w="84" /><ent r="7" t="11" w="101" /><ent r="68" t="11" w="106" /><ent r="68" t="11" w="189" /><ent r="68" t="11" w="196" /><ent r="68" t="11" w="213" /><ent r="68" t="11" w="228" /><ent r="68" t="11" w="239" /><ent r="68" t="11" w="250" /><ent r="68" t="11" w="260" /><ent r="68" t="11" w="275" /><ent r="68" t="11" w="290" /><ent r="68" t="11" w="304" /><ent r="68" t="11" w="318" /><ent r="64" t="16" w="32" /><ent r="4" t="22" w="182" /><ent r="4" t="55" w="89" /><ent r="3" t="56" w="37" /><ent r="3" t="56" w="49" /><ent r="3" t="56" w="57" /><ent r="1000" t="63" w="1" /><ent r="100" t="63" w="4" /><ent r="100" t="63" w="8" /><ent r="102" t="63" w="10" /><ent r="64" t="63" w="33" /><ent r="64" t="63" w="95" /><ent r="64" t="63" w="100" /><ent r="64" t="63" w="108" /><ent r="64" t="63" w="112" /><ent r="1000" t="64" w="1" /><ent r="100" t="64" w="6" /><ent r="100" t="64" w="14" /><ent r="102" t="64" w="16" /><ent r="3" t="64" w="22" /><ent r="5" t="64" w="45" /><ent r="64" t="64" w="66" /><ent r="3" t="64" w="71" /><ent r="3" t="64" w="221" /><ent r="3" t="64" w="242" /><ent r="64" t="64" w="247" /><ent r="1000" t="65" w="3" /><ent r="102" t="65" w="8" /><ent r="100" t="65" w="11" /><ent r="4" t="65" w="22" /><ent r="3" t="65" w="36" /><ent r="65" t="65" w="42" /><ent r="4" t="65" w="48" /><ent r="65" t="65" w="69" /><ent r="65" t="65" w="194" /><ent r="65" t="65" w="222" /><ent r="4" t="65" w="227" /><ent r="65" t="65" w="264" /><ent r="4" t="65" w="269" /><ent r="64" t="65" w="298" /><ent r="4" t="66" w="100" /><ent r="64" t="66" w="137" /><ent r="64" t="66" w="140" /><ent r="1000" t="67" w="3" /><ent r="102" t="67" w="13" /><ent r="100" t="67" w="17" /><ent r="3" t="67" w="30" /><ent r="64" t="67" w="60" /><ent r="3" t="67" w="67" /><ent r="65" t="67" w="74" /><ent r="4" t="67" w="80" /><ent r="4" t="67" w="86" /><ent r="65" t="67" w="182" /><ent r="65" t="67" w="199" /><ent r="65" t="67" w="229" /><ent r="4" t="67" w="234" /><ent r="65" t="67" w="275" /><ent r="64" t="67" w="299" /><ent r="1000" t="68" w="4" /><ent r="102" t="68" w="10" /><ent r="100" t="68" w="19" /><ent r="1000" t="69" w="1" /><ent r="102" t="69" w="9" /><ent r="3" t="69" w="32" /><ent r="4" t="69" w="44" /><ent r="4" t="69" w="60" /><ent r="3" t="69" w="79" /><ent r="3" t="69" w="91" /><ent r="3" t="69" w="97" /><ent r="3" t="69" w="130" /><ent r="3" t="69" w="145" /><ent r="64" t="69" w="162" /><ent r="64" t="69" w="169" /><ent r="1000" t="70" w="1" /><ent r="102" t="70" w="6" /><ent r="3" t="70" w="17" /><ent r="5" t="70" w="67" /><ent r="5" t="70" w="243" /><ent r="64" t="70" w="297" /><ent r="1000" t="71" w="2" /><ent r="100" t="71" w="9" /><ent r="102" t="71" w="14" /><ent r="3" t="71" w="18" /><ent r="5" t="71" w="69" /><ent r="4" t="72" w="50" /><ent r="5" t="90" w="235" /><ent r="66" t="90" w="244" /><ent r="5" t="91" w="138" /><ent r="65" t="91" w="143" /><ent r="64" t="130" w="82" /><ent r="64" t="146" w="25" /><ent r="1000" t="147" w="1" /><ent r="102" t="147" w="5" /><ent r="100" t="147" w="9" /><ent r="100" t="147" w="14" /><ent r="3" t="147" w="18" /><ent r="4" t="147" w="71" /><ent r="5" t="147" w="122" /><ent r="64" t="158" w="877" /><ent r="64" t="158" w="895" /><ent r="1000" t="162" w="1" /><ent r="100" t="162" w="5" /><ent r="100" t="162" w="10" /><ent r="102" t="162" w="13" /><ent r="3" t="162" w="18" /><ent r="3" t="162" w="52" /><ent r="4" t="162" w="59" /><ent r="65" t="162" w="97" /><ent r="5" t="162" w="104" /><ent r="4" t="162" w="110" /><ent r="64" t="162" w="159" /><ent r="4" t="179" w="1577" /><ent r="4" t="180" w="391" /><ent r="64" t="180" w="476" /><ent r="5" t="180" w="2727" /><ent r="4" t="180" w="2740" /><ent r="4" t="180" w="2767" /><ent r="4" t="180" w="2773" /><ent r="4" t="180" w="2826" /><ent r="4" t="180" w="2833" /><ent r="3" t="180" w="2843" /><ent r="4" t="180" w="2928" /><ent r="4" t="182" w="1038" /><ent r="64" t="183" w="425" /><ent r="3" t="183" w="940" /><ent r="4" t="183" w="990" /><ent r="4" t="183" w="994" /><ent r="4" t="186" w="132" /><ent r="64" t="186" w="299" /><ent r="5" t="186" w="570" /><ent r="3" t="186" w="575" /><ent r="3" t="186" w="581" /><ent r="4" t="186" w="624" /><ent r="3" t="186" w="642" /><ent r="3" t="186" w="646" /><ent r="5" t="186" w="731" /><ent r="4" t="186" w="744" /><ent r="3" t="186" w="958" /><ent r="3" t="186" w="1005" /><ent r="4" t="186" w="1137" /><ent r="4" t="186" w="1143" /><ent r="1000" t="190" w="1" /><ent r="100" t="190" w="4" /><ent r="102" t="190" w="7" /><ent r="64" t="190" w="13" /><ent r="3" t="190" w="19" /><ent r="64" t="190" w="38" /><ent r="68" t="190" w="186" /><ent r="5" t="226" w="79" /><ent r="3" t="227" w="73" /><ent r="1000" t="230" w="3" /><ent r="100" t="230" w="6" /><ent r="102" t="230" w="12" /><ent r="6" t="230" w="22" /></phr><phr n="annotation"><ent r="3" t="1" w="255" /><ent r="6" t="3" w="145" /><ent r="6" t="3" w="160" /><ent r="3" t="4" w="53" /><ent r="7" t="5" w="64" /><ent r="7" t="5" w="73" /><ent r="7" t="5" w="85" /><ent r="7" t="5" w="103" /><ent r="7" t="5" w="109" /><ent r="7" t="5" w="121" /><ent r="7" t="5" w="149" /><ent r="7" t="5" w="158" /><ent r="4" t="11" w="24" /><ent r="4" t="11" w="29" /><ent r="7" t="11" w="164" /><ent r="7" t="11" w="176" /><ent r="7" t="11" w="186" /><ent r="7" t="11" w="269" /><ent r="7" t="11" w="284" /><ent r="7" t="11" w="298" /><ent r="7" t="11" w="312" /><ent r="4" t="20" w="137" /><ent r="4" t="28" w="221" /><ent r="3" t="48" w="66" /><ent r="4" t="48" w="145" /><ent r="3" t="62" w="161" /><ent r="3" t="63" w="14" /><ent r="3" t="63" w="54" /><ent r="3" t="63" w="75" /><ent r="3" t="64" w="34" /><ent r="5" t="64" w="40" /><ent r="3" t="64" w="216" /><ent r="4" t="65" w="17" /><ent r="4" t="65" w="199" /><ent r="3" t="66" w="32" /><ent r="4" t="66" w="77" /><ent r="4" t="66" w="90" /><ent r="100" t="67" w="9" /><ent r="3" t="67" w="24" /><ent r="4" t="67" w="119" /><ent r="100" t="68" w="16" /><ent r="3" t="68" w="38" /><ent r="100" t="69" w="5" /><ent r="3" t="69" w="14" /><ent r="3" t="69" w="26" /><ent r="3" t="69" w="153" /><ent r="100" t="70" w="11" /><ent r="3" t="70" w="28" /><ent r="100" t="71" w="6" /><ent r="64" t="71" w="23" /><ent r="3" t="71" w="38" /><ent r="3" t="71" w="43" /><ent r="3" t="71" w="51" /><ent r="4" t="71" w="82" /><ent r="3" t="71" w="101" /><ent r="3" t="71" w="116" /><ent r="65" t="72" w="37" /><ent r="4" t="91" w="156" /><ent r="3" t="130" w="48" /><ent r="3" t="130" w="75" /><ent r="4" t="147" w="151" /><ent r="4" t="147" w="188" /><ent r="4" t="147" w="209" /><ent r="4" t="147" w="233" /><ent r="3" t="158" w="36" /><ent r="3" t="158" w="51" /><ent r="3" t="158" w="860" /><ent r="3" t="158" w="873" /><ent r="3" t="162" w="31" /><ent r="4" t="162" w="76" /><ent r="3" t="174" w="29" /><ent r="3" t="174" w="74" /><ent r="3" t="174" w="79" /><ent r="3" t="174" w="83" /><ent r="3" t="174" w="111" /><ent r="64" t="175" w="28" /><ent r="3" t="180" w="410" /><ent r="3" t="180" w="421" /><ent r="3" t="180" w="427" /><ent r="4" t="180" w="2733" /><ent r="3" t="180" w="3079" /><ent r="4" t="183" w="875" /><ent r="3" t="186" w="98" /><ent r="4" t="186" w="126" /><ent r="4" t="186" w="138" /><ent r="4" t="186" w="699" /><ent r="7" t="190" w="179" /><ent r="7" t="190" w="218" /><ent r="5" t="190" w="266" /><ent r="6" t="230" w="105" /></phr><phr n="annotations"><ent r="3" t="21" w="77" /><ent r="3" t="147" w="30" /><ent r="4" t="180" w="122" /><ent r="3" t="183" w="321" /><ent r="3" t="184" w="308" /><ent r="4" t="186" w="204" /><ent r="3" t="186" w="943" /></phr><phr n="Annotations"><ent r="64" t="178" w="334" /><ent r="102" t="180" w="30" /></phr><phr n="annotate"><ent r="3" t="180" w="71" /><ent r="3" t="180" w="3170" /><ent r="5" t="190" w="254" /></phr><phr n="Annotating"><ent r="92" t="180" w="2617" /></phr></stem><stem n="mean"><phr n="means"><ent r="3" t="1" w="242" /><ent r="3" t="4" w="40" /><ent r="4" t="28" w="75" /><ent r="4" t="28" w="117" /><ent r="4" t="28" w="172" /><ent r="4" t="28" w="281" /><ent r="4" t="92" w="167" /><ent r="4" t="108" w="295" /><ent r="3" t="109" w="502" /><ent r="3" t="110" w="206" /><ent r="3" t="115" w="428" /><ent r="3" t="125" w="921" /><ent r="5" t="165" w="205" /><ent r="3" t="169" w="184" /><ent r="3" t="181" w="1549" /><ent r="3" t="187" w="149" /><ent r="3" t="187" w="1321" /><ent r="3" t="188" w="1139" /><ent r="3" t="197" w="56" /><ent r="3" t="223" w="36" /><ent r="3" t="238" w="97" /><ent r="3" t="238" w="437" /></phr><phr n="meaning"><ent r="6" t="90" w="479" /><ent r="7" t="116" w="244" /><ent r="7" t="116" w="278" /><ent r="4" t="153" w="325" /><ent r="4" t="153" w="350" /><ent r="4" t="153" w="760" /><ent r="4" t="153" w="785" /><ent r="3" t="154" w="377" /><ent r="4" t="165" w="402" /><ent r="3" t="187" w="791" /><ent r="7" t="241" w="146" /><ent r="7" t="241" w="184" /></phr><phr n="mean"><ent r="4" t="109" w="455" /><ent r="3" t="110" w="159" /><ent r="3" t="192" w="91" /><ent r="3" t="238" w="63" /><ent r="3" t="238" w="354" /></phr></stem><stem n="creat"><phr n="create"><ent r="3" t="1" w="244" /><ent r="3" t="2" w="36" /><ent r="3" t="4" w="42" /><ent r="7" t="11" w="183" /><ent r="3" t="26" w="52" /><ent r="3" t="44" w="38" /><ent r="82" t="44" w="533" /><ent r="3" t="49" w="24" /><ent r="3" t="49" w="41" /><ent r="3" t="49" w="74" /><ent r="3" t="49" w="107" /><ent r="3" t="50" w="29" /><ent r="3" t="50" w="84" /><ent r="4" t="50" w="107" /><ent r="4" t="53" w="88" /><ent r="100" t="55" w="11" /><ent r="100" t="55" w="16" /><ent r="3" t="55" w="20" /><ent r="4" t="55" w="79" /><ent r="4" t="55" w="82" /><ent r="100" t="58" w="6" /><ent r="3" t="58" w="125" /><ent r="3" t="58" w="144" /><ent r="7" t="59" w="92" /><ent r="7" t="59" w="104" /><ent r="7" t="59" w="155" /><ent r="7" t="59" w="167" /><ent r="3" t="63" w="38" /><ent r="3" t="63" w="79" /><ent r="3" t="65" w="34" /><ent r="3" t="66" w="24" /><ent r="4" t="66" w="73" /><ent r="3" t="67" w="65" /><ent r="4" t="70" w="153" /><ent r="64" t="77" w="314" /><ent r="64" t="78" w="133" /><ent r="100" t="79" w="11" /><ent r="100" t="79" w="16" /><ent r="100" t="79" w="21" /><ent r="3" t="79" w="32" /><ent r="4" t="79" w="38" /><ent r="3" t="81" w="333" /><ent r="3" t="95" w="266" /><ent r="3" t="96" w="16" /><ent r="100" t="96" w="38" /><ent r="100" t="96" w="44" /><ent r="3" t="115" w="46" /><ent r="3" t="115" w="246" /><ent r="100" t="117" w="9" /><ent r="100" t="117" w="13" /><ent r="3" t="117" w="227" /><ent r="4" t="123" w="77" /><ent r="3" t="123" w="183" /><ent r="3" t="123" w="304" /><ent r="3" t="123" w="436" /><ent r="3" t="123" w="582" /><ent r="3" t="130" w="43" /><ent r="100" t="131" w="7" /><ent r="100" t="131" w="9" /><ent r="100" t="137" w="7" /><ent r="100" t="137" w="11" /><ent r="4" t="137" w="32" /><ent r="3" t="142" w="281" /><ent r="3" t="153" w="1180" /><ent r="3" t="157" w="764" /><ent r="3" t="158" w="32" /><ent r="3" t="165" w="331" /><ent r="3" t="167" w="426" /><ent r="4" t="171" w="194" /><ent r="100" t="173" w="5" /><ent r="100" t="173" w="74" /><ent r="3" t="173" w="77" /><ent r="4" t="173" w="191" /><ent r="4" t="175" w="105" /><ent r="3" t="179" w="300" /><ent r="3" t="180" w="2871" /><ent r="3" t="181" w="125" /><ent r="4" t="181" w="563" /><ent r="4" t="181" w="875" /><ent r="3" t="181" w="1610" /><ent r="4" t="182" w="807" /><ent r="3" t="182" w="827" /><ent r="3" t="182" w="973" /><ent r="3" t="182" w="1070" /><ent r="4" t="182" w="1153" /><ent r="4" t="182" w="1662" /><ent r="3" t="184" w="1310" /><ent r="3" t="186" w="94" /><ent r="4" t="186" w="175" /><ent r="4" t="186" w="219" /><ent r="3" t="186" w="1217" /><ent r="3" t="188" w="624" /><ent r="3" t="189" w="80" /><ent r="7" t="190" w="88" /><ent r="7" t="190" w="100" /><ent r="7" t="190" w="124" /><ent r="7" t="190" w="136" /><ent r="3" t="198" w="240" /><ent r="4" t="198" w="372" /><ent r="3" t="208" w="203" /><ent r="3" t="211" w="24" /><ent r="100" t="228" w="9" /><ent r="100" t="228" w="15" /><ent r="3" t="228" w="22" /><ent r="3" t="228" w="32" /><ent r="3" t="231" w="237" /><ent r="3" t="232" w="9" /></phr><phr n="Creating"><ent r="64" t="1" w="575" /><ent r="64" t="2" w="43" /><ent r="64" t="2" w="152" /><ent r="64" t="142" w="323" /><ent r="64" t="172" w="342" /><ent r="1000" t="173" w="1" /><ent r="102" t="173" w="9" /><ent r="3" t="182" w="673" /><ent r="64" t="226" w="59" /><ent r="1000" t="228" w="1" /><ent r="102" t="228" w="5" /></phr><phr n="Create"><ent r="64" t="8" w="36" /><ent r="64" t="11" w="35" /><ent r="4" t="14" w="50" /><ent r="3" t="49" w="160" /><ent r="4" t="49" w="444" /><ent r="1000" t="50" w="1" /><ent r="64" t="53" w="193" /><ent r="64" t="54" w="97" /><ent r="1000" t="55" w="1" /><ent r="102" t="55" w="6" /><ent r="64" t="63" w="83" /><ent r="65" t="72" w="35" /><ent r="64" t="76" w="137" /><ent r="64" t="77" w="408" /><ent r="64" t="78" w="168" /><ent r="1000" t="79" w="1" /><ent r="102" t="79" w="6" /><ent r="64" t="80" w="251" /><ent r="64" t="95" w="275" /><ent r="1000" t="96" w="1" /><ent r="102" t="96" w="6" /><ent r="5" t="96" w="104" /><ent r="65" t="99" w="22" /><ent r="4" t="110" w="278" /><ent r="64" t="115" w="490" /><ent r="64" t="115" w="560" /><ent r="1000" t="117" w="1" /><ent r="102" t="117" w="15" /><ent r="64" t="121" w="116" /><ent r="64" t="122" w="235" /><ent r="64" t="126" w="433" /><ent r="64" t="130" w="111" /><ent r="1000" t="131" w="1" /><ent r="102" t="131" w="12" /><ent r="3" t="131" w="17" /><ent r="64" t="132" w="106" /><ent r="64" t="134" w="93" /><ent r="1000" t="137" w="1" /><ent r="102" t="137" w="4" /><ent r="5" t="137" w="58" /><ent r="64" t="138" w="127" /><ent r="64" t="139" w="55" /><ent r="4" t="179" w="2148" /><ent r="4" t="179" w="2202" /><ent r="4" t="180" w="1645" /><ent r="4" t="181" w="106" /><ent r="4" t="181" w="670" /><ent r="4" t="182" w="650" /><ent r="92" t="182" w="814" /><ent r="4" t="184" w="58" /><ent r="92" t="184" w="794" /><ent r="4" t="186" w="62" /><ent r="92" t="186" w="824" /><ent r="5" t="188" w="554" /><ent r="7" t="188" w="963" /><ent r="3" t="188" w="1241" /><ent r="92" t="232" w="35" /><ent r="4" t="232" w="41" /></phr><phr n="created"><ent r="7" t="8" w="143" /><ent r="4" t="20" w="434" /><ent r="4" t="21" w="314" /><ent r="3" t="32" w="51" /><ent r="3" t="32" w="68" /><ent r="3" t="71" w="49" /><ent r="3" t="75" w="26" /><ent r="3" t="82" w="52" /><ent r="4" t="99" w="71" /><ent r="4" t="99" w="77" /><ent r="3" t="125" w="673" /><ent r="3" t="131" w="56" /><ent r="3" t="131" w="180" /><ent r="3" t="132" w="58" /><ent r="3" t="133" w="35" /><ent r="3" t="156" w="38" /><ent r="3" t="156" w="52" /><ent r="3" t="161" w="52" /><ent r="3" t="165" w="52" /><ent r="3" t="167" w="129" /><ent r="3" t="170" w="34" /><ent r="4" t="177" w="106" /><ent r="3" t="179" w="251" /><ent r="4" t="179" w="2230" /><ent r="3" t="180" w="258" /><ent r="3" t="180" w="406" /><ent r="3" t="183" w="402" /><ent r="3" t="184" w="405" /><ent r="4" t="186" w="257" /><ent r="3" t="186" w="1104" /><ent r="3" t="187" w="1399" /><ent r="3" t="188" w="51" /><ent r="3" t="188" w="116" /><ent r="4" t="188" w="466" /><ent r="6" t="188" w="1299" /><ent r="3" t="188" w="1345" /></phr><phr n="creates"><ent r="5" t="13" w="67" /><ent r="4" t="44" w="547" /><ent r="4" t="58" w="190" /><ent r="3" t="64" w="202" /><ent r="3" t="123" w="474" /><ent r="3" t="131" w="21" /><ent r="3" t="131" w="80" /><ent r="3" t="132" w="18" /><ent r="3" t="137" w="66" /><ent r="3" t="215" w="16" /></phr><phr n="creating"><ent r="64" t="37" w="42" /><ent r="4" t="58" w="217" /><ent r="3" t="58" w="277" /><ent r="4" t="81" w="92" /><ent r="3" t="81" w="153" /><ent r="6" t="90" w="437" /><ent r="3" t="95" w="31" /><ent r="3" t="147" w="29" /><ent r="3" t="148" w="29" /><ent r="3" t="149" w="29" /><ent r="3" t="155" w="34" /><ent r="4" t="172" w="204" /><ent r="3" t="173" w="24" /><ent r="3" t="181" w="52" /><ent r="4" t="181" w="1326" /><ent r="4" t="181" w="1516" /><ent r="4" t="182" w="802" /><ent r="3" t="184" w="34" /><ent r="3" t="186" w="31" /><ent r="4" t="186" w="166" /><ent r="3" t="211" w="36" /><ent r="3" t="228" w="27" /><ent r="3" t="238" w="235" /></phr><phr n="Creates"><ent r="4" t="53" w="114" /><ent r="7" t="59" w="72" /><ent r="7" t="59" w="82" /><ent r="7" t="59" w="118" /><ent r="7" t="59" w="125" /><ent r="7" t="59" w="130" /><ent r="7" t="59" w="135" /><ent r="7" t="59" w="181" /><ent r="7" t="59" w="192" /><ent r="7" t="116" w="23" /><ent r="7" t="190" w="42" /><ent r="7" t="190" w="46" /><ent r="7" t="190" w="53" /><ent r="7" t="190" w="57" /><ent r="7" t="190" w="61" /><ent r="7" t="190" w="68" /><ent r="7" t="190" w="114" /><ent r="7" t="190" w="150" /><ent r="7" t="190" w="163" /><ent r="5" t="190" w="263" /><ent r="7" t="240" w="75" /></phr></stem><stem n="modifi"><phr n="modify"><ent r="3" t="1" w="246" /><ent r="3" t="4" w="44" /><ent r="3" t="49" w="613" /><ent r="3" t="63" w="40" /><ent r="7" t="90" w="687" /><ent r="3" t="158" w="214" /><ent r="3" t="159" w="27" /><ent r="3" t="169" w="617" /><ent r="4" t="176" w="249" /><ent r="3" t="179" w="189" /><ent r="3" t="182" w="1540" /><ent r="4" t="208" w="488" /></phr><phr n="Modify"><ent r="4" t="43" w="77" /><ent r="4" t="231" w="52" /><ent r="5" t="231" w="186" /><ent r="5" t="231" w="268" /><ent r="5" t="231" w="336" /></phr><phr n="modified"><ent r="4" t="53" w="135" /></phr></stem><stem n="object"><phr n="objects"><ent r="3" t="1" w="247" /><ent r="6" t="3" w="146" /><ent r="3" t="4" w="45" /><ent r="7" t="5" w="74" /><ent r="7" t="5" w="110" /><ent r="7" t="8" w="125" /><ent r="6" t="11" w="138" /><ent r="6" t="11" w="145" /><ent r="4" t="20" w="134" /><ent r="3" t="63" w="41" /><ent r="3" t="64" w="31" /><ent r="5" t="64" w="41" /><ent r="3" t="64" w="91" /><ent r="3" t="64" w="120" /><ent r="3" t="64" w="155" /><ent r="3" t="64" w="177" /><ent r="3" t="64" w="217" /><ent r="3" t="64" w="228" /><ent r="4" t="65" w="18" /><ent r="4" t="65" w="66" /><ent r="3" t="71" w="44" /><ent r="3" t="130" w="49" /><ent r="3" t="130" w="76" /><ent r="3" t="131" w="179" /><ent r="3" t="132" w="35" /><ent r="3" t="133" w="22" /><ent r="3" t="133" w="33" /><ent r="3" t="158" w="37" /><ent r="3" t="158" w="779" /><ent r="3" t="162" w="28" /><ent r="3" t="174" w="80" /><ent r="3" t="180" w="428" /><ent r="3" t="184" w="816" /><ent r="3" t="186" w="99" /><ent r="4" t="186" w="127" /><ent r="4" t="186" w="139" /><ent r="6" t="230" w="106" /></phr><phr n="object"><ent r="7" t="5" w="65" /><ent r="7" t="5" w="104" /><ent r="7" t="8" w="146" /><ent r="7" t="11" w="165" /><ent r="7" t="11" w="177" /><ent r="7" t="11" w="187" /><ent r="6" t="11" w="342" /><ent r="5" t="13" w="113" /><ent r="5" t="13" w="128" /><ent r="7" t="13" w="146" /><ent r="3" t="62" w="152" /><ent r="3" t="62" w="164" /><ent r="3" t="62" w="180" /><ent r="3" t="64" w="78" /><ent r="3" t="64" w="83" /><ent r="3" t="64" w="104" /><ent r="3" t="64" w="130" /><ent r="3" t="64" w="145" /><ent r="3" t="64" w="197" /><ent r="3" t="64" w="207" /><ent r="4" t="65" w="58" /><ent r="4" t="65" w="83" /><ent r="3" t="65" w="88" /><ent r="4" t="65" w="92" /><ent r="4" t="65" w="151" /><ent r="4" t="65" w="159" /><ent r="4" t="65" w="170" /><ent r="4" t="65" w="189" /><ent r="4" t="65" w="217" /><ent r="4" t="65" w="253" /><ent r="4" t="65" w="259" /><ent r="4" t="66" w="78" /><ent r="4" t="67" w="95" /><ent r="5" t="68" w="91" /><ent r="5" t="68" w="98" /><ent r="4" t="68" w="107" /><ent r="4" t="91" w="157" /><ent r="3" t="104" w="59" /><ent r="3" t="104" w="66" /><ent r="3" t="132" w="63" /><ent r="3" t="134" w="33" /><ent r="3" t="134" w="46" /><ent r="3" t="134" w="63" /><ent r="4" t="134" w="71" /><ent r="4" t="147" w="152" /><ent r="4" t="147" w="172" /><ent r="3" t="162" w="137" /><ent r="3" t="162" w="141" /><ent r="3" t="180" w="417" /><ent r="4" t="186" w="742" /><ent r="3" t="190" w="29" /><ent r="6" t="230" w="77" /><ent r="6" t="230" w="116" /><ent r="6" t="230" w="181" /><ent r="6" t="230" w="234" /><ent r="6" t="230" w="326" /><ent r="6" t="230" w="350" /><ent r="6" t="230" w="518" /><ent r="6" t="230" w="639" /><ent r="6" t="230" w="665" /></phr><phr n="Object"><ent r="7" t="8" w="74" /><ent r="7" t="13" w="55" /><ent r="3" t="65" w="37" /><ent r="4" t="65" w="49" /><ent r="4" t="67" w="81" /><ent r="3" t="69" w="125" /><ent r="3" t="69" w="140" /><ent r="5" t="72" w="58" /><ent r="4" t="180" w="2768" /><ent r="4" t="180" w="2853" /><ent r="4" t="181" w="976" /><ent r="3" t="186" w="582" /><ent r="3" t="186" w="1011" /><ent r="4" t="186" w="1144" /><ent r="3" t="190" w="20" /><ent r="6" t="230" w="404" /></phr><phr n="Objects"><ent r="64" t="11" w="78" /><ent r="68" t="11" w="190" /><ent r="68" t="11" w="197" /><ent r="68" t="11" w="291" /><ent r="68" t="11" w="305" /><ent r="68" t="11" w="319" /><ent r="64" t="63" w="96" /><ent r="1000" t="65" w="4" /><ent r="102" t="65" w="9" /><ent r="100" t="65" w="12" /><ent r="65" t="65" w="70" /><ent r="64" t="66" w="138" /><ent r="4" t="67" w="87" /><ent r="64" t="67" w="300" /><ent r="64" t="162" w="160" /><ent r="3" t="180" w="405" /><ent r="1000" t="190" w="2" /><ent r="100" t="190" w="5" /><ent r="102" t="190" w="8" /><ent r="64" t="190" w="39" /><ent r="1000" t="230" w="4" /><ent r="100" t="230" w="7" /><ent r="102" t="230" w="13" /><ent r="6" t="230" w="23" /></phr><phr n="Objective"><ent r="3" t="178" w="52" /><ent r="4" t="179" w="21" /><ent r="4" t="180" w="38" /><ent r="4" t="181" w="27" /><ent r="4" t="182" w="29" /><ent r="4" t="183" w="19" /><ent r="4" t="184" w="22" /><ent r="4" t="185" w="26" /><ent r="4" t="186" w="19" /><ent r="4" t="187" w="17" /><ent r="4" t="188" w="25" /></phr></stem><stem n="line"><phr n="lines"><ent r="3" t="1" w="248" /><ent r="3" t="4" w="46" /><ent r="3" t="63" w="42" /><ent r="3" t="160" w="123" /><ent r="3" t="160" w="131" /><ent r="3" t="160" w="160" /><ent r="3" t="183" w="245" /><ent r="3" t="184" w="234" /><ent r="3" t="184" w="810" /><ent r="3" t="187" w="271" /><ent r="3" t="187" w="299" /><ent r="7" t="199" w="103" /><ent r="7" t="199" w="107" /><ent r="3" t="199" w="722" /><ent r="6" t="243" w="387" /><ent r="6" t="243" w="406" /><ent r="6" t="243" w="424" /><ent r="6" t="243" w="443" /><ent r="6" t="243" w="461" /><ent r="6" t="243" w="480" /><ent r="6" t="243" w="498" /><ent r="6" t="243" w="517" /><ent r="5" t="243" w="536" /><ent r="5" t="243" w="554" /><ent r="5" t="243" w="572" /><ent r="5" t="243" w="591" /><ent r="6" t="243" w="609" /><ent r="6" t="243" w="627" /><ent r="6" t="243" w="645" /><ent r="6" t="243" w="660" /><ent r="6" t="243" w="684" /></phr><phr n="line"><ent r="7" t="11" w="285" /><ent r="7" t="11" w="299" /><ent r="3" t="19" w="51" /><ent r="7" t="59" w="120" /><ent r="7" t="59" w="128" /><ent r="7" t="59" w="133" /><ent r="7" t="59" w="157" /><ent r="7" t="59" w="184" /><ent r="7" t="59" w="195" /><ent r="3" t="65" w="184" /><ent r="4" t="65" w="200" /><ent r="4" t="65" w="206" /><ent r="3" t="65" w="212" /><ent r="3" t="81" w="224" /><ent r="3" t="103" w="37" /><ent r="3" t="128" w="86" /><ent r="3" t="128" w="106" /><ent r="4" t="128" w="138" /><ent r="4" t="128" w="151" /><ent r="4" t="147" w="156" /><ent r="4" t="151" w="176" /><ent r="3" t="160" w="141" /><ent r="3" t="180" w="2076" /><ent r="3" t="180" w="2101" /><ent r="4" t="180" w="2822" /><ent r="3" t="180" w="2838" /><ent r="3" t="182" w="1558" /><ent r="3" t="183" w="1029" /><ent r="3" t="183" w="1058" /><ent r="6" t="187" w="1203" /><ent r="3" t="188" w="1052" /><ent r="7" t="190" w="63" /><ent r="7" t="190" w="90" /><ent r="7" t="190" w="165" /><ent r="7" t="199" w="98" /><ent r="7" t="199" w="317" /><ent r="7" t="199" w="405" /><ent r="6" t="230" w="284" /><ent r="6" t="230" w="346" /><ent r="6" t="230" w="396" /><ent r="6" t="230" w="438" /><ent r="6" t="230" w="477" /><ent r="6" t="243" w="374" /><ent r="6" t="243" w="393" /><ent r="6" t="243" w="411" /><ent r="6" t="243" w="430" /><ent r="6" t="243" w="448" /><ent r="6" t="243" w="467" /><ent r="6" t="243" w="485" /><ent r="6" t="243" w="504" /><ent r="5" t="243" w="523" /><ent r="5" t="243" w="541" /><ent r="5" t="243" w="559" /><ent r="5" t="243" w="578" /><ent r="6" t="243" w="596" /><ent r="6" t="243" w="614" /><ent r="6" t="243" w="632" /><ent r="6" t="243" w="650" /><ent r="6" t="243" w="665" /></phr><phr n="Line"><ent r="92" t="19" w="42" /><ent r="4" t="65" w="228" /><ent r="5" t="151" w="168" /><ent r="4" t="158" w="832" /><ent r="4" t="180" w="2827" /><ent r="3" t="180" w="2844" /><ent r="5" t="183" w="848" /><ent r="6" t="230" w="145" /><ent r="6" t="230" w="338" /><ent r="6" t="230" w="367" /><ent r="6" t="230" w="386" /><ent r="6" t="230" w="388" /><ent r="6" t="230" w="422" /><ent r="6" t="230" w="424" /><ent r="6" t="230" w="448" /><ent r="6" t="230" w="463" /><ent r="6" t="230" w="465" /><ent r="6" t="230" w="483" /><ent r="6" t="230" w="502" /><ent r="6" t="230" w="529" /></phr></stem></index>