﻿<?xml version="1.0" encoding="utf-8"?><index><stem n="nativ"><phr n="native"><ent r="4" t="20" w="394" /><ent r="3" t="199" w="18" /></phr><phr n="natively"><ent r="4" t="25" w="147" /></phr><phr n="Native"><ent r="3" t="32" w="30" /></phr></stem><stem n="export"><phr n="exported"><ent r="4" t="20" w="403" /><ent r="4" t="26" w="70" /><ent r="5" t="26" w="422" /><ent r="5" t="26" w="439" /><ent r="5" t="26" w="461" /><ent r="5" t="26" w="502" /><ent r="4" t="26" w="563" /><ent r="3" t="108" w="413" /><ent r="3" t="144" w="186" /><ent r="3" t="144" w="220" /><ent r="3" t="144" w="289" /><ent r="3" t="144" w="323" /><ent r="3" t="144" w="493" /><ent r="3" t="144" w="527" /><ent r="3" t="144" w="657" /><ent r="3" t="144" w="691" /><ent r="3" t="184" w="803" /><ent r="3" t="184" w="1198" /><ent r="3" t="184" w="1258" /><ent r="3" t="184" w="1286" /><ent r="4" t="221" w="42" /><ent r="4" t="223" w="60" /><ent r="4" t="224" w="72" /><ent r="4" t="225" w="45" /></phr><phr n="Exporter"><ent r="4" t="20" w="407" /><ent r="4" t="24" w="74" /><ent r="67" t="24" w="107" /><ent r="67" t="24" w="111" /><ent r="67" t="24" w="115" /><ent r="67" t="24" w="119" /><ent r="5" t="25" w="32" /><ent r="65" t="25" w="75" /><ent r="5" t="25" w="80" /><ent r="65" t="25" w="113" /><ent r="5" t="25" w="118" /><ent r="65" t="25" w="161" /><ent r="5" t="25" w="166" /><ent r="65" t="25" w="187" /><ent r="5" t="25" w="193" /><ent r="5" t="25" w="217" /><ent r="5" t="26" w="133" /><ent r="5" t="26" w="139" /><ent r="92" t="26" w="363" /><ent r="3" t="26" w="369" /><ent r="5" t="27" w="83" /><ent r="67" t="27" w="118" /><ent r="67" t="27" w="123" /><ent r="67" t="27" w="128" /><ent r="67" t="27" w="133" /><ent r="67" t="27" w="138" /><ent r="67" t="27" w="143" /><ent r="5" t="28" w="32" /><ent r="65" t="28" w="45" /><ent r="5" t="28" w="51" /><ent r="65" t="28" w="93" /><ent r="5" t="28" w="99" /><ent r="65" t="28" w="135" /><ent r="5" t="28" w="141" /><ent r="65" t="28" w="194" /><ent r="5" t="28" w="199" /><ent r="5" t="28" w="238" /><ent r="65" t="28" w="247" /><ent r="5" t="28" w="253" /><ent r="65" t="28" w="299" /><ent r="5" t="28" w="304" /><ent r="3" t="29" w="57" /><ent r="4" t="29" w="63" /><ent r="65" t="29" w="106" /><ent r="4" t="30" w="67" /><ent r="1000" t="34" w="3" /><ent r="102" t="34" w="9" /><ent r="3" t="34" w="14" /><ent r="8" t="125" w="376" /><ent r="4" t="171" w="256" /><ent r="4" t="179" w="82" /><ent r="4" t="179" w="222" /><ent r="4" t="179" w="2267" /><ent r="100" t="180" w="442" /><ent r="4" t="180" w="445" /><ent r="4" t="180" w="3104" /><ent r="4" t="180" w="3112" /><ent r="5" t="180" w="3117" /><ent r="4" t="184" w="1031" /><ent r="5" t="184" w="1038" /><ent r="4" t="184" w="1051" /><ent r="5" t="188" w="579" /><ent r="5" t="188" w="593" /><ent r="7" t="188" w="978" /><ent r="3" t="188" w="1248" /><ent r="3" t="194" w="302" /><ent r="1000" t="215" w="2" /><ent r="102" t="215" w="6" /><ent r="100" t="215" w="10" /><ent r="3" t="215" w="15" /><ent r="3" t="215" w="40" /><ent r="3" t="215" w="71" /><ent r="3" t="215" w="92" /><ent r="92" t="215" w="294" /><ent r="1000" t="216" w="2" /><ent r="102" t="216" w="6" /><ent r="100" t="216" w="10" /><ent r="3" t="216" w="15" /><ent r="3" t="216" w="36" /><ent r="92" t="216" w="225" /><ent r="3" t="216" w="231" /><ent r="1000" t="217" w="2" /><ent r="102" t="217" w="6" /><ent r="100" t="217" w="10" /><ent r="3" t="217" w="16" /><ent r="92" t="217" w="184" /><ent r="3" t="217" w="190" /><ent r="1000" t="218" w="2" /><ent r="102" t="218" w="6" /><ent r="3" t="218" w="15" /><ent r="1000" t="219" w="3" /><ent r="100" t="219" w="8" /><ent r="102" t="219" w="13" /><ent r="3" t="219" w="19" /><ent r="1000" t="220" w="2" /><ent r="100" t="220" w="6" /><ent r="102" t="220" w="10" /><ent r="1000" t="221" w="3" /><ent r="100" t="221" w="7" /><ent r="102" t="221" w="11" /><ent r="4" t="221" w="17" /><ent r="1000" t="222" w="3" /><ent r="100" t="222" w="8" /><ent r="102" t="222" w="13" /><ent r="1000" t="223" w="3" /><ent r="102" t="223" w="8" /><ent r="100" t="223" w="13" /><ent r="3" t="223" w="19" /><ent r="1000" t="224" w="3" /><ent r="100" t="224" w="7" /><ent r="102" t="224" w="11" /><ent r="4" t="224" w="17" /><ent r="1000" t="225" w="3" /><ent r="100" t="225" w="8" /><ent r="102" t="225" w="13" /><ent r="4" t="225" w="19" /></phr><phr n="Export"><ent r="64" t="21" w="527" /><ent r="1000" t="24" w="1" /><ent r="102" t="24" w="13" /><ent r="5" t="24" w="47" /><ent r="4" t="24" w="51" /><ent r="6" t="24" w="103" /><ent r="64" t="24" w="132" /><ent r="1000" t="26" w="1" /><ent r="102" t="26" w="10" /><ent r="5" t="26" w="118" /><ent r="4" t="26" w="128" /><ent r="4" t="26" w="187" /><ent r="1000" t="27" w="1" /><ent r="102" t="27" w="13" /><ent r="4" t="27" w="42" /><ent r="4" t="27" w="56" /><ent r="3" t="27" w="60" /><ent r="6" t="27" w="114" /><ent r="1000" t="29" w="1" /><ent r="102" t="29" w="13" /><ent r="5" t="29" w="46" /><ent r="4" t="29" w="50" /><ent r="1000" t="30" w="1" /><ent r="102" t="30" w="6" /><ent r="5" t="30" w="40" /><ent r="4" t="30" w="44" /><ent r="4" t="49" w="447" /><ent r="4" t="49" w="633" /><ent r="4" t="49" w="637" /><ent r="5" t="53" w="168" /><ent r="5" t="90" w="661" /><ent r="65" t="130" w="137" /><ent r="65" t="131" w="235" /><ent r="64" t="132" w="128" /><ent r="65" t="134" w="115" /><ent r="66" t="143" w="178" /><ent r="1000" t="144" w="1" /><ent r="102" t="144" w="4" /><ent r="3" t="144" w="13" /><ent r="4" t="144" w="32" /><ent r="4" t="144" w="74" /><ent r="4" t="144" w="84" /><ent r="64" t="178" w="322" /><ent r="64" t="178" w="335" /><ent r="64" t="178" w="367" /><ent r="1000" t="179" w="5" /><ent r="103" t="179" w="16" /><ent r="4" t="179" w="76" /><ent r="92" t="179" w="2073" /><ent r="5" t="179" w="2085" /><ent r="3" t="179" w="2089" /><ent r="92" t="179" w="2119" /><ent r="5" t="179" w="2159" /><ent r="5" t="179" w="2214" /><ent r="4" t="179" w="2246" /><ent r="102" t="180" w="31" /><ent r="4" t="180" w="124" /><ent r="92" t="180" w="2952" /><ent r="5" t="180" w="3099" /><ent r="4" t="181" w="801" /><ent r="5" t="181" w="997" /><ent r="1000" t="184" w="2" /><ent r="102" t="184" w="15" /><ent r="4" t="184" w="63" /><ent r="92" t="184" w="988" /><ent r="5" t="184" w="1020" /><ent r="4" t="184" w="1024" /><ent r="4" t="184" w="1144" /><ent r="4" t="185" w="98" /><ent r="5" t="188" w="555" /><ent r="7" t="188" w="964" /><ent r="7" t="188" w="980" /><ent r="3" t="188" w="1242" /><ent r="3" t="218" w="227" /><ent r="92" t="220" w="105" /><ent r="92" t="222" w="110" /></phr><phr n="Exporters"><ent r="92" t="22" w="115" /><ent r="64" t="24" w="87" /><ent r="1000" t="25" w="3" /><ent r="102" t="25" w="7" /><ent r="100" t="25" w="9" /><ent r="65" t="27" w="96" /><ent r="1000" t="28" w="3" /><ent r="102" t="28" w="7" /><ent r="100" t="28" w="9" /></phr><phr n="export"><ent r="3" t="22" w="120" /><ent r="100" t="24" w="5" /><ent r="100" t="24" w="11" /><ent r="3" t="24" w="18" /><ent r="4" t="24" w="36" /><ent r="3" t="24" w="93" /><ent r="64" t="25" w="25" /><ent r="4" t="25" w="70" /><ent r="4" t="25" w="85" /><ent r="4" t="25" w="108" /><ent r="4" t="25" w="123" /><ent r="4" t="25" w="156" /><ent r="4" t="25" w="171" /><ent r="4" t="25" w="182" /><ent r="100" t="26" w="5" /><ent r="100" t="26" w="7" /><ent r="3" t="26" w="93" /><ent r="3" t="26" w="379" /><ent r="100" t="27" w="7" /><ent r="100" t="27" w="9" /><ent r="4" t="27" w="18" /><ent r="3" t="27" w="104" /><ent r="64" t="28" w="25" /><ent r="4" t="28" w="37" /><ent r="4" t="28" w="40" /><ent r="4" t="28" w="56" /><ent r="4" t="28" w="87" /><ent r="4" t="28" w="104" /><ent r="4" t="28" w="129" /><ent r="4" t="28" w="146" /><ent r="4" t="28" w="188" /><ent r="4" t="28" w="204" /><ent r="4" t="28" w="241" /><ent r="4" t="28" w="258" /><ent r="4" t="28" w="293" /><ent r="4" t="28" w="307" /><ent r="100" t="29" w="7" /><ent r="100" t="29" w="9" /><ent r="3" t="29" w="18" /><ent r="4" t="29" w="100" /><ent r="100" t="30" w="11" /><ent r="3" t="30" w="20" /><ent r="3" t="49" w="52" /><ent r="4" t="49" w="452" /><ent r="4" t="49" w="650" /><ent r="4" t="53" w="173" /><ent r="5" t="90" w="666" /><ent r="3" t="108" w="327" /><ent r="5" t="143" w="186" /><ent r="100" t="144" w="7" /><ent r="100" t="144" w="11" /><ent r="3" t="144" w="133" /><ent r="3" t="144" w="236" /><ent r="3" t="144" w="440" /><ent r="3" t="144" w="564" /><ent r="3" t="144" w="604" /><ent r="100" t="179" w="10" /><ent r="3" t="179" w="49" /><ent r="4" t="179" w="2275" /><ent r="3" t="179" w="2372" /><ent r="100" t="180" w="13" /><ent r="3" t="180" w="75" /><ent r="3" t="180" w="89" /><ent r="3" t="180" w="450" /><ent r="3" t="180" w="2956" /><ent r="4" t="180" w="3026" /><ent r="3" t="180" w="3174" /><ent r="4" t="181" w="822" /><ent r="4" t="181" w="1009" /><ent r="100" t="184" w="8" /><ent r="100" t="184" w="10" /><ent r="3" t="184" w="45" /><ent r="3" t="184" w="825" /><ent r="4" t="184" w="1124" /><ent r="3" t="184" w="1217" /><ent r="3" t="184" w="1313" /><ent r="3" t="185" w="399" /><ent r="4" t="185" w="461" /><ent r="64" t="215" w="46" /><ent r="3" t="215" w="100" /><ent r="3" t="215" w="119" /><ent r="3" t="215" w="144" /><ent r="3" t="215" w="306" /><ent r="4" t="215" w="338" /><ent r="3" t="216" w="50" /><ent r="3" t="216" w="75" /><ent r="3" t="217" w="28" /><ent r="3" t="218" w="48" /><ent r="3" t="218" w="73" /><ent r="3" t="220" w="35" /><ent r="3" t="220" w="129" /><ent r="3" t="220" w="172" /><ent r="3" t="222" w="40" /><ent r="3" t="222" w="134" /><ent r="3" t="222" w="177" /><ent r="3" t="223" w="23" /></phr><phr n="exporters"><ent r="3" t="24" w="82" /><ent r="100" t="25" w="15" /><ent r="3" t="25" w="19" /><ent r="4" t="27" w="91" /><ent r="100" t="28" w="15" /><ent r="3" t="28" w="19" /><ent r="3" t="125" w="86" /></phr><phr n="exporter"><ent r="3" t="26" w="15" /><ent r="4" t="26" w="61" /><ent r="4" t="28" w="316" /><ent r="8" t="125" w="379" /><ent r="4" t="179" w="2100" /><ent r="4" t="195" w="758" /><ent r="100" t="218" w="10" /></phr><phr n="exports"><ent r="3" t="26" w="16" /><ent r="3" t="108" w="378" /><ent r="3" t="108" w="394" /><ent r="5" t="143" w="194" /><ent r="3" t="144" w="531" /></phr><phr n="exporting"><ent r="64" t="26" w="24" /><ent r="3" t="30" w="75" /><ent r="3" t="102" w="29" /><ent r="3" t="144" w="22" /><ent r="4" t="171" w="260" /><ent r="3" t="179" w="40" /><ent r="3" t="184" w="36" /><ent r="3" t="215" w="87" /><ent r="3" t="216" w="31" /><ent r="3" t="218" w="31" /><ent r="3" t="218" w="247" /><ent r="3" t="220" w="17" /><ent r="4" t="221" w="27" /><ent r="3" t="222" w="20" /><ent r="4" t="224" w="29" /><ent r="4" t="225" w="29" /></phr></stem><stem n="order"><phr n="order"><ent r="4" t="20" w="409" /><ent r="3" t="115" w="538" /><ent r="7" t="116" w="237" /><ent r="7" t="116" w="254" /><ent r="7" t="116" w="271" /><ent r="7" t="116" w="288" /><ent r="100" t="125" w="90" /><ent r="3" t="125" w="125" /><ent r="3" t="125" w="131" /><ent r="3" t="125" w="140" /><ent r="3" t="125" w="907" /><ent r="3" t="145" w="171" /><ent r="3" t="167" w="65" /><ent r="3" t="180" w="376" /><ent r="3" t="181" w="161" /><ent r="3" t="182" w="708" /><ent r="3" t="187" w="162" /><ent r="3" t="187" w="275" /><ent r="3" t="187" w="286" /><ent r="3" t="187" w="822" /><ent r="4" t="187" w="1108" /><ent r="3" t="188" w="787" /><ent r="4" t="188" w="1159" /><ent r="4" t="188" w="1208" /><ent r="100" t="192" w="7" /><ent r="4" t="194" w="55" /><ent r="4" t="194" w="147" /><ent r="3" t="194" w="234" /><ent r="7" t="199" w="336" /><ent r="7" t="199" w="340" /><ent r="7" t="199" w="358" /><ent r="7" t="199" w="374" /><ent r="7" t="199" w="426" /><ent r="3" t="199" w="750" /><ent r="3" t="238" w="35" /><ent r="100" t="241" w="7" /><ent r="100" t="241" w="13" /><ent r="7" t="241" w="139" /><ent r="7" t="241" w="156" /><ent r="7" t="241" w="177" /><ent r="7" t="241" w="194" /></phr><phr n="Order"><ent r="92" t="64" w="122" /><ent r="64" t="110" w="534" /><ent r="82" t="125" w="899" /><ent r="1000" t="192" w="3" /><ent r="102" t="192" w="11" /><ent r="7" t="241" w="130" /><ent r="7" t="241" w="172" /></phr></stem><stem n="pseudocolor"><phr n="Pseudocolor"><ent r="5" t="20" w="424" /><ent r="64" t="146" w="46" /><ent r="1000" t="152" w="1" /><ent r="102" t="152" w="5" /><ent r="3" t="152" w="14" /><ent r="4" t="152" w="70" /><ent r="5" t="152" w="124" /></phr><phr n="pseudocolor"><ent r="4" t="20" w="435" /><ent r="4" t="53" w="143" /><ent r="3" t="109" w="304" /><ent r="100" t="152" w="9" /><ent r="3" t="152" w="28" /></phr></stem><stem n="jpeg2000"><phr n="Jpeg2000"><ent r="5" t="20" w="445" /><ent r="4" t="20" w="452" /></phr></stem><stem n="jp2"><phr n="jp2"><ent r="4" t="20" w="454" /></phr></stem><stem n="(*.jp2,"><phr n="(*.jp2,"><ent r="4" t="20" w="455" /></phr></stem><stem n="j2k"><phr n="j2k"><ent r="4" t="20" w="455" /></phr></stem><stem n="*.j2k)."><phr n="*.j2k)."><ent r="4" t="20" w="456" /></phr></stem><stem n="model"><phr n="Model"><ent r="5" t="20" w="461" /><ent r="5" t="200" w="24" /></phr></stem><stem n="nitf"><phr n="NITF"><ent r="5" t="20" w="464" /><ent r="4" t="20" w="473" /><ent r="65" t="20" w="477" /><ent r="4" t="22" w="113" /><ent r="4" t="22" w="137" /><ent r="1000" t="23" w="1" /><ent r="102" t="23" w="4" /><ent r="100" t="23" w="7" /><ent r="3" t="23" w="11" /><ent r="3" t="23" w="19" /><ent r="4" t="23" w="26" /><ent r="4" t="23" w="54" /><ent r="4" t="23" w="76" /><ent r="4" t="23" w="92" /><ent r="4" t="23" w="97" /><ent r="3" t="23" w="124" /><ent r="67" t="24" w="118" /><ent r="5" t="25" w="165" /><ent r="4" t="25" w="176" /><ent r="65" t="25" w="186" /><ent r="3" t="68" w="116" /><ent r="3" t="68" w="127" /><ent r="3" t="68" w="135" /><ent r="3" t="110" w="46" /><ent r="3" t="157" w="936" /><ent r="3" t="171" w="92" /><ent r="1000" t="218" w="1" /><ent r="102" t="218" w="5" /><ent r="100" t="218" w="9" /><ent r="3" t="218" w="14" /><ent r="3" t="218" w="226" /></phr></stem><stem n="esri"><phr n="ESRI"><ent r="4" t="20" w="494" /><ent r="3" t="21" w="59" /><ent r="3" t="183" w="155" /><ent r="3" t="183" w="159" /><ent r="3" t="184" w="145" /><ent r="3" t="184" w="149" /></phr></stem><stem n="wavelength"><phr n="Wavelength"><ent r="5" t="20" w="512" /><ent r="5" t="20" w="522" /><ent r="65" t="20" w="544" /><ent r="5" t="25" w="191" /><ent r="5" t="25" w="215" /><ent r="64" t="178" w="377" /><ent r="1000" t="185" w="7" /><ent r="100" t="185" w="10" /><ent r="100" t="185" w="13" /><ent r="102" t="185" w="22" /><ent r="4" t="185" w="460" /><ent r="92" t="185" w="514" /><ent r="5" t="185" w="547" /><ent r="3" t="193" w="104" /><ent r="64" t="193" w="109" /><ent r="1000" t="194" w="1" /><ent r="102" t="194" w="8" /><ent r="3" t="194" w="16" /><ent r="3" t="194" w="300" /><ent r="3" t="194" w="304" /><ent r="4" t="195" w="515" /><ent r="3" t="199" w="780" /><ent r="64" t="209" w="222" /></phr><phr n="wavelength"><ent r="4" t="20" w="527" /><ent r="3" t="44" w="429" /><ent r="3" t="44" w="431" /><ent r="3" t="157" w="876" /><ent r="3" t="157" w="905" /><ent r="3" t="185" w="44" /><ent r="4" t="185" w="71" /><ent r="3" t="185" w="129" /><ent r="3" t="185" w="138" /><ent r="3" t="185" w="161" /><ent r="3" t="185" w="297" /><ent r="3" t="185" w="304" /><ent r="3" t="185" w="504" /><ent r="3" t="193" w="12" /><ent r="3" t="193" w="33" /><ent r="3" t="193" w="196" /><ent r="3" t="193" w="200" /><ent r="3" t="193" w="210" /><ent r="3" t="193" w="214" /><ent r="3" t="193" w="222" /><ent r="3" t="193" w="226" /><ent r="3" t="194" w="24" /><ent r="4" t="194" w="101" /><ent r="4" t="194" w="117" /><ent r="4" t="194" w="126" /><ent r="4" t="194" w="136" /><ent r="4" t="194" w="192" /><ent r="4" t="194" w="201" /><ent r="4" t="194" w="211" /><ent r="3" t="194" w="259" /><ent r="3" t="194" w="265" /><ent r="3" t="194" w="272" /><ent r="3" t="194" w="288" /><ent r="3" t="194" w="291" /><ent r="3" t="195" w="110" /><ent r="3" t="195" w="137" /><ent r="3" t="195" w="215" /><ent r="3" t="195" w="278" /><ent r="3" t="195" w="385" /><ent r="83" t="195" w="490" /><ent r="4" t="195" w="513" /><ent r="4" t="195" w="553" /><ent r="4" t="195" w="583" /><ent r="3" t="195" w="674" /><ent r="4" t="195" w="691" /><ent r="4" t="195" w="718" /><ent r="4" t="195" w="743" /><ent r="4" t="195" w="757" /><ent r="3" t="195" w="767" /><ent r="7" t="199" w="614" /><ent r="7" t="199" w="619" /><ent r="7" t="199" w="662" /><ent r="3" t="199" w="842" /><ent r="3" t="209" w="96" /><ent r="3" t="209" w="203" /></phr><phr n="wavelengths"><ent r="4" t="20" w="531" /><ent r="4" t="25" w="199" /><ent r="4" t="25" w="223" /><ent r="3" t="44" w="57" /><ent r="3" t="44" w="464" /><ent r="3" t="44" w="484" /><ent r="3" t="157" w="805" /><ent r="3" t="157" w="812" /><ent r="3" t="157" w="836" /><ent r="3" t="157" w="840" /><ent r="3" t="157" w="855" /><ent r="3" t="157" w="890" /><ent r="3" t="157" w="912" /><ent r="3" t="185" w="52" /><ent r="4" t="185" w="83" /><ent r="4" t="185" w="88" /><ent r="4" t="185" w="100" /><ent r="4" t="185" w="114" /><ent r="3" t="185" w="149" /><ent r="3" t="185" w="154" /><ent r="4" t="185" w="316" /><ent r="3" t="185" w="341" /><ent r="3" t="185" w="384" /><ent r="4" t="185" w="475" /><ent r="4" t="185" w="555" /><ent r="3" t="185" w="581" /><ent r="3" t="193" w="122" /><ent r="3" t="193" w="156" /><ent r="4" t="194" w="49" /><ent r="3" t="194" w="244" /><ent r="3" t="195" w="39" /><ent r="3" t="195" w="46" /><ent r="3" t="195" w="70" /><ent r="3" t="195" w="74" /><ent r="3" t="195" w="89" /><ent r="3" t="195" w="124" /><ent r="3" t="195" w="144" /><ent r="3" t="195" w="228" /><ent r="3" t="195" w="245" /><ent r="3" t="195" w="312" /><ent r="3" t="195" w="327" /><ent r="3" t="195" w="347" /><ent r="3" t="195" w="358" /><ent r="3" t="195" w="377" /><ent r="83" t="195" w="397" /><ent r="3" t="195" w="464" /><ent r="83" t="195" w="487" /><ent r="4" t="195" w="525" /><ent r="4" t="195" w="531" /><ent r="3" t="195" w="542" /><ent r="3" t="195" w="629" /><ent r="4" t="195" w="687" /><ent r="3" t="208" w="176" /><ent r="3" t="209" w="36" /><ent r="3" t="209" w="63" /><ent r="3" t="209" w="130" /><ent r="3" t="209" w="145" /><ent r="3" t="209" w="165" /><ent r="3" t="209" w="176" /><ent r="3" t="209" w="195" /></phr><phr n="Wavelengths"><ent r="65" t="31" w="91" /><ent r="92" t="157" w="792" /><ent r="3" t="157" w="796" /><ent r="3" t="157" w="820" /><ent r="3" t="157" w="863" /><ent r="3" t="157" w="881" /><ent r="3" t="157" w="914" /><ent r="64" t="157" w="925" /><ent r="64" t="178" w="374" /><ent r="1000" t="185" w="4" /><ent r="102" t="185" w="19" /><ent r="3" t="185" w="40" /><ent r="4" t="185" w="75" /><ent r="3" t="185" w="123" /><ent r="5" t="185" w="290" /><ent r="64" t="185" w="375" /><ent r="4" t="185" w="419" /><ent r="3" t="185" w="577" /><ent r="1000" t="193" w="1" /><ent r="102" t="193" w="6" /><ent r="3" t="193" w="74" /><ent r="1000" t="195" w="1" /><ent r="100" t="195" w="6" /><ent r="100" t="195" w="9" /><ent r="100" t="195" w="15" /><ent r="102" t="195" w="18" /><ent r="3" t="195" w="24" /><ent r="3" t="195" w="54" /><ent r="3" t="195" w="97" /><ent r="3" t="195" w="115" /><ent r="3" t="195" w="146" /><ent r="92" t="195" w="154" /><ent r="3" t="195" w="158" /><ent r="3" t="195" w="188" /><ent r="82" t="195" w="237" /><ent r="3" t="195" w="241" /><ent r="4" t="195" w="437" /><ent r="4" t="195" w="495" /><ent r="3" t="195" w="621" /><ent r="64" t="195" w="786" /><ent r="64" t="208" w="748" /><ent r="1000" t="209" w="1" /><ent r="100" t="209" w="6" /><ent r="100" t="209" w="9" /><ent r="100" t="209" w="17" /><ent r="102" t="209" w="20" /><ent r="3" t="209" w="26" /><ent r="3" t="209" w="45" /><ent r="82" t="209" w="55" /><ent r="3" t="209" w="59" /><ent r="64" t="209" w="219" /><ent r="64" t="210" w="53" /><ent r="64" t="211" w="66" /><ent r="64" t="212" w="140" /><ent r="64" t="213" w="894" /></phr></stem><stem n="wmd"><phr n="wmd"><ent r="4" t="20" w="516" /><ent r="4" t="195" w="523" /><ent r="4" t="195" w="752" /></phr></stem><stem n="(*.wmd)"><phr n="(*.wmd)"><ent r="4" t="20" w="517" /></phr></stem><stem n="xml"><phr n="XML"><ent r="4" t="20" w="517" /><ent r="4" t="25" w="226" /><ent r="3" t="135" w="20" /></phr><phr n="xml"><ent r="4" t="22" w="173" /></phr></stem><stem n="wav"><phr n="wav"><ent r="4" t="20" w="533" /><ent r="4" t="195" w="520" /><ent r="4" t="195" w="749" /></phr></stem><stem n="(*.wav,"><phr n="(*.wav,"><ent r="4" t="20" w="534" /></phr></stem><stem n="wave"><phr n="wave"><ent r="4" t="20" w="534" /><ent r="3" t="157" w="850" /><ent r="3" t="193" w="30" /><ent r="3" t="195" w="84" /><ent r="4" t="195" w="521" /><ent r="4" t="195" w="750" /></phr><phr n="waves"><ent r="3" t="193" w="56" /></phr></stem><stem n="*.wave)"><phr n="*.wave)"><ent r="4" t="20" w="535" /></phr></stem><stem n="might"><phr n="might"><ent r="3" t="20" w="554" /><ent r="3" t="22" w="59" /><ent r="3" t="43" w="85" /><ent r="3" t="182" w="873" /></phr></stem><stem n="depend"><phr n="depending"><ent r="3" t="20" w="558" /><ent r="3" t="208" w="252" /><ent r="3" t="238" w="485" /></phr><phr n="depends"><ent r="3" t="40" w="231" /><ent r="3" t="46" w="106" /><ent r="3" t="81" w="455" /><ent r="4" t="109" w="572" /><ent r="4" t="110" w="352" /><ent r="3" t="157" w="953" /><ent r="4" t="165" w="297" /><ent r="3" t="183" w="1089" /><ent r="3" t="238" w="464" /></phr><phr n="depend"><ent r="4" t="122" w="53" /><ent r="4" t="125" w="766" /><ent r="4" t="129" w="69" /></phr><phr n="dependent"><ent r="4" t="153" w="327" /><ent r="4" t="153" w="762" /></phr><phr n="Depending"><ent r="3" t="208" w="32" /></phr></stem><stem n="group"><phr n="group"><ent r="3" t="21" w="22" /><ent r="3" t="58" w="24" /><ent r="3" t="125" w="82" /><ent r="3" t="169" w="240" /><ent r="3" t="169" w="257" /><ent r="4" t="180" w="2805" /><ent r="3" t="181" w="119" /><ent r="3" t="183" w="93" /><ent r="3" t="183" w="231" /><ent r="3" t="184" w="83" /><ent r="3" t="184" w="220" /><ent r="3" t="184" w="1289" /><ent r="4" t="197" w="109" /><ent r="3" t="197" w="174" /><ent r="3" t="197" w="196" /></phr><phr n="Group"><ent r="6" t="28" w="164" /><ent r="92" t="64" w="110" /><ent r="3" t="64" w="115" /></phr><phr n="groups"><ent r="4" t="147" w="137" /><ent r="4" t="151" w="139" /><ent r="4" t="153" w="133" /><ent r="3" t="169" w="167" /><ent r="3" t="169" w="227" /></phr></stem><stem n="exchang"><phr n="exchange"><ent r="3" t="21" w="27" /><ent r="3" t="183" w="100" /><ent r="3" t="183" w="148" /><ent r="3" t="184" w="90" /><ent r="3" t="184" w="138" /></phr></stem><stem n="gi"><phr n="GIS"><ent r="5" t="21" w="29" /><ent r="3" t="21" w="38" /><ent r="3" t="183" w="104" /><ent r="3" t="183" w="108" /><ent r="3" t="183" w="124" /><ent r="3" t="183" w="149" /><ent r="3" t="183" w="180" /><ent r="3" t="183" w="281" /><ent r="3" t="183" w="1066" /><ent r="3" t="184" w="94" /><ent r="3" t="184" w="98" /><ent r="3" t="184" w="114" /><ent r="3" t="184" w="139" /><ent r="3" t="184" w="170" /><ent r="3" t="184" w="270" /></phr></stem><stem n="commonli"><phr n="commonly"><ent r="3" t="21" w="41" /><ent r="3" t="115" w="58" /><ent r="3" t="183" w="111" /><ent r="3" t="184" w="101" /></phr></stem><stem n="repres"><phr n="represent"><ent r="3" t="21" w="44" /><ent r="3" t="125" w="491" /><ent r="3" t="125" w="516" /><ent r="4" t="171" w="201" /><ent r="3" t="183" w="114" /><ent r="3" t="183" w="224" /><ent r="3" t="183" w="251" /><ent r="3" t="183" w="265" /><ent r="3" t="184" w="104" /><ent r="3" t="184" w="213" /><ent r="3" t="184" w="240" /><ent r="3" t="184" w="254" /><ent r="3" t="187" w="845" /></phr><phr n="represents"><ent r="4" t="109" w="470" /><ent r="5" t="167" w="338" /><ent r="4" t="179" w="1115" /><ent r="4" t="179" w="1128" /><ent r="3" t="179" w="1254" /><ent r="3" t="179" w="1289" /><ent r="3" t="182" w="836" /><ent r="3" t="187" w="820" /><ent r="3" t="188" w="785" /></phr><phr n="represented"><ent r="7" t="116" w="70" /><ent r="5" t="153" w="426" /><ent r="5" t="153" w="451" /><ent r="5" t="153" w="484" /><ent r="5" t="153" w="504" /><ent r="5" t="153" w="515" /><ent r="5" t="153" w="861" /><ent r="5" t="153" w="886" /><ent r="5" t="153" w="919" /><ent r="5" t="153" w="939" /><ent r="5" t="153" w="950" /><ent r="4" t="154" w="404" /><ent r="4" t="154" w="429" /><ent r="4" t="154" w="462" /><ent r="4" t="154" w="482" /><ent r="4" t="154" w="492" /><ent r="5" t="165" w="464" /><ent r="5" t="165" w="489" /><ent r="5" t="165" w="522" /><ent r="5" t="165" w="542" /><ent r="5" t="165" w="553" /><ent r="3" t="183" w="201" /><ent r="3" t="184" w="190" /><ent r="3" t="187" w="921" /><ent r="3" t="188" w="809" /><ent r="4" t="236" w="62" /><ent r="4" t="236" w="87" /><ent r="4" t="236" w="120" /><ent r="4" t="236" w="140" /><ent r="4" t="236" w="151" /><ent r="7" t="240" w="183" /></phr><phr n="representing"><ent r="3" t="165" w="26" /></phr></stem><stem n="road"><phr n="roads"><ent r="3" t="21" w="45" /><ent r="3" t="183" w="115" /><ent r="3" t="183" w="254" /><ent r="3" t="183" w="295" /><ent r="3" t="184" w="105" /><ent r="3" t="184" w="243" /><ent r="3" t="184" w="284" /><ent r="5" t="184" w="1082" /></phr><phr n="road"><ent r="3" t="82" w="25" /><ent r="4" t="184" w="957" /><ent r="4" t="184" w="963" /><ent r="3" t="184" w="1246" /></phr><phr n="Roads"><ent r="4" t="184" w="927" /><ent r="92" t="184" w="989" /><ent r="7" t="184" w="1015" /><ent r="4" t="184" w="1160" /></phr></stem><stem n="citi"><phr n="cities"><ent r="3" t="21" w="46" /><ent r="3" t="183" w="116" /><ent r="3" t="184" w="106" /></phr><phr n="city"><ent r="3" t="183" w="273" /><ent r="3" t="183" w="294" /><ent r="3" t="184" w="262" /><ent r="3" t="184" w="283" /></phr></stem><stem n="river"><phr n="rivers"><ent r="3" t="21" w="47" /><ent r="3" t="183" w="117" /><ent r="3" t="183" w="256" /><ent r="3" t="184" w="107" /><ent r="3" t="184" w="245" /></phr></stem><stem n="lake"><phr n="lakes"><ent r="3" t="21" w="48" /><ent r="3" t="183" w="118" /><ent r="3" t="184" w="108" /></phr><phr n="lake"><ent r="3" t="183" w="271" /><ent r="3" t="184" w="260" /></phr></stem><stem n="wgs84"><phr n="WGS84"><ent r="3" t="21" w="87" /><ent r="3" t="21" w="112" /><ent r="3" t="21" w="123" /><ent r="3" t="183" w="344" /><ent r="3" t="183" w="392" /><ent r="3" t="184" w="331" /><ent r="3" t="184" w="395" /></phr></stem><stem n="attempt"><phr n="attempt"><ent r="3" t="21" w="101" /></phr></stem><stem n="treat"><phr n="treat"><ent r="3" t="21" w="108" /></phr><phr n="treated"><ent r="6" t="243" w="244" /><ent r="6" t="243" w="675" /></phr></stem><stem n="unless"><phr n="unless"><ent r="3" t="21" w="114" /><ent r="3" t="129" w="312" /><ent r="3" t="178" w="139" /></phr></stem></index>