﻿<?xml version="1.0" encoding="utf-8"?><index><stem n="plot"><phr n="plots"><ent r="3" t="0" w="50" /><ent r="4" t="91" w="103" /><ent r="4" t="91" w="110" /><ent r="3" t="93" w="58" /><ent r="3" t="186" w="947" /><ent r="7" t="199" w="519" /><ent r="7" t="199" w="541" /><ent r="7" t="199" w="558" /></phr><phr n="plot"><ent r="3" t="33" w="67" /><ent r="3" t="34" w="54" /><ent r="4" t="86" w="120" /><ent r="3" t="86" w="157" /><ent r="3" t="87" w="192" /><ent r="100" t="88" w="14" /><ent r="100" t="88" w="17" /><ent r="3" t="88" w="24" /><ent r="4" t="88" w="38" /><ent r="4" t="88" w="46" /><ent r="4" t="88" w="64" /><ent r="4" t="88" w="71" /><ent r="3" t="88" w="75" /><ent r="3" t="88" w="90" /><ent r="5" t="90" w="242" /><ent r="7" t="90" w="315" /><ent r="5" t="90" w="654" /><ent r="5" t="90" w="670" /><ent r="7" t="90" w="707" /><ent r="3" t="91" w="56" /><ent r="4" t="91" w="70" /><ent r="4" t="91" w="148" /><ent r="4" t="91" w="160" /><ent r="4" t="91" w="205" /><ent r="3" t="91" w="253" /><ent r="4" t="91" w="312" /><ent r="3" t="91" w="335" /><ent r="3" t="92" w="35" /><ent r="4" t="93" w="75" /><ent r="3" t="94" w="122" /><ent r="4" t="95" w="162" /><ent r="4" t="99" w="67" /><ent r="3" t="100" w="32" /><ent r="3" t="100" w="40" /><ent r="3" t="100" w="44" /><ent r="3" t="100" w="49" /><ent r="3" t="100" w="64" /><ent r="3" t="100" w="74" /><ent r="3" t="100" w="123" /><ent r="4" t="101" w="97" /><ent r="3" t="101" w="126" /><ent r="4" t="109" w="431" /><ent r="3" t="159" w="24" /><ent r="4" t="167" w="476" /><ent r="3" t="167" w="1053" /><ent r="3" t="167" w="1056" /><ent r="4" t="167" w="1077" /><ent r="4" t="167" w="1109" /><ent r="3" t="181" w="1210" /><ent r="3" t="198" w="242" /><ent r="4" t="198" w="257" /><ent r="4" t="198" w="268" /><ent r="4" t="198" w="285" /><ent r="4" t="198" w="346" /><ent r="5" t="198" w="353" /><ent r="4" t="198" w="359" /><ent r="4" t="198" w="366" /><ent r="4" t="198" w="375" /><ent r="3" t="198" w="389" /><ent r="7" t="199" w="506" /><ent r="7" t="199" w="522" /><ent r="7" t="199" w="544" /><ent r="3" t="199" w="770" /><ent r="3" t="199" w="778" /></phr><phr n="Plot"><ent r="1000" t="86" w="5" /><ent r="102" t="86" w="13" /><ent r="64" t="86" w="27" /><ent r="1000" t="88" w="4" /><ent r="102" t="88" w="9" /><ent r="3" t="90" w="55" /><ent r="3" t="90" w="106" /><ent r="68" t="90" w="207" /><ent r="5" t="95" w="70" /><ent r="3" t="95" w="86" /><ent r="5" t="95" w="194" /><ent r="3" t="95" w="211" /><ent r="5" t="96" w="71" /><ent r="3" t="96" w="88" /><ent r="5" t="99" w="58" /><ent r="3" t="159" w="102" /><ent r="3" t="159" w="108" /><ent r="4" t="159" w="113" /><ent r="65" t="159" w="133" /><ent r="3" t="159" w="139" /><ent r="65" t="167" w="484" /><ent r="92" t="167" w="1039" /><ent r="4" t="181" w="1196" /><ent r="4" t="181" w="1374" /><ent r="4" t="198" w="287" /><ent r="5" t="198" w="295" /><ent r="3" t="198" w="301" /><ent r="4" t="198" w="370" /><ent r="5" t="226" w="178" /><ent r="5" t="226" w="187" /></phr><phr n="Plotting"><ent r="92" t="198" w="222" /></phr><phr n="plotted"><ent r="3" t="198" w="238" /><ent r="4" t="198" w="339" /></phr></stem><stem n="view"><phr n="views"><ent r="3" t="0" w="56" /><ent r="4" t="48" w="305" /><ent r="4" t="48" w="310" /><ent r="4" t="171" w="184" /><ent r="4" t="171" w="196" /><ent r="3" t="175" w="54" /><ent r="3" t="175" w="62" /><ent r="100" t="176" w="6" /><ent r="4" t="176" w="341" /><ent r="4" t="180" w="3144" /><ent r="4" t="182" w="100" /><ent r="3" t="182" w="1096" /><ent r="3" t="186" w="945" /></phr><phr n="View"><ent r="5" t="1" w="279" /><ent r="5" t="4" w="134" /><ent r="4" t="14" w="44" /><ent r="67" t="27" w="122" /><ent r="67" t="27" w="127" /><ent r="67" t="27" w="137" /><ent r="67" t="27" w="142" /><ent r="5" t="28" w="50" /><ent r="65" t="28" w="92" /><ent r="5" t="28" w="98" /><ent r="65" t="28" w="134" /><ent r="5" t="28" w="140" /><ent r="65" t="28" w="193" /><ent r="5" t="28" w="252" /><ent r="65" t="28" w="298" /><ent r="4" t="35" w="32" /><ent r="5" t="36" w="42" /><ent r="3" t="39" w="12" /><ent r="4" t="39" w="37" /><ent r="3" t="40" w="12" /><ent r="4" t="40" w="49" /><ent r="3" t="40" w="80" /><ent r="4" t="46" w="77" /><ent r="4" t="48" w="177" /><ent r="4" t="49" w="596" /><ent r="3" t="68" w="133" /><ent r="4" t="108" w="319" /><ent r="4" t="115" w="204" /><ent r="3" t="123" w="215" /><ent r="64" t="130" w="130" /><ent r="64" t="131" w="228" /><ent r="64" t="132" w="121" /><ent r="1000" t="134" w="3" /><ent r="102" t="134" w="11" /><ent r="3" t="134" w="16" /><ent r="5" t="134" w="83" /><ent r="5" t="137" w="53" /><ent r="4" t="144" w="125" /><ent r="3" t="144" w="152" /><ent r="4" t="144" w="228" /><ent r="3" t="144" w="255" /><ent r="4" t="144" w="432" /><ent r="3" t="144" w="459" /><ent r="4" t="144" w="596" /><ent r="3" t="144" w="623" /><ent r="5" t="156" w="71" /><ent r="3" t="156" w="143" /><ent r="3" t="156" w="148" /><ent r="92" t="156" w="208" /><ent r="4" t="156" w="214" /><ent r="92" t="156" w="776" /><ent r="3" t="156" w="783" /><ent r="3" t="158" w="145" /><ent r="3" t="158" w="148" /><ent r="82" t="158" w="209" /><ent r="82" t="158" w="745" /><ent r="3" t="159" w="103" /><ent r="4" t="159" w="114" /><ent r="92" t="176" w="77" /><ent r="92" t="176" w="289" /><ent r="5" t="179" w="345" /><ent r="5" t="179" w="622" /><ent r="4" t="179" w="803" /><ent r="4" t="179" w="971" /><ent r="4" t="179" w="1061" /><ent r="5" t="179" w="1810" /><ent r="5" t="180" w="496" /><ent r="5" t="180" w="1973" /><ent r="5" t="180" w="3116" /><ent r="5" t="181" w="207" /><ent r="5" t="181" w="1033" /><ent r="5" t="182" w="170" /><ent r="92" t="182" w="1354" /><ent r="92" t="182" w="1621" /><ent r="5" t="183" w="445" /><ent r="5" t="184" w="447" /><ent r="4" t="185" w="112" /><ent r="5" t="186" w="321" /><ent r="5" t="186" w="724" /><ent r="4" t="186" w="986" /><ent r="3" t="186" w="1015" /><ent r="3" t="186" w="1026" /><ent r="3" t="186" w="1061" /><ent r="3" t="186" w="1103" /><ent r="4" t="186" w="1121" /><ent r="4" t="187" w="319" /><ent r="5" t="188" w="232" /><ent r="4" t="198" w="57" /><ent r="4" t="220" w="27" /><ent r="3" t="220" w="54" /><ent r="1000" t="221" w="2" /><ent r="100" t="221" w="6" /><ent r="102" t="221" w="10" /><ent r="4" t="221" w="16" /><ent r="4" t="222" w="32" /><ent r="3" t="222" w="59" /><ent r="1000" t="223" w="2" /><ent r="102" t="223" w="7" /><ent r="100" t="223" w="12" /><ent r="3" t="223" w="18" /><ent r="1000" t="224" w="2" /><ent r="102" t="224" w="10" /><ent r="4" t="224" w="16" /><ent r="1000" t="225" w="2" /><ent r="100" t="225" w="7" /><ent r="102" t="225" w="12" /><ent r="4" t="225" w="18" /><ent r="5" t="226" w="203" /><ent r="5" t="228" w="129" /><ent r="4" t="228" w="136" /><ent r="6" t="230" w="161" /><ent r="6" t="230" w="204" /><ent r="6" t="230" w="246" /><ent r="6" t="230" w="308" /><ent r="6" t="230" w="376" /><ent r="6" t="230" w="418" /><ent r="6" t="230" w="457" /><ent r="6" t="230" w="492" /><ent r="6" t="230" w="652" /><ent r="6" t="230" w="667" /><ent r="6" t="230" w="669" /><ent r="1000" t="242" w="3" /><ent r="100" t="242" w="8" /><ent r="100" t="242" w="11" /><ent r="102" t="242" w="18" /><ent r="3" t="242" w="29" /></phr><phr n="view"><ent r="4" t="2" w="49" /><ent r="7" t="5" w="52" /><ent r="7" t="5" w="180" /><ent r="7" t="5" w="229" /><ent r="3" t="18" w="168" /><ent r="3" t="23" w="102" /><ent r="3" t="27" w="100" /><ent r="4" t="28" w="65" /><ent r="4" t="28" w="111" /><ent r="4" t="28" w="155" /><ent r="4" t="28" w="224" /><ent r="4" t="28" w="229" /><ent r="4" t="28" w="265" /><ent r="3" t="47" w="117" /><ent r="3" t="48" w="39" /><ent r="3" t="48" w="243" /><ent r="3" t="48" w="247" /><ent r="3" t="48" w="251" /><ent r="3" t="48" w="255" /><ent r="4" t="49" w="476" /><ent r="3" t="49" w="497" /><ent r="3" t="49" w="516" /><ent r="3" t="49" w="521" /><ent r="3" t="49" w="567" /><ent r="3" t="49" w="579" /><ent r="3" t="49" w="609" /><ent r="3" t="51" w="43" /><ent r="5" t="68" w="90" /><ent r="5" t="68" w="97" /><ent r="4" t="68" w="106" /><ent r="4" t="68" w="111" /><ent r="3" t="74" w="37" /><ent r="3" t="74" w="279" /><ent r="3" t="74" w="297" /><ent r="3" t="77" w="391" /><ent r="3" t="82" w="48" /><ent r="3" t="85" w="241" /><ent r="7" t="90" w="329" /><ent r="3" t="98" w="8" /><ent r="3" t="99" w="16" /><ent r="3" t="102" w="131" /><ent r="4" t="108" w="264" /><ent r="4" t="108" w="270" /><ent r="4" t="108" w="282" /><ent r="3" t="108" w="330" /><ent r="3" t="108" w="336" /><ent r="3" t="108" w="411" /><ent r="3" t="113" w="23" /><ent r="3" t="115" w="414" /><ent r="3" t="118" w="22" /><ent r="3" t="128" w="91" /><ent r="3" t="131" w="178" /><ent r="3" t="131" w="191" /><ent r="3" t="132" w="34" /><ent r="3" t="132" w="44" /><ent r="3" t="132" w="62" /><ent r="3" t="132" w="70" /><ent r="3" t="132" w="75" /><ent r="100" t="134" w="7" /><ent r="3" t="134" w="22" /><ent r="3" t="134" w="32" /><ent r="3" t="134" w="45" /><ent r="3" t="134" w="49" /><ent r="3" t="134" w="62" /><ent r="4" t="134" w="70" /><ent r="3" t="135" w="32" /><ent r="3" t="143" w="108" /><ent r="3" t="144" w="137" /><ent r="3" t="144" w="143" /><ent r="3" t="144" w="218" /><ent r="3" t="144" w="240" /><ent r="3" t="144" w="246" /><ent r="3" t="144" w="321" /><ent r="3" t="144" w="444" /><ent r="3" t="144" w="450" /><ent r="3" t="144" w="525" /><ent r="3" t="144" w="608" /><ent r="3" t="144" w="614" /><ent r="3" t="144" w="689" /><ent r="3" t="148" w="184" /><ent r="3" t="154" w="223" /><ent r="3" t="155" w="197" /><ent r="3" t="156" w="20" /><ent r="3" t="156" w="31" /><ent r="3" t="156" w="47" /><ent r="3" t="156" w="123" /><ent r="3" t="156" w="134" /><ent r="3" t="156" w="308" /><ent r="3" t="156" w="526" /><ent r="4" t="156" w="795" /><ent r="4" t="156" w="811" /><ent r="3" t="157" w="499" /><ent r="3" t="158" w="48" /><ent r="3" t="158" w="496" /><ent r="3" t="158" w="759" /><ent r="3" t="166" w="43" /><ent r="3" t="167" w="234" /><ent r="4" t="171" w="211" /><ent r="4" t="171" w="215" /><ent r="4" t="171" w="226" /><ent r="100" t="175" w="9" /><ent r="3" t="175" w="40" /><ent r="4" t="175" w="173" /><ent r="4" t="175" w="198" /><ent r="4" t="175" w="245" /><ent r="3" t="176" w="34" /><ent r="3" t="176" w="40" /><ent r="3" t="176" w="51" /><ent r="3" t="176" w="99" /><ent r="3" t="176" w="297" /><ent r="4" t="176" w="363" /><ent r="4" t="176" w="384" /><ent r="4" t="176" w="404" /><ent r="3" t="179" w="777" /><ent r="4" t="179" w="1699" /><ent r="4" t="179" w="2058" /><ent r="3" t="180" w="2978" /><ent r="3" t="180" w="3088" /><ent r="3" t="181" w="135" /><ent r="4" t="181" w="866" /><ent r="3" t="181" w="1580" /><ent r="3" t="182" w="1080" /><ent r="4" t="182" w="1228" /><ent r="4" t="182" w="1257" /><ent r="3" t="182" w="1366" /><ent r="3" t="182" w="1380" /><ent r="3" t="182" w="1629" /><ent r="3" t="182" w="1705" /><ent r="3" t="183" w="745" /><ent r="4" t="184" w="677" /><ent r="4" t="184" w="1188" /><ent r="4" t="186" w="194" /><ent r="4" t="186" w="898" /><ent r="3" t="186" w="1045" /><ent r="3" t="198" w="20" /><ent r="3" t="198" w="178" /><ent r="3" t="209" w="32" /><ent r="3" t="213" w="626" /><ent r="3" t="220" w="39" /><ent r="3" t="220" w="45" /><ent r="3" t="222" w="44" /><ent r="3" t="222" w="50" /><ent r="3" t="223" w="30" /><ent r="6" t="230" w="660" /></phr><phr n="viewed"><ent r="3" t="110" w="179" /></phr><phr n="Views"><ent r="4" t="174" w="154" /><ent r="64" t="174" w="164" /><ent r="1000" t="175" w="6" /><ent r="102" t="175" w="20" /><ent r="4" t="175" w="137" /><ent r="64" t="175" w="365" /><ent r="1000" t="176" w="3" /><ent r="102" t="176" w="10" /><ent r="5" t="180" w="2430" /><ent r="4" t="182" w="1028" /><ent r="92" t="182" w="1066" /><ent r="3" t="186" w="974" /><ent r="3" t="186" w="1089" /></phr></stem><stem n="manipul"><phr n="manipulate"><ent r="3" t="0" w="58" /><ent r="4" t="175" w="169" /><ent r="3" t="176" w="47" /><ent r="3" t="179" w="47" /><ent r="3" t="179" w="185" /><ent r="3" t="179" w="205" /><ent r="4" t="179" w="1490" /><ent r="3" t="179" w="2370" /><ent r="3" t="180" w="87" /><ent r="4" t="182" w="1253" /><ent r="3" t="182" w="1376" /><ent r="3" t="183" w="1124" /><ent r="4" t="188" w="205" /><ent r="3" t="193" w="150" /></phr><phr n="manipulating"><ent r="3" t="0" w="76" /><ent r="3" t="102" w="37" /></phr><phr n="Manipulating"><ent r="64" t="175" w="363" /><ent r="1000" t="176" w="1" /><ent r="102" t="176" w="8" /><ent r="92" t="176" w="74" /><ent r="92" t="176" w="285" /><ent r="92" t="182" w="1617" /></phr><phr n="Manipulation"><ent r="64" t="178" w="320" /><ent r="1000" t="179" w="3" /><ent r="103" t="179" w="14" /><ent r="95" t="179" w="613" /></phr><phr n="manipulation"><ent r="100" t="179" w="8" /><ent r="3" t="179" w="37" /><ent r="4" t="179" w="61" /><ent r="3" t="179" w="114" /><ent r="4" t="182" w="1679" /><ent r="4" t="208" w="434" /></phr><phr n="Manipulate"><ent r="4" t="180" w="119" /><ent r="4" t="182" w="98" /></phr></stem><stem n="run"><phr n="run"><ent r="3" t="0" w="62" /><ent r="4" t="58" w="78" /><ent r="3" t="81" w="434" /><ent r="3" t="81" w="448" /><ent r="3" t="81" w="496" /><ent r="3" t="99" w="117" /><ent r="4" t="117" w="143" /><ent r="4" t="117" w="148" /><ent r="3" t="117" w="207" /><ent r="3" t="118" w="25" /><ent r="100" t="119" w="5" /><ent r="100" t="119" w="9" /><ent r="3" t="119" w="20" /><ent r="4" t="119" w="32" /><ent r="3" t="119" w="116" /><ent r="3" t="119" w="173" /><ent r="4" t="122" w="72" /><ent r="3" t="122" w="131" /><ent r="3" t="122" w="143" /><ent r="3" t="122" w="157" /><ent r="3" t="122" w="166" /><ent r="3" t="123" w="137" /><ent r="4" t="125" w="787" /><ent r="3" t="125" w="850" /><ent r="3" t="125" w="860" /><ent r="3" t="125" w="871" /><ent r="3" t="125" w="878" /><ent r="4" t="129" w="84" /><ent r="3" t="129" w="121" /><ent r="3" t="129" w="133" /><ent r="3" t="129" w="147" /><ent r="3" t="129" w="156" /><ent r="3" t="129" w="308" /><ent r="3" t="129" w="323" /><ent r="4" t="153" w="268" /><ent r="3" t="157" w="879" /><ent r="4" t="169" w="323" /><ent r="3" t="169" w="552" /><ent r="4" t="172" w="56" /><ent r="4" t="172" w="274" /><ent r="4" t="175" w="164" /><ent r="4" t="175" w="264" /><ent r="4" t="175" w="282" /><ent r="4" t="175" w="290" /><ent r="4" t="175" w="310" /><ent r="4" t="175" w="333" /><ent r="4" t="175" w="344" /><ent r="3" t="176" w="83" /><ent r="4" t="177" w="125" /><ent r="4" t="180" w="2175" /><ent r="4" t="180" w="2181" /><ent r="4" t="181" w="1276" /><ent r="3" t="181" w="1613" /><ent r="3" t="182" w="736" /><ent r="3" t="182" w="868" /><ent r="4" t="182" w="1248" /><ent r="4" t="182" w="1266" /><ent r="4" t="182" w="1281" /><ent r="4" t="182" w="1305" /><ent r="3" t="182" w="1358" /><ent r="4" t="182" w="1640" /><ent r="3" t="187" w="580" /><ent r="3" t="187" w="594" /><ent r="3" t="187" w="829" /><ent r="5" t="188" w="170" /><ent r="5" t="188" w="175" /><ent r="4" t="188" w="191" /><ent r="4" t="188" w="528" /><ent r="3" t="188" w="796" /><ent r="3" t="195" w="113" /><ent r="3" t="197" w="75" /><ent r="3" t="237" w="111" /></phr><phr n="running"><ent r="3" t="0" w="79" /><ent r="4" t="58" w="99" /><ent r="3" t="102" w="31" /><ent r="3" t="104" w="26" /><ent r="4" t="104" w="192" /><ent r="3" t="117" w="237" /><ent r="8" t="125" w="437" /><ent r="3" t="125" w="623" /><ent r="3" t="157" w="870" /><ent r="3" t="166" w="111" /><ent r="4" t="181" w="1072" /><ent r="3" t="181" w="1493" /><ent r="4" t="187" w="1796" /><ent r="3" t="188" w="37" /><ent r="3" t="195" w="104" /></phr><phr n="Run"><ent r="64" t="115" w="568" /><ent r="4" t="117" w="156" /><ent r="64" t="117" w="264" /><ent r="64" t="118" w="141" /><ent r="1000" t="119" w="1" /><ent r="102" t="119" w="11" /><ent r="4" t="119" w="40" /><ent r="92" t="119" w="61" /><ent r="92" t="119" w="107" /><ent r="5" t="175" w="155" /><ent r="92" t="180" w="1954" /><ent r="5" t="182" w="1237" /><ent r="1000" t="188" w="2" /><ent r="103" t="188" w="15" /><ent r="4" t="188" w="103" /><ent r="92" t="188" w="1367" /><ent r="4" t="188" w="1430" /><ent r="3" t="188" w="1439" /></phr><phr n="runs"><ent r="3" t="169" w="65" /><ent r="3" t="169" w="396" /><ent r="4" t="187" w="1791" /></phr></stem><stem n="algorithm"><phr n="algorithms"><ent r="3" t="0" w="63" /><ent r="3" t="0" w="80" /><ent r="3" t="102" w="32" /><ent r="3" t="125" w="85" /><ent r="4" t="171" w="192" /><ent r="3" t="174" w="34" /><ent r="4" t="187" w="60" /><ent r="3" t="187" w="87" /><ent r="3" t="187" w="213" /><ent r="3" t="187" w="278" /><ent r="3" t="187" w="824" /><ent r="3" t="187" w="894" /><ent r="4" t="188" w="89" /><ent r="3" t="188" w="791" /><ent r="3" t="208" w="269" /><ent r="4" t="208" w="485" /></phr><phr n="Algorithms"><ent r="64" t="4" w="258" /><ent r="1000" t="16" w="2" /><ent r="102" t="16" w="6" /><ent r="100" t="16" w="10" /><ent r="3" t="16" w="15" /><ent r="4" t="71" w="63" /><ent r="4" t="72" w="91" /><ent r="65" t="167" w="150" /><ent r="3" t="169" w="303" /><ent r="4" t="169" w="333" /><ent r="65" t="170" w="68" /><ent r="65" t="172" w="130" /><ent r="4" t="172" w="138" /><ent r="65" t="177" w="42" /><ent r="64" t="180" w="480" /><ent r="4" t="180" w="1962" /><ent r="5" t="180" w="1980" /><ent r="5" t="180" w="1987" /><ent r="64" t="181" w="191" /><ent r="5" t="181" w="1036" /><ent r="4" t="181" w="1042" /><ent r="5" t="181" w="1052" /><ent r="64" t="182" w="154" /><ent r="5" t="182" w="474" /><ent r="5" t="182" w="483" /><ent r="92" t="187" w="1092" /><ent r="92" t="188" w="868" /></phr><phr n="algorithm"><ent r="3" t="26" w="17" /><ent r="4" t="26" w="65" /><ent r="4" t="58" w="43" /><ent r="4" t="58" w="67" /><ent r="4" t="58" w="80" /><ent r="4" t="58" w="101" /><ent r="3" t="82" w="57" /><ent r="4" t="83" w="187" /><ent r="3" t="110" w="121" /><ent r="8" t="125" w="367" /><ent r="3" t="165" w="57" /><ent r="3" t="167" w="851" /><ent r="3" t="169" w="13" /><ent r="3" t="169" w="64" /><ent r="3" t="169" w="96" /><ent r="3" t="169" w="297" /><ent r="4" t="169" w="327" /><ent r="3" t="169" w="395" /><ent r="3" t="169" w="556" /><ent r="4" t="172" w="79" /><ent r="4" t="175" w="266" /><ent r="4" t="175" w="292" /><ent r="4" t="175" w="314" /><ent r="4" t="175" w="323" /><ent r="4" t="175" w="337" /><ent r="64" t="176" w="18" /><ent r="64" t="177" w="14" /><ent r="4" t="177" w="127" /><ent r="3" t="179" w="196" /><ent r="3" t="180" w="67" /><ent r="4" t="180" w="2173" /><ent r="3" t="180" w="2243" /><ent r="3" t="180" w="3162" /><ent r="4" t="181" w="1075" /><ent r="3" t="181" w="1496" /><ent r="3" t="181" w="1616" /><ent r="3" t="182" w="582" /><ent r="4" t="182" w="1270" /><ent r="4" t="182" w="1283" /><ent r="4" t="182" w="1309" /><ent r="3" t="182" w="1334" /><ent r="3" t="182" w="1362" /><ent r="3" t="187" w="234" /><ent r="3" t="187" w="852" /><ent r="64" t="197" w="22" /><ent r="3" t="197" w="80" /><ent r="4" t="208" w="603" /><ent r="3" t="237" w="113" /><ent r="3" t="238" w="18" /><ent r="3" t="238" w="321" /></phr><phr n="Algorithm"><ent r="8" t="125" w="364" /><ent r="4" t="172" w="214" /><ent r="4" t="182" w="661" /><ent r="4" t="187" w="499" /><ent r="1000" t="193" w="3" /><ent r="102" t="193" w="8" /><ent r="64" t="195" w="788" /><ent r="1000" t="197" w="4" /><ent r="102" t="197" w="9" /></phr></stem><stem n="provid"><phr n="provides"><ent r="3" t="0" w="70" /><ent r="3" t="0" w="83" /><ent r="3" t="1" w="36" /><ent r="3" t="1" w="87" /><ent r="3" t="1" w="238" /><ent r="3" t="2" w="14" /><ent r="3" t="4" w="36" /><ent r="3" t="15" w="16" /><ent r="3" t="16" w="17" /><ent r="3" t="17" w="15" /><ent r="3" t="44" w="12" /><ent r="4" t="53" w="49" /><ent r="3" t="76" w="96" /><ent r="3" t="77" w="25" /><ent r="3" t="77" w="358" /><ent r="4" t="81" w="84" /><ent r="3" t="90" w="19" /><ent r="3" t="96" w="12" /><ent r="3" t="103" w="21" /><ent r="3" t="104" w="21" /><ent r="3" t="115" w="238" /><ent r="3" t="115" w="322" /><ent r="3" t="115" w="474" /><ent r="3" t="143" w="8" /><ent r="3" t="144" w="555" /><ent r="3" t="153" w="1154" /><ent r="3" t="156" w="8" /><ent r="3" t="157" w="181" /><ent r="3" t="157" w="197" /><ent r="3" t="157" w="217" /><ent r="3" t="157" w="249" /><ent r="3" t="157" w="798" /><ent r="5" t="165" w="203" /><ent r="3" t="165" w="306" /><ent r="3" t="166" w="162" /><ent r="3" t="167" w="204" /><ent r="4" t="167" w="606" /><ent r="4" t="182" w="642" /><ent r="4" t="186" w="162" /><ent r="3" t="187" w="113" /><ent r="3" t="188" w="137" /><ent r="3" t="195" w="32" /><ent r="3" t="198" w="11" /><ent r="3" t="208" w="21" /><ent r="3" t="208" w="41" /><ent r="3" t="208" w="61" /><ent r="3" t="208" w="178" /><ent r="3" t="209" w="28" /><ent r="3" t="210" w="13" /><ent r="4" t="224" w="42" /><ent r="3" t="228" w="103" /></phr><phr n="provided"><ent r="54" t="0" w="114" /><ent r="3" t="167" w="859" /><ent r="4" t="171" w="166" /><ent r="4" t="171" w="236" /><ent r="3" t="172" w="243" /><ent r="3" t="193" w="95" /><ent r="3" t="194" w="283" /></phr><phr n="provide"><ent r="3" t="1" w="148" /><ent r="3" t="1" w="167" /><ent r="3" t="1" w="212" /><ent r="3" t="1" w="228" /><ent r="3" t="1" w="533" /><ent r="3" t="4" w="9" /><ent r="3" t="4" w="25" /><ent r="3" t="125" w="336" /><ent r="7" t="125" w="395" /><ent r="3" t="166" w="20" /><ent r="3" t="167" w="297" /><ent r="4" t="172" w="194" /><ent r="3" t="178" w="23" /><ent r="3" t="193" w="145" /><ent r="6" t="230" w="321" /></phr></stem><stem n="core"><phr n="core"><ent r="3" t="0" w="72" /><ent r="4" t="171" w="240" /><ent r="3" t="178" w="32" /><ent r="3" t="178" w="110" /><ent r="3" t="178" w="147" /><ent r="3" t="178" w="152" /><ent r="3" t="178" w="234" /><ent r="3" t="178" w="241" /><ent r="3" t="179" w="2380" /><ent r="3" t="180" w="3186" /><ent r="3" t="181" w="1623" /><ent r="3" t="184" w="1328" /></phr><phr n="Core"><ent r="3" t="178" w="11" /></phr></stem><stem n="applic"><phr n="application"><ent r="3" t="0" w="73" /><ent r="3" t="1" w="27" /><ent r="3" t="1" w="380" /><ent r="3" t="1" w="394" /><ent r="3" t="1" w="545" /><ent r="3" t="19" w="29" /><ent r="3" t="21" w="37" /><ent r="3" t="50" w="55" /><ent r="7" t="116" w="42" /><ent r="4" t="179" w="397" /><ent r="4" t="180" w="548" /><ent r="4" t="180" w="1868" /><ent r="4" t="181" w="259" /><ent r="4" t="182" w="222" /><ent r="4" t="183" w="497" /><ent r="4" t="184" w="499" /><ent r="4" t="186" w="373" /><ent r="4" t="188" w="284" /><ent r="3" t="189" w="16" /><ent r="4" t="208" w="368" /><ent r="3" t="238" w="130" /><ent r="7" t="240" w="94" /><ent r="7" t="240" w="130" /><ent r="7" t="240" w="207" /></phr><phr n="Application"><ent r="64" t="0" w="105" /><ent r="1000" t="1" w="5" /><ent r="100" t="1" w="9" /><ent r="102" t="1" w="17" /><ent r="3" t="1" w="30" /><ent r="3" t="1" w="176" /><ent r="4" t="2" w="65" /><ent r="4" t="4" w="186" /><ent r="4" t="18" w="33" /><ent r="4" t="32" w="100" /><ent r="3" t="35" w="27" /><ent r="4" t="36" w="36" /><ent r="3" t="39" w="31" /><ent r="3" t="40" w="43" /><ent r="4" t="44" w="350" /><ent r="4" t="47" w="38" /><ent r="4" t="48" w="81" /><ent r="4" t="49" w="127" /><ent r="4" t="52" w="45" /><ent r="3" t="74" w="54" /><ent r="4" t="77" w="43" /><ent r="4" t="78" w="76" /><ent r="4" t="79" w="47" /><ent r="4" t="80" w="88" /><ent r="4" t="80" w="164" /><ent r="4" t="81" w="34" /><ent r="3" t="87" w="58" /><ent r="3" t="102" w="158" /><ent r="3" t="103" w="92" /><ent r="3" t="104" w="151" /><ent r="4" t="106" w="128" /><ent r="3" t="107" w="47" /><ent r="4" t="107" w="70" /><ent r="4" t="108" w="83" /><ent r="4" t="108" w="213" /><ent r="4" t="108" w="229" /><ent r="4" t="109" w="84" /><ent r="3" t="110" w="247" /><ent r="3" t="110" w="523" /><ent r="3" t="115" w="90" /><ent r="4" t="117" w="23" /><ent r="4" t="118" w="37" /><ent r="4" t="119" w="47" /><ent r="4" t="119" w="73" /><ent r="3" t="119" w="123" /><ent r="4" t="122" w="34" /><ent r="4" t="122" w="92" /><ent r="3" t="123" w="35" /><ent r="3" t="123" w="132" /><ent r="3" t="123" w="352" /><ent r="3" t="123" w="617" /><ent r="4" t="125" w="746" /><ent r="4" t="129" w="49" /><ent r="4" t="143" w="115" /><ent r="4" t="144" w="40" /><ent r="4" t="145" w="40" /><ent r="4" t="147" w="79" /><ent r="4" t="148" w="79" /><ent r="4" t="149" w="93" /><ent r="4" t="150" w="88" /><ent r="4" t="151" w="82" /><ent r="4" t="152" w="79" /><ent r="4" t="153" w="75" /><ent r="4" t="154" w="76" /><ent r="4" t="155" w="86" /><ent r="4" t="156" w="66" /><ent r="3" t="156" w="231" /><ent r="3" t="158" w="236" /><ent r="3" t="167" w="1035" /><ent r="4" t="180" w="710" /><ent r="4" t="182" w="900" /><ent r="5" t="188" w="185" /><ent r="4" t="188" w="1394" /><ent r="4" t="213" w="113" /><ent r="4" t="227" w="81" /><ent r="4" t="228" w="69" /><ent r="4" t="229" w="80" /></phr><phr n="applicable"><ent r="7" t="5" w="23" /><ent r="6" t="241" w="62" /><ent r="6" t="241" w="68" /></phr><phr n="applications"><ent r="3" t="81" w="620" /><ent r="3" t="183" w="107" /><ent r="3" t="184" w="97" /></phr></stem><stem n="suit"><phr n="suite"><ent r="3" t="0" w="74" /></phr><phr n="Suite"><ent r="54" t="0" w="118" /><ent r="64" t="18" w="257" /><ent r="64" t="20" w="576" /><ent r="1000" t="22" w="3" /><ent r="102" t="22" w="12" /><ent r="3" t="22" w="89" /><ent r="3" t="22" w="118" /><ent r="64" t="24" w="137" /></phr></stem><stem n="access"><phr n="access"><ent r="3" t="0" w="84" /><ent r="3" t="1" w="37" /><ent r="3" t="1" w="88" /><ent r="3" t="1" w="213" /><ent r="3" t="1" w="229" /><ent r="3" t="1" w="271" /><ent r="3" t="4" w="10" /><ent r="3" t="4" w="26" /><ent r="4" t="14" w="35" /><ent r="3" t="15" w="17" /><ent r="3" t="16" w="18" /><ent r="3" t="17" w="16" /><ent r="3" t="53" w="40" /><ent r="3" t="64" w="57" /><ent r="3" t="76" w="97" /><ent r="3" t="77" w="26" /><ent r="3" t="90" w="38" /><ent r="3" t="91" w="26" /><ent r="3" t="91" w="35" /><ent r="3" t="91" w="46" /><ent r="4" t="91" w="163" /><ent r="4" t="91" w="269" /><ent r="3" t="115" w="239" /><ent r="3" t="123" w="193" /><ent r="3" t="143" w="106" /><ent r="3" t="160" w="18" /><ent r="3" t="170" w="57" /><ent r="4" t="175" w="175" /><ent r="7" t="178" w="279" /><ent r="3" t="178" w="314" /><ent r="3" t="179" w="337" /><ent r="7" t="179" w="496" /><ent r="3" t="180" w="488" /><ent r="7" t="180" w="647" /><ent r="3" t="180" w="2654" /><ent r="3" t="181" w="199" /><ent r="7" t="181" w="358" /><ent r="3" t="182" w="162" /><ent r="7" t="182" w="321" /><ent r="3" t="183" w="437" /><ent r="7" t="183" w="596" /><ent r="3" t="184" w="439" /><ent r="7" t="184" w="598" /><ent r="7" t="185" w="205" /><ent r="3" t="186" w="313" /><ent r="7" t="186" w="472" /><ent r="3" t="187" w="312" /><ent r="7" t="187" w="393" /><ent r="3" t="188" w="224" /><ent r="7" t="188" w="383" /><ent r="3" t="208" w="277" /><ent r="3" t="208" w="302" /><ent r="3" t="208" w="317" /><ent r="4" t="208" w="532" /><ent r="6" t="230" w="322" /></phr><phr n="accessed"><ent r="3" t="4" w="92" /><ent r="3" t="32" w="59" /><ent r="3" t="179" w="1057" /></phr><phr n="Accesses"><ent r="3" t="64" w="240" /></phr><phr n="accessible"><ent r="4" t="186" w="268" /></phr><phr n="Access"><ent r="4" t="189" w="40" /></phr></stem></index>